ARM GAS  /tmp/ccbH4I8j.s 			page 1


   1              		.cpu cortex-m4
   2              		.arch armv7e-m
   3              		.fpu fpv4-sp-d16
   4              		.eabi_attribute 27, 1
   5              		.eabi_attribute 28, 1
   6              		.eabi_attribute 20, 1
   7              		.eabi_attribute 21, 1
   8              		.eabi_attribute 23, 3
   9              		.eabi_attribute 24, 1
  10              		.eabi_attribute 25, 1
  11              		.eabi_attribute 26, 1
  12              		.eabi_attribute 30, 1
  13              		.eabi_attribute 34, 1
  14              		.eabi_attribute 18, 4
  15              		.file	"command.c"
  16              		.text
  17              	.Ltext0:
  18              		.cfi_sections	.debug_frame
  19              		.file 1 "Sensors/command.c"
  20              		.section	.text.Command_Init,"ax",%progbits
  21              		.align	1
  22              		.global	Command_Init
  23              		.syntax unified
  24              		.thumb
  25              		.thumb_func
  27              	Command_Init:
  28              	.LVL0:
  29              	.LFB242:
   1:Sensors/command.c **** #include "command.h"
   2:Sensors/command.c **** #include "motor.h"
   3:Sensors/command.c **** #include "control.h"
   4:Sensors/command.c **** #include "mixer.h"
   5:Sensors/command.c **** #include "mpu6050.h"
   6:Sensors/command.c **** #include "battery.h"
   7:Sensors/command.c **** #include "crsf.h"
   8:Sensors/command.c **** #include "rc.h"
   9:Sensors/command.c **** #include <stdio.h>
  10:Sensors/command.c **** #include <string.h>
  11:Sensors/command.c **** #include <stdlib.h>
  12:Sensors/command.c **** 
  13:Sensors/command.c **** #define CMD_BUF_SIZE 32
  14:Sensors/command.c **** 
  15:Sensors/command.c **** /* aus main.c */
  16:Sensors/command.c **** extern uint32_t loop_hz;
  17:Sensors/command.c **** extern volatile uint32_t loop_missed;
  18:Sensors/command.c **** 
  19:Sensors/command.c **** static UART_HandleTypeDef *cmd_uart = 0;
  20:Sensors/command.c **** static uint8_t rx_char;
  21:Sensors/command.c **** static char line[CMD_BUF_SIZE];
  22:Sensors/command.c **** static uint8_t line_len = 0;
  23:Sensors/command.c **** static volatile uint8_t line_ready = 0;
  24:Sensors/command.c **** static volatile uint8_t stream_on = 0;
  25:Sensors/command.c **** 
  26:Sensors/command.c **** void Command_Init(UART_HandleTypeDef *huart)
  27:Sensors/command.c **** {
  30              		.loc 1 27 1 view -0
  31              		.cfi_startproc
ARM GAS  /tmp/ccbH4I8j.s 			page 2


  32              		@ args = 0, pretend = 0, frame = 0
  33              		@ frame_needed = 0, uses_anonymous_args = 0
  34              		.loc 1 27 1 is_stmt 0 view .LVU1
  35 0000 08B5     		push	{r3, lr}
  36              	.LCFI0:
  37              		.cfi_def_cfa_offset 8
  38              		.cfi_offset 3, -8
  39              		.cfi_offset 14, -4
  28:Sensors/command.c ****     cmd_uart = huart;
  40              		.loc 1 28 5 is_stmt 1 view .LVU2
  41              		.loc 1 28 14 is_stmt 0 view .LVU3
  42 0002 064B     		ldr	r3, .L3
  43 0004 1860     		str	r0, [r3]
  29:Sensors/command.c ****     line_len = 0;
  44              		.loc 1 29 5 is_stmt 1 view .LVU4
  45              		.loc 1 29 14 is_stmt 0 view .LVU5
  46 0006 0023     		movs	r3, #0
  47 0008 054A     		ldr	r2, .L3+4
  48 000a 1370     		strb	r3, [r2]
  30:Sensors/command.c ****     line_ready = 0;
  49              		.loc 1 30 5 is_stmt 1 view .LVU6
  50              		.loc 1 30 16 is_stmt 0 view .LVU7
  51 000c 054A     		ldr	r2, .L3+8
  52 000e 1370     		strb	r3, [r2]
  31:Sensors/command.c ****     HAL_UART_Receive_IT(cmd_uart, &rx_char, 1);
  53              		.loc 1 31 5 is_stmt 1 view .LVU8
  54 0010 0122     		movs	r2, #1
  55 0012 0549     		ldr	r1, .L3+12
  56 0014 FFF7FEFF 		bl	HAL_UART_Receive_IT
  57              	.LVL1:
  32:Sensors/command.c **** }
  58              		.loc 1 32 1 is_stmt 0 view .LVU9
  59 0018 08BD     		pop	{r3, pc}
  60              	.L4:
  61 001a 00BF     		.align	2
  62              	.L3:
  63 001c 00000000 		.word	cmd_uart
  64 0020 00000000 		.word	line_len
  65 0024 00000000 		.word	line_ready
  66 0028 00000000 		.word	rx_char
  67              		.cfi_endproc
  68              	.LFE242:
  70              		.section	.text.Command_StreamOn,"ax",%progbits
  71              		.align	1
  72              		.global	Command_StreamOn
  73              		.syntax unified
  74              		.thumb
  75              		.thumb_func
  77              	Command_StreamOn:
  78              	.LFB243:
  33:Sensors/command.c **** 
  34:Sensors/command.c **** uint8_t Command_StreamOn(void)
  35:Sensors/command.c **** {
  79              		.loc 1 35 1 is_stmt 1 view -0
  80              		.cfi_startproc
  81              		@ args = 0, pretend = 0, frame = 0
  82              		@ frame_needed = 0, uses_anonymous_args = 0
ARM GAS  /tmp/ccbH4I8j.s 			page 3


  83              		@ link register save eliminated.
  36:Sensors/command.c ****     return stream_on;
  84              		.loc 1 36 5 view .LVU11
  85              		.loc 1 36 12 is_stmt 0 view .LVU12
  86 0000 014B     		ldr	r3, .L6
  87 0002 1878     		ldrb	r0, [r3]	@ zero_extendqisi2
  37:Sensors/command.c **** }
  88              		.loc 1 37 1 view .LVU13
  89 0004 7047     		bx	lr
  90              	.L7:
  91 0006 00BF     		.align	2
  92              	.L6:
  93 0008 00000000 		.word	stream_on
  94              		.cfi_endproc
  95              	.LFE243:
  97              		.section	.text.Command_RxByte,"ax",%progbits
  98              		.align	1
  99              		.global	Command_RxByte
 100              		.syntax unified
 101              		.thumb
 102              		.thumb_func
 104              	Command_RxByte:
 105              	.LFB244:
  38:Sensors/command.c **** 
  39:Sensors/command.c **** void Command_RxByte(void)
  40:Sensors/command.c **** {
 106              		.loc 1 40 1 is_stmt 1 view -0
 107              		.cfi_startproc
 108              		@ args = 0, pretend = 0, frame = 0
 109              		@ frame_needed = 0, uses_anonymous_args = 0
 110 0000 08B5     		push	{r3, lr}
 111              	.LCFI1:
 112              		.cfi_def_cfa_offset 8
 113              		.cfi_offset 3, -8
 114              		.cfi_offset 14, -4
  41:Sensors/command.c ****     char c = (char)rx_char;
 115              		.loc 1 41 5 view .LVU15
 116              		.loc 1 41 10 is_stmt 0 view .LVU16
 117 0002 104B     		ldr	r3, .L13
 118 0004 1B78     		ldrb	r3, [r3]	@ zero_extendqisi2
 119              	.LVL2:
  42:Sensors/command.c **** 
  43:Sensors/command.c ****     if (c == '\r' || c == '\n')
 120              		.loc 1 43 5 is_stmt 1 view .LVU17
 121              		.loc 1 43 8 is_stmt 0 view .LVU18
 122 0006 0D2B     		cmp	r3, #13
 123 0008 0BD0     		beq	.L9
 124              		.loc 1 43 19 discriminator 1 view .LVU19
 125 000a 0A2B     		cmp	r3, #10
 126 000c 09D0     		beq	.L9
  44:Sensors/command.c ****     {
  45:Sensors/command.c ****         if (line_len > 0)
  46:Sensors/command.c ****         {
  47:Sensors/command.c ****             line[line_len] = '\0';
  48:Sensors/command.c ****             line_ready = 1;
  49:Sensors/command.c ****         }
  50:Sensors/command.c ****     }
ARM GAS  /tmp/ccbH4I8j.s 			page 4


  51:Sensors/command.c ****     else if (line_len < (CMD_BUF_SIZE - 1))
 127              		.loc 1 51 10 is_stmt 1 view .LVU20
 128              		.loc 1 51 23 is_stmt 0 view .LVU21
 129 000e 0E4A     		ldr	r2, .L13+4
 130 0010 1278     		ldrb	r2, [r2]	@ zero_extendqisi2
 131              		.loc 1 51 13 view .LVU22
 132 0012 1E2A     		cmp	r2, #30
 133 0014 0ED8     		bhi	.L11
  52:Sensors/command.c ****     {
  53:Sensors/command.c ****         line[line_len++] = c;
 134              		.loc 1 53 9 is_stmt 1 view .LVU23
 135              		.loc 1 53 22 is_stmt 0 view .LVU24
 136 0016 501C     		adds	r0, r2, #1
 137 0018 0B49     		ldr	r1, .L13+4
 138 001a 0870     		strb	r0, [r1]
 139              		.loc 1 53 26 view .LVU25
 140 001c 0B49     		ldr	r1, .L13+8
 141 001e 8B54     		strb	r3, [r1, r2]
 142 0020 08E0     		b	.L11
 143              	.L9:
  45:Sensors/command.c ****         {
 144              		.loc 1 45 9 is_stmt 1 view .LVU26
  45:Sensors/command.c ****         {
 145              		.loc 1 45 22 is_stmt 0 view .LVU27
 146 0022 094B     		ldr	r3, .L13+4
 147              	.LVL3:
  45:Sensors/command.c ****         {
 148              		.loc 1 45 22 view .LVU28
 149 0024 1B78     		ldrb	r3, [r3]	@ zero_extendqisi2
  45:Sensors/command.c ****         {
 150              		.loc 1 45 12 view .LVU29
 151 0026 2BB1     		cbz	r3, .L11
  47:Sensors/command.c ****             line_ready = 1;
 152              		.loc 1 47 13 is_stmt 1 view .LVU30
  47:Sensors/command.c ****             line_ready = 1;
 153              		.loc 1 47 28 is_stmt 0 view .LVU31
 154 0028 084A     		ldr	r2, .L13+8
 155 002a 0021     		movs	r1, #0
 156 002c D154     		strb	r1, [r2, r3]
  48:Sensors/command.c ****         }
 157              		.loc 1 48 13 is_stmt 1 view .LVU32
  48:Sensors/command.c ****         }
 158              		.loc 1 48 24 is_stmt 0 view .LVU33
 159 002e 084B     		ldr	r3, .L13+12
 160 0030 0122     		movs	r2, #1
 161 0032 1A70     		strb	r2, [r3]
 162              	.L11:
  54:Sensors/command.c ****     }
  55:Sensors/command.c **** 
  56:Sensors/command.c ****     HAL_UART_Receive_IT(cmd_uart, &rx_char, 1);
 163              		.loc 1 56 5 is_stmt 1 view .LVU34
 164 0034 0122     		movs	r2, #1
 165 0036 0349     		ldr	r1, .L13
 166              		.loc 1 56 5 is_stmt 0 view .LVU35
 167 0038 064B     		ldr	r3, .L13+16
 168 003a 1868     		ldr	r0, [r3]
 169 003c FFF7FEFF 		bl	HAL_UART_Receive_IT
ARM GAS  /tmp/ccbH4I8j.s 			page 5


 170              	.LVL4:
  57:Sensors/command.c **** }
 171              		.loc 1 57 1 view .LVU36
 172 0040 08BD     		pop	{r3, pc}
 173              	.L14:
 174 0042 00BF     		.align	2
 175              	.L13:
 176 0044 00000000 		.word	rx_char
 177 0048 00000000 		.word	line_len
 178 004c 00000000 		.word	line
 179 0050 00000000 		.word	line_ready
 180 0054 00000000 		.word	cmd_uart
 181              		.cfi_endproc
 182              	.LFE244:
 184              		.section	.rodata.Command_Process.str1.4,"aMS",%progbits,1
 185              		.align	2
 186              	.LC0:
 187 0000 41524D45 		.ascii	"ARMED\000"
 187      4400
 188 0006 0000     		.align	2
 189              	.LC1:
 190 0008 44495341 		.ascii	"DISARMED\000"
 190      524D4544 
 190      00
 191 0011 000000   		.align	2
 192              	.LC2:
 193 0014 414E474C 		.ascii	"ANGLE\000"
 193      4500
 194 001a 0000     		.align	2
 195              	.LC3:
 196 001c 52415445 		.ascii	"RATE\000"
 196      00
 197 0021 000000   		.align	2
 198              	.LC4:
 199 0024 4F4B00   		.ascii	"OK\000"
 200 0027 00       		.align	2
 201              	.LC5:
 202 0028 4B45494E 		.ascii	"KEIN SIGNAL\000"
 202      20534947 
 202      4E414C00 
 203              		.align	2
 204              	.LC6:
 205 0034 414E00   		.ascii	"AN\000"
 206 0037 00       		.align	2
 207              	.LC7:
 208 0038 41555300 		.ascii	"AUS\000"
 209              		.align	2
 210              	.LC8:
 211 003c 20286175 		.ascii	" (aus)\000"
 211      732900
 212 0043 00       		.align	2
 213              	.LC9:
 214 0044 00       		.ascii	"\000"
 215 0045 000000   		.align	2
 216              	.LC10:
 217 0048 61726D00 		.ascii	"arm\000"
 218              		.align	2
ARM GAS  /tmp/ccbH4I8j.s 			page 6


 219              	.LC11:
 220 004c 3E3E2041 		.ascii	">> ARMED\015\000"
 220      524D4544 
 220      0D00
 221 0056 0000     		.align	2
 222              	.LC12:
 223 0058 64697361 		.ascii	"disarm\000"
 223      726D00
 224 005f 00       		.align	2
 225              	.LC13:
 226 0060 73746F70 		.ascii	"stop\000"
 226      00
 227 0065 000000   		.align	2
 228              	.LC14:
 229 0068 3E3E2044 		.ascii	">> DISARMED - alle Motoren gestoppt.\015\000"
 229      49534152 
 229      4D454420 
 229      2D20616C 
 229      6C65204D 
 230 008e 0000     		.align	2
 231              	.LC15:
 232 0090 73746174 		.ascii	"status\000"
 232      757300
 233              		.global	__aeabi_f2d
 234 0097 00       		.align	2
 235              	.LC16:
 236 0098 3E3E2053 		.ascii	">> Status: %s | Modus: %s | Gas: %.0f%% | Funk: %s\015"
 236      74617475 
 236      733A2025 
 236      73207C20 
 236      4D6F6475 
 237 00cb 0A00     		.ascii	"\012\000"
 238 00cd 000000   		.align	2
 239              	.LC17:
 240 00d0 20202053 		.ascii	"   Stream: %s | Loop: %lu Hz | Motoren: %lu Hz\015\012"
 240      74726561 
 240      6D3A2025 
 240      73207C20 
 240      4C6F6F70 
 241 0100 00       		.ascii	"\000"
 242 0101 000000   		.align	2
 243              	.LC18:
 244 0104 6C6F6F70 		.ascii	"loop\000"
 244      00
 245 0109 000000   		.align	2
 246              	.LC19:
 247 010c 3E3E2052 		.ascii	">> Regeltakt: %lu Hz | verpasste Zyklen: %lu\015\012"
 247      6567656C 
 247      74616B74 
 247      3A20256C 
 247      7520487A 
 248 013a 00       		.ascii	"\000"
 249 013b 00       		.align	2
 250              	.LC20:
 251 013c 726300   		.ascii	"rc\000"
 252 013f 00       		.align	2
 253              	.LC21:
ARM GAS  /tmp/ccbH4I8j.s 			page 7


 254 0140 62617400 		.ascii	"bat\000"
 255              		.align	2
 256              	.LC22:
 257 0144 3E3E2041 		.ascii	">> Akku: kein Akku erkannt (%.2f V am Teiler)\015\012"
 257      6B6B753A 
 257      206B6569 
 257      6E20416B 
 257      6B752065 
 258 0173 00       		.ascii	"\000"
 259              		.align	2
 260              	.LC23:
 261 0174 3E3E2041 		.ascii	">> Akku: %.2f V | %uS | %.2f V pro Zelle | %s\015\012"
 261      6B6B753A 
 261      20252E32 
 261      66205620 
 261      7C202575 
 262 01a3 00       		.ascii	"\000"
 263              		.align	2
 264              	.LC24:
 265 01a4 62617463 		.ascii	"batcal \000"
 265      616C2000 
 266              		.align	2
 267              	.LC25:
 268 01ac 3E3E204B 		.ascii	">> Kalibriert auf %.2f V (Faktor %.4f)\015\012\000"
 268      616C6962 
 268      72696572 
 268      74206175 
 268      6620252E 
 269 01d5 000000   		.align	2
 270              	.LC26:
 271 01d8 66696C74 		.ascii	"filt\000"
 271      00
 272 01dd 000000   		.align	2
 273              	.LC27:
 274 01e0 3E3E2047 		.ascii	">> Gyro-Tiefpass : %.0f Hz\015\012\000"
 274      79726F2D 
 274      54696566 
 274      70617373 
 274      203A2025 
 275 01fd 000000   		.align	2
 276              	.LC28:
 277 0200 3E3E2041 		.ascii	">> Accel-Tiefpass: %.0f Hz\015\012\000"
 277      6363656C 
 277      2D546965 
 277      66706173 
 277      733A2025 
 278 021d 000000   		.align	2
 279              	.LC29:
 280 0220 3E3E204B 		.ascii	">> Komplementaer : tau %.2f s\015\012\000"
 280      6F6D706C 
 280      656D656E 
 280      74616572 
 280      203A2074 
 281              		.align	2
 282              	.LC30:
 283 0240 676C7066 		.ascii	"glpf \000"
 283      2000
ARM GAS  /tmp/ccbH4I8j.s 			page 8


 284 0246 0000     		.align	2
 285              	.LC31:
 286 0248 3E3E2047 		.ascii	">> Gyro-Tiefpass: %.0f Hz%s\015\012\000"
 286      79726F2D 
 286      54696566 
 286      70617373 
 286      3A20252E 
 287 0266 0000     		.align	2
 288              	.LC32:
 289 0268 616C7066 		.ascii	"alpf \000"
 289      2000
 290 026e 0000     		.align	2
 291              	.LC33:
 292 0270 74617520 		.ascii	"tau \000"
 292      00
 293 0275 000000   		.align	2
 294              	.LC34:
 295 0278 3E3E204B 		.ascii	">> Komplementaerfilter tau: %.2f s\015\012\000"
 295      6F6D706C 
 295      656D656E 
 295      74616572 
 295      66696C74 
 296 029d 000000   		.align	2
 297              	.LC35:
 298 02a0 616E676C 		.ascii	"angle\000"
 298      6500
 299 02a6 0000     		.align	2
 300              	.LC36:
 301 02a8 3E3E204D 		.ascii	">> Modus: ANGLE (richtet sich selbst auf)\015\000"
 301      6F647573 
 301      3A20414E 
 301      474C4520 
 301      28726963 
 302 02d3 00       		.align	2
 303              	.LC37:
 304 02d4 72617465 		.ascii	"rate\000"
 304      00
 305 02d9 000000   		.align	2
 306              	.LC38:
 307 02dc 3E3E204D 		.ascii	">> Modus: RATE (Acro)\015\000"
 307      6F647573 
 307      3A205241 
 307      54452028 
 307      4163726F 
 308 02f3 00       		.align	2
 309              	.LC39:
 310 02f4 70696400 		.ascii	"pid\000"
 311              		.align	2
 312              	.LC40:
 313 02f8 73747265 		.ascii	"stream on\000"
 313      616D206F 
 313      6E00
 314 0302 0000     		.align	2
 315              	.LC41:
 316 0304 3E3E2053 		.ascii	">> Stream AN (50 Hz Ausgabe)\015\000"
 316      74726561 
 316      6D20414E 
ARM GAS  /tmp/ccbH4I8j.s 			page 9


 316      20283530 
 316      20487A20 
 317 0322 0000     		.align	2
 318              	.LC42:
 319 0324 73747265 		.ascii	"stream off\000"
 319      616D206F 
 319      666600
 320 032f 00       		.align	2
 321              	.LC43:
 322 0330 3E3E2053 		.ascii	">> Stream AUS\015\000"
 322      74726561 
 322      6D204155 
 322      530D00
 323 033f 00       		.align	2
 324              	.LC44:
 325 0340 3E3E2025 		.ascii	">> %c%c%c = %.4f\015\012\000"
 325      63256325 
 325      63203D20 
 325      252E3466 
 325      0D0A00
 326 0353 00       		.align	2
 327              	.LC45:
 328 0354 3E3E2046 		.ascii	">> Format: rrp 1.2  (r/a Kreis, r/p/y Achse, p/i/d "
 328      6F726D61 
 328      743A2072 
 328      72702031 
 328      2E322020 
 329 0387 5465726D 		.ascii	"Term)\015\000"
 329      290D00
 330 038e 0000     		.align	2
 331              	.LC46:
 332 0390 3E3E2047 		.ascii	">> Gas: %.0f%%\015\012\000"
 332      61733A20 
 332      252E3066 
 332      25250D0A 
 332      00
 333 03a1 000000   		.align	2
 334              	.LC47:
 335 03a4 3E3E2041 		.ascii	">> Achtung: Funk ist verbunden, der Knueppel uebers"
 335      63687475 
 335      6E673A20 
 335      46756E6B 
 335      20697374 
 336 03d7 63687265 		.ascii	"chreibt das sofort.\015\000"
 336      69627420 
 336      64617320 
 336      736F666F 
 336      72742E0D 
 337              		.align	2
 338              	.LC48:
 339 03ec 3E3E2046 		.ascii	">> Format: t 20\015\000"
 339      6F726D61 
 339      743A2074 
 339      2032300D 
 339      00
 340 03fd 000000   		.align	2
 341              	.LC49:
ARM GAS  /tmp/ccbH4I8j.s 			page 10


 342 0400 6D697800 		.ascii	"mix\000"
 343              		.align	2
 344              	.LC50:
 345 0404 3E3E204D 		.ascii	">> M1=%.1f  M2=%.1f  M3=%.1f  M4=%.1f  (Gas %.0f%%)"
 345      313D252E 
 345      31662020 
 345      4D323D25 
 345      2E316620 
 346 0437 0D0A00   		.ascii	"\015\012\000"
 347 043a 0000     		.align	2
 348              	.LC51:
 349 043c 3E3E204D 		.ascii	">> Motor %u: %ld%%\015\012\000"
 349      6F746F72 
 349      2025753A 
 349      20256C64 
 349      25250D0A 
 350 0451 000000   		.align	2
 351              	.LC52:
 352 0454 3E3E2045 		.ascii	">> Erst 'arm' senden!\015\000"
 352      72737420 
 352      2761726D 
 352      27207365 
 352      6E64656E 
 353 046b 00       		.align	2
 354              	.LC53:
 355 046c 3E3E2046 		.ascii	">> Format: m1 20\015\000"
 355      6F726D61 
 355      743A206D 
 355      31203230 
 355      0D00
 356 047e 0000     		.align	2
 357              	.LC54:
 358 0480 3E3E2041 		.ascii	">> Alle Motoren: %ld%%\015\012\000"
 358      6C6C6520 
 358      4D6F746F 
 358      72656E3A 
 358      20256C64 
 359 0499 000000   		.align	2
 360              	.LC55:
 361 049c 3E3E2055 		.ascii	">> Unbekannt: '%s'\015\012\000"
 361      6E62656B 
 361      616E6E74 
 361      3A202725 
 361      73270D0A 
 362 04b1 000000   		.align	2
 363              	.LC56:
 364 04b4 3E3E2061 		.ascii	">> arm | disarm | status | loop | pid | mix | filt "
 364      726D207C 
 364      20646973 
 364      61726D20 
 364      7C207374 
 365 04e7 7C206261 		.ascii	"| bat | rc |\015\000"
 365      74207C20 
 365      7263207C 
 365      0D00
 366 04f5 000000   		.align	2
 367              	.LC57:
ARM GAS  /tmp/ccbH4I8j.s 			page 11


 368 04f8 3E3E2061 		.ascii	">> angle | rate | stream on/off | t <gas> | m1..m4 "
 368      6E676C65 
 368      207C2072 
 368      61746520 
 368      7C207374 
 369 052b 3C776572 		.ascii	"<wert> |\015\000"
 369      743E207C 
 369      0D00
 370 0535 000000   		.align	2
 371              	.LC58:
 372 0538 3E3E2072 		.ascii	">> rrp/arp <wert> | glpf <hz> | alpf <hz> | tau <se"
 372      72702F61 
 372      7270203C 
 372      77657274 
 372      3E207C20 
 373 056b 6B3E207C 		.ascii	"k> | batcal <volt>\015\000"
 373      20626174 
 373      63616C20 
 373      3C766F6C 
 373      743E0D00 
 374              		.section	.text.Command_Process,"ax",%progbits
 375              		.align	1
 376              		.global	Command_Process
 377              		.syntax unified
 378              		.thumb
 379              		.thumb_func
 381              	Command_Process:
 382              	.LFB245:
  58:Sensors/command.c **** 
  59:Sensors/command.c **** void Command_Process(void)
  60:Sensors/command.c **** {
 383              		.loc 1 60 1 is_stmt 1 view -0
 384              		.cfi_startproc
 385              		@ args = 0, pretend = 0, frame = 16
 386              		@ frame_needed = 0, uses_anonymous_args = 0
  61:Sensors/command.c ****     if (!line_ready)
 387              		.loc 1 61 5 view .LVU38
 388              		.loc 1 61 9 is_stmt 0 view .LVU39
 389 0000 A84B     		ldr	r3, .L97
 390 0002 1B78     		ldrb	r3, [r3]	@ zero_extendqisi2
 391              		.loc 1 61 8 view .LVU40
 392 0004 002B     		cmp	r3, #0
 393 0006 00F01383 		beq	.L74
  60:Sensors/command.c ****     if (!line_ready)
 394              		.loc 1 60 1 view .LVU41
 395 000a 2DE9F043 		push	{r4, r5, r6, r7, r8, r9, lr}
 396              	.LCFI2:
 397              		.cfi_def_cfa_offset 28
 398              		.cfi_offset 4, -28
 399              		.cfi_offset 5, -24
 400              		.cfi_offset 6, -20
 401              		.cfi_offset 7, -16
 402              		.cfi_offset 8, -12
 403              		.cfi_offset 9, -8
 404              		.cfi_offset 14, -4
 405 000e 2DED028B 		vpush.64	{d8}
 406              	.LCFI3:
ARM GAS  /tmp/ccbH4I8j.s 			page 12


 407              		.cfi_def_cfa_offset 36
 408              		.cfi_offset 80, -36
 409              		.cfi_offset 81, -32
 410 0012 8DB0     		sub	sp, sp, #52
 411              	.LCFI4:
 412              		.cfi_def_cfa_offset 88
  62:Sensors/command.c ****         return;
  63:Sensors/command.c **** 
  64:Sensors/command.c ****     /* ---------- Motorsteuerung ---------- */
  65:Sensors/command.c ****     if (strcmp(line, "arm") == 0)
 413              		.loc 1 65 5 is_stmt 1 view .LVU42
 414              		.loc 1 65 9 is_stmt 0 view .LVU43
 415 0014 A449     		ldr	r1, .L97+4
 416 0016 A548     		ldr	r0, .L97+8
 417 0018 FFF7FEFF 		bl	strcmp
 418              	.LVL5:
 419              		.loc 1 65 8 discriminator 1 view .LVU44
 420 001c D8B1     		cbz	r0, .L77
  66:Sensors/command.c ****     {
  67:Sensors/command.c ****         Control_Reset(); /* Integratoren loeschen vor dem Scharfschalten */
  68:Sensors/command.c ****         Motor_Arm();
  69:Sensors/command.c ****         printf(">> ARMED\r\n");
  70:Sensors/command.c ****     }
  71:Sensors/command.c ****     else if (strcmp(line, "disarm") == 0 || strcmp(line, "stop") == 0)
 421              		.loc 1 71 10 is_stmt 1 view .LVU45
 422              		.loc 1 71 14 is_stmt 0 view .LVU46
 423 001e A449     		ldr	r1, .L97+12
 424 0020 A248     		ldr	r0, .L97+8
 425 0022 FFF7FEFF 		bl	strcmp
 426              	.LVL6:
 427              		.loc 1 71 13 discriminator 1 view .LVU47
 428 0026 20B1     		cbz	r0, .L19
 429              		.loc 1 71 45 discriminator 1 view .LVU48
 430 0028 A249     		ldr	r1, .L97+16
 431 002a A048     		ldr	r0, .L97+8
 432 002c FFF7FEFF 		bl	strcmp
 433              	.LVL7:
 434              		.loc 1 71 42 discriminator 1 view .LVU49
 435 0030 C8B9     		cbnz	r0, .L20
 436              	.L19:
  72:Sensors/command.c ****     {
  73:Sensors/command.c ****         Motor_Disarm();
 437              		.loc 1 73 9 is_stmt 1 view .LVU50
 438 0032 FFF7FEFF 		bl	Motor_Disarm
 439              	.LVL8:
  74:Sensors/command.c ****         setpoint.throttle = 0.0f;
 440              		.loc 1 74 9 view .LVU51
 441              		.loc 1 74 27 is_stmt 0 view .LVU52
 442 0036 A04B     		ldr	r3, .L97+20
 443 0038 0022     		movs	r2, #0
 444 003a DA60     		str	r2, [r3, #12]	@ float
  75:Sensors/command.c ****         printf(">> DISARMED - alle Motoren gestoppt.\r\n");
 445              		.loc 1 75 9 is_stmt 1 view .LVU53
 446 003c 9F48     		ldr	r0, .L97+24
 447 003e FFF7FEFF 		bl	puts
 448              	.LVL9:
 449              	.L18:
ARM GAS  /tmp/ccbH4I8j.s 			page 13


  76:Sensors/command.c ****     }
  77:Sensors/command.c **** 
  78:Sensors/command.c ****     /* ---------- Status ---------- */
  79:Sensors/command.c ****     else if (strcmp(line, "status") == 0)
  80:Sensors/command.c ****     {
  81:Sensors/command.c ****         printf(">> Status: %s | Modus: %s | Gas: %.0f%% | Funk: %s\r\n",
  82:Sensors/command.c ****                Motor_IsArmed() ? "ARMED" : "DISARMED",
  83:Sensors/command.c ****                (flight_mode == MODE_ANGLE) ? "ANGLE" : "RATE",
  84:Sensors/command.c ****                setpoint.throttle,
  85:Sensors/command.c ****                CRSF_LinkUp() ? "OK" : "KEIN SIGNAL");
  86:Sensors/command.c ****         printf("   Stream: %s | Loop: %lu Hz | Motoren: %lu Hz\r\n",
  87:Sensors/command.c ****                stream_on ? "AN" : "AUS", loop_hz, Motor_UpdateRateHz());
  88:Sensors/command.c ****     }
  89:Sensors/command.c ****     else if (strcmp(line, "loop") == 0)
  90:Sensors/command.c ****     {
  91:Sensors/command.c ****         printf(">> Regeltakt: %lu Hz | verpasste Zyklen: %lu\r\n",
  92:Sensors/command.c ****                loop_hz, loop_missed);
  93:Sensors/command.c ****     }
  94:Sensors/command.c **** 
  95:Sensors/command.c ****     /* ---------- Funkempfang ---------- */
  96:Sensors/command.c ****     else if (strcmp(line, "rc") == 0)
  97:Sensors/command.c ****     {
  98:Sensors/command.c ****         RC_PrintStatus();
  99:Sensors/command.c ****     }
 100:Sensors/command.c **** 
 101:Sensors/command.c ****     /* ---------- Akku ---------- */
 102:Sensors/command.c ****     else if (strcmp(line, "bat") == 0)
 103:Sensors/command.c ****     {
 104:Sensors/command.c ****         if (Battery_Cells() == 0)
 105:Sensors/command.c ****         {
 106:Sensors/command.c ****             printf(">> Akku: kein Akku erkannt (%.2f V am Teiler)\r\n", Battery_Volt());
 107:Sensors/command.c ****         }
 108:Sensors/command.c ****         else
 109:Sensors/command.c ****         {
 110:Sensors/command.c ****             printf(">> Akku: %.2f V | %uS | %.2f V pro Zelle | %s\r\n",
 111:Sensors/command.c ****                    Battery_Volt(), Battery_Cells(),
 112:Sensors/command.c ****                    Battery_CellVolt(), Battery_StateText());
 113:Sensors/command.c ****         }
 114:Sensors/command.c ****     }
 115:Sensors/command.c ****     else if (strncmp(line, "batcal ", 7) == 0)
 116:Sensors/command.c ****     {
 117:Sensors/command.c ****         float v = strtof(line + 7, 0);
 118:Sensors/command.c ****         Battery_Calibrate(v);
 119:Sensors/command.c ****         printf(">> Kalibriert auf %.2f V (Faktor %.4f)\r\n", Battery_Volt(), Battery_GetScale());
 120:Sensors/command.c ****     }
 121:Sensors/command.c **** 
 122:Sensors/command.c ****     /* ---------- Filter ----------
 123:Sensors/command.c ****      * Muss VOR dem PID-Block stehen, sonst wird 'alpf' als Angle-Befehl gelesen. */
 124:Sensors/command.c ****     else if (strcmp(line, "filt") == 0)
 125:Sensors/command.c ****     {
 126:Sensors/command.c ****         printf(">> Gyro-Tiefpass : %.0f Hz\r\n", MPU6050_GetGyroLPF());
 127:Sensors/command.c ****         printf(">> Accel-Tiefpass: %.0f Hz\r\n", MPU6050_GetAccelLPF());
 128:Sensors/command.c ****         printf(">> Komplementaer : tau %.2f s\r\n", MPU6050_GetCompTau());
 129:Sensors/command.c ****     }
 130:Sensors/command.c ****     else if (strncmp(line, "glpf ", 5) == 0)
 131:Sensors/command.c ****     {
 132:Sensors/command.c ****         float v = strtof(line + 5, 0);
ARM GAS  /tmp/ccbH4I8j.s 			page 14


 133:Sensors/command.c ****         MPU6050_SetGyroLPF(v);
 134:Sensors/command.c ****         printf(">> Gyro-Tiefpass: %.0f Hz%s\r\n", MPU6050_GetGyroLPF(),
 135:Sensors/command.c ****                (v <= 0.0f) ? " (aus)" : "");
 136:Sensors/command.c ****     }
 137:Sensors/command.c ****     else if (strncmp(line, "alpf ", 5) == 0)
 138:Sensors/command.c ****     {
 139:Sensors/command.c ****         float v = strtof(line + 5, 0);
 140:Sensors/command.c ****         MPU6050_SetAccelLPF(v);
 141:Sensors/command.c ****         printf(">> Accel-Tiefpass: %.0f Hz\r\n", MPU6050_GetAccelLPF());
 142:Sensors/command.c ****     }
 143:Sensors/command.c ****     else if (strncmp(line, "tau ", 4) == 0)
 144:Sensors/command.c ****     {
 145:Sensors/command.c ****         float v = strtof(line + 4, 0);
 146:Sensors/command.c ****         MPU6050_SetCompTau(v);
 147:Sensors/command.c ****         printf(">> Komplementaerfilter tau: %.2f s\r\n", MPU6050_GetCompTau());
 148:Sensors/command.c ****     }
 149:Sensors/command.c **** 
 150:Sensors/command.c ****     /* ---------- Flugmodus ---------- */
 151:Sensors/command.c ****     else if (strcmp(line, "angle") == 0)
 152:Sensors/command.c ****     {
 153:Sensors/command.c ****         Control_SetMode(MODE_ANGLE);
 154:Sensors/command.c ****         printf(">> Modus: ANGLE (richtet sich selbst auf)\r\n");
 155:Sensors/command.c ****     }
 156:Sensors/command.c ****     else if (strcmp(line, "rate") == 0)
 157:Sensors/command.c ****     {
 158:Sensors/command.c ****         Control_SetMode(MODE_RATE);
 159:Sensors/command.c ****         printf(">> Modus: RATE (Acro)\r\n");
 160:Sensors/command.c ****     }
 161:Sensors/command.c **** 
 162:Sensors/command.c ****     /* ---------- PID ---------- */
 163:Sensors/command.c ****     else if (strcmp(line, "pid") == 0)
 164:Sensors/command.c ****     {
 165:Sensors/command.c ****         Control_PrintGains();
 166:Sensors/command.c ****     }
 167:Sensors/command.c **** 
 168:Sensors/command.c ****     /* ---------- Stream ---------- */
 169:Sensors/command.c ****     else if (strcmp(line, "stream on") == 0)
 170:Sensors/command.c ****     {
 171:Sensors/command.c ****         stream_on = 1;
 172:Sensors/command.c ****         printf(">> Stream AN (50 Hz Ausgabe)\r\n");
 173:Sensors/command.c ****     }
 174:Sensors/command.c ****     else if (strcmp(line, "stream off") == 0)
 175:Sensors/command.c ****     {
 176:Sensors/command.c ****         stream_on = 0;
 177:Sensors/command.c ****         printf(">> Stream AUS\r\n");
 178:Sensors/command.c ****     }
 179:Sensors/command.c **** 
 180:Sensors/command.c ****     /* ---------- PID-Werte setzen: rrp 1.2 / arp 4.0 ----------
 181:Sensors/command.c ****      * Zeichen 1: r = Rate (innen), a = Angle (aussen)
 182:Sensors/command.c ****      * Zeichen 2: r/p/y = Achse
 183:Sensors/command.c ****      * Zeichen 3: p/i/d = Term */
 184:Sensors/command.c ****     else if ((line[0] == 'r' || line[0] == 'a') &&
 185:Sensors/command.c ****              (line[1] == 'r' || line[1] == 'p' || line[1] == 'y') &&
 186:Sensors/command.c ****              (line[2] == 'p' || line[2] == 'i' || line[2] == 'd'))
 187:Sensors/command.c ****     {
 188:Sensors/command.c ****         char *end;
 189:Sensors/command.c ****         float v = strtof(line + 3, &end);
ARM GAS  /tmp/ccbH4I8j.s 			page 15


 190:Sensors/command.c **** 
 191:Sensors/command.c ****         if (end != line + 3)
 192:Sensors/command.c ****         {
 193:Sensors/command.c ****             Control_SetGain(line[0], line[1], line[2], v);
 194:Sensors/command.c ****             printf(">> %c%c%c = %.4f\r\n", line[0], line[1], line[2], v);
 195:Sensors/command.c ****         }
 196:Sensors/command.c ****         else
 197:Sensors/command.c ****         {
 198:Sensors/command.c ****             printf(">> Format: rrp 1.2  (r/a Kreis, r/p/y Achse, p/i/d Term)\r\n");
 199:Sensors/command.c ****         }
 200:Sensors/command.c ****     }
 201:Sensors/command.c **** 
 202:Sensors/command.c ****     /* ---------- Gas setzen: t 20 ----------
 203:Sensors/command.c ****      * Nur zum Testen ohne Funke. Sobald die Funke verbunden ist,
 204:Sensors/command.c ****      * ueberschreibt RC_Update den Wert im naechsten Zyklus. */
 205:Sensors/command.c ****     else if (line[0] == 't' && line[1] == ' ')
 206:Sensors/command.c ****     {
 207:Sensors/command.c ****         char *end;
 208:Sensors/command.c ****         float v = strtof(line + 2, &end);
 209:Sensors/command.c **** 
 210:Sensors/command.c ****         if (end != line + 2)
 211:Sensors/command.c ****         {
 212:Sensors/command.c ****             if (v < 0.0f)
 213:Sensors/command.c ****                 v = 0.0f;
 214:Sensors/command.c ****             if (v > 100.0f)
 215:Sensors/command.c ****                 v = 100.0f;
 216:Sensors/command.c ****             setpoint.throttle = v;
 217:Sensors/command.c ****             printf(">> Gas: %.0f%%\r\n", v);
 218:Sensors/command.c ****             if (CRSF_LinkUp())
 219:Sensors/command.c ****                 printf(">> Achtung: Funk ist verbunden, der Knueppel ueberschreibt das sofort.\r\n"
 220:Sensors/command.c ****         }
 221:Sensors/command.c ****         else
 222:Sensors/command.c ****         {
 223:Sensors/command.c ****             printf(">> Format: t 20\r\n");
 224:Sensors/command.c ****         }
 225:Sensors/command.c ****     }
 226:Sensors/command.c **** 
 227:Sensors/command.c ****     /* ---------- Mixer-Ausgaben anzeigen ---------- */
 228:Sensors/command.c ****     else if (strcmp(line, "mix") == 0)
 229:Sensors/command.c ****     {
 230:Sensors/command.c ****         float m1, m2, m3, m4;
 231:Sensors/command.c ****         Mixer_GetOutputs(&m1, &m2, &m3, &m4);
 232:Sensors/command.c ****         printf(">> M1=%.1f  M2=%.1f  M3=%.1f  M4=%.1f  (Gas %.0f%%)\r\n",
 233:Sensors/command.c ****                m1, m2, m3, m4, setpoint.throttle);
 234:Sensors/command.c ****     }
 235:Sensors/command.c **** 
 236:Sensors/command.c ****     /* ---------- Einzelmotor: m1 20 ----------
 237:Sensors/command.c ****      * Wird vom Mixer im naechsten Zyklus ueberschrieben, solange Gas > 0.
 238:Sensors/command.c ****      * Fuer Einzeltests vorher 't 0' setzen. */
 239:Sensors/command.c ****     else if (line[0] == 'm' && line[1] >= '1' && line[1] <= '4')
 240:Sensors/command.c ****     {
 241:Sensors/command.c ****         uint8_t motor = (uint8_t)(line[1] - '0');
 242:Sensors/command.c ****         char *end;
 243:Sensors/command.c ****         long val = strtol(line + 2, &end, 10);
 244:Sensors/command.c **** 
 245:Sensors/command.c ****         if (end != line + 2 && *end == '\0')
 246:Sensors/command.c ****         {
ARM GAS  /tmp/ccbH4I8j.s 			page 16


 247:Sensors/command.c ****             if (val < 0)
 248:Sensors/command.c ****                 val = 0;
 249:Sensors/command.c ****             if (val > 100)
 250:Sensors/command.c ****                 val = 100;
 251:Sensors/command.c **** 
 252:Sensors/command.c ****             if (Motor_IsArmed())
 253:Sensors/command.c ****             {
 254:Sensors/command.c ****                 Motor_SetPercent(motor, (float)val);
 255:Sensors/command.c ****                 printf(">> Motor %u: %ld%%\r\n", motor, val);
 256:Sensors/command.c ****             }
 257:Sensors/command.c ****             else
 258:Sensors/command.c ****             {
 259:Sensors/command.c ****                 printf(">> Erst 'arm' senden!\r\n");
 260:Sensors/command.c ****             }
 261:Sensors/command.c ****         }
 262:Sensors/command.c ****         else
 263:Sensors/command.c ****         {
 264:Sensors/command.c ****             printf(">> Format: m1 20\r\n");
 265:Sensors/command.c ****         }
 266:Sensors/command.c ****     }
 267:Sensors/command.c **** 
 268:Sensors/command.c ****     /* ---------- Nackte Zahl: alle vier Motoren ---------- */
 269:Sensors/command.c ****     else
 270:Sensors/command.c ****     {
 271:Sensors/command.c ****         char *end;
 272:Sensors/command.c ****         long val = strtol(line, &end, 10);
 273:Sensors/command.c ****         if (end != line && *end == '\0')
 274:Sensors/command.c ****         {
 275:Sensors/command.c ****             if (val < 0)
 276:Sensors/command.c ****                 val = 0;
 277:Sensors/command.c ****             if (val > 100)
 278:Sensors/command.c ****                 val = 100;
 279:Sensors/command.c **** 
 280:Sensors/command.c ****             if (Motor_IsArmed())
 281:Sensors/command.c ****             {
 282:Sensors/command.c ****                 Motor_SetAllPercent((float)val);
 283:Sensors/command.c ****                 printf(">> Alle Motoren: %ld%%\r\n", val);
 284:Sensors/command.c ****             }
 285:Sensors/command.c ****             else
 286:Sensors/command.c ****             {
 287:Sensors/command.c ****                 printf(">> Erst 'arm' senden!\r\n");
 288:Sensors/command.c ****             }
 289:Sensors/command.c ****         }
 290:Sensors/command.c ****         else
 291:Sensors/command.c ****         {
 292:Sensors/command.c ****             printf(">> Unbekannt: '%s'\r\n", line);
 293:Sensors/command.c ****             printf(">> arm | disarm | status | loop | pid | mix | filt | bat | rc |\r\n");
 294:Sensors/command.c ****             printf(">> angle | rate | stream on/off | t <gas> | m1..m4 <wert> |\r\n");
 295:Sensors/command.c ****             printf(">> rrp/arp <wert> | glpf <hz> | alpf <hz> | tau <sek> | batcal <volt>\r\n");
 296:Sensors/command.c ****         }
 297:Sensors/command.c ****     }
 298:Sensors/command.c **** 
 299:Sensors/command.c ****     line_len = 0;
 450              		.loc 1 299 5 view .LVU54
 451              		.loc 1 299 14 is_stmt 0 view .LVU55
 452 0042 0023     		movs	r3, #0
 453 0044 9E4A     		ldr	r2, .L97+28
ARM GAS  /tmp/ccbH4I8j.s 			page 17


 454 0046 1370     		strb	r3, [r2]
 300:Sensors/command.c ****     line_ready = 0;
 455              		.loc 1 300 5 is_stmt 1 view .LVU56
 456              		.loc 1 300 16 is_stmt 0 view .LVU57
 457 0048 964A     		ldr	r2, .L97
 458 004a 1370     		strb	r3, [r2]
 301:Sensors/command.c **** }
 459              		.loc 1 301 1 view .LVU58
 460 004c 0DB0     		add	sp, sp, #52
 461              	.LCFI5:
 462              		.cfi_remember_state
 463              		.cfi_def_cfa_offset 36
 464              		@ sp needed
 465 004e BDEC028B 		vldm	sp!, {d8}
 466              	.LCFI6:
 467              		.cfi_restore 80
 468              		.cfi_restore 81
 469              		.cfi_def_cfa_offset 28
 470 0052 BDE8F083 		pop	{r4, r5, r6, r7, r8, r9, pc}
 471              	.L77:
 472              	.LCFI7:
 473              		.cfi_restore_state
  67:Sensors/command.c ****         Motor_Arm();
 474              		.loc 1 67 9 is_stmt 1 view .LVU59
 475 0056 FFF7FEFF 		bl	Control_Reset
 476              	.LVL10:
  68:Sensors/command.c ****         printf(">> ARMED\r\n");
 477              		.loc 1 68 9 view .LVU60
 478 005a FFF7FEFF 		bl	Motor_Arm
 479              	.LVL11:
  69:Sensors/command.c ****     }
 480              		.loc 1 69 9 view .LVU61
 481 005e 9948     		ldr	r0, .L97+32
 482 0060 FFF7FEFF 		bl	puts
 483              	.LVL12:
 484 0064 EDE7     		b	.L18
 485              	.L20:
  79:Sensors/command.c ****     {
 486              		.loc 1 79 10 view .LVU62
  79:Sensors/command.c ****     {
 487              		.loc 1 79 14 is_stmt 0 view .LVU63
 488 0066 9849     		ldr	r1, .L97+36
 489 0068 9048     		ldr	r0, .L97+8
 490 006a FFF7FEFF 		bl	strcmp
 491              	.LVL13:
  79:Sensors/command.c ****     {
 492              		.loc 1 79 13 discriminator 1 view .LVU64
 493 006e 0028     		cmp	r0, #0
 494 0070 00F09180 		beq	.L78
  89:Sensors/command.c ****     {
 495              		.loc 1 89 10 is_stmt 1 view .LVU65
  89:Sensors/command.c ****     {
 496              		.loc 1 89 14 is_stmt 0 view .LVU66
 497 0074 9549     		ldr	r1, .L97+40
 498 0076 8D48     		ldr	r0, .L97+8
 499 0078 FFF7FEFF 		bl	strcmp
 500              	.LVL14:
ARM GAS  /tmp/ccbH4I8j.s 			page 18


  89:Sensors/command.c ****     {
 501              		.loc 1 89 13 discriminator 1 view .LVU67
 502 007c 0028     		cmp	r0, #0
 503 007e 00F0BC80 		beq	.L79
  96:Sensors/command.c ****     {
 504              		.loc 1 96 10 is_stmt 1 view .LVU68
  96:Sensors/command.c ****     {
 505              		.loc 1 96 14 is_stmt 0 view .LVU69
 506 0082 9349     		ldr	r1, .L97+44
 507 0084 8948     		ldr	r0, .L97+8
 508 0086 FFF7FEFF 		bl	strcmp
 509              	.LVL15:
  96:Sensors/command.c ****     {
 510              		.loc 1 96 13 discriminator 1 view .LVU70
 511 008a 0028     		cmp	r0, #0
 512 008c 00F0BD80 		beq	.L80
 102:Sensors/command.c ****     {
 513              		.loc 1 102 10 is_stmt 1 view .LVU71
 102:Sensors/command.c ****     {
 514              		.loc 1 102 14 is_stmt 0 view .LVU72
 515 0090 9049     		ldr	r1, .L97+48
 516 0092 8648     		ldr	r0, .L97+8
 517 0094 FFF7FEFF 		bl	strcmp
 518              	.LVL16:
 102:Sensors/command.c ****     {
 519              		.loc 1 102 13 discriminator 1 view .LVU73
 520 0098 0028     		cmp	r0, #0
 521 009a 00F0B980 		beq	.L81
 115:Sensors/command.c ****     {
 522              		.loc 1 115 10 is_stmt 1 view .LVU74
 115:Sensors/command.c ****     {
 523              		.loc 1 115 14 is_stmt 0 view .LVU75
 524 009e 0722     		movs	r2, #7
 525 00a0 8D49     		ldr	r1, .L97+52
 526 00a2 8248     		ldr	r0, .L97+8
 527 00a4 FFF7FEFF 		bl	strncmp
 528              	.LVL17:
 115:Sensors/command.c ****     {
 529              		.loc 1 115 13 discriminator 1 view .LVU76
 530 00a8 0028     		cmp	r0, #0
 531 00aa 00F0DF80 		beq	.L82
 124:Sensors/command.c ****     {
 532              		.loc 1 124 10 is_stmt 1 view .LVU77
 124:Sensors/command.c ****     {
 533              		.loc 1 124 14 is_stmt 0 view .LVU78
 534 00ae 8B49     		ldr	r1, .L97+56
 535 00b0 7E48     		ldr	r0, .L97+8
 536 00b2 FFF7FEFF 		bl	strcmp
 537              	.LVL18:
 124:Sensors/command.c ****     {
 538              		.loc 1 124 13 discriminator 1 view .LVU79
 539 00b6 0028     		cmp	r0, #0
 540 00b8 00F04A81 		beq	.L83
 130:Sensors/command.c ****     {
 541              		.loc 1 130 10 is_stmt 1 view .LVU80
 130:Sensors/command.c ****     {
 542              		.loc 1 130 14 is_stmt 0 view .LVU81
ARM GAS  /tmp/ccbH4I8j.s 			page 19


 543 00bc 0522     		movs	r2, #5
 544 00be 8849     		ldr	r1, .L97+60
 545 00c0 7A48     		ldr	r0, .L97+8
 546 00c2 FFF7FEFF 		bl	strncmp
 547              	.LVL19:
 130:Sensors/command.c ****     {
 548              		.loc 1 130 13 discriminator 1 view .LVU82
 549 00c6 0028     		cmp	r0, #0
 550 00c8 00F06481 		beq	.L84
 137:Sensors/command.c ****     {
 551              		.loc 1 137 10 is_stmt 1 view .LVU83
 137:Sensors/command.c ****     {
 552              		.loc 1 137 14 is_stmt 0 view .LVU84
 553 00cc 0522     		movs	r2, #5
 554 00ce 8549     		ldr	r1, .L97+64
 555 00d0 7648     		ldr	r0, .L97+8
 556 00d2 FFF7FEFF 		bl	strncmp
 557              	.LVL20:
 137:Sensors/command.c ****     {
 558              		.loc 1 137 13 discriminator 1 view .LVU85
 559 00d6 0028     		cmp	r0, #0
 560 00d8 00F07981 		beq	.L85
 143:Sensors/command.c ****     {
 561              		.loc 1 143 10 is_stmt 1 view .LVU86
 143:Sensors/command.c ****     {
 562              		.loc 1 143 14 is_stmt 0 view .LVU87
 563 00dc 0422     		movs	r2, #4
 564 00de 8249     		ldr	r1, .L97+68
 565 00e0 7248     		ldr	r0, .L97+8
 566 00e2 FFF7FEFF 		bl	strncmp
 567              	.LVL21:
 143:Sensors/command.c ****     {
 568              		.loc 1 143 13 discriminator 1 view .LVU88
 569 00e6 0028     		cmp	r0, #0
 570 00e8 00F08381 		beq	.L86
 151:Sensors/command.c ****     {
 571              		.loc 1 151 10 is_stmt 1 view .LVU89
 151:Sensors/command.c ****     {
 572              		.loc 1 151 14 is_stmt 0 view .LVU90
 573 00ec 7F49     		ldr	r1, .L97+72
 574 00ee 6F48     		ldr	r0, .L97+8
 575 00f0 FFF7FEFF 		bl	strcmp
 576              	.LVL22:
 151:Sensors/command.c ****     {
 577              		.loc 1 151 13 discriminator 1 view .LVU91
 578 00f4 0028     		cmp	r0, #0
 579 00f6 00F08E81 		beq	.L87
 156:Sensors/command.c ****     {
 580              		.loc 1 156 10 is_stmt 1 view .LVU92
 156:Sensors/command.c ****     {
 581              		.loc 1 156 14 is_stmt 0 view .LVU93
 582 00fa 7D49     		ldr	r1, .L97+76
 583 00fc 6B48     		ldr	r0, .L97+8
 584 00fe FFF7FEFF 		bl	strcmp
 585              	.LVL23:
 156:Sensors/command.c ****     {
 586              		.loc 1 156 13 discriminator 1 view .LVU94
ARM GAS  /tmp/ccbH4I8j.s 			page 20


 587 0102 0028     		cmp	r0, #0
 588 0104 00F08E81 		beq	.L88
 163:Sensors/command.c ****     {
 589              		.loc 1 163 10 is_stmt 1 view .LVU95
 163:Sensors/command.c ****     {
 590              		.loc 1 163 14 is_stmt 0 view .LVU96
 591 0108 7A49     		ldr	r1, .L97+80
 592 010a 6848     		ldr	r0, .L97+8
 593 010c FFF7FEFF 		bl	strcmp
 594              	.LVL24:
 163:Sensors/command.c ****     {
 595              		.loc 1 163 13 discriminator 1 view .LVU97
 596 0110 0028     		cmp	r0, #0
 597 0112 00F08D81 		beq	.L89
 169:Sensors/command.c ****     {
 598              		.loc 1 169 10 is_stmt 1 view .LVU98
 169:Sensors/command.c ****     {
 599              		.loc 1 169 14 is_stmt 0 view .LVU99
 600 0116 7849     		ldr	r1, .L97+84
 601 0118 6448     		ldr	r0, .L97+8
 602 011a FFF7FEFF 		bl	strcmp
 603              	.LVL25:
 169:Sensors/command.c ****     {
 604              		.loc 1 169 13 discriminator 1 view .LVU100
 605 011e 0028     		cmp	r0, #0
 606 0120 00F08981 		beq	.L90
 174:Sensors/command.c ****     {
 607              		.loc 1 174 10 is_stmt 1 view .LVU101
 174:Sensors/command.c ****     {
 608              		.loc 1 174 14 is_stmt 0 view .LVU102
 609 0124 7549     		ldr	r1, .L97+88
 610 0126 6148     		ldr	r0, .L97+8
 611 0128 FFF7FEFF 		bl	strcmp
 612              	.LVL26:
 174:Sensors/command.c ****     {
 613              		.loc 1 174 13 discriminator 1 view .LVU103
 614 012c 0028     		cmp	r0, #0
 615 012e 00F08981 		beq	.L91
 184:Sensors/command.c ****              (line[1] == 'r' || line[1] == 'p' || line[1] == 'y') &&
 616              		.loc 1 184 10 is_stmt 1 view .LVU104
 184:Sensors/command.c ****              (line[1] == 'r' || line[1] == 'p' || line[1] == 'y') &&
 617              		.loc 1 184 19 is_stmt 0 view .LVU105
 618 0132 5E4B     		ldr	r3, .L97+8
 619 0134 1C78     		ldrb	r4, [r3]	@ zero_extendqisi2
 184:Sensors/command.c ****              (line[1] == 'r' || line[1] == 'p' || line[1] == 'y') &&
 620              		.loc 1 184 13 view .LVU106
 621 0136 722C     		cmp	r4, #114
 622 0138 00F08B81 		beq	.L42
 184:Sensors/command.c ****              (line[1] == 'r' || line[1] == 'p' || line[1] == 'y') &&
 623              		.loc 1 184 30 discriminator 2 view .LVU107
 624 013c 612C     		cmp	r4, #97
 625 013e 00F08881 		beq	.L42
 626              	.L43:
 205:Sensors/command.c ****     {
 627              		.loc 1 205 10 is_stmt 1 view .LVU108
 205:Sensors/command.c ****     {
 628              		.loc 1 205 13 is_stmt 0 view .LVU109
ARM GAS  /tmp/ccbH4I8j.s 			page 21


 629 0142 742C     		cmp	r4, #116
 630 0144 00F0C681 		beq	.L92
 631              	.L46:
 228:Sensors/command.c ****     {
 632              		.loc 1 228 10 is_stmt 1 view .LVU110
 228:Sensors/command.c ****     {
 633              		.loc 1 228 14 is_stmt 0 view .LVU111
 634 0148 6D49     		ldr	r1, .L97+92
 635 014a 5848     		ldr	r0, .L97+8
 636 014c FFF7FEFF 		bl	strcmp
 637              	.LVL27:
 228:Sensors/command.c ****     {
 638              		.loc 1 228 13 discriminator 1 view .LVU112
 639 0150 0028     		cmp	r0, #0
 640 0152 00F0F881 		beq	.L93
 239:Sensors/command.c ****     {
 641              		.loc 1 239 10 is_stmt 1 view .LVU113
 239:Sensors/command.c ****     {
 642              		.loc 1 239 13 is_stmt 0 view .LVU114
 643 0156 6D2C     		cmp	r4, #109
 644 0158 06D1     		bne	.L51
 239:Sensors/command.c ****     {
 645              		.loc 1 239 36 discriminator 1 view .LVU115
 646 015a 544B     		ldr	r3, .L97+8
 647 015c 5B78     		ldrb	r3, [r3, #1]	@ zero_extendqisi2
 239:Sensors/command.c ****     {
 648              		.loc 1 239 29 discriminator 1 view .LVU116
 649 015e 302B     		cmp	r3, #48
 650 0160 02D9     		bls	.L51
 239:Sensors/command.c ****     {
 651              		.loc 1 239 47 discriminator 2 view .LVU117
 652 0162 342B     		cmp	r3, #52
 653 0164 40F21682 		bls	.L94
 654              	.L51:
 655              	.LBB2:
 271:Sensors/command.c ****         long val = strtol(line, &end, 10);
 656              		.loc 1 271 9 is_stmt 1 view .LVU118
 272:Sensors/command.c ****         if (end != line && *end == '\0')
 657              		.loc 1 272 9 view .LVU119
 272:Sensors/command.c ****         if (end != line && *end == '\0')
 658              		.loc 1 272 20 is_stmt 0 view .LVU120
 659 0168 504D     		ldr	r5, .L97+8
 660 016a 0A22     		movs	r2, #10
 661 016c 0BA9     		add	r1, sp, #44
 662 016e 2846     		mov	r0, r5
 663 0170 FFF7FEFF 		bl	strtol
 664              	.LVL28:
 665 0174 0446     		mov	r4, r0
 666              	.LVL29:
 273:Sensors/command.c ****         {
 667              		.loc 1 273 9 is_stmt 1 view .LVU121
 273:Sensors/command.c ****         {
 668              		.loc 1 273 17 is_stmt 0 view .LVU122
 669 0176 0B9B     		ldr	r3, [sp, #44]
 273:Sensors/command.c ****         {
 670              		.loc 1 273 12 view .LVU123
 671 0178 AB42     		cmp	r3, r5
ARM GAS  /tmp/ccbH4I8j.s 			page 22


 672 017a 00F04B82 		beq	.L56
 273:Sensors/command.c ****         {
 673              		.loc 1 273 28 discriminator 1 view .LVU124
 674 017e 1B78     		ldrb	r3, [r3]	@ zero_extendqisi2
 273:Sensors/command.c ****         {
 675              		.loc 1 273 25 discriminator 1 view .LVU125
 676 0180 002B     		cmp	r3, #0
 677 0182 40F04782 		bne	.L56
 275:Sensors/command.c ****                 val = 0;
 678              		.loc 1 275 13 is_stmt 1 view .LVU126
 275:Sensors/command.c ****                 val = 0;
 679              		.loc 1 275 16 is_stmt 0 view .LVU127
 680 0186 0028     		cmp	r0, #0
 681 0188 C0F23182 		blt	.L69
 277:Sensors/command.c ****                 val = 100;
 682              		.loc 1 277 13 is_stmt 1 view .LVU128
 277:Sensors/command.c ****                 val = 100;
 683              		.loc 1 277 16 is_stmt 0 view .LVU129
 684 018c 6428     		cmp	r0, #100
 685 018e 40F32F82 		ble	.L57
 278:Sensors/command.c **** 
 686              		.loc 1 278 21 view .LVU130
 687 0192 6424     		movs	r4, #100
 688 0194 2CE2     		b	.L57
 689              	.LVL30:
 690              	.L78:
 278:Sensors/command.c **** 
 691              		.loc 1 278 21 view .LVU131
 692              	.LBE2:
  81:Sensors/command.c ****                Motor_IsArmed() ? "ARMED" : "DISARMED",
 693              		.loc 1 81 9 is_stmt 1 view .LVU132
  82:Sensors/command.c ****                (flight_mode == MODE_ANGLE) ? "ANGLE" : "RATE",
 694              		.loc 1 82 16 is_stmt 0 view .LVU133
 695 0196 FFF7FEFF 		bl	Motor_IsArmed
 696              	.LVL31:
  81:Sensors/command.c ****                Motor_IsArmed() ? "ARMED" : "DISARMED",
 697              		.loc 1 81 9 view .LVU134
 698 019a 30B3     		cbz	r0, .L60
  81:Sensors/command.c ****                Motor_IsArmed() ? "ARMED" : "DISARMED",
 699              		.loc 1 81 9 discriminator 1 view .LVU135
 700 019c 594E     		ldr	r6, .L97+96
 701              	.L22:
  83:Sensors/command.c ****                setpoint.throttle,
 702              		.loc 1 83 29 view .LVU136
 703 019e 5A4B     		ldr	r3, .L97+100
 704 01a0 1B78     		ldrb	r3, [r3]	@ zero_extendqisi2
  81:Sensors/command.c ****                Motor_IsArmed() ? "ARMED" : "DISARMED",
 705              		.loc 1 81 9 discriminator 4 view .LVU137
 706 01a2 012B     		cmp	r3, #1
 707 01a4 23D0     		beq	.L95
  81:Sensors/command.c ****                Motor_IsArmed() ? "ARMED" : "DISARMED",
 708              		.loc 1 81 9 discriminator 6 view .LVU138
 709 01a6 594F     		ldr	r7, .L97+104
 710              	.L23:
  81:Sensors/command.c ****                Motor_IsArmed() ? "ARMED" : "DISARMED",
 711              		.loc 1 81 9 discriminator 8 view .LVU139
 712 01a8 434B     		ldr	r3, .L97+20
ARM GAS  /tmp/ccbH4I8j.s 			page 23


 713 01aa D868     		ldr	r0, [r3, #12]	@ float
 714 01ac FFF7FEFF 		bl	__aeabi_f2d
 715              	.LVL32:
 716 01b0 0446     		mov	r4, r0
 717 01b2 0D46     		mov	r5, r1
  85:Sensors/command.c ****         printf("   Stream: %s | Loop: %lu Hz | Motoren: %lu Hz\r\n",
 718              		.loc 1 85 16 view .LVU140
 719 01b4 FFF7FEFF 		bl	CRSF_LinkUp
 720              	.LVL33:
  81:Sensors/command.c ****                Motor_IsArmed() ? "ARMED" : "DISARMED",
 721              		.loc 1 81 9 discriminator 8 view .LVU141
 722 01b8 D8B1     		cbz	r0, .L62
  81:Sensors/command.c ****                Motor_IsArmed() ? "ARMED" : "DISARMED",
 723              		.loc 1 81 9 discriminator 9 view .LVU142
 724 01ba 554B     		ldr	r3, .L97+108
 725              	.L24:
  81:Sensors/command.c ****                Motor_IsArmed() ? "ARMED" : "DISARMED",
 726              		.loc 1 81 9 discriminator 12 view .LVU143
 727 01bc 0293     		str	r3, [sp, #8]
 728 01be CDE90045 		strd	r4, [sp]
 729 01c2 3A46     		mov	r2, r7
 730 01c4 3146     		mov	r1, r6
 731 01c6 5348     		ldr	r0, .L97+112
 732 01c8 FFF7FEFF 		bl	printf
 733              	.LVL34:
  86:Sensors/command.c ****                stream_on ? "AN" : "AUS", loop_hz, Motor_UpdateRateHz());
 734              		.loc 1 86 9 is_stmt 1 view .LVU144
  87:Sensors/command.c ****     }
 735              		.loc 1 87 26 is_stmt 0 view .LVU145
 736 01cc 524B     		ldr	r3, .L97+116
 737 01ce 1B78     		ldrb	r3, [r3]	@ zero_extendqisi2
  86:Sensors/command.c ****                stream_on ? "AN" : "AUS", loop_hz, Motor_UpdateRateHz());
 738              		.loc 1 86 9 view .LVU146
 739 01d0 8BB1     		cbz	r3, .L63
  86:Sensors/command.c ****                stream_on ? "AN" : "AUS", loop_hz, Motor_UpdateRateHz());
 740              		.loc 1 86 9 discriminator 1 view .LVU147
 741 01d2 524C     		ldr	r4, .L97+120
 742              	.L25:
  86:Sensors/command.c ****                stream_on ? "AN" : "AUS", loop_hz, Motor_UpdateRateHz());
 743              		.loc 1 86 9 discriminator 4 view .LVU148
 744 01d4 524B     		ldr	r3, .L97+124
 745 01d6 1D68     		ldr	r5, [r3]
 746 01d8 FFF7FEFF 		bl	Motor_UpdateRateHz
 747              	.LVL35:
 748 01dc 0346     		mov	r3, r0
  86:Sensors/command.c ****                stream_on ? "AN" : "AUS", loop_hz, Motor_UpdateRateHz());
 749              		.loc 1 86 9 discriminator 1 view .LVU149
 750 01de 2A46     		mov	r2, r5
 751 01e0 2146     		mov	r1, r4
 752 01e2 5048     		ldr	r0, .L97+128
 753 01e4 FFF7FEFF 		bl	printf
 754              	.LVL36:
 755 01e8 2BE7     		b	.L18
 756              	.L60:
  81:Sensors/command.c ****                Motor_IsArmed() ? "ARMED" : "DISARMED",
 757              		.loc 1 81 9 discriminator 2 view .LVU150
 758 01ea 4F4E     		ldr	r6, .L97+132
ARM GAS  /tmp/ccbH4I8j.s 			page 24


 759 01ec D7E7     		b	.L22
 760              	.L95:
  81:Sensors/command.c ****                Motor_IsArmed() ? "ARMED" : "DISARMED",
 761              		.loc 1 81 9 discriminator 5 view .LVU151
 762 01ee 4F4F     		ldr	r7, .L97+136
 763 01f0 DAE7     		b	.L23
 764              	.L62:
  81:Sensors/command.c ****                Motor_IsArmed() ? "ARMED" : "DISARMED",
 765              		.loc 1 81 9 discriminator 10 view .LVU152
 766 01f2 4F4B     		ldr	r3, .L97+140
 767 01f4 E2E7     		b	.L24
 768              	.L63:
  86:Sensors/command.c ****                stream_on ? "AN" : "AUS", loop_hz, Motor_UpdateRateHz());
 769              		.loc 1 86 9 discriminator 2 view .LVU153
 770 01f6 4F4C     		ldr	r4, .L97+144
 771 01f8 ECE7     		b	.L25
 772              	.L79:
  91:Sensors/command.c ****                loop_hz, loop_missed);
 773              		.loc 1 91 9 is_stmt 1 view .LVU154
 774 01fa 4F4B     		ldr	r3, .L97+148
 775 01fc 1A68     		ldr	r2, [r3]
 776 01fe 484B     		ldr	r3, .L97+124
 777 0200 1968     		ldr	r1, [r3]
 778 0202 4E48     		ldr	r0, .L97+152
 779 0204 FFF7FEFF 		bl	printf
 780              	.LVL37:
 781 0208 1BE7     		b	.L18
 782              	.L80:
  98:Sensors/command.c ****     }
 783              		.loc 1 98 9 view .LVU155
 784 020a FFF7FEFF 		bl	RC_PrintStatus
 785              	.LVL38:
 786 020e 18E7     		b	.L18
 787              	.L81:
 104:Sensors/command.c ****         {
 788              		.loc 1 104 9 view .LVU156
 104:Sensors/command.c ****         {
 789              		.loc 1 104 13 is_stmt 0 view .LVU157
 790 0210 FFF7FEFF 		bl	Battery_Cells
 791              	.LVL39:
 104:Sensors/command.c ****         {
 792              		.loc 1 104 12 discriminator 1 view .LVU158
 793 0214 58B9     		cbnz	r0, .L29
 106:Sensors/command.c ****         }
 794              		.loc 1 106 13 is_stmt 1 view .LVU159
 106:Sensors/command.c ****         }
 795              		.loc 1 106 73 is_stmt 0 view .LVU160
 796 0216 FFF7FEFF 		bl	Battery_Volt
 797              	.LVL40:
 798 021a 10EE100A 		vmov	r0, s0
 106:Sensors/command.c ****         }
 799              		.loc 1 106 13 discriminator 1 view .LVU161
 800 021e FFF7FEFF 		bl	__aeabi_f2d
 801              	.LVL41:
 802 0222 0246     		mov	r2, r0
 803 0224 0B46     		mov	r3, r1
 804 0226 4648     		ldr	r0, .L97+156
ARM GAS  /tmp/ccbH4I8j.s 			page 25


 805 0228 FFF7FEFF 		bl	printf
 806              	.LVL42:
 807 022c 09E7     		b	.L18
 808              	.L29:
 110:Sensors/command.c ****                    Battery_Volt(), Battery_Cells(),
 809              		.loc 1 110 13 is_stmt 1 view .LVU162
 111:Sensors/command.c ****                    Battery_CellVolt(), Battery_StateText());
 810              		.loc 1 111 20 is_stmt 0 view .LVU163
 811 022e FFF7FEFF 		bl	Battery_Volt
 812              	.LVL43:
 813 0232 10EE100A 		vmov	r0, s0
 110:Sensors/command.c ****                    Battery_Volt(), Battery_Cells(),
 814              		.loc 1 110 13 view .LVU164
 815 0236 FFF7FEFF 		bl	__aeabi_f2d
 816              	.LVL44:
 817 023a 0446     		mov	r4, r0
 818 023c 0D46     		mov	r5, r1
 111:Sensors/command.c ****                    Battery_CellVolt(), Battery_StateText());
 819              		.loc 1 111 36 view .LVU165
 820 023e FFF7FEFF 		bl	Battery_Cells
 821              	.LVL45:
 822 0242 0646     		mov	r6, r0
 112:Sensors/command.c ****         }
 823              		.loc 1 112 20 view .LVU166
 824 0244 FFF7FEFF 		bl	Battery_CellVolt
 825              	.LVL46:
 826 0248 10EE100A 		vmov	r0, s0
 110:Sensors/command.c ****                    Battery_Volt(), Battery_Cells(),
 827              		.loc 1 110 13 view .LVU167
 828 024c FFF7FEFF 		bl	__aeabi_f2d
 829              	.LVL47:
 830 0250 8046     		mov	r8, r0
 831 0252 8946     		mov	r9, r1
 832 0254 FFF7FEFF 		bl	Battery_StateText
 833              	.LVL48:
 110:Sensors/command.c ****                    Battery_Volt(), Battery_Cells(),
 834              		.loc 1 110 13 discriminator 1 view .LVU168
 835 0258 0490     		str	r0, [sp, #16]
 836 025a CDE90289 		strd	r8, [sp, #8]
 110:Sensors/command.c ****                    Battery_Volt(), Battery_Cells(),
 837              		.loc 1 110 13 view .LVU169
 838 025e 0096     		str	r6, [sp]
 110:Sensors/command.c ****                    Battery_Volt(), Battery_Cells(),
 839              		.loc 1 110 13 discriminator 1 view .LVU170
 840 0260 2246     		mov	r2, r4
 841 0262 2B46     		mov	r3, r5
 842 0264 3748     		ldr	r0, .L97+160
 843 0266 FFF7FEFF 		bl	printf
 844              	.LVL49:
 845 026a EAE6     		b	.L18
 846              	.L82:
 847              	.LBB3:
 117:Sensors/command.c ****         Battery_Calibrate(v);
 848              		.loc 1 117 9 is_stmt 1 view .LVU171
 117:Sensors/command.c ****         Battery_Calibrate(v);
 849              		.loc 1 117 19 is_stmt 0 view .LVU172
 850 026c 0021     		movs	r1, #0
ARM GAS  /tmp/ccbH4I8j.s 			page 26


 851 026e 3648     		ldr	r0, .L97+164
 852 0270 FFF7FEFF 		bl	strtof
 853              	.LVL50:
 118:Sensors/command.c ****         printf(">> Kalibriert auf %.2f V (Faktor %.4f)\r\n", Battery_Volt(), Battery_GetScale());
 854              		.loc 1 118 9 is_stmt 1 view .LVU173
 855 0274 FFF7FEFF 		bl	Battery_Calibrate
 856              	.LVL51:
 119:Sensors/command.c ****     }
 857              		.loc 1 119 9 view .LVU174
 119:Sensors/command.c ****     }
 858              		.loc 1 119 62 is_stmt 0 view .LVU175
 859 0278 FFF7FEFF 		bl	Battery_Volt
 860              	.LVL52:
 861 027c 10EE100A 		vmov	r0, s0
 119:Sensors/command.c ****     }
 862              		.loc 1 119 9 discriminator 1 view .LVU176
 863 0280 FFF7FEFF 		bl	__aeabi_f2d
 864              	.LVL53:
 865 0284 0446     		mov	r4, r0
 866 0286 0D46     		mov	r5, r1
 119:Sensors/command.c ****     }
 867              		.loc 1 119 78 discriminator 1 view .LVU177
 868 0288 FFF7FEFF 		bl	Battery_GetScale
 869              	.LVL54:
 870 028c 10EE100A 		vmov	r0, s0
 119:Sensors/command.c ****     }
 871              		.loc 1 119 9 discriminator 2 view .LVU178
 872 0290 FFF7FEFF 		bl	__aeabi_f2d
 873              	.LVL55:
 874 0294 CDE90001 		strd	r0, [sp]
 875 0298 2246     		mov	r2, r4
 876 029a 2B46     		mov	r3, r5
 877 029c 2B48     		ldr	r0, .L97+168
 878 029e FFF7FEFF 		bl	printf
 879              	.LVL56:
 880              	.LBE3:
 881 02a2 CEE6     		b	.L18
 882              	.L98:
 883              		.align	2
 884              	.L97:
 885 02a4 00000000 		.word	line_ready
 886 02a8 48000000 		.word	.LC10
 887 02ac 00000000 		.word	line
 888 02b0 58000000 		.word	.LC12
 889 02b4 60000000 		.word	.LC13
 890 02b8 00000000 		.word	setpoint
 891 02bc 68000000 		.word	.LC14
 892 02c0 00000000 		.word	line_len
 893 02c4 4C000000 		.word	.LC11
 894 02c8 90000000 		.word	.LC15
 895 02cc 04010000 		.word	.LC18
 896 02d0 3C010000 		.word	.LC20
 897 02d4 40010000 		.word	.LC21
 898 02d8 A4010000 		.word	.LC24
 899 02dc D8010000 		.word	.LC26
 900 02e0 40020000 		.word	.LC30
 901 02e4 68020000 		.word	.LC32
ARM GAS  /tmp/ccbH4I8j.s 			page 27


 902 02e8 70020000 		.word	.LC33
 903 02ec A0020000 		.word	.LC35
 904 02f0 D4020000 		.word	.LC37
 905 02f4 F4020000 		.word	.LC39
 906 02f8 F8020000 		.word	.LC40
 907 02fc 24030000 		.word	.LC42
 908 0300 00040000 		.word	.LC49
 909 0304 00000000 		.word	.LC0
 910 0308 00000000 		.word	flight_mode
 911 030c 1C000000 		.word	.LC3
 912 0310 24000000 		.word	.LC4
 913 0314 98000000 		.word	.LC16
 914 0318 00000000 		.word	stream_on
 915 031c 34000000 		.word	.LC6
 916 0320 00000000 		.word	loop_hz
 917 0324 D0000000 		.word	.LC17
 918 0328 08000000 		.word	.LC1
 919 032c 14000000 		.word	.LC2
 920 0330 28000000 		.word	.LC5
 921 0334 38000000 		.word	.LC7
 922 0338 00000000 		.word	loop_missed
 923 033c 0C010000 		.word	.LC19
 924 0340 44010000 		.word	.LC22
 925 0344 74010000 		.word	.LC23
 926 0348 07000000 		.word	line+7
 927 034c AC010000 		.word	.LC25
 928              	.LVL57:
 929              	.L83:
 126:Sensors/command.c ****         printf(">> Accel-Tiefpass: %.0f Hz\r\n", MPU6050_GetAccelLPF());
 930              		.loc 1 126 9 is_stmt 1 view .LVU179
 126:Sensors/command.c ****         printf(">> Accel-Tiefpass: %.0f Hz\r\n", MPU6050_GetAccelLPF());
 931              		.loc 1 126 50 is_stmt 0 view .LVU180
 932 0350 FFF7FEFF 		bl	MPU6050_GetGyroLPF
 933              	.LVL58:
 934 0354 10EE100A 		vmov	r0, s0
 126:Sensors/command.c ****         printf(">> Accel-Tiefpass: %.0f Hz\r\n", MPU6050_GetAccelLPF());
 935              		.loc 1 126 9 discriminator 1 view .LVU181
 936 0358 FFF7FEFF 		bl	__aeabi_f2d
 937              	.LVL59:
 938 035c 0246     		mov	r2, r0
 939 035e 0B46     		mov	r3, r1
 940 0360 B448     		ldr	r0, .L99
 941 0362 FFF7FEFF 		bl	printf
 942              	.LVL60:
 127:Sensors/command.c ****         printf(">> Komplementaer : tau %.2f s\r\n", MPU6050_GetCompTau());
 943              		.loc 1 127 9 is_stmt 1 view .LVU182
 127:Sensors/command.c ****         printf(">> Komplementaer : tau %.2f s\r\n", MPU6050_GetCompTau());
 944              		.loc 1 127 50 is_stmt 0 view .LVU183
 945 0366 FFF7FEFF 		bl	MPU6050_GetAccelLPF
 946              	.LVL61:
 947 036a 10EE100A 		vmov	r0, s0
 127:Sensors/command.c ****         printf(">> Komplementaer : tau %.2f s\r\n", MPU6050_GetCompTau());
 948              		.loc 1 127 9 discriminator 1 view .LVU184
 949 036e FFF7FEFF 		bl	__aeabi_f2d
 950              	.LVL62:
 951 0372 0246     		mov	r2, r0
 952 0374 0B46     		mov	r3, r1
ARM GAS  /tmp/ccbH4I8j.s 			page 28


 953 0376 B048     		ldr	r0, .L99+4
 954 0378 FFF7FEFF 		bl	printf
 955              	.LVL63:
 128:Sensors/command.c ****     }
 956              		.loc 1 128 9 is_stmt 1 view .LVU185
 128:Sensors/command.c ****     }
 957              		.loc 1 128 53 is_stmt 0 view .LVU186
 958 037c FFF7FEFF 		bl	MPU6050_GetCompTau
 959              	.LVL64:
 960 0380 10EE100A 		vmov	r0, s0
 128:Sensors/command.c ****     }
 961              		.loc 1 128 9 discriminator 1 view .LVU187
 962 0384 FFF7FEFF 		bl	__aeabi_f2d
 963              	.LVL65:
 964 0388 0246     		mov	r2, r0
 965 038a 0B46     		mov	r3, r1
 966 038c AB48     		ldr	r0, .L99+8
 967 038e FFF7FEFF 		bl	printf
 968              	.LVL66:
 969 0392 56E6     		b	.L18
 970              	.L84:
 971              	.LBB4:
 132:Sensors/command.c ****         MPU6050_SetGyroLPF(v);
 972              		.loc 1 132 9 is_stmt 1 view .LVU188
 132:Sensors/command.c ****         MPU6050_SetGyroLPF(v);
 973              		.loc 1 132 19 is_stmt 0 view .LVU189
 974 0394 0021     		movs	r1, #0
 975 0396 AA48     		ldr	r0, .L99+12
 976 0398 FFF7FEFF 		bl	strtof
 977              	.LVL67:
 978 039c B0EE408A 		vmov.f32	s16, s0
 979              	.LVL68:
 133:Sensors/command.c ****         printf(">> Gyro-Tiefpass: %.0f Hz%s\r\n", MPU6050_GetGyroLPF(),
 980              		.loc 1 133 9 is_stmt 1 view .LVU190
 981 03a0 FFF7FEFF 		bl	MPU6050_SetGyroLPF
 982              	.LVL69:
 134:Sensors/command.c ****                (v <= 0.0f) ? " (aus)" : "");
 983              		.loc 1 134 9 view .LVU191
 134:Sensors/command.c ****                (v <= 0.0f) ? " (aus)" : "");
 984              		.loc 1 134 51 is_stmt 0 view .LVU192
 985 03a4 FFF7FEFF 		bl	MPU6050_GetGyroLPF
 986              	.LVL70:
 987 03a8 10EE100A 		vmov	r0, s0
 134:Sensors/command.c ****                (v <= 0.0f) ? " (aus)" : "");
 988              		.loc 1 134 9 discriminator 1 view .LVU193
 989 03ac FFF7FEFF 		bl	__aeabi_f2d
 990              	.LVL71:
 991 03b0 0246     		mov	r2, r0
 992 03b2 0B46     		mov	r3, r1
 993 03b4 B5EEC08A 		vcmpe.f32	s16, #0
 994 03b8 F1EE10FA 		vmrs	APSR_nzcv, FPSCR
 995 03bc 05D9     		bls	.L96
 134:Sensors/command.c ****                (v <= 0.0f) ? " (aus)" : "");
 996              		.loc 1 134 9 discriminator 2 view .LVU194
 997 03be A149     		ldr	r1, .L99+16
 998              	.L33:
 134:Sensors/command.c ****                (v <= 0.0f) ? " (aus)" : "");
ARM GAS  /tmp/ccbH4I8j.s 			page 29


 999              		.loc 1 134 9 discriminator 4 view .LVU195
 1000 03c0 0091     		str	r1, [sp]
 1001 03c2 A148     		ldr	r0, .L99+20
 1002 03c4 FFF7FEFF 		bl	printf
 1003              	.LVL72:
 1004              	.LBE4:
 1005 03c8 3BE6     		b	.L18
 1006              	.L96:
 1007              	.LBB5:
 134:Sensors/command.c ****                (v <= 0.0f) ? " (aus)" : "");
 1008              		.loc 1 134 9 discriminator 1 view .LVU196
 1009 03ca A049     		ldr	r1, .L99+24
 1010 03cc F8E7     		b	.L33
 1011              	.LVL73:
 1012              	.L85:
 134:Sensors/command.c ****                (v <= 0.0f) ? " (aus)" : "");
 1013              		.loc 1 134 9 discriminator 1 view .LVU197
 1014              	.LBE5:
 1015              	.LBB6:
 139:Sensors/command.c ****         MPU6050_SetAccelLPF(v);
 1016              		.loc 1 139 9 is_stmt 1 view .LVU198
 139:Sensors/command.c ****         MPU6050_SetAccelLPF(v);
 1017              		.loc 1 139 19 is_stmt 0 view .LVU199
 1018 03ce 0021     		movs	r1, #0
 1019 03d0 9B48     		ldr	r0, .L99+12
 1020 03d2 FFF7FEFF 		bl	strtof
 1021              	.LVL74:
 140:Sensors/command.c ****         printf(">> Accel-Tiefpass: %.0f Hz\r\n", MPU6050_GetAccelLPF());
 1022              		.loc 1 140 9 is_stmt 1 view .LVU200
 1023 03d6 FFF7FEFF 		bl	MPU6050_SetAccelLPF
 1024              	.LVL75:
 141:Sensors/command.c ****     }
 1025              		.loc 1 141 9 view .LVU201
 141:Sensors/command.c ****     }
 1026              		.loc 1 141 50 is_stmt 0 view .LVU202
 1027 03da FFF7FEFF 		bl	MPU6050_GetAccelLPF
 1028              	.LVL76:
 1029 03de 10EE100A 		vmov	r0, s0
 141:Sensors/command.c ****     }
 1030              		.loc 1 141 9 discriminator 1 view .LVU203
 1031 03e2 FFF7FEFF 		bl	__aeabi_f2d
 1032              	.LVL77:
 1033 03e6 0246     		mov	r2, r0
 1034 03e8 0B46     		mov	r3, r1
 1035 03ea 9348     		ldr	r0, .L99+4
 1036 03ec FFF7FEFF 		bl	printf
 1037              	.LVL78:
 1038              	.LBE6:
 1039 03f0 27E6     		b	.L18
 1040              	.LVL79:
 1041              	.L86:
 1042              	.LBB7:
 145:Sensors/command.c ****         MPU6050_SetCompTau(v);
 1043              		.loc 1 145 9 is_stmt 1 view .LVU204
 145:Sensors/command.c ****         MPU6050_SetCompTau(v);
 1044              		.loc 1 145 19 is_stmt 0 view .LVU205
 1045 03f2 0021     		movs	r1, #0
ARM GAS  /tmp/ccbH4I8j.s 			page 30


 1046 03f4 9648     		ldr	r0, .L99+28
 1047 03f6 FFF7FEFF 		bl	strtof
 1048              	.LVL80:
 146:Sensors/command.c ****         printf(">> Komplementaerfilter tau: %.2f s\r\n", MPU6050_GetCompTau());
 1049              		.loc 1 146 9 is_stmt 1 view .LVU206
 1050 03fa FFF7FEFF 		bl	MPU6050_SetCompTau
 1051              	.LVL81:
 147:Sensors/command.c ****     }
 1052              		.loc 1 147 9 view .LVU207
 147:Sensors/command.c ****     }
 1053              		.loc 1 147 58 is_stmt 0 view .LVU208
 1054 03fe FFF7FEFF 		bl	MPU6050_GetCompTau
 1055              	.LVL82:
 1056 0402 10EE100A 		vmov	r0, s0
 147:Sensors/command.c ****     }
 1057              		.loc 1 147 9 discriminator 1 view .LVU209
 1058 0406 FFF7FEFF 		bl	__aeabi_f2d
 1059              	.LVL83:
 1060 040a 0246     		mov	r2, r0
 1061 040c 0B46     		mov	r3, r1
 1062 040e 9148     		ldr	r0, .L99+32
 1063 0410 FFF7FEFF 		bl	printf
 1064              	.LVL84:
 1065              	.LBE7:
 1066 0414 15E6     		b	.L18
 1067              	.LVL85:
 1068              	.L87:
 153:Sensors/command.c ****         printf(">> Modus: ANGLE (richtet sich selbst auf)\r\n");
 1069              		.loc 1 153 9 is_stmt 1 view .LVU210
 1070 0416 0120     		movs	r0, #1
 1071 0418 FFF7FEFF 		bl	Control_SetMode
 1072              	.LVL86:
 154:Sensors/command.c ****     }
 1073              		.loc 1 154 9 view .LVU211
 1074 041c 8E48     		ldr	r0, .L99+36
 1075 041e FFF7FEFF 		bl	puts
 1076              	.LVL87:
 1077 0422 0EE6     		b	.L18
 1078              	.L88:
 158:Sensors/command.c ****         printf(">> Modus: RATE (Acro)\r\n");
 1079              		.loc 1 158 9 view .LVU212
 1080 0424 FFF7FEFF 		bl	Control_SetMode
 1081              	.LVL88:
 159:Sensors/command.c ****     }
 1082              		.loc 1 159 9 view .LVU213
 1083 0428 8C48     		ldr	r0, .L99+40
 1084 042a FFF7FEFF 		bl	puts
 1085              	.LVL89:
 1086 042e 08E6     		b	.L18
 1087              	.L89:
 165:Sensors/command.c ****     }
 1088              		.loc 1 165 9 view .LVU214
 1089 0430 FFF7FEFF 		bl	Control_PrintGains
 1090              	.LVL90:
 1091 0434 05E6     		b	.L18
 1092              	.L90:
 171:Sensors/command.c ****         printf(">> Stream AN (50 Hz Ausgabe)\r\n");
ARM GAS  /tmp/ccbH4I8j.s 			page 31


 1093              		.loc 1 171 9 view .LVU215
 171:Sensors/command.c ****         printf(">> Stream AN (50 Hz Ausgabe)\r\n");
 1094              		.loc 1 171 19 is_stmt 0 view .LVU216
 1095 0436 8A4B     		ldr	r3, .L99+44
 1096 0438 0122     		movs	r2, #1
 1097 043a 1A70     		strb	r2, [r3]
 172:Sensors/command.c ****     }
 1098              		.loc 1 172 9 is_stmt 1 view .LVU217
 1099 043c 8948     		ldr	r0, .L99+48
 1100 043e FFF7FEFF 		bl	puts
 1101              	.LVL91:
 1102 0442 FEE5     		b	.L18
 1103              	.L91:
 176:Sensors/command.c ****         printf(">> Stream AUS\r\n");
 1104              		.loc 1 176 9 view .LVU218
 176:Sensors/command.c ****         printf(">> Stream AUS\r\n");
 1105              		.loc 1 176 19 is_stmt 0 view .LVU219
 1106 0444 864B     		ldr	r3, .L99+44
 1107 0446 0022     		movs	r2, #0
 1108 0448 1A70     		strb	r2, [r3]
 177:Sensors/command.c ****     }
 1109              		.loc 1 177 9 is_stmt 1 view .LVU220
 1110 044a 8748     		ldr	r0, .L99+52
 1111 044c FFF7FEFF 		bl	puts
 1112              	.LVL92:
 1113 0450 F7E5     		b	.L18
 1114              	.L42:
 185:Sensors/command.c ****              (line[2] == 'p' || line[2] == 'i' || line[2] == 'd'))
 1115              		.loc 1 185 19 is_stmt 0 view .LVU221
 1116 0452 864B     		ldr	r3, .L99+56
 1117 0454 5B78     		ldrb	r3, [r3, #1]	@ zero_extendqisi2
 1118 0456 703B     		subs	r3, r3, #112
 1119 0458 DBB2     		uxtb	r3, r3
 1120 045a 092B     		cmp	r3, #9
 1121 045c 3FF671AE 		bhi	.L43
 1122 0460 40F20522 		movw	r2, #517
 1123 0464 22FA03F3 		lsr	r3, r2, r3
 1124 0468 13F0010F 		tst	r3, #1
 1125 046c 3FF469AE 		beq	.L43
 186:Sensors/command.c ****     {
 1126              		.loc 1 186 19 view .LVU222
 1127 0470 7E4B     		ldr	r3, .L99+56
 1128 0472 9B78     		ldrb	r3, [r3, #2]	@ zero_extendqisi2
 1129 0474 643B     		subs	r3, r3, #100
 1130 0476 DBB2     		uxtb	r3, r3
 1131 0478 0C2B     		cmp	r3, #12
 1132 047a 3FF662AE 		bhi	.L43
 1133 047e 41F22102 		movw	r2, #4129
 1134 0482 22FA03F3 		lsr	r3, r2, r3
 1135 0486 13F0010F 		tst	r3, #1
 1136 048a 3FF45AAE 		beq	.L43
 1137              	.LBB8:
 188:Sensors/command.c ****         float v = strtof(line + 3, &end);
 1138              		.loc 1 188 9 is_stmt 1 view .LVU223
 189:Sensors/command.c **** 
 1139              		.loc 1 189 9 view .LVU224
 189:Sensors/command.c **** 
ARM GAS  /tmp/ccbH4I8j.s 			page 32


 1140              		.loc 1 189 19 is_stmt 0 view .LVU225
 1141 048e 784C     		ldr	r4, .L99+60
 1142 0490 0BA9     		add	r1, sp, #44
 1143 0492 2046     		mov	r0, r4
 1144 0494 FFF7FEFF 		bl	strtof
 1145              	.LVL93:
 1146 0498 10EE105A 		vmov	r5, s0
 1147              	.LVL94:
 191:Sensors/command.c ****         {
 1148              		.loc 1 191 9 is_stmt 1 view .LVU226
 191:Sensors/command.c ****         {
 1149              		.loc 1 191 17 is_stmt 0 view .LVU227
 1150 049c 0B9B     		ldr	r3, [sp, #44]
 191:Sensors/command.c ****         {
 1151              		.loc 1 191 12 view .LVU228
 1152 049e A342     		cmp	r3, r4
 1153 04a0 14D0     		beq	.L44
 193:Sensors/command.c ****             printf(">> %c%c%c = %.4f\r\n", line[0], line[1], line[2], v);
 1154              		.loc 1 193 13 is_stmt 1 view .LVU229
 1155 04a2 033C     		subs	r4, r4, #3
 1156 04a4 A278     		ldrb	r2, [r4, #2]	@ zero_extendqisi2
 1157 04a6 6178     		ldrb	r1, [r4, #1]	@ zero_extendqisi2
 1158 04a8 2078     		ldrb	r0, [r4]	@ zero_extendqisi2
 1159 04aa FFF7FEFF 		bl	Control_SetGain
 1160              	.LVL95:
 194:Sensors/command.c ****         }
 1161              		.loc 1 194 13 view .LVU230
 194:Sensors/command.c ****         }
 1162              		.loc 1 194 48 is_stmt 0 view .LVU231
 1163 04ae 2678     		ldrb	r6, [r4]	@ zero_extendqisi2
 194:Sensors/command.c ****         }
 1164              		.loc 1 194 57 view .LVU232
 1165 04b0 6778     		ldrb	r7, [r4, #1]	@ zero_extendqisi2
 194:Sensors/command.c ****         }
 1166              		.loc 1 194 66 view .LVU233
 1167 04b2 A478     		ldrb	r4, [r4, #2]	@ zero_extendqisi2
 194:Sensors/command.c ****         }
 1168              		.loc 1 194 13 view .LVU234
 1169 04b4 2846     		mov	r0, r5	@ float
 1170 04b6 FFF7FEFF 		bl	__aeabi_f2d
 1171              	.LVL96:
 1172 04ba CDE90001 		strd	r0, [sp]
 1173 04be 2346     		mov	r3, r4
 1174 04c0 3A46     		mov	r2, r7
 1175 04c2 3146     		mov	r1, r6
 1176 04c4 6B48     		ldr	r0, .L99+64
 1177 04c6 FFF7FEFF 		bl	printf
 1178              	.LVL97:
 1179 04ca BAE5     		b	.L18
 1180              	.L44:
 198:Sensors/command.c ****         }
 1181              		.loc 1 198 13 is_stmt 1 view .LVU235
 1182 04cc 6A48     		ldr	r0, .L99+68
 1183 04ce FFF7FEFF 		bl	puts
 1184              	.LVL98:
 1185              	.LBE8:
 187:Sensors/command.c ****         char *end;
ARM GAS  /tmp/ccbH4I8j.s 			page 33


 1186              		.loc 1 187 5 is_stmt 0 view .LVU236
 1187 04d2 B6E5     		b	.L18
 1188              	.LVL99:
 1189              	.L92:
 205:Sensors/command.c ****     {
 1190              		.loc 1 205 36 discriminator 1 view .LVU237
 1191 04d4 654B     		ldr	r3, .L99+56
 1192 04d6 5B78     		ldrb	r3, [r3, #1]	@ zero_extendqisi2
 205:Sensors/command.c ****     {
 1193              		.loc 1 205 29 discriminator 1 view .LVU238
 1194 04d8 202B     		cmp	r3, #32
 1195 04da 7FF435AE 		bne	.L46
 1196              	.LBB9:
 207:Sensors/command.c ****         float v = strtof(line + 2, &end);
 1197              		.loc 1 207 9 is_stmt 1 view .LVU239
 208:Sensors/command.c **** 
 1198              		.loc 1 208 9 view .LVU240
 208:Sensors/command.c **** 
 1199              		.loc 1 208 19 is_stmt 0 view .LVU241
 1200 04de 674C     		ldr	r4, .L99+72
 1201 04e0 0BA9     		add	r1, sp, #44
 1202 04e2 2046     		mov	r0, r4
 1203 04e4 FFF7FEFF 		bl	strtof
 1204              	.LVL100:
 1205 04e8 F0EE407A 		vmov.f32	s15, s0
 1206              	.LVL101:
 210:Sensors/command.c ****         {
 1207              		.loc 1 210 9 is_stmt 1 view .LVU242
 210:Sensors/command.c ****         {
 1208              		.loc 1 210 17 is_stmt 0 view .LVU243
 1209 04ec 0B9B     		ldr	r3, [sp, #44]
 210:Sensors/command.c ****         {
 1210              		.loc 1 210 12 view .LVU244
 1211 04ee A342     		cmp	r3, r4
 1212 04f0 25D0     		beq	.L47
 212:Sensors/command.c ****                 v = 0.0f;
 1213              		.loc 1 212 13 is_stmt 1 view .LVU245
 212:Sensors/command.c ****                 v = 0.0f;
 1214              		.loc 1 212 16 is_stmt 0 view .LVU246
 1215 04f2 B5EEC00A 		vcmpe.f32	s0, #0
 1216 04f6 F1EE10FA 		vmrs	APSR_nzcv, FPSCR
 1217 04fa 09D4     		bmi	.L65
 214:Sensors/command.c ****                 v = 100.0f;
 1218              		.loc 1 214 13 is_stmt 1 view .LVU247
 214:Sensors/command.c ****                 v = 100.0f;
 1219              		.loc 1 214 16 is_stmt 0 view .LVU248
 1220 04fc 9FED607A 		vldr.32	s14, .L99+76
 1221 0500 B4EEC70A 		vcmpe.f32	s0, s14
 1222 0504 F1EE10FA 		vmrs	APSR_nzcv, FPSCR
 1223 0508 04DD     		ble	.L48
 215:Sensors/command.c ****             setpoint.throttle = v;
 1224              		.loc 1 215 19 view .LVU249
 1225 050a DFED5D7A 		vldr.32	s15, .L99+76
 1226 050e 01E0     		b	.L48
 1227              	.L65:
 213:Sensors/command.c ****             if (v > 100.0f)
 1228              		.loc 1 213 19 view .LVU250
ARM GAS  /tmp/ccbH4I8j.s 			page 34


 1229 0510 DFED5C7A 		vldr.32	s15, .L99+80
 1230              	.L48:
 1231              	.LVL102:
 216:Sensors/command.c ****             printf(">> Gas: %.0f%%\r\n", v);
 1232              		.loc 1 216 13 is_stmt 1 view .LVU251
 216:Sensors/command.c ****             printf(">> Gas: %.0f%%\r\n", v);
 1233              		.loc 1 216 31 is_stmt 0 view .LVU252
 1234 0514 5C4B     		ldr	r3, .L99+84
 1235 0516 C3ED037A 		vstr.32	s15, [r3, #12]
 217:Sensors/command.c ****             if (CRSF_LinkUp())
 1236              		.loc 1 217 13 is_stmt 1 view .LVU253
 1237 051a 17EE900A 		vmov	r0, s15
 1238 051e FFF7FEFF 		bl	__aeabi_f2d
 1239              	.LVL103:
 217:Sensors/command.c ****             if (CRSF_LinkUp())
 1240              		.loc 1 217 13 is_stmt 0 view .LVU254
 1241 0522 0246     		mov	r2, r0
 1242 0524 0B46     		mov	r3, r1
 1243 0526 5948     		ldr	r0, .L99+88
 1244 0528 FFF7FEFF 		bl	printf
 1245              	.LVL104:
 218:Sensors/command.c ****                 printf(">> Achtung: Funk ist verbunden, der Knueppel ueberschreibt das sofort.\r\n"
 1246              		.loc 1 218 13 is_stmt 1 view .LVU255
 218:Sensors/command.c ****                 printf(">> Achtung: Funk ist verbunden, der Knueppel ueberschreibt das sofort.\r\n"
 1247              		.loc 1 218 17 is_stmt 0 view .LVU256
 1248 052c FFF7FEFF 		bl	CRSF_LinkUp
 1249              	.LVL105:
 218:Sensors/command.c ****                 printf(">> Achtung: Funk ist verbunden, der Knueppel ueberschreibt das sofort.\r\n"
 1250              		.loc 1 218 16 discriminator 1 view .LVU257
 1251 0530 0028     		cmp	r0, #0
 1252 0532 3FF486AD 		beq	.L18
 219:Sensors/command.c ****         }
 1253              		.loc 1 219 17 is_stmt 1 view .LVU258
 1254 0536 5648     		ldr	r0, .L99+92
 1255 0538 FFF7FEFF 		bl	puts
 1256              	.LVL106:
 1257 053c 81E5     		b	.L18
 1258              	.LVL107:
 1259              	.L47:
 223:Sensors/command.c ****         }
 1260              		.loc 1 223 13 view .LVU259
 1261 053e 5548     		ldr	r0, .L99+96
 1262 0540 FFF7FEFF 		bl	puts
 1263              	.LVL108:
 223:Sensors/command.c ****         }
 1264              		.loc 1 223 13 is_stmt 0 view .LVU260
 1265              	.LBE9:
 206:Sensors/command.c ****         char *end;
 1266              		.loc 1 206 5 view .LVU261
 1267 0544 7DE5     		b	.L18
 1268              	.LVL109:
 1269              	.L93:
 1270              	.LBB10:
 230:Sensors/command.c ****         Mixer_GetOutputs(&m1, &m2, &m3, &m4);
 1271              		.loc 1 230 9 is_stmt 1 view .LVU262
 231:Sensors/command.c ****         printf(">> M1=%.1f  M2=%.1f  M3=%.1f  M4=%.1f  (Gas %.0f%%)\r\n",
 1272              		.loc 1 231 9 view .LVU263
ARM GAS  /tmp/ccbH4I8j.s 			page 35


 1273 0546 0BAB     		add	r3, sp, #44
 1274 0548 0AAA     		add	r2, sp, #40
 1275 054a 09A9     		add	r1, sp, #36
 1276 054c 08A8     		add	r0, sp, #32
 1277 054e FFF7FEFF 		bl	Mixer_GetOutputs
 1278              	.LVL110:
 232:Sensors/command.c ****                m1, m2, m3, m4, setpoint.throttle);
 1279              		.loc 1 232 9 view .LVU264
 233:Sensors/command.c ****     }
 1280              		.loc 1 233 40 is_stmt 0 view .LVU265
 1281 0552 4D4B     		ldr	r3, .L99+84
 1282 0554 DE68     		ldr	r6, [r3, #12]	@ float
 232:Sensors/command.c ****                m1, m2, m3, m4, setpoint.throttle);
 1283              		.loc 1 232 9 view .LVU266
 1284 0556 0898     		ldr	r0, [sp, #32]	@ float
 1285 0558 FFF7FEFF 		bl	__aeabi_f2d
 1286              	.LVL111:
 1287 055c 0446     		mov	r4, r0
 1288 055e 0D46     		mov	r5, r1
 1289 0560 3046     		mov	r0, r6	@ float
 1290 0562 FFF7FEFF 		bl	__aeabi_f2d
 1291              	.LVL112:
 1292 0566 CDE90601 		strd	r0, [sp, #24]
 1293 056a 0B98     		ldr	r0, [sp, #44]	@ float
 1294 056c FFF7FEFF 		bl	__aeabi_f2d
 1295              	.LVL113:
 1296 0570 CDE90401 		strd	r0, [sp, #16]
 1297 0574 0A98     		ldr	r0, [sp, #40]	@ float
 1298 0576 FFF7FEFF 		bl	__aeabi_f2d
 1299              	.LVL114:
 1300 057a CDE90201 		strd	r0, [sp, #8]
 1301 057e 0998     		ldr	r0, [sp, #36]	@ float
 1302 0580 FFF7FEFF 		bl	__aeabi_f2d
 1303              	.LVL115:
 1304 0584 CDE90001 		strd	r0, [sp]
 1305 0588 2246     		mov	r2, r4
 1306 058a 2B46     		mov	r3, r5
 1307 058c 4248     		ldr	r0, .L99+100
 1308 058e FFF7FEFF 		bl	printf
 1309              	.LVL116:
 1310              	.LBE10:
 1311 0592 56E5     		b	.L18
 1312              	.L94:
 1313              	.LBB11:
 241:Sensors/command.c ****         char *end;
 1314              		.loc 1 241 9 is_stmt 1 view .LVU267
 241:Sensors/command.c ****         char *end;
 1315              		.loc 1 241 17 is_stmt 0 view .LVU268
 1316 0594 303B     		subs	r3, r3, #48
 1317 0596 DCB2     		uxtb	r4, r3
 1318              	.LVL117:
 242:Sensors/command.c ****         long val = strtol(line + 2, &end, 10);
 1319              		.loc 1 242 9 is_stmt 1 view .LVU269
 243:Sensors/command.c **** 
 1320              		.loc 1 243 9 view .LVU270
 243:Sensors/command.c **** 
 1321              		.loc 1 243 20 is_stmt 0 view .LVU271
ARM GAS  /tmp/ccbH4I8j.s 			page 36


 1322 0598 384E     		ldr	r6, .L99+72
 1323 059a 0A22     		movs	r2, #10
 1324 059c 0BA9     		add	r1, sp, #44
 1325 059e 3046     		mov	r0, r6
 1326 05a0 FFF7FEFF 		bl	strtol
 1327              	.LVL118:
 1328 05a4 0546     		mov	r5, r0
 1329              	.LVL119:
 245:Sensors/command.c ****         {
 1330              		.loc 1 245 9 is_stmt 1 view .LVU272
 245:Sensors/command.c ****         {
 1331              		.loc 1 245 17 is_stmt 0 view .LVU273
 1332 05a6 0B9B     		ldr	r3, [sp, #44]
 245:Sensors/command.c ****         {
 1333              		.loc 1 245 12 view .LVU274
 1334 05a8 B342     		cmp	r3, r6
 1335 05aa 1CD0     		beq	.L52
 245:Sensors/command.c ****         {
 1336              		.loc 1 245 32 discriminator 1 view .LVU275
 1337 05ac 1B78     		ldrb	r3, [r3]	@ zero_extendqisi2
 245:Sensors/command.c ****         {
 1338              		.loc 1 245 29 discriminator 1 view .LVU276
 1339 05ae D3B9     		cbnz	r3, .L52
 247:Sensors/command.c ****                 val = 0;
 1340              		.loc 1 247 13 is_stmt 1 view .LVU277
 247:Sensors/command.c ****                 val = 0;
 1341              		.loc 1 247 16 is_stmt 0 view .LVU278
 1342 05b0 0028     		cmp	r0, #0
 1343 05b2 03DB     		blt	.L67
 249:Sensors/command.c ****                 val = 100;
 1344              		.loc 1 249 13 is_stmt 1 view .LVU279
 249:Sensors/command.c ****                 val = 100;
 1345              		.loc 1 249 16 is_stmt 0 view .LVU280
 1346 05b4 6428     		cmp	r0, #100
 1347 05b6 02DD     		ble	.L53
 250:Sensors/command.c **** 
 1348              		.loc 1 250 21 view .LVU281
 1349 05b8 6425     		movs	r5, #100
 1350 05ba 00E0     		b	.L53
 1351              	.L67:
 248:Sensors/command.c ****             if (val > 100)
 1352              		.loc 1 248 21 view .LVU282
 1353 05bc 0025     		movs	r5, #0
 1354              	.L53:
 1355              	.LVL120:
 252:Sensors/command.c ****             {
 1356              		.loc 1 252 13 is_stmt 1 view .LVU283
 252:Sensors/command.c ****             {
 1357              		.loc 1 252 17 is_stmt 0 view .LVU284
 1358 05be FFF7FEFF 		bl	Motor_IsArmed
 1359              	.LVL121:
 252:Sensors/command.c ****             {
 1360              		.loc 1 252 16 discriminator 1 view .LVU285
 1361 05c2 60B1     		cbz	r0, .L54
 254:Sensors/command.c ****                 printf(">> Motor %u: %ld%%\r\n", motor, val);
 1362              		.loc 1 254 17 is_stmt 1 view .LVU286
 1363 05c4 07EE905A 		vmov	s15, r5	@ int
ARM GAS  /tmp/ccbH4I8j.s 			page 37


 1364 05c8 B8EEE70A 		vcvt.f32.s32	s0, s15
 1365 05cc 2046     		mov	r0, r4
 1366 05ce FFF7FEFF 		bl	Motor_SetPercent
 1367              	.LVL122:
 255:Sensors/command.c ****             }
 1368              		.loc 1 255 17 view .LVU287
 1369 05d2 2A46     		mov	r2, r5
 1370 05d4 2146     		mov	r1, r4
 1371 05d6 3148     		ldr	r0, .L99+104
 1372 05d8 FFF7FEFF 		bl	printf
 1373              	.LVL123:
 1374 05dc 31E5     		b	.L18
 1375              	.L54:
 259:Sensors/command.c ****             }
 1376              		.loc 1 259 17 view .LVU288
 1377 05de 3048     		ldr	r0, .L99+108
 1378 05e0 FFF7FEFF 		bl	puts
 1379              	.LVL124:
 1380 05e4 2DE5     		b	.L18
 1381              	.LVL125:
 1382              	.L52:
 264:Sensors/command.c ****         }
 1383              		.loc 1 264 13 view .LVU289
 1384 05e6 2F48     		ldr	r0, .L99+112
 1385              	.LVL126:
 264:Sensors/command.c ****         }
 1386              		.loc 1 264 13 is_stmt 0 view .LVU290
 1387 05e8 FFF7FEFF 		bl	puts
 1388              	.LVL127:
 1389              	.LBE11:
 240:Sensors/command.c ****         uint8_t motor = (uint8_t)(line[1] - '0');
 1390              		.loc 1 240 5 view .LVU291
 1391 05ec 29E5     		b	.L18
 1392              	.LVL128:
 1393              	.L69:
 1394              	.LBB12:
 276:Sensors/command.c ****             if (val > 100)
 1395              		.loc 1 276 21 view .LVU292
 1396 05ee 0024     		movs	r4, #0
 1397              	.L57:
 1398              	.LVL129:
 280:Sensors/command.c ****             {
 1399              		.loc 1 280 13 is_stmt 1 view .LVU293
 280:Sensors/command.c ****             {
 1400              		.loc 1 280 17 is_stmt 0 view .LVU294
 1401 05f0 FFF7FEFF 		bl	Motor_IsArmed
 1402              	.LVL130:
 280:Sensors/command.c ****             {
 1403              		.loc 1 280 16 discriminator 1 view .LVU295
 1404 05f4 50B1     		cbz	r0, .L58
 282:Sensors/command.c ****                 printf(">> Alle Motoren: %ld%%\r\n", val);
 1405              		.loc 1 282 17 is_stmt 1 view .LVU296
 1406 05f6 07EE904A 		vmov	s15, r4	@ int
 1407 05fa B8EEE70A 		vcvt.f32.s32	s0, s15
 1408 05fe FFF7FEFF 		bl	Motor_SetAllPercent
 1409              	.LVL131:
 283:Sensors/command.c ****             }
ARM GAS  /tmp/ccbH4I8j.s 			page 38


 1410              		.loc 1 283 17 view .LVU297
 1411 0602 2146     		mov	r1, r4
 1412 0604 2848     		ldr	r0, .L99+116
 1413 0606 FFF7FEFF 		bl	printf
 1414              	.LVL132:
 1415 060a 1AE5     		b	.L18
 1416              	.L58:
 287:Sensors/command.c ****             }
 1417              		.loc 1 287 17 view .LVU298
 1418 060c 2448     		ldr	r0, .L99+108
 1419 060e FFF7FEFF 		bl	puts
 1420              	.LVL133:
 1421 0612 16E5     		b	.L18
 1422              	.LVL134:
 1423              	.L56:
 292:Sensors/command.c ****             printf(">> arm | disarm | status | loop | pid | mix | filt | bat | rc |\r\n");
 1424              		.loc 1 292 13 view .LVU299
 1425 0614 1549     		ldr	r1, .L99+56
 1426 0616 2548     		ldr	r0, .L99+120
 1427              	.LVL135:
 292:Sensors/command.c ****             printf(">> arm | disarm | status | loop | pid | mix | filt | bat | rc |\r\n");
 1428              		.loc 1 292 13 is_stmt 0 view .LVU300
 1429 0618 FFF7FEFF 		bl	printf
 1430              	.LVL136:
 293:Sensors/command.c ****             printf(">> angle | rate | stream on/off | t <gas> | m1..m4 <wert> |\r\n");
 1431              		.loc 1 293 13 is_stmt 1 view .LVU301
 1432 061c 2448     		ldr	r0, .L99+124
 1433 061e FFF7FEFF 		bl	puts
 1434              	.LVL137:
 294:Sensors/command.c ****             printf(">> rrp/arp <wert> | glpf <hz> | alpf <hz> | tau <sek> | batcal <volt>\r\n");
 1435              		.loc 1 294 13 view .LVU302
 1436 0622 2448     		ldr	r0, .L99+128
 1437 0624 FFF7FEFF 		bl	puts
 1438              	.LVL138:
 295:Sensors/command.c ****         }
 1439              		.loc 1 295 13 view .LVU303
 1440 0628 2348     		ldr	r0, .L99+132
 1441 062a FFF7FEFF 		bl	puts
 1442              	.LVL139:
 1443 062e 08E5     		b	.L18
 1444              	.LVL140:
 1445              	.L74:
 1446              	.LCFI8:
 1447              		.cfi_def_cfa_offset 0
 1448              		.cfi_restore 4
 1449              		.cfi_restore 5
 1450              		.cfi_restore 6
 1451              		.cfi_restore 7
 1452              		.cfi_restore 8
 1453              		.cfi_restore 9
 1454              		.cfi_restore 14
 1455              		.cfi_restore 80
 1456              		.cfi_restore 81
 295:Sensors/command.c ****         }
 1457              		.loc 1 295 13 is_stmt 0 view .LVU304
 1458 0630 7047     		bx	lr
 1459              	.L100:
ARM GAS  /tmp/ccbH4I8j.s 			page 39


 1460 0632 00BF     		.align	2
 1461              	.L99:
 1462 0634 E0010000 		.word	.LC27
 1463 0638 00020000 		.word	.LC28
 1464 063c 20020000 		.word	.LC29
 1465 0640 05000000 		.word	line+5
 1466 0644 44000000 		.word	.LC9
 1467 0648 48020000 		.word	.LC31
 1468 064c 3C000000 		.word	.LC8
 1469 0650 04000000 		.word	line+4
 1470 0654 78020000 		.word	.LC34
 1471 0658 A8020000 		.word	.LC36
 1472 065c DC020000 		.word	.LC38
 1473 0660 00000000 		.word	stream_on
 1474 0664 04030000 		.word	.LC41
 1475 0668 30030000 		.word	.LC43
 1476 066c 00000000 		.word	line
 1477 0670 03000000 		.word	line+3
 1478 0674 40030000 		.word	.LC44
 1479 0678 54030000 		.word	.LC45
 1480 067c 02000000 		.word	line+2
 1481 0680 0000C842 		.word	1120403456
 1482 0684 00000000 		.word	0
 1483 0688 00000000 		.word	setpoint
 1484 068c 90030000 		.word	.LC46
 1485 0690 A4030000 		.word	.LC47
 1486 0694 EC030000 		.word	.LC48
 1487 0698 04040000 		.word	.LC50
 1488 069c 3C040000 		.word	.LC51
 1489 06a0 54040000 		.word	.LC52
 1490 06a4 6C040000 		.word	.LC53
 1491 06a8 80040000 		.word	.LC54
 1492 06ac 9C040000 		.word	.LC55
 1493 06b0 B4040000 		.word	.LC56
 1494 06b4 F8040000 		.word	.LC57
 1495 06b8 38050000 		.word	.LC58
 1496              	.LBE12:
 1497              		.cfi_endproc
 1498              	.LFE245:
 1500              		.section	.text.HAL_UART_RxCpltCallback,"ax",%progbits
 1501              		.align	1
 1502              		.global	HAL_UART_RxCpltCallback
 1503              		.syntax unified
 1504              		.thumb
 1505              		.thumb_func
 1507              	HAL_UART_RxCpltCallback:
 1508              	.LVL141:
 1509              	.LFB246:
 302:Sensors/command.c **** 
 303:Sensors/command.c **** void HAL_UART_RxCpltCallback(UART_HandleTypeDef *huart)
 304:Sensors/command.c **** {
 1510              		.loc 1 304 1 is_stmt 1 view -0
 1511              		.cfi_startproc
 1512              		@ args = 0, pretend = 0, frame = 0
 1513              		@ frame_needed = 0, uses_anonymous_args = 0
 1514              		.loc 1 304 1 is_stmt 0 view .LVU306
 1515 0000 08B5     		push	{r3, lr}
ARM GAS  /tmp/ccbH4I8j.s 			page 40


 1516              	.LCFI9:
 1517              		.cfi_def_cfa_offset 8
 1518              		.cfi_offset 3, -8
 1519              		.cfi_offset 14, -4
 305:Sensors/command.c ****     if (huart->Instance == USART2)
 1520              		.loc 1 305 5 is_stmt 1 view .LVU307
 1521              		.loc 1 305 14 is_stmt 0 view .LVU308
 1522 0002 0368     		ldr	r3, [r0]
 1523              		.loc 1 305 8 view .LVU309
 1524 0004 064A     		ldr	r2, .L107
 1525 0006 9342     		cmp	r3, r2
 1526 0008 03D0     		beq	.L105
 306:Sensors/command.c ****         Command_RxByte();
 307:Sensors/command.c ****     else if (huart->Instance == USART1)
 1527              		.loc 1 307 10 is_stmt 1 view .LVU310
 1528              		.loc 1 307 13 is_stmt 0 view .LVU311
 1529 000a 064A     		ldr	r2, .L107+4
 1530 000c 9342     		cmp	r3, r2
 1531 000e 03D0     		beq	.L106
 1532              	.LVL142:
 1533              	.L101:
 308:Sensors/command.c ****         CRSF_RxByte();
 309:Sensors/command.c **** }...
 1534              		.loc 1 309 1 view .LVU312
 1535 0010 08BD     		pop	{r3, pc}
 1536              	.LVL143:
 1537              	.L105:
 306:Sensors/command.c ****         Command_RxByte();
 1538              		.loc 1 306 9 is_stmt 1 view .LVU313
 1539 0012 FFF7FEFF 		bl	Command_RxByte
 1540              	.LVL144:
 306:Sensors/command.c ****         Command_RxByte();
 1541              		.loc 1 306 9 is_stmt 0 view .LVU314
 1542 0016 FBE7     		b	.L101
 1543              	.LVL145:
 1544              	.L106:
 308:Sensors/command.c ****         CRSF_RxByte();
 1545              		.loc 1 308 9 is_stmt 1 view .LVU315
 1546 0018 FFF7FEFF 		bl	CRSF_RxByte
 1547              	.LVL146:
 1548              		.loc 1 309 1 is_stmt 0 view .LVU316
 1549 001c F8E7     		b	.L101
 1550              	.L108:
 1551 001e 00BF     		.align	2
 1552              	.L107:
 1553 0020 00440040 		.word	1073759232
 1554 0024 00100140 		.word	1073811456
 1555              		.cfi_endproc
 1556              	.LFE246:
 1558              		.section	.bss.stream_on,"aw",%nobits
 1561              	stream_on:
 1562 0000 00       		.space	1
 1563              		.section	.bss.line_ready,"aw",%nobits
 1566              	line_ready:
 1567 0000 00       		.space	1
 1568              		.section	.bss.line_len,"aw",%nobits
 1571              	line_len:
ARM GAS  /tmp/ccbH4I8j.s 			page 41


 1572 0000 00       		.space	1
 1573              		.section	.bss.line,"aw",%nobits
 1574              		.align	2
 1577              	line:
 1578 0000 00000000 		.space	32
 1578      00000000 
 1578      00000000 
 1578      00000000 
 1578      00000000 
 1579              		.section	.bss.rx_char,"aw",%nobits
 1582              	rx_char:
 1583 0000 00       		.space	1
 1584              		.section	.bss.cmd_uart,"aw",%nobits
 1585              		.align	2
 1588              	cmd_uart:
 1589 0000 00000000 		.space	4
 1590              		.text
 1591              	.Letext0:
 1592              		.file 2 "/usr/lib/gcc/arm-none-eabi/13.2.1/include/stdint.h"
 1593              		.file 3 "Drivers/STM32F4/Drivers/CMSIS/Device/ST/STM32F4xx/Include/stm32f405xx.h"
 1594              		.file 4 "/usr/lib/gcc/arm-none-eabi/13.2.1/include/stddef.h"
 1595              		.file 5 "Drivers/STM32F4/Drivers/STM32F4xx_HAL_Driver/Inc/stm32f4xx_hal_def.h"
 1596              		.file 6 "Drivers/STM32F4/Drivers/STM32F4xx_HAL_Driver/Inc/stm32f4xx_hal_dma.h"
 1597              		.file 7 "Drivers/STM32F4/Drivers/STM32F4xx_HAL_Driver/Inc/stm32f4xx_hal_uart.h"
 1598              		.file 8 "Sensors/control.h"
 1599              		.file 9 "Sensors/motor.h"
 1600              		.file 10 "Sensors/mixer.h"
 1601              		.file 11 "Sensors/crsf.h"
 1602              		.file 12 "Sensors/mpu6050.h"
 1603              		.file 13 "Sensors/battery.h"
 1604              		.file 14 "/usr/include/newlib/stdlib.h"
 1605              		.file 15 "/usr/include/newlib/string.h"
 1606              		.file 16 "Sensors/rc.h"
 1607              		.file 17 "/usr/include/newlib/stdio.h"
 1608              		.file 18 "<built-in>"
ARM GAS  /tmp/ccbH4I8j.s 			page 42


DEFINED SYMBOLS
                            *ABS*:00000000 command.c
     /tmp/ccbH4I8j.s:21     .text.Command_Init:00000000 $t
     /tmp/ccbH4I8j.s:27     .text.Command_Init:00000000 Command_Init
     /tmp/ccbH4I8j.s:63     .text.Command_Init:0000001c $d
     /tmp/ccbH4I8j.s:1588   .bss.cmd_uart:00000000 cmd_uart
     /tmp/ccbH4I8j.s:1571   .bss.line_len:00000000 line_len
     /tmp/ccbH4I8j.s:1566   .bss.line_ready:00000000 line_ready
     /tmp/ccbH4I8j.s:1582   .bss.rx_char:00000000 rx_char
     /tmp/ccbH4I8j.s:71     .text.Command_StreamOn:00000000 $t
     /tmp/ccbH4I8j.s:77     .text.Command_StreamOn:00000000 Command_StreamOn
     /tmp/ccbH4I8j.s:93     .text.Command_StreamOn:00000008 $d
     /tmp/ccbH4I8j.s:1561   .bss.stream_on:00000000 stream_on
     /tmp/ccbH4I8j.s:98     .text.Command_RxByte:00000000 $t
     /tmp/ccbH4I8j.s:104    .text.Command_RxByte:00000000 Command_RxByte
     /tmp/ccbH4I8j.s:176    .text.Command_RxByte:00000044 $d
     /tmp/ccbH4I8j.s:1577   .bss.line:00000000 line
     /tmp/ccbH4I8j.s:185    .rodata.Command_Process.str1.4:00000000 $d
     /tmp/ccbH4I8j.s:375    .text.Command_Process:00000000 $t
     /tmp/ccbH4I8j.s:381    .text.Command_Process:00000000 Command_Process
     /tmp/ccbH4I8j.s:885    .text.Command_Process:000002a4 $d
     /tmp/ccbH4I8j.s:932    .text.Command_Process:00000350 $t
     /tmp/ccbH4I8j.s:1462   .text.Command_Process:00000634 $d
     /tmp/ccbH4I8j.s:1501   .text.HAL_UART_RxCpltCallback:00000000 $t
     /tmp/ccbH4I8j.s:1507   .text.HAL_UART_RxCpltCallback:00000000 HAL_UART_RxCpltCallback
     /tmp/ccbH4I8j.s:1553   .text.HAL_UART_RxCpltCallback:00000020 $d
     /tmp/ccbH4I8j.s:1562   .bss.stream_on:00000000 $d
     /tmp/ccbH4I8j.s:1567   .bss.line_ready:00000000 $d
     /tmp/ccbH4I8j.s:1572   .bss.line_len:00000000 $d
     /tmp/ccbH4I8j.s:1574   .bss.line:00000000 $d
     /tmp/ccbH4I8j.s:1583   .bss.rx_char:00000000 $d
     /tmp/ccbH4I8j.s:1585   .bss.cmd_uart:00000000 $d

UNDEFINED SYMBOLS
HAL_UART_Receive_IT
__aeabi_f2d
strcmp
Motor_Disarm
puts
Control_Reset
Motor_Arm
strncmp
strtol
Motor_IsArmed
CRSF_LinkUp
printf
Motor_UpdateRateHz
RC_PrintStatus
Battery_Cells
Battery_Volt
Battery_CellVolt
Battery_StateText
strtof
Battery_Calibrate
Battery_GetScale
setpoint
flight_mode
ARM GAS  /tmp/ccbH4I8j.s 			page 43


loop_hz
loop_missed
MPU6050_GetGyroLPF
MPU6050_GetAccelLPF
MPU6050_GetCompTau
MPU6050_SetGyroLPF
MPU6050_SetAccelLPF
MPU6050_SetCompTau
Control_SetMode
Control_PrintGains
Control_SetGain
Mixer_GetOutputs
Motor_SetPercent
Motor_SetAllPercent
CRSF_RxByte
