:020000040800F2
:10000000000002209DD100089F780008A178000818
:10001000A3780008A5780008A77800080000000071
:10002000000000000000000000000000A9780008A7
:10003000AB78000800000000AD780008D972000815
:10004000EDD10008EDD10008EDD10008EDD1000898
:10005000EDD10008EDD10008EDD10008EDD1000888
:10006000EDD10008EDD10008EDD10008EDD1000878
:10007000EDD10008EDD10008EDD10008EDD1000868
:10008000EDD10008EDD10008EDD10008EDD1000858
:10009000EDD10008EDD10008EDD10008EDD1000848
:1000A000EDD10008EDD10008EDD10008EDD1000838
:1000B000D1780008EDD10008EDD10008EDD100089D
:1000C000EDD10008EDD10008EDD10008EDD1000818
:1000D000EDD10008B1780008C1780008EDD1000822
:1000E000EDD10008EDD10008EDD10008EDD10008F8
:1000F000EDD10008EDD10008EDD10008EDD10008E8
:10010000EDD10008EDD10008EDD10008EDD10008D7
:10011000EDD10008EDD10008EDD10008EDD10008C7
:10012000EDD10008EDD10008EDD10008EDD10008B7
:10013000EDD100080000000000000000EDD1000833
:10014000EDD10008EDD10008EDD10008EDD1000897
:10015000EDD10008EDD10008EDD10008EDD1000887
:10016000EDD10008EDD10008EDD10008EDD1000877
:10017000EDD10008EDD100080000000000000000F3
:08018000EDD10008EDD10008EB
:1001C0000348044B834202D0034B03B118477047E6
:1001D000F0010020F0010020000000000548064B5F
:1001E0001B1AD90F01EBA301491002D0034B03B135
:1001F00018477047F0010020F001002000000000C7
:1002000010B5064C237843B9FFF7DAFF044B13B15E
:100210000448AFF300800123237010BDF0010020DB
:1002200000000000F0D1000808B5044B1BB10449E0
:100230000448AFF30080BDE80840CFE700000000AD
:10024000F4010020F0D100082DE9F04F2DED028BD4
:100250009DB0884600210792189100220021CDE927
:1002600004128346414617910F4611F8012B2D2A9F
:100270005ED801A050F822F04B04000831030008BA
:10028000310300083103000831030008310300087E
:100290003103000831030008310300086702000839
:1002A000670200086702000867020008670200088A
:1002B000310300083103000831030008310300084E
:1002C000310300083103000831030008310300083E
:1002D000310300083103000831030008310300082E
:1002E000310300083103000831030008310300081E
:1002F00031030008310300086702000831030008D9
:1003000031030008310300083103000831030008FD
:1003100031030008310300083103000831030008ED
:1003200031030008F309000831030008070A000838
:1003300000210891302A00F09780002309932F2A8A
:10034000144640F202854FF0000938464E464D46AD
:1003500013E00130082D1790C8BF09EB8909047814
:10036000C6BF02EB4902A2F13009A3F130062F2CDF
:1003700005F10105224640F3B88006EB8603392CCF
:1003800002EB4303E5DDB049012203F025FE00281E
:100390007BD1179A1346013217925C78002D40F0FA
:1003A000A285302C40F09C851346184601331793E4
:1003B0001C78302CF9D0C2F101031844A4F13103A8
:1003C000082B36D8179F431CA4F1300E0D9301253E
:1003D0003C464FF0000A06EB86060EEB4606002070
:1003E000631C17936478A4F13002092A00F2F182A9
:1003F000179C01309646002AF2D00128D8BF05F19B
:10040000010C40F3FB8600EB050C0CF1FF3103E01F
:100410005E00A94200F0F286082D06EB860305F186
:100420000105F5DD102DDCBF09EB89094FEA49090B
:10043000EFE7652C40F0EA8200230122CDE90C238E
:100440009A46099B034340F0D282079B9FED7C8B29
:100450000BB1C3F80080B0EE480AF0EE680A1DB098
:10046000BDEC028BBDE8F08F7A7802F0DF02582AEB
:1004700000F02E84013717973A78302AFAD0002AF4
:1004800000F08F820123099359E70020CDE90C0089
:10049000AA46652C36D0452C34D000230E93002D6F
:1004A0007CD1099B034340F07C820C9B002BCCD178
:1004B000692C00F0778400F37084492C00F072847A
:1004C0004E2CC2D1614917A803F0CAFF0028BCD046
:1004D000179B1B78282B00F083855D4804F0D4FA25
:1004E000B0EE408AF0EE608A5DE25749012203F0E7
:1004F00073FD0028C9D1179B0D905A1C17925C7888
:10050000AA4670E7002D9CD0DDF85C8008F101035D
:10051000179398F801402B2C00F066822D2C00F0E8
:100520005B824FF0000CA4F13001092900F24C82EB
:10053000302C179B0AD1013317931C78302CFAD03A
:10054000A4F13102082AA8D8A4F130015A1C17924C
:100550005C782F2C40F30D8496460E9308E0013210
:1005600017929EF801402F2CA3F1300106DD96462C
:1005700001EB8103392C04EB4303F0DD0E9BD21A0F
:10058000082A40F3F68344F61F630E93BCF1000F74
:1005900085D00E9B5B420E93002D82D0DDE90D23AA
:1005A000BAF1000F08BFAA469B1A102D30460C93D3
:1005B0002C46A8BF102406F0BFF8092D02460B46B2
:1005C000CDE9042316DD234B03EBC40353E91223C7
:1005D00006F02CF9024648469046894606F0ACF8EB
:1005E00002460B464046494605F06AFF0F2DCDE90D
:1005F000040131DC0C9B002B00F039830C9B40F391
:100600006882162B40F3BC830C9AC5F125039342F4
:1006100022DB104CC5F10F0504EBC501DDE9042315
:10062000D1E9000106F002F90C9B5D1B04EBC50447
:10063000D4E9002306F0FAF841EC180BB3E100BF4F
:10064000000000000000000088E1000898E10008B8
:100650001CDF000870D400080C9B2C1B1C44002CD1
:1006600040F3DA8114F00F000AD03B4901EBC001DE
:10067000DDE90423D1E9000106F0D8F8CDE9040151
:1006800034F00F034BD0B3F59A7F00F3A083102B07
:10069000DFF8D8E04FEA231440F3E884DDE90423CF
:1006A0004FF0000C0997F046E146774614F0010F31
:1006B0001046194607D0D8E9002306F0B7F84FF0E6
:1006C000010C02460B466410012C09F1010908F1E6
:1006D0000808EBD1BE46099FBCF1000F01D0CDE95F
:1006E0000423059BA3F154730EEBC9010593DDE9C7
:1006F0000423D1E9000106F099F8184BCDE9040173
:100700000B400A4616498B4200F2618315498B4221
:1007100040F24484144C4FF0FF33CDE904340023FD
:10072000099300962B4652463946584604F092FAF1
:100730001290002800F04B83DDE90D329B1A0C9AD1
:10074000002AA8BF00230D934FF0000922EAE273AC
:100750001393CA46E6E000BF70D400080000F07FA3
:100760000000A07C0000907CFFFFEF7F60D50008B8
:10077000D21A1F2AA4EB020400F33B82012303FADE
:1007800002F500231093099B26444444A0451E44CF
:100790004346A8BF2346B342A8BF3346002B03DD20
:1007A000E41AF61AA8EB03080D9B002B00F3CA818C
:1007B000002C00F3E0810C9B002B00F31082002E34
:1007C00000F30282B8F1000F08DD51464246584658
:1007D00004F028FC8246002800F0FF8118993A4670
:1007E000584604F0B5FC8146002800F0F68100234D
:1007F000C268C36051460E9204F088FC0028C0F223
:100800000284059E00F07C835146484604F04CFE6D
:1008100055EC104B00224FF080432046294606F04D
:1008200081FA002800F07E810E9B002B40F0EE81C3
:10083000049B002B40F07882C6F31303002B40F09A
:100840001982B14B00222046294606F061FA0028A1
:1008500040F04D83AD4B00222046294605F0E6FFCF
:100860000A460146CDE9101202F100430A900B93AB
:10087000DFF8A082A64B06EA08089845DDE90A459C
:1008800000F0CB81099B1BB3B8F1D46F20D89AA399
:10089000D3E90023DDE9100106F044FAA0B1DDE957
:1008A000100106F09BFA012838BF012005F044FF33
:1008B0000E9BCDE91001002B40F08F8201F1004327
:1008C00014901593DDE9144505F1D663A3EB0805F3
:1008D000B0EE480AF0EE680A04F0F6FC204653EC4D
:1008E000102B294605F0A2FF53EC182B05F0E8FD6C
:1008F000CDE904010C46099B23B9864B234098455A
:1009000000F0C1811899584604F032F9394658462A
:1009100004F02EF95146584604F02AF94946584643
:1009200004F026F9129C5846616804F0E1F8074685
:10093000002800F0528122690232920004F10C0179
:100940000C3003F0C7F89DED048B1AAA19A958467C
:10095000B0EE480AF0EE680A04F046FD1890002850
:1009600000F012810121584604F020FA8246002846
:1009700000F03381199B002BC0F221810D9A139E48
:1009800003EB0208099A1A9C9B1A2344624A013B12
:100990009342C4F13604FFF6EBAE00231093012519
:1009A000F1E69FED578B079A0AB1179B1360089BDE
:1009B000002B3FF450AD18EE901A18EE102A01F1FA
:1009C000004343EC182B46E50023CDF85C800E93E2
:1009D00065E501230C935CE54FF0010C08F102037F
:1009E000179398F802409EE54FF0000CF6E70025BB
:1009F0008AE500220892791C17917A78002A3FF440
:100A000024AD0F4696E401220892F4E7452C3FF40A
:100A100013AD01230C9344E53FF481AE644214F01E
:100A20000F020AD03D4B03EBC203DDE90401D3E919
:100A3000002306F025F8CDE9040124113FF46FAE40
:100A40001F2C40DC14F0100318BF6A230993DDE962
:100A50000423DFF8CC804FF0000C14F0010F104697
:100A6000194607D0D8E9002305F0E0FE4FF0010C4D
:100A700002460B46641008F10808EED1BCF1000FE5
:100A800001D0CDE90423099BA3B1DDE90401C1F341
:100A90000A52C2F16B03002B0ADD1F2B40F32783A0
:100AA0000020342B049040F38E834FF05C73059349
:100AB0006A230993DDE904010022002306F01EF9F0
:100AC00000283FF42EAE22239FED0D8BCBF8003093
:100AD00069E71633FFF6C0ADDDE90D329A1A0F4B08
:100AE00003EBC203DDE90401D3E9002305F0C8FFED
:100AF00041EC180B57E700BF0000C0FFFFFFDF41CC
:100B000000000000000000000000F03F0000E03F97
:100B10000000E07F0000F07F02FCFFFF70D40008BF
:100B200030D20008BE4B20462946002205F07EFE4A
:100B30000E9BCDE91001002B63D101F100430A9017
:100B40000B9395E651461A46584604F0FBF9824647
:100B5000002842D00146189A584604F03DF9002872
:100B60003BD00E901899584604F002F80E9B18934B
:100B7000002C7FF720AE18992246584604F052FA0E
:100B8000189000287FF417AE05469FED978B22231F
:100B9000CBF800302946584603F0EAFF394658465C
:100BA00003F0E6FF5146584603F0E2FF129958461B
:100BB00003F0DEFF4946584603F0DAFFF3E6139AE6
:100BC000DDF83480D61ADDE639463246584604F060
:100BD00029FA074600287FF4F5AD189DD5E7394678
:100BE000139A584604F0AEF9074600287FF4E7ADA3
:100BF000F3E78C4AD31A012202FA03F31093154645
:100C0000C1E59DED107B8DED0A7B31E69FED787B94
:100C10008DED0A7B8DED107B2AE6A6F154730593CA
:100C2000DDE9044545EC104B04F04EFBDDE90A23F9
:100C300051EC100B05F0FAFD22462B4605F040FC66
:100C4000794A7A4B0A409A42CDE9040179D918EEE3
:100C5000902A03F154739A4203D118EE103A0133EB
:100C6000BBD0734C4FF0FF33CDE904344AE69DED21
:100C7000048B98E69FED607B8DED0A7B9FED5C7B9E
:100C80008DED107BF4E5DDE910562846314606F07F
:100C90002DF905F09DFD02460B462846314605F02C
:100CA0000DFC0E9D049EC4F31304354302460B460F
:100CB0002543CDE90E2325D151A3D3E9002306F026
:100CC00027F800283FF41EAE9DED048B189D61E7C8
:100CD0000293089B019318AB0093564A19AB17A9CE
:100CE000584600F0E1FB10F00F0504463FF459AE02
:100CF000062D40F0A980013700239FED438B179705
:100D0000089350E642A3D3E9002306F001F8002837
:100D1000DAD1DDE90E0140A3D3E9002306F016F88D
:100D200000283FF4EFADCFE7049B012BA2D1002EAA
:100D3000A0D1189C22239FED348B2546CBF80030A0
:100D400028E701F154740594D5E53B490122384662
:100D500003F042F9002800F0BA804FF000094E4637
:100D60004846CDF834904D46CDF83090CA46FFF74E
:100D700092BB44F61F639942A8BF19460E9105E441
:100D80000C982E4901EBC001DDE90423D1E90001F3
:100D900005F04CFD41EC180B05E66E2C3FF492ABD0
:100DA000FFF753BB264917A803F05AFB00283FF46E
:100DB0004CAB179B2349013B17A8179303F050FB3B
:100DC00010B9179B013317939FED078BEBE5222397
:100DD0009FED058BCBF80030E5E59DED107B8DEDAB
:100DE000147B6FE5AFF30080000000000000F07F8F
:100DF000000000000000F03F000000000000F0BF15
:100E00009535A094FFFFCF3F0000000000000000D8
:100E10009535A094FFFFDF3F35E5AF350000E03F9B
:100E20000000E03FE2FBFFFF0000F07FFFFF9F7C40
:100E3000FFFFEF7F08D2000888E1000870D40008A7
:100E40008CE1000890E10008189A3AB135211AA8FF
:100E500004F07AFB1899584603F08AFE013D199B6D
:100E6000042D00F2DE81DFE805F0032C291E0300CB
:100E70001A9A049203F233421B9B23F4801343EA31
:100E800002530593E20502D543F000430593B64AA9
:100E90001A409DED048B002A7FF485AD01F07AF8AD
:100EA000222303607FE54FF0FF326FF00043CDE96E
:100EB0000423E3057FF5DBAE059BE5E7AA4B05932D
:100EC000F7E7DDE91A121B9BCDE90412DAE7179A5E
:100ED0001346013217925C7806468146FFF761BAE5
:100EE0000020FFF76BBAAA460D90FFF77CBA9FED82
:100EF0009A7B8DED0A7B9FED9A7B8DED107BB7E49D
:100F00000E9BDDF840C09949A846C6F31302002B9A
:100F100049D08A4200F0F380BCF1000F37D1049B26
:100F20001D4237D0B0EE480AF0EE680A04F0CCF962
:100F3000099B51EC100B002B00F04D81C6F30A53B6
:100F4000C3F16B03002B07DD1C0504F17F53002266
:100F500003F5401305F06AFC02460B4651EC180BF2
:100F600005F0AEFA41EC180B814B51EC180B002246
:100F700005F05CFC41EC180B7B4B18EE902A1340FB
:100F8000002B7FF4A3AE2223CBF800309EE61CEAB0
:100F9000060FC7D1099B002BE6D197E602F15473E7
:100FA0000593FFF7BCBB002A64D1DDE904010028EA
:100FB00040F09680099B002B40F0F48021F0004423
:100FC000240D2405A4F580146FEA14536FEA03532B
:100FD00005934FF0FF3304939DED048B189DD9E5E5
:100FE000644917A81AAA03F057FA05287FF475AACE
:100FF0001B9B43F0FF4343F4E00305931A9B0493C8
:101000009DED048BCFE4DDE904010E9B0343C1D1C8
:10101000C1F31303002BBDD121F00044240D24059E
:10102000B4F1D66F2546B5D9D9F814301BB9D9F823
:101030001030012BAEDD49460122584603F0F2FF85
:101040005146814604F062F80028A3DD099B002B7D
:10105000B8D0A5F580156FEA15536FEA03530593D1
:101060004FF0FF3304939DED048B7DE74FF00009B3
:10107000FFF737BBBCF1000F2DD1049B1D4289D077
:10108000B0EE480AF0EE680A04F01EF9099B51EC34
:10109000100B002B72D0C6F30A53C3F16B03002B65
:1010A00007DD1C0504F17F53002203F5401305F012
:1010B000BDFB02460B4651EC180B05F0FFF902464A
:1010C0000B4643EC182B0022002305F017FE0028E6
:1010D0003FF44AAF2DE61CEA060F3FF45BAFCFE7C3
:1010E000BCF1000FF7D128423FF454AFC8E74FF0EE
:1010F000FF3202FA03F3049A1A400492D8E4099BDF
:101100000499B3B1184A3240B2F1D46F11D8120D1C
:10111000C2F16B024FF0FF3000FA02F291420BD0A5
:10112000BCF1000F7FF433AF11EA080F3FF432AF88
:10113000F8E64FF0FF32F1E70F4A964255D00A4ADF
:10114000324002F580130593002304939DED048B38
:1011500020E700BFAFF30080000000000000E0BF08
:10116000000000000000E03F0000F07FFFFF0F00E4
:10117000000050391CD20008FFFFEF7F02460B46EB
:1011800051EC180B05F09AF9189C02460B4643ECFB
:10119000182B00220023254605F0B0FD00283FF45F
:1011A000F9ACC7E5244D3540B5F1D66F3FF651AFE8
:1011B000B5F15C7F3FF6D8AE22239FED1B8B189DC7
:1011C000CBF80030E6E4C2F14B024FF0FF3393401E
:1011D0000B4005936CE402460B4651EC180B05F0EE
:1011E0006FF9189D41EC180BD4E40131A7D12223EB
:1011F0009FED0F8B189DCBF80030CBE40D9B082D95
:1012000003440D9302DC6546FFF7E5B8BCF1100F0F
:10121000DCBF09EB890902EB490965460020FFF7AD
:10122000DFB800232EE600BF000000000000000031
:10123000000000000000F07F0000F07F014BFFF78E
:1012400003B800BF5C00002010B4054C8446134670
:1012500020685DF8044B0A466146FEF7F5BF00BF03
:101260000000002010B4054C054B84460A46206857
:101270005DF8044B6146FEF7E7BF00BF00000020A9
:101280005C0000202DE9F041DFF8A48004461346FD
:101290002DED028B0A46D8F800002146FEF7D4FF58
:1012A00055EC104B22462B462046294605F058FDAA
:1012B00050BB2046294605F0B1FD08EE100ADFEDCF
:1012C000197AB0EEC87AB4EE677AF1EE10FA15DD4D
:1012D00025F00047144B4FF0FF322046394605F009
:1012E0003FFD38B9104B4FF0FF322046394605F02C
:1012F00019FD18B1D8F8003022221A60B0EE480A61
:10130000BDEC028BBDE8F081002D084804DA03F043
:10131000C3FBB1EE408AF1E7BDEC028BBDE8F041C2
:1013200003F0BABBFFFF7F7FFFFFEF7F1CDF0008EA
:10133000000000202DE970432C4E2D4B04460A4638
:101340002DED028B21463068FEF77EFF55EC104BE9
:1013500022462B462046294605F002FDC0BB20460A
:10136000294605F05BFD08EE100ADFED227AB0EEAB
:10137000C87AB4EE677AF1EE10FA1ADD25F000496A
:101380001D4B4FF0FF322046494605F0E9FC38B9C5
:10139000194B204649464FF0FF3205F0C3FC40B1DF
:1013A000336822221A60B0EE480ABDEC028BBDE819
:1013B000708318EE103A13F0FF4FF4D10F4B2B400F
:1013C000002BEDD1B0EE480ABDEC028BBDE8708376
:1013D000002D0B4804DA03F05FFBB1EE408AE2E730
:1013E000BDEC028BBDE8704303F056BB000000204B
:1013F0005C000020FFFF7F7FFFFFEF7F0000F07F9A
:101400001CDF00082DE9F0410469B4EB611F05DC25
:101410000023036100234361BDE8F08100F114055E
:101420004E1111F01F0C05EB840E05EB860321D045
:1014300055F8261004339E4521FA0CF1CCF1200812
:101440002DD92F461A6802FA08F20A4347F8042BEE
:1014500053F8041B9E4521FA0CF1F3D8A31B9B0003
:10146000053B9B08013305EB830445F8231079B154
:1014700004340DE09E4588BF00F11002C8D953F82E
:10148000041B42F8041F9E45F9D8A41B05EB8404F5
:10149000631B9B10AC420361BCD0BDE8F08141618D
:1014A0000029B5D02C46E3E72DE9F04F0F6885B051
:1014B000CDE90020BA780393302A894640F0EC81C8
:1014C000FB1C1A78302A1C4603F10103F9D0E71BF4
:1014D000023FDFF8008318F80230002B00F0EE80A6
:1014E000237818F803304FF0000A5546002B00F01F
:1014F0006D81264616F8013F18F80330002BF9D10C
:10150000B3490122304602F067FD834600284CD0E3
:101510003278002D00F0A181AB1B4FEA830B02F063
:10152000DF02502A35464CD0C9F80060BAF1000FEE
:1015300074D12A1B013A072A514604DD5210072AAA
:1015400001F10101FADC019803F0D2FA8246002889
:1015500000F05F8200F11406A542029666D90027CA
:10156000B9460DE0202F1AD03A4604372B7818F8E8
:10157000033003F00F03934049EA0309A54258D012
:1015800015F8013D2E2BEDD1A542EBD39049012258
:10159000284602F021FD0028F0D0202FE4D10022BF
:1015A00046F8049B04279146E0E7002D00F0658192
:1015B000327802F0DF02AB1B502A4FEA830B35462C
:1015C000B2D16A782B2A00F046812D2A40F0D380D0
:1015D0000120AA7818F802104A1E182A05F10206FE
:1015E00000F2D380727818F80220103901365AB907
:1015F0000CE001EB810116F8013F02EB4102A2F180
:10160000100118F803200AB1192AF2DD00B149428D
:101610008B44C9F80060BAF1000F8AD0002F0CBFCC
:1016200006250025284605B0BDE8F08F029E4FF044
:10163000000946F8049B029BF61AB610CAF810601F
:10164000484603F061FB009B76011C68361AA642EF
:1016500074DCC0F204810027009B9A685A45C0F2EE
:101660003B81009B5A685A454BDDA2EB0B0B5C4556
:1016700000F38D80DB68022B00F0DD80032B00F08F
:101680004A81012B40F0DB805C4540F0D880012C82
:1016900008D0611E504603F085FF002800F0CF807F
:1016A000009B5A6803990A60029A0123CAF8103015
:1016B00013600E9B6225C3F800A0B3E744490122E2
:1016C000204602F089FC8246002840F0858063783D
:1016D00018F80320651C002A00F08080302B2C466F
:1016E00040F0248114F8013F302BFBD018F8033070
:1016F000B3FA83FA01274FEA5A1A002B7FF4F9AEA6
:1017000064E0012587B1009BDA68022A6ED0032AC3
:1017100070D0012A06D1B90704D5029B1A68174375
:10172000FA076AD445F010050E9BC3F800A0039B8E
:101730002846C3F800B005B0BDE8F08F361B31462F
:10174000504603F02FFF074678B1711E4A11029BE5
:10175000012753F8220001F01F0207FA02F20242A9
:1017600003D0B94200F3C980022731465046FFF743
:1017700049FEB34470E718F802104A1E182A05F112
:1017800001064FF000007FF62DAF2E46CCE60BF1A0
:10179000FF36002F40F0A980002E40F0A880731182
:1017A000029A06F01F0652F823200123B340134289
:1017B0005946504618BF47F00207FFF723FE009B2B
:1017C000A4EB0B040225D3F804B09BE7264697E66A
:1017D00088E1000858D200082378254603F0DF038B
:1017E000502B00F09380C9F8005017E70F9BC3F10E
:1017F00001030F930F9B002B94D0DAF81070029A1C
:101800004FEA8709904602EB8706002003E09642E4
:1018100042F8040C43D9944652F8041B4B1CF6D0F2
:101820000131022DCCF8001079D014F01F0440F0E3
:10183000A580212578E70F9B002B3FF433AF01985B
:10184000514603F095F950250E9A0023284613605F
:1018500005B0BDE8F08F0020BBE6AB465FE6A61BF7
:1018600051460198324603F0DDFB00F11403ABEB67
:10187000060B824602930027EEE6727818F80210F3
:10188000751C2E4600293FF44AAE16F8012F18F8B1
:101890000230002BF9D13FE6BC1C002719E6DAF82C
:1018A0000820974244DA0AEB87017A1C0120022DB6
:1018B000CAF81020DDF80880486130D0002A6ADCC0
:1018C0000022CAF810200022CAF81420009B9A684F
:1018D0000BF1010B5A45ACDA0198514603F048F977
:1018E0000E9A0023A32513609CE6012757E7314693
:1018F000504603F057FE074651E7B11E504603F02D
:1019000051FE00283FF430AF03272EE74FF0000BC5
:101910004FF0010A55E60F9B002B90D0C2E6009BCA
:101920001A68013AA24260D02225FDE60127E0E5CF
:10193000DAF804100198013103F0DAF806460028BD
:101940006DD0DAF81020023292000AF10C010C304E
:1019500002F0C0F85146019803F00AF932690120FB
:1019600006EB8201022D0244326106F1140848613F
:10197000B246D4D09742BFF658AF9FE7C144C4F1F6
:10198000200459F8040C03F0BFF9A042BFF651AF90
:10199000DAF8102092E708EB82040AF11800DAF86E
:1019A000142084424FEA52022BD94546036842EA8A
:1019B000C37245F8042B50F8042B84424FEA5202BC
:1019C000F4D8A4EB0A0119398908013148F821201B
:1019D00008EB810102B10431A1EB080292104145EC
:1019E000CAF810207FF472AF6DE7621104F01F0493
:1019F00058F822100122A2400A4214BF21252225B4
:101A000092E6C8F800200AB14146E4E7CAF810207F
:101A100059E7064B06485246E42103F043F8034BCE
:101A200003483246842103F03DF800BF9CE10008E2
:101A3000B0E1000870B50F4B0F4DAB42A3EB0506AC
:101A400007D0B610002455F8043B01349847A6424D
:101A5000F9D80BF0CDFB094D094B5E1BAB424FEAA9
:101A6000A60606D0002455F8043B01349847A64248
:101A7000F9D870BD34E3000834E3000834E300080B
:101A800038E30008036A2DE9F041846880460E4679
:101A9000002B3BD0A3891B0717D52369ABB1013EAF
:101AA000A36816F8015F013BA360EDB1002B07DAD4
:101AB000A7699F4222462946404610DC0A2D0ED0D7
:101AC00023685A1C22601D70EAE72146404601F057
:101AD0009FFF0028E3D04FF0FF30BDE8F08102F017
:101AE00081FF0130DCD1F6E7002B09DA22460A211A
:101AF000404602F077FF0130EDD00A20BDE8F081CA
:101B000023680A22591C21601A70F6E700F0F4F8E5
:101B1000C0E700BF024B01461868FFF7B3BF00BF24
:101B20000000002000207047024A0349034801F0EA
:101B300035BF00BF50000020111F00080400002026
:101B40000C4B4168994210B5044601D000F0E0F911
:101B5000A168094B994202D0204600F0D9F9E1680A
:101B6000064B994204D02046BDE8104000F0D0B9A1
:101B700010BD00BF0C02002074020020DC02002017
:101B8000002070472DE9F8432A4C2B49DFF8BC9020
:101B9000DFF8BC80294FC4F838110025042308223F
:101BA000294604F15C00264EE360C4E90055C4E90F
:101BB0000455A5606566A56100F0C6F8214B636712
:101BC0000822294604F1C400C4E90849C4E90A8787
:101BD000C4E91A55C4E91E552567C4F8CC50C4F8A9
:101BE0008050266300F0B0F8174BC4F8DC3029466B
:101BF00004F16803082204F59670C4F88830C4E93B
:101C00002398C4E92576C4E93455C4E93855C4F8A5
:101C1000D850C4F83451C4F8E85000F095F804F1F5
:101C2000D003C4E93D98C4E93F76C4F8F030BDE87C
:101C3000F88300BF0C020020291B00088D56000805
:101C4000B1560008090001001200020025560008E4
:101C50004D560008F8B5254BD3F838310646002B11
:101C60003CD0234FD7E90134013B04D51DE05A1C79
:101C700004F1680419D0B4F90C50013B002DF6D1E1
:101C80001C4BE360C4E90155C4E904556566256051
:101C9000A5610822294604F15C0000F055F8C4E96A
:101CA0000D55C4E912552046F8BD3D680DB12F46CB
:101CB000D8E74FF4D671304600F0EEFC044680B110
:101CC0000423C0E900530C302946A0604FF4D072C1
:101CD000254600F039F83C602F46C3E7FFF752FF76
:101CE000BFE70C2338603360DDE700BF0C02002043
:101CF000500000200100FFFF036A03B17047044B4E
:101D0000044AD3F838310262002BF7D13AE700BF1A
:101D10000C020020411B0008704700BF704700BF45
:101D2000024A0349002001F039BE00BF50000020E4
:101D3000251B0008024A0349002001F02FBE00BF06
:101D400050000020811B0008830730B547D0541E87
:101D5000002A3ED0CAB2034601E0013C39D303F861
:101D6000012B9D07F9D1032C2CD9CDB205EB05250C
:101D70000F2C05EB054535D9A4F1100222F00F0C0C
:101D800003F1100EE6444FEA121C1A46C2E9005550
:101D9000C2E9025510327245F8D10CF1010214F07B
:101DA0000C0F03EB021204F00F0C13D0ACF1040380
:101DB00023F003030433134442F8045B9342FBD142
:101DC0000CF003042CB1C9B21C4403F8011BA3425C
:101DD000FBD130BD64461346002CF4D1F9E703462D
:101DE0001446C0E71A46A446E0E700BFB1F90C303C
:101DF0002DE9F0411E070C4680463DD44A68002A72
:101E000056DDE56A002D34D00022D8F80060C8F80D
:101E1000002013F48052216A57D101234046A8477D
:101E2000451C024666D0B4F90C30E56A216A5807B1
:101E300005D56368D21A636B0BB1236CD21A0023E9
:101E40004046A847431C42D00023636023692360B7
:101E5000A389DF0400D56065616BC8F8006041B1FB
:101E600004F14403994202D0404601F083FC002370
:101E700063630020BDE8F0810E69002EF9D09B0756
:101E80000D6808BF4B690E6018BF0023AD1B8B6047
:101E90000BE02B463246216AA76A4046B847B0F1AC
:101EA000000CA5EB0C05664406DD002DF1DCE0E737
:101EB0000A6C002AA5DCDCE7B4F90C3043F04003DF
:101EC000A3814FF0FF30BDE8F081626DAFE7D8F835
:101ED0000010B4F90C301D29F0D80C4ACA40D507BF
:101EE000ECD52269226000226260DA04B4D50029B0
:101EF000B1D0B1E7D8F80030002B94D01D2B01D021
:101F0000162BD9D1C8F80060B3E700BF010040200C
:101F10000B69B3B110B5044682B008B1036A5BB176
:101F2000B1F90C3013B9002002B010BD204602B048
:101F3000BDE81040FFF75ABF0191FFF7DDFE0199A0
:101F4000EEE70020704700BFB8B138B50D4A03690D
:101F5000156804462BB10DB12B6A53B1B4F90C309E
:101F60000BB9002038BD21462846BDE83840FFF7B0
:101F70003DBF2846FFF7C0FEF0E7034A0349044887
:101F800001F00CBD0000002050000020111F0008CF
:101F900004000020014B1868704700BF00000020BB
:101FA0002DE9F04755EC104B84B0002D0D9E89466D
:101FB00092463DDB0027652E1F7035D03DDC452E57
:101FC00032D0462E5AD1032103AB019302AB0093CA
:101FD00045EC104B0C9B4A4600F074FC074626F07B
:101FE0002003462B07EB090805D13B78302B39D06D
:101FF0000C9B1B689844204629460022002304F0CD
:102000007DFE002838D1039B984506D930215A1C03
:1020100003921970039B4345F9D30E9ADB1B384694
:10202000136004B0BDE8F08709F101090221CBE794
:1020300005F100422D271546BDE7662EC3D003AB40
:10204000019302AB009345EC104B0C9B4A460221D6
:1020500000F038FC672E0746C1D11AF0010F1ED1DF
:10206000039BDAE7002200232046294604F046FEBF
:10207000C0B10C9B1B6898444346CEE703AB019369
:1020800002AB009345EC104B0C9B4A46022100F03A
:1020900019FC472E0746A2D11AF0010FE0D007EB3A
:1020A0000908A8E70C9AC9F101031360A2E700BF71
:1020B00070B50029BABF49422D232B23092982B0CC
:1020C000027043702BDD0DF10704194DA446A5FBEA
:1020D0000123DB0803EB8302A1EB42028E46303280
:1020E000BEF1630F66460CF8012C19460CF1FF3C5B
:1020F000EDDCB31E3031A3420CF8011C00F10205E7
:102100000AD2421C13F8011B02F8011FA342F9D1A5
:102110000DF109039B1B1D44281A02B070BD30232A
:102120001944051D8370C170281A02B070BD00BF2C
:10213000CDCCCCCC2DE9F04F8DB00C46DDF85880DD
:1021400016461F46054603F0B9FA0368069318467B
:1021500003F076FC00230A93D8F800300790073389
:1021600023F0070303F10802D4F800A094F818B094
:10217000C8F8002093ED007B8DED047B9DED047B82
:1021800053EC172B904623F0004984ED127B9F4BB4
:102190004FF0FF324046494604F0E2FD40B99B4B08
:1021A000404649464FF0FF3204F0BCFD002871D094
:1021B000DDE9040102460B4604F0D2FD002840F0A0
:1021C000298261684B1C4AF480620BF0DF0832D030
:1021D000B8F1470F00F022810023226003930AAB7D
:1021E000029309AB00939DED040BCDF804B00DF103
:1021F00023032846FFF7D4FE8146BBF1650F0999FA
:1022000037D9BBF1660F00F028810A9B8B4240F35F
:102210002F810029D4BFC1F102020122134423619E
:10222000A1654FF0000A9DF82330002B4AD02D23E2
:1022300084F8433046E0062100232260CDF804B044
:10224000616003930AAB029309AB00939DED040B0D
:102250000DF123032846FFF7A3FEB8F1470F81468F
:10226000CBD10999C81C80F2F180ABF1020B5FFA67
:102270008BFB01395A4604F150000991FFF718FF12
:102280000A9A1318012A8246236140F337810133E9
:102290002361C8E7DDE904010022002304F038FDD2
:1022A00010B12D2384F843302AF00402584B2260E9
:1022B000584ABBF1470F8CBF9146994603232361CF
:1022C0004FF0000A009733460BAA2146284601F03A
:1022D000ABFC013023D0236858052BD423694A4630
:1022E00031462846B847013019D02268E0680B9B78
:1022F000920719D5984217DD4FF0000804F119092B
:1023000004E0E0680B9BC21A42450DDD01234A46FA
:1023100031462846B847013008F10108F1D14FF0A5
:10232000FF300DB0BDE8F08F9842B8BF18460DB031
:10233000BDE8F08FBBF1650F33D9D4E9120100225B
:10234000002304F0DBFC002800F09A80324A0123CD
:1023500031462846B8470130E1D0DDE9093A534516
:1023600002DB2268D107C1D5DDE9062331462846C4
:10237000B8470130D3D0BAF1010FB6DD0AF1FF3A08
:102380004FF0000904F11A0801E0D145ADD0012356
:10239000424631462846B847013009F10109F4D1D7
:1023A000BDE7DDF82880B8F1010F40F398800123E4
:1023B0004A4631462846B8470130B0D0DDE9062309
:1023C00031462846B8470130A9D0D4E9120100228D
:1023D000002308F1FF3B04F091FC002800F09380FB
:1023E000B8F1010F40F386804FF0000904F11A089C
:1023F00001E0D9457ED00123424631462846B84700
:10240000013009F10109F4D189E700BFFFFFEF7F37
:10241000E4E10008E8E10008F4E1000809B901215D
:1024200061600023226003930AAB029309AB00931F
:102430009DED040BCDF804B00DF123032846FFF702
:10244000AFFD09998146C81CFFF60FAF636899423A
:102450003FF70BAF4FF0670BD7E60029636856DDF7
:102460002161002B00F0858001330B442361D7E606
:1024700023682161DB077FF5D3AE4B1C2361CFE6D8
:10248000099B002B4ADD0A9BD4F858B004935B45A6
:10249000A8BF5B46002B984608DD4A4631462846D1
:1024A000B84701303FF43BAFD4F858B028EAE8729F
:1024B00093456BDD4FF0000A04F11A08934604E0DF
:1024C000A36DA3EB0B0252455FDD0123424631466B
:1024D0002846B84701300AF1010AF1D11FE7D907B0
:1024E0003FF565AF4A46012331462846B8470130DB
:1024F0003FF415AF534604F15002F1E62268D207CB
:102500007FF591AEC3E65B4609F10102ECE7002BD3
:1025100034D12268D20731D4012380E6494A01230D
:1025200031462846B84701303FF4F9AEDDE9093AB3
:102530005AEA030324D0DDE9062331462846B8478A
:1025400001303FF4ECAE099B002B78DA4FF0000B22
:1025500004F11A0803E0099B5B425B456FDD012330
:10256000424631462846B84701300BF1010BF2D103
:10257000D5E62268D0077FF553AE75E702334EE605
:102580002268D3077FF5B2AED5E79B46099B049A34
:102590009A4202DC2268D00708D5DDE906233146DD
:1025A0002846B84701303FF4BAAE099B049AA2EB23
:1025B0000B0AD31A9A45A8BF9A46BAF1000F0BDD51
:1025C00009EB0B02534631462846B84701303FF429
:1025D000A6AE099B049AD31A2AEAEA7A53457FF7F2
:1025E00084AEDDF810B04FF0000904F11A0807E0DE
:1025F000099BABEB0303A3EB0A034B457FF775AED7
:102600000123424631462846B847013009F1010905
:10261000EED184E6059B0C4A002BBCBF2D2384F829
:1026200043302AF004032360084BBBF1470F8CBFF3
:1026300091469946032323614FF0000A42E6534630
:102640004A464DE6F4E10008F0E10008ECE100083C
:1026500070B5104E336805460C46B3B12146284686
:1026600002F0CEFF431C0CD0C41C24F00304A04293
:1026700005D0211A284602F0C3FF013001D02046C0
:1026800070BD4FF0FF34204670BD194602F0B8FF10
:102690003060E3E7480300202DE9F843CD1C25F026
:1026A000030508350C2D38BF0C25002D064618DB18
:1026B000A94216D8DFF8DC8001F08AFCD8F80420A3
:1026C000A2B1144603E0636822467BB11C4623682E
:1026D0005B1BF8D40B2B1FD89442636854D0536013
:1026E0000CE00C2333600020BDE8F8832946304617
:1026F000FFF7AEFF431C044619D00560304601F0D9
:1027000069FC04F10B00231D20F00700C21A1CBF56
:102710001B1AA350BDE8F88361199442256014BFC9
:102720005160C8F80410635163684B60E6E7D8F85D
:1027300004701FB33C467F68002FFBD123683946E5
:10274000304604EB030902F05BFF814516D1236894
:10275000ED1A29463046FFF77BFF01300ED0236883
:10276000D8F804202B442360536883B1A34203D0DC
:102770001A465B689C42FBD10023B0E70C23336010
:10278000304601F027FCAEE7C8F80430B6E7C8F8D9
:102790000470B3E7480300202DE9F04F03690C698A
:1027A000A34283B0C0F28A80013C01F1140500F11C
:1027B000140855F8243058F8242001339A428E46E4
:1027C00081464FEA840105EB840708EB840AB2FBDB
:1027D000F3F63AD3CDE900150022AC464046134645
:1027E0005CF8041B05681FFA81FB06FB0B22090C31
:1027F0004FEA124B06FB01BB92B2A9B2891A1944E7
:102800001FFA8BF3C3EB214303EB154389B241EA73
:102810000341674540F8041B4FEA1B424FEA23433C
:10282000DED2DDE9001558F8013073B9AAF1040AC7
:10283000D04504D307E0D04504F1FF3403D25AF861
:102840000439002BF7D0C9F810407146484602F011
:102850005DFC00282EDB4146002255F8040BD1F820
:1028600000C01FFA80FE1FFA8CF3A3EB0E03134483
:10287000020CC2EB234202EB1C429BB243EA02432E
:10288000AF4241F8043B4FEA2242E6D258F82420F6
:1028900008EB84036AB9043B434504D807E0984534
:1028A00004F1FF3403D253F80429002AF7D0C9F801
:1028B00010400136304603B0BDE8F08F002003B071
:1028C000BDE8F08F2DE9F04FC5699DB08DED060B89
:1028D000269C049057EC106B02910B920993002DEB
:1028E00000F0B183296851B16A684A6001239340BE
:1028F0008B6002F03DF9049BDB6900221A60B7F19E
:102900000009B4BF012300232360774BBCBF29F02B
:102910000049CDF81C9033EA090300F0AC809DED2E
:10292000067B002251EC170B00238DED007B04F099
:10293000E5F9804668B1099A01231360279B13B11A
:10294000279A6A4B13606A4B059305981DB0BDE842
:10295000F08F9DED000B04981AAA1BA902F044FD0C
:102960005FEA1955824640F09C80DDE91A854544AE
:1029700005F23243202B40F39B83C3F1400309FA55
:1029800003F905F2124326FA03F349EA030003F0C0
:10299000D3FE0123013DA1F1F8711293554B0022A2
:1029A00003F08CFD4AA3D3E9002303F03FFF4AA3C1
:1029B000D3E9002303F084FD064628460F4603F0C2
:1029C000CBFE47A3D3E9002303F030FF02460B46BA
:1029D0003046394603F074FD06460F4604F0D6F93A
:1029E00000220446089000233046394604F090F94E
:1029F000002840F03683089CA8EB0508162C08F147
:102A0000FF3B00F214833C4B03EBC403D3E90023E8
:102A1000DDE9000104F07CF9002873D0631E0893FF
:102A2000BBF1000F4FF000031193C0F206830023A7
:102A30000C93089B002B6BDA089B0C9A0D93D21A0F
:102A40000C925A4200230893029B1092092B67D8DC
:102A5000052BC4BF043B0293029BA3F10203CCBF2E
:102A600000250125032B00F24986DFE813F07C04E2
:102A7000790470045204099AC9F3130942F20F73DE
:102A800059EA060913601CD1279B002B00F02D8604
:102A90001A4B05930833279A059813601DB0BDE8BB
:102AA000F08FDDE90012C2F31303084643F07F51B3
:102AB000CDF84880A5F2FF35DDF8688041F440117B
:102AC0006CE7279B002B40F000840D4B05933CE7FF
:102AD00061436F63A787D23FB3C8608B288AC63F24
:102AE000FB799F501344D33F0000F07FF5E10008CD
:102AF000F4E100080000F83F70D4000804E2000888
:102B000010E20008B8F1000F40F3AF8411900C9070
:102B1000089B0D939B4400231093029B092B97D98C
:102B200000234FF0FF32CDE90A23012502930E95D1
:102B3000049BDB69002159600A9B1393049801F000
:102B4000D7FF0590002800F0E285049B059ADB6919
:102B50001A600A9B0E2B00F20D81002D00F00A81F5
:102B60000D99002940F35184AE4B01F00F0203EBA5
:102B7000C203C805D3E900894FEA211540F1158445
:102B8000A94BDDE90001D3E9082303F079FFCDE982
:102B9000140105F00F0503277DB1A34EE90708D501
:102BA00040464946D6E9002303F040FE01378046FF
:102BB00089466D1006F10806F0D142464B46DDE924
:102BC000140103F05DFF80468946119B43B1974B8A
:102BD00000224046494604F09BF8002840F0178543
:102BE000384603F0B9FD42464B4603F01FFE904BBA
:102BF000002203F065FCA1F15073CDE91401159397
:102C00000A9B002B00F09D800D9B19930A9B189343
:102C10004946404604F0BAF8189A824B03EBC203C7
:102C200013ED027B05468DED167B03F095FD0B46FB
:102C300002464946404603F041FC059F0E9B303555
:102C40007E1CECB2804689463546002B00F072842B
:102C5000DDE916237749002003F012FFDDE9142394
:102C600003F02CFC3C7042464B4604460D4604F0F3
:102C70006DF8002840F0BF84CDF858B0CDF850A0D2
:102C8000AB460027189DA2462AE00137AF4280F2EA
:102C90000685694B50465946002203F0C7FD664B36
:102CA000002282468B464046494603F0BFFD8946D6
:102CB000804604F06BF8044603F04EFD02460B46D6
:102CC0004046494603F0FAFB303406F8014B5246C1
:102CD0005B468046894604F01BF8002840F0DC84FF
:102CE00042464B465149002003F0E8FB52465B4602
:102CF00004F00EF80028C8D0199BDDF850A0059A02
:102D0000374603F1010802E0974200F0A6843E46F0
:102D100017F8013D392BF7D00133DBB23B70454644
:102D200074E1384603F018FD42464B4603F07EFD41
:102D30003F4B002203F0C4FBA1F15073CDE9140115
:102D400015933E4B00224046494603F0B7FBDDE9B0
:102D5000144522462B4606460F4603F0F7FF00288F
:102D600040F08A8430463946224605F1004303F09C
:102D7000CFFF28BB1B9B002BC0F292800D9A0E2A1E
:102D800000F38E80274B0D9A03EBC20393ED007B7B
:102D90000B9B002B8DED027B19DA0A9B002B16DCB6
:102DA0000ED1264B0022DDE9020103F03FFD024671
:102DB0000B46DDE9000103F0B5FF002800F05C845C
:102DC0000023059E00931F460B9BDD4344E2059BB9
:102DD0005D1CDDE90278DDE900013A46434603F077
:102DE0004FFE03F0D3FF064603F0B6FC3A464346D7
:102DF00003F01CFD02460B46DDE9000103F05EFB1B
:102E0000059A06F1300313700A9B012B2F4600F040
:102E100037830125CDF800A0A846DDE902AB99462D
:102E20002CE000BF70D4000860D500080000F03F1F
:102E300000001C400000E03F00002440000014405F
:102E400052465B462046294603F01AFE03F09EFFD9
:102E5000064603F081FC52465B4603F0E7FC08F1AE
:102E600001080B4602462946204603F027FB06F1DF
:102E70003003C84507F8013B00F000838F4B002268
:102E800003F0D4FC0022002304460D4603F036FF75
:102E90000028D5D00D9DDDF800A001353E46B5E0F7
:102EA0000E9A002A40F0F1800023109E0C9D0E9394
:102EB0001F4665B1BBF1000F09DD5D450C9A2B463D
:102EC000A8BF5B46D21A0C92ED1AABEB030B109B1A
:102ED00053B10E9B13B1002E40F00B835146109A54
:102EE000049802F02FF882460498012101F05EFF59
:102EF000089B0090002B40F0D381029B012B40F3F4
:102F0000E9810120584410F01F0000F0B780C0F1A3
:102F10002003042B40F3F8810C9BC0F11C000344F8
:102F20000C93054483440C9B002B05DD514604980B
:102F30001A4602F077F88246BBF1000F05DD0099D2
:102F400004985A4602F06EF80090119B002B40F056
:102F50008C810A9B002B40F364810E9B002B40F078
:102F6000BC800D9D0135DDF81480009CDDF828B093
:102F7000DDF81090012607E0514600230A2248465A
:102F800001F01AFE0136824621465046FFF704FC46
:102F9000B34500F1300008F8010BEDDC0A9B002B73
:102FA000C8BF1E46059BD8BF0126814603EB060B12
:102FB000002451460122049802F034F80099824618
:102FC00002F0A4F8002840F30382059A02E093453A
:102FD00000F016825E460BF1FF3B16F8013C392BE0
:102FE000F5D001338BF80030DDF8108000994046B1
:102FF00001F0BEFD57B12CB1BC4203D02146404682
:1030000001F0B6FD0498394601F0B2FD049851462E
:1030100001F0AEFD00233370099B1D60279B002B40
:103020003FF493AC05981E601DB0BDE8F08F0123FE
:10303000BBF1000F1193BFF6FAACC8F101030C937A
:103040004FF0000BF5E4102000F0DEFD049B02467B
:10305000D861002800F04D83C0E90055C0E9025551
:103060004DE4204603F078FB32463B4603F046FE33
:1030700000287FF4C0AC631E0893BCE41C230C9AA8
:103080001A440C921D449B444DE7029A012A40F3D6
:10309000AA810A9B109A5E1EB242C0F26781002B81
:1030A000A2EB060680F2EC820C9B0A9A9D1A6AE15A
:1030B000C3F1200306FA03F069E400BF00002440D6
:1030C0003946002304980A2201F076FD139B002B59
:1030D000074640F3FE820D960A93002D05DD394622
:1030E00004982A4601F09EFF0746089B002B40F0FB
:1030F000E481B846059E0A9C731E1C44069B03F09F
:103100000103CDE90B43049C00995046FFF744FBB3
:1031100039468346504601F0F9FF0099054642467C
:10312000204602F015F8C3680BF130090146ABBB2D
:103130000A90504601F0EAFF0A990890204601F0F3
:1031400017FD089A002A54D1029B1BB90C9B002B37
:1031500000F0AB82002D3FDB0B9BB346B3420BF874
:10316000019B00F0C181514600230A22204601F054
:1031700023FD4745824639464FF000034FF00A02CF
:10318000204630D001F018FD4146074600230A22B0
:10319000204601F011FD5E468046B5E7049801F037
:1031A000E7FC002D06DB069B03F00102029B1D439A
:1031B0002A4329D151460122049801F033FF009996
:1031C000824601F0A3FF002840F3F680B9F1390FE1
:1031D00000F048820BF131090D9D06F8019B3C4639
:1031E0000135474600E701F0E7FC5E4607468046AA
:1031F0008AE7002DC0F29D82029B1D430C9B1D435C
:1032000000F09782002AA7DDB9F1390F00F02A8279
:103210000D9D09F101033C4606F8013B0135474687
:10322000E2E6029B022B7FF798AE0A9B002B40F050
:10323000238100990498052201F0BEFC014600900C
:10324000504601F063FF002840F31681059E0D9D56
:10325000312306F8013B01350099049801F088FC00
:103260000135002F7FF4CEAED0E60099504601F034
:103270004DFF0028BFF66DAE5146002304980D9C0B
:103280000A2201F099FC0E9B661E8246002B7FF4F9
:1032900017AF139B002B40F30F820D9D0A9362E63C
:1032A00001461A46049801F04DFE029B0090012B46
:1032B0006FDD00230893009A136902EB83031869FA
:1032C00001F022FDC0F120001CE6964B059303336C
:1032D000FFF7E1BB069B002B7FF413AEDDE906127E
:1032E000C2F31303002B7FF40CAE8F4B13402BB1B2
:1032F0000C9B01330C930BF1010B0123089A0893EB
:10330000002A3FF4FEADD6E73FF40DAEC0F13C031A
:10331000B5E601230E930B9B0D9A134413930133CF
:10332000012B1F460A93B8BF0127049B172FDE69A4
:1033300040F2FB81012204235B0003F11400B84238
:10334000114602F10102F7D97160FFF7F7BB0123C3
:103350000E930B9B002B36DD1F4613930A93E4E775
:1033600000230E93D7E700230E93F2E7109B089AF1
:103370001096F31A1A4408920A9B0C9A15461A449E
:103380009B440C9200260498012101F00FFD074692
:103390008FE5069B002B8CD1DDE90601C1F31303F9
:1033A0000A46002BA1D0089085E79DED007B0227FF
:1033B0008DED147BFFF7F0BB7FF40EAF19F0010F1A
:1033C0007FF404AF08E70123CDE90A33FFF7B0BB70
:1033D00003D119F0010F7FF4F8AD5E461BF8013DF3
:1033E000302BFAD000E6129A002A00F0078103F28F
:1033F00033430C9A109E15461A449B440C92C2E724
:10340000059A312301351370EEE500F0FB800D9A2B
:10341000464B554205F00F0203EBC203D3E90023EC
:10342000DDE9000103F002FA2D11CDE9140100F0ED
:1034300057813F4E0023022780468946EA0709D577
:10344000D6E900234046494603F0F0F901378046AB
:10345000894601236D1006F10806EFD1002B7FF499
:10346000B4ABDDE91489FFF7B0BBC8F101038346B3
:103470000C931190FFF74CBB059EA5E4DDF800A06E
:1034800002460B4603F01CF80D9D02460B46CDE9A3
:1034900000230135DDE90223A84603F057FC40B9BB
:1034A000DDE90223DDE9000103F028FC18B1F30790
:1034B00001D5059A2BE43E46A8E57968049801F009
:1034C00017FB0546002800F029813B6902339A006A
:1034D00007F10C010C3000F0FDFA04982946012296
:1034E00001F0A0FD804605E60D9D3C4601354746AE
:1034F0005FE5049C39463246204601F023FD5246E2
:1035000001460746204601F067FC514680462046AA
:1035100001F02EFB109B9B1BC24610933FF4E4ACC2
:10352000DCE400BF10E200080000F07F70D4000867
:1035300060D50008DDE91623DDE9140103F076F912
:10354000059B1C70189B012BCDE90E0100F0BF807C
:10355000189F059B12961F447E4B00224046494609
:1035600003F064F90D46044603F010FC814603F0B5
:10357000F3F809F1300902460B462046294602F0CD
:103580009DFF06F8019BB74280468946E4D1129D13
:10359000714B0022DDE90E0102F092FF02460B465C
:1035A0004046494603F0D2FB00286FD1DDE90E23E7
:1035B0006949002002F082FF02460B464046494618
:1035C00003F0A6FB88B91B9B002BFFF66DAC0D9B8F
:1035D0000E2B3FF769AC614B0D9A03EBC20393EDE1
:1035E000007B8DED027BFFF7F4BB3E46013F16F8F2
:1035F000013C302BF9D0199D013507E51A9BC3F129
:103600003603F6E6DDE900890227FFF7DEBA0A9BFA
:10361000002B3FF486AB139C002C7FF7ABAB0D9BCC
:10362000013B00224046494619934A4B03F0FEF8FD
:1036300080468946781C03F08FF842464B4603F0DB
:10364000F5F8474B002202F03BFFA1F15073CDE9A2
:10365000140118941593FFF7DBBA08F10108312320
:10366000FFF75CBB0D9D059AB34639233C460BF82A
:10367000013B01354746ADE4002300931F46E5E5D5
:103680000C9A15461A449B440C927CE6199B059AA9
:1036900003F10108FFF73BBBDDF850A0ABE7DDF815
:1036A00058B0DDF850A0FFF765BBB9F1390FD9D09C
:1036B000002D3FF78FAD8FE5029B022B03DC139BA0
:1036C0000D9D0A934FE4139B0A930D96ADE5374683
:1036D0005EE7029B022BF6DC139B0D960A93FCE43B
:1036E000DDE914890227FFF770BA1E4B0593FFF737
:1036F0002CB91D4B1D48EF2101F0D4F90498C36982
:1037000000255D60294601F0F3F90590A8B9184B32
:103710001648002240F2AF1101F0C4F9144B1348CF
:103720002A4640F2EF2101F0BDF900217160FFF758
:1037300005BA002A3FF73EAD4EE5049B059ADB69CA
:103740000B951A604FF0FF33012213930E920A93E8
:10375000FFF710BB000024400000E03F70D40008D9
:1037600000001C4004E2000814E200082CE20008FB
:103770009CE10008002950D038B551F8043C0C1FDA
:10378000002BB8BFE418054600F022FC274A136856
:103790002BB1A3420CD92168601883422CD06360FE
:1037A00028461460BDE8384000F014BCA3420FD88E
:1037B0001A465B68002BF9D111685018844217D063
:1037C0002CD3636054602846BDE8384000F002BC4A
:1037D00011685018A04214D020D821686018834284
:1037E000EFD118685B680844C4E900035460EAE755
:1037F00023680B441360E6E718685B6808442060A0
:10380000CDE720680144501883421160DBD1D3E931
:1038100000040144C2E90014D5E770470C232B6073
:103820002846BDE8384000F0D5BB00BF4C0300205F
:10383000242B2DE9F84F43D8012B41D0804649482D
:103840001F468E4675461EF801BB10F80B4014F05B
:103850000804F7D1BBF12D0F6FD0BBF12B0F08BFC0
:103860009EF800B06FF0004908BF05F1020E73BB6F
:10387000BBF1300F4BD00A273B460025B9FBF7F6CA
:10388000284607FB169A05E03AD007FB00C0012541
:103890001EF801BBABF1300CBCF1090F06D9ABF13E
:1038A000410CBCF1190F19D8ABF1370C63451EDD83
:1038B000B5F1FF3FECD08642E6D24FF0FF35E7E7A7
:1038C000FEF768FB162303600020BDE8F88F102B7D
:1038D000D3D1BBF1300F23D01F46CEE7ABF1610C43
:1038E000BCF1190F03D8ABF1570C6345E0DC6B1C3E
:1038F0002BD054B9002AE8D085BB1160BDE8F88F01
:10390000E245C2DA4FF0FF35C2E74042F2E79EF8E7
:10391000003003F0DF03582B08D008273B46ACE704
:103920009EF8000000F0DF005828D5D110279EF83F
:1039300001B03B460EF1020E9FE79EF800B04FF03B
:10394000004905F1020E012491E72223C8F8003056
:1039500032B10EF1FF3148461160CFE78146F8E7FA
:103960004846B2E759D3000862E700BF10B4044CE0
:103970008446134620685DF8044B0A46614657E7C3
:103980000000002010B4044C8446134620685DF803
:10399000044B0A4661464BE7000000202DE9F8433E
:1039A0000746884616464FF00009D6E90154013D06
:1039B00010D4A389012B08D9B4F90E300133214664
:1039C000384602D0C04749EA0009013D6B1C04F1AA
:1039D0006804EED13668002EE7D14846BDE8F8838A
:1039E00010B4034CD4F8E040A4465DF8044B6047A3
:1039F0005C00002049B1FF2A02D80A7001207047FC
:103A00008A2303604FF0FF3070470846704700BFBD
:103A100038B52F4B1B6805460C4613B11A6A002AAD
:103A20004BD0B4F90C3018071CD5226922B313F01F
:103A3000010107D0616900204942A060A1613AB14B
:103A4000002038BD980758BF6169A160002AF7D1EE
:103A5000190658BF1046F4D543F04003A3814FF038
:103A6000FF3038BDD9062CD55A0712D4226943F04D
:103A70000803A381002ADAD103F42071B1F5007F95
:103A8000D5D02146284600F0EDFAB4F90C30226971
:103A9000CDE7616B51B104F14402914204D0284654
:103AA000FFF768FEB4F90C3000226263226900213E
:103AB000C4E9002123F02403D9E71846FEF71CF9D6
:103AC000AFE7092243F040032A60A381C7E700BFA4
:103AD00000000020844641EA000313F003036DD187
:103AE000403A41D351F8043B40F8043B51F8043BC1
:103AF00040F8043B51F8043B40F8043B51F8043BC8
:103B000040F8043B51F8043B40F8043B51F8043BB7
:103B100040F8043B51F8043B40F8043B51F8043BA7
:103B200040F8043B51F8043B40F8043B51F8043B97
:103B300040F8043B51F8043B40F8043B51F8043B87
:103B400040F8043B51F8043B40F8043B51F8043B77
:103B500040F8043B51F8043B40F8043B51F8043B67
:103B600040F8043B403ABDD2303211D351F8043B07
:103B700040F8043B51F8043B40F8043B51F8043B47
:103B800040F8043B51F8043B40F8043B103AEDD2B6
:103B90000C3205D351F8043B40F8043B043AF9D207
:103BA000043208D0D2071CBF11F8013B00F8013BDA
:103BB00001D30B8803806046704700BF082A13D3E7
:103BC0008B078DD010F003038AD0C3F10403D21AFF
:103BD000DB071CBF11F8013B00F8013B80D331F833
:103BE000023B20F8023B7BE7043AD9D3013A11F8B3
:103BF000013B00F8013BF9D20B7803704B7843701E
:103C00008B78837060467047024B01461868FEF758
:103C100043BD00BF00000020024B01461868FFF7BB
:103C2000A9BD00BF000000202DE9F84F92461F46B5
:103C30000A698B68DDF828909A42B8BF1A46CAF81C
:103C4000002091F843300C46064613B10132CAF801
:103C50000020226891065FD5DAF800300233CAF8F6
:103C60000030226812F0060F11461DD1E16899421A
:103C7000D8BF114618DD4FF0000804F1190B05E01C
:103C8000E568DAF80030ED1A45450CDD01235A46A7
:103C900039463046C847013008F10108F0D14FF0ED
:103CA000FF30BDE8F88F216894F84330003B18BF1F
:103CB00001238A060AD5E1185A1C302081F84300F6
:103CC000224494F8451082F84310023304F1430271
:103CD00039463046C8470130E1D02368DAF8005051
:103CE000216903F00603042BD4E902201BD08A4289
:103CF00020DD4FF00008521A90441A34002501E0EC
:103D0000454517DA0123224639463046C847013077
:103D100005F10105F4D1C2E712F0060F0DD0003B0A
:103D200018BF0123D2E7401B8A4220EAE078E2DC98
:103D30000028E2DC0020BDE8F88FE168DAF8003006
:103D40009942D8BF114696DCAEE700BF2DE9F04797
:103D5000174684B00A7E0C9D0C460646984601F133
:103D6000430C002A35D0A2F15803D9B2202969D8D2
:103D7000202B67D8DFE813F0E600660066006600D7
:103D80006600660066006600660066006600AC00BD
:103D900070006600660066006600700066006600DF
:103DA0006600660021008300C60066006600B6005B
:103DB0006600830066006600EC002B68226861697B
:103DC000181D286010061B6802D4520600F1E0801E
:103DD00019600023E1462361CDF800803B4603AA29
:103DE00021463046FFF720FF013020D023694A46A4
:103DF00039463046C047013019D02368E068DDF805
:103E00000C909B0718D5484516DD002504F1190ACA
:103E100004E0E068A0EB0903AB420DDD012352464C
:103E200039463046C047013005F10105F1D14FF068
:103E3000FF3004B0BDE8F0874845B8BF484604B03D
:103E4000BDE8F08784F84220012004F142090023F4
:103E5000206184F84330BFE72A682368111D1806E3
:103E6000296002D4590600F19580106801460028A7
:103E70006268C0F2938054484FF00A0E15E0206843
:103E80002B6810F0800F53F8041B02D1400648BF86
:103E900089B26F2A4C482B6014BF4FF00A0E4FF0C6
:103EA000080E0023626884F84330002AA26051DBC8
:103EB000236823F00403236000294BD1002A7BD11F
:103EC000E146BEF1080F56D0ACEB0903236183E74E
:103ED0002B681A6804332B6004F1420984F84220ED
:103EE0000120B4E72B686268191D2960D3F800909F
:103EF0000021484601F0A4FE002863D0A0EB090091
:103F00006060A4E7236843F02003236078222F48F1
:103F100084F845202A6813F0800F52F8041B03D15F
:103F200013F0400F18BF89B22A60DA0744BF43F08C
:103F30002003236019B9236823F0200323604FF086
:103F4000100EAEE7582384F845301F482368E1E798
:103F50002368DBE77546E146B1FBF5F305FB131A71
:103F60000A46AA4210F80A1009F8011D1946F3D2B0
:103F7000BEF1080FA8D12368DD07A5D562682369C3
:103F80009A42A1DC302309F8013C09F1FF399BE793
:103F900019801EE7B2F90010084668E72D20002AB4
:103FA000A26084F8430002DB23F0040323600A25A7
:103FB00005484942AE46CEE7037884F8423004F122
:103FC00042097EE7606842E758E200086CE20008B8
:103FD000704700BF704700BF002A3ED030B584460E
:103FE0000446084380070B462ED1032A07D82BE04E
:103FF000043A25D01EF0803F22D1032A22D920681E
:10400000194653F8045BA0F1013EA842A4462EEAEB
:10401000000E04F10404EBD09CF800000C788442FC
:104020001DD1E64668B11EF8010F11F8014FA2EB51
:104030000E03A04203F1FF3311D11CEB0303F1D1B6
:10404000002030BDA44619469CF800000C78A04220
:1040500005D1012AF4D0E646E4E710467047001B7C
:1040600030BD00BF70B5B1F90C300C46990796B061
:1040700007D504F147030122C4E90432236016B0D6
:1040800070BDB4F90E100029054629DB6A4601F01F
:1040900091FE002822DB4FF480612846019EFEF746
:1040A000FBFA88B3A389206043F0800306F47046CE
:1040B000A381B6F5005F4FF48063C4E90403DED149
:1040C000B4F90E10284600F0F1FA0028D7D0A389E1
:1040D00023F0030343F00103A381D0E7B4F90C30CC
:1040E00013F0800F14BF40264FF4806631462846F7
:1040F000FEF7D2FA40B1A389206043F08003C4E9FF
:104100000406A38116B070BDB4F90C309A05B6D47C
:1041100023F0030304F1470243F002030121C4E941
:104120000421A3812260AAE770B50C46B1F90E10F4
:10413000002996B015461E460FDB6A4601F03AFE8E
:1041400000280ADB019B03F47043A3F50053B3FA84
:1041500083F34FF480625B0908E0A28912F0800FBC
:104160004FF0000314BF40224FF480620020336000
:104170002A6016B070BD00BF000000000000000003
:1041800002780B78012A28BF9A4240F0D8806DE966
:10419000044540EA0104CDE902676FF0000C4FEAE4
:1041A00044721AB380EA010414F0070F6BD100F0D7
:1041B000070420F0070004F0030521F007014FEA8F
:1041C000C505F0E8042314F0040FF1E804670CFAC5
:1041D00005F462EA040266EA04060BD063EA04030B
:1041E000624667EA0407664604E000BFF0E804237D
:1041F000F1E8046782FA4CF582EA0604A4FA8CF42A
:104200006CBB83FA4CF583EA0705A5FA8CF595B9E2
:1042100050E9022351E9026782FA4CF582EA06046A
:10422000A4FA8CF483FA4CF583EA0705A5FA8CF519
:104230002543DBD09CB92DBAB5FA85F424F00704E8
:1042400027FA04F1DDE9026723FA04F303F0FF0023
:1042500001F0FF01FDE80445A0EB0100704724BA1E
:10426000B4FA84F424F0070426FA04F1DDE90267C5
:1042700022FA04F202F0FF0001F0FF01FDE804451C
:10428000A0EB0100704714F0030F3CD110F00304C1
:1042900028D150F8082B51F8083B82FA4CF582EAF5
:1042A0000305A5FA8CF55DB950F8042C51F8043CCF
:1042B00082FA4CF582EA0305A5FA8CF5002DE8D0C8
:1042C0002DBAB5FA85F424F0070423FA04F122FA92
:1042D00004F202F0FF0001F0FF01FDE80445A0EB4D
:1042E000010070474FEAC40420F0030050F8082B87
:1042F00021F0030151F8083B0CFA04F462EA0402CD
:1043000063EA0403C9E710F003041DD0A1EB040124
:1043100020F00300E40750F8042B06D012D28B786B
:104320005FFAA2F4E41A06D12BB1CB785FFAB2F4AB
:10433000E41A00D133B920465DF8104B7047A2EB68
:104340000300704701F1040150F8042BCC0721F061
:10435000030151F8043B48D824D222F07F4482FA6A
:104360004CF594EA1325A5FA8CF50AD165B951F8F4
:10437000043B84EA0204B4EB036F0ED150F8042B23
:10438000EBE74FEA132355E035F07F454DD1087830
:10439000FDE80445C0F1000070474FEA126203F0E7
:1043A000FF0347E002EA1C4482FA4CF594EA134505
:1043B000A5FA8CF50AD165B951F8043B84EA0204E8
:1043C000B4EB034F0CD150F8042BEBE74FEA134347
:1043D00030E015EA1C4528D10B884FEA124229E04B
:1043E0004FEA124203EA1C4324E002F0FF0482FA7F
:1043F0004CF594EA1365A5FA8CF50AD165B951F824
:10440000043B84EA0204B4EB032F09D150F8042BD7
:10441000EBE74FEA13630DE015F0FF0F05D10B68D2
:104420004FEA122223F07F4304E04FF00000FDE842
:104430000445704712BA1BBA82FA4CF482EA0304AC
:10444000A4FA8CF5B5FA85F402FA04F203FA04F33F
:104450004FEA1260FDE80445A0EB1360704700BF0F
:1044600010B40468013409E014F8013BA3F1410CD5
:10447000BCF1190F98BF2033934208D111F8012BDA
:10448000002AF1D1046001205DF8044B7047002040
:104490005DF8044B704700BF09682DE9F04F4B11E0
:1044A00002EB830311F01F0B07460CBF1846181DC3
:1044B0003C680CBF1D1F1D46002340F8043C61787A
:1044C00085B00134002900F0A8809E469A461E4619
:1044D0000B4601461046DFF8889101975A46A846D8
:1044E000AC46834610E0202B00F28F80564508DD55
:1044F000E04502D9BEF1070F5FDDE34554D34FF02D
:10450000080E14F8013FB3B119F80370002FEAD078
:104510000EF1010EBEF1080F06F101063ADCDCF8DF
:1045200000301B0107F00F071F43CCF8007014F890
:10453000013F002BE8D15B46084693461A46002E01
:104540006BD0C44502D2BEF1070F73DD62454DD278
:10455000111F634653F8044B41F8044FAB42F9D99D
:10456000A5EB0C0323F00303691C04330CF1010CCD
:104570008C4588BF04231344002143F8041BAB423D
:10458000FBD950F8043C002B4DD1AA4249D055F834
:10459000043DF8E7E345B4D200234CF8043C4FF067
:1045A000010EACF1040CBDE70023ACF104084CF89B
:1045B000043CB246C4469E46A3E7CEF10800800004
:1045C000CDE9022CDCF800306746C0F1200E8446AD
:1045D000786800FA0EF21A4320FA0CF33A6047F8B2
:1045E000043FB845F4D8DDE9022C86E750F8043CD6
:1045F000BBF1000FC7D0CBF1200B4FF0FF3121FAF8
:104600000BF10B4040F8043CBDE708461946292948
:104610005B46019F93461A4609D0042005B0BDE8C9
:10462000F08F01232B60052005B0BDE8F08F013429
:104630003C6084E7CEF10803DCF800109B00C3F176
:10464000200E66460C46776807FA0EF1214327FADA
:1046500003F4316046F8044FB045F4D876E700BF64
:1046600058D200080EB400B582B003AB816853F88D
:10467000042B019300F072F802B05DF804EB03B074
:10468000704700BF0FB400B5074983B004AB08689A
:1046900053F8042B8168019300F060F803B05DF8D3
:1046A00004EB04B0704700BF0000002038B5074D90
:1046B0000022044608462A6001F0CCFE431C00D0CC
:1046C00038BD2B68002BFBD0236038BD5003002081
:1046D0009368013B002B936011DA10B49469A342F4
:1046E00009DB0A2907D01368581C106019700846A6
:1046F0005DF8044B70475DF8044B00F073B9136824
:10470000581C106019700846704700BF9BB1F8B57F
:10471000134406460F46541E5D1E01E0AC4208D00D
:1047200014F8011F3A463046FFF7D2FF431CF5D17B
:10473000F8BD0020F8BD0020704700BF936810B599
:1047400014461BB918460023636010BD00F0BEFF7D
:104750000023A3600023636010BD00BF2DE9F04F6C
:10476000A1B08B4691461C46049018B1036A002BF9
:1047700000F01C81BBF80C30180740F19580DBF885
:104780001030002B00F090800023CA460D9343F2B6
:104790002003ADF839309AF80030864E079401278F
:1047A000002B79D0D14604E019F8013F002B00F02E
:1047B0008580252BF8D1B9EB0A0840F0828099F862
:1047C0000030002B68D000234FF0FF32CDE90923E1
:1047D00009F1010908930B938DF863301E9305E0EE
:1047E000089A07FA03F31A430892A1464C46052299
:1047F00014F8011B304601F023FAA246831B00285F
:10480000EED1089BD90644BF20228DF8632099F889
:1048100000101A0744BF2B228DF863202A2966D185
:10482000079A1168043200290792C0F29A800B910E
:1048300099F801102E2970D05F4C0322204601F018
:10484000FFF938B1089B001B4022824013430AF154
:10485000010A08931AF8011B58488DF838100622EF
:1048600001F0EEF9002800F08280554B002B69D052
:1048700007AA0092534B04985A4608A9FDF75AFC20
:104880000390039B013307D00D9B039A13440D93B0
:104890009AF80030002B85D1BBF80C305B060AD4A7
:1048A0000D9821B0BDE8F08F04985946FFF7B0F895
:1048B00000283FF469AF4FF0FF30F2E7B9EB0A0888
:1048C000EAD00AF1FF35CDF81490A946049D01E025
:1048D000A0453ED94C465A4619F8011F2846FFF715
:1048E000F7FE02340130A4EB0A04F1D1D4E7A1F1C0
:1048F0003002092A88BFCA469CD80B9B00E00134CD
:10490000217803EB830302EB4303A1F13002092A70
:10491000F5D92E290B93A2468ED19AF801102A2997
:104920002FD1079B9AF802101A6809920433002AC3
:104930000AF102000793B8BF4FF0FF338246B8BFB9
:10494000099379E7079B073323F00703083307939D
:104950009AE70D99DDF81490414499F800300D91D3
:104960002FE7494243F002030B91089360E707AA3F
:104970000092144B04985A4608A9FFF7E7F90390F0
:104980007FE7A1F130020023092A09930AF1010A05
:104990003FF652AF1AF8011F03EB830302EB430308
:1049A000A1F13002092AF5D9099345E7FDF7A4F9E9
:1049B000E0E600BF80E2000888E200088CE2000820
:1049C000352100080D47000810B4054C84461346F5
:1049D00020685DF8044B0A466146FFF7BFBE00BF82
:1049E00000000020F8B50D461446064610B1036AD3
:1049F000002B37D0A389A269A2601A0719D52369B1
:104A0000BBB122686169D31AEDB299422F4620DD0D
:104A10000133A1680139A160511C216015706269E0
:104A20009A420DD0A389DB0701D50A2D08D038465C
:104A3000F8BD21463046FEF7EBFF38B92369E0E7C1
:104A400021463046FDF764FA0028F0D04FF0FF37DA
:104A5000EDE721463046FDF75BFA0028F6D12268E3
:104A60000123D6E7FDF748F9C4E700BF10B4044CB2
:104A700003460A4620685DF8044B1946FFF7B2BFAB
:104A800000000020000000009FED010B704700BFF8
:104A9000000000000000F87F9FED010A704700BF92
:104AA0000000C07F00B50B4C25681446EE681A461E
:104AB00085B003460D464CB107490095CDE9011478
:104AC0003046064901F030F900F0A0FF04490C46D9
:104AD000F3E700BF0000002094E20008A4E2000811
:104AE0001CDF000808B513460022FFF7DBFF00BFFC
:104AF00070B5C66905460C465EB1F368A3B153F8BC
:104B00002400E8B1026843F824200023C0E90333FD
:104B100070BD1020FFF778F80646E861E8B1002381
:104B2000C0E90033C0E9023321220421284600F005
:104B3000F3FFEB69F060DB68002BE0D1002070BD73
:104B4000012101FA04F6721D9200284600F0E4FFEC
:104B50000028F3D0C0E90146D7E7034B03483246AB
:104B60006B21FFF79FFF00BF14E20008D4E20008AA
:104B700070B5C66905460C464EB13CB1EB6962683A
:104B8000DB6853F82210216043F8224070BD1020EA
:104B9000FFF73AF80246E86120B1C0E90066C0E9D3
:104BA0000266EAE7024B03488F21FFF77BFF00BF55
:104BB00014E20008D4E200082DE9F0410D6907462F
:104BC0000E461C4601F1140E0020DEF800108BB2D8
:104BD00002FB03434FEA134C090C02FB01CC0130EA
:104BE0009BB203EB0C4385424EF8043B4FEA1C4456
:104BF000EBDC3CB1B368AB4207DD06EB8503013566
:104C00005C6135613046BDE8F0817168384601313C
:104C1000FFF76EFF804690B13269023206F10C0157
:104C200092000C30FEF756FF314638464646FFF7F5
:104C30009FFF06EB850301355C613561E2E7034BBD
:104C400003484246BA21FFF72DFF00BF9CE1000850
:104C5000D4E200082DE9F8431746284A1E460833D7
:104C60000C46092E82FB03124FEAE3730546C3EBA1
:104C700062033ADD4FF0010C00214FEA4C0C634512
:104C800001F10101F9DC2846FFF732FF014670B35C
:104C9000089B4361092F4FF00103036112DC0A34C2
:104CA0000927BE420BDDF61B264414F8013B0A22FD
:104CB000303B2846FFF780FFB4420146F5D1084655
:104CC000BDE8F88304F1090804EB0709444614F829
:104CD000013B0A22303B2846FFF76EFF4C45014658
:104CE000F5D1A7F108044444DBE70021CBE70A46ED
:104CF000034B0448D321FFF7D5FE00BF398EE338BC
:104D00009CE10008D4E20008B0F5803F034636BFBE
:104D1000030400201020B3F1807F3CBF1B02083049
:104D2000B3F1805F3CBF1B010430B3F1804F03D36C
:104D3000002B06DB013070479B0003D45B0003D4DB
:104D4000202070470230704703307047036813F02B
:104D50000702014607D0DA071FD4980721D55B0860
:104D60000B600120704798B2A0B11046DAB20AB9C0
:104D700008301B0A1A0704BF1B0904309A0704BF36
:104D80009B080230DA0703D45B0800F1010006D06B
:104D90000B6070471B0C1020E8E7002070472020B4
:104DA00070479B080B600220704700BF10B50C468F
:104DB0000121FFF79DFE024618B10123C0E904342A
:104DC00010BD034B034840F24511FFF76BFE00BFD7
:104DD0009CE10008D4E200082DE9F04FD1F81080E2
:104DE0001569A84585B00E46924605DB2A4653460E
:104DF00045468A4690461E46DAF80830DAF804102E
:104E000005EB0804A342B8BF0131FFF771FE8446E9
:104E1000002800F08B8000F1140707EB840E774523
:104E200005D23B46002243F8042B9E45FBD814369E
:104E300006EB88080AF11409464509EB850566D298
:104E4000A5EB0A03153B23F003030AF1150A04330B
:104E500055452CBF9B464FF0040BCDF808E003945A
:104E6000AE46E24605E0090C2AD1B04507F1040739
:104E70004AD956F8041B8DB2002DF4D0CC463C46DE
:104E8000002301965CF8040B216886B28AB2000CFC
:104E900005FB0622090C1A4405FB001101EB124127
:104EA00092B242EA0142E64544F8042B4FEA11432C
:104EB000E8D8019E47F80B3056F8041C090CD4D0F2
:104EC0003B68002248461D463C469446028801FB4A
:104ED00002C202EB15429BB243EA024344F8043B90
:104EE00050F8043B25684FEA134CABB201FB0C337E
:104EF00003EB124370454FEA134CE7D3B04547F834
:104F00000B3007F10407B4D8DDE902E4D446002CE5
:104F100002DC05E0013C03D05EF8043D002BF9D033
:104F20006046CCF8104005B0BDE8F08F034B044854
:104F300062464FF4B171FFF7B5FD00BF9CE1000878
:104F4000D4E200082DE9F04312F0030383B01446C5
:104F500007462DD10E46A4101CD0FA698AB3956875
:104F6000002D39D0E3074FF0000906D4641011D0AA
:104F7000286898B10546E307F8D531462A463846F1
:104F8000FFF72AFF314680463846FFF7F1FD6410EF
:104F90004646EDD1304603B0BDE8F0832A462946A7
:104FA0003846FFF719FF2860C0F800900546E2E791
:104FB000013B184A52F823200023FFF7FDFD064667
:104FC000C9E71020FEF720FE0246F861E0B1002399
:104FD000C0E90033C0E90233012138460192FFF7EE
:104FE00087FD019A054640B1012340F27121C0E9D5
:104FF0000431002390600360B4E7074B07482A465A
:1050000040F24511FFF74EFD054B044840F2B31145
:10501000FFF748FD60D400089CE10008D4E20008D6
:1050200014E200082DE9F0470D4691462B694968C6
:1050300003EB6218AB6808F101049C4207464FEA93
:10504000621A04DD5B009C4201F10101FADC384682
:10505000FFF74EFD064600284DD0BAF1000F00F1D3
:1050600014000EDD0AF105024FEA820C034606EB3E
:105070008202002143F8041B9342FBD1ACF11403DC
:105080001844296905F1140319F01F0903EB810184
:1050900029D0C9F1200E84464FF0000A1A6802FA9E
:1050A00009F242EA0A024CF8042B53F8042B994205
:1050B00022FA0EFAF2D84B1B153B23F003030433FC
:1050C00005F11502914238BF042340F803A0BAF15C
:1050D000000F00D14446384634612946FFF748FDA9
:1050E0003046BDE8F087043853F8042B40F8042F0D
:1050F0009942F9D8EEE7034B034832464FF4EF717B
:10510000FFF7D0FC9CE10008D4E200080B6984465C
:105110000069C01A16D10CF1140C14310CEB830287
:1051200010B401EB830301E0944508D252F8044D1A
:1051300053F8041D8C42F7D005D24FF0FF305DF8D4
:10514000044B7047704701205DF8044B704700BF67
:105150002DE9F04F15460A692B69D21A002A83B04F
:10516000884640F0878001F1140605F1140101EB37
:10517000830106EB830301E09E427ED253F8044D87
:1051800051F8042D9442F7D075D32B4600244546A0
:1051900098466968FFF7ACFC8146002800F08980DA
:1051A0002E69C460D8F8100005F1140B08F1140E34
:1051B00009F1140A05F110020EEB80000BEB8601D9
:1051C00057464FF0000CCDF804B05EF8044B52F88F
:1051D000045F1FFA84FBABB2A3EB0B03240C634404
:1051E000C4EB154404EB23449BB243EA04437045EB
:1051F00047F8043B4FEA244CE7D8A0EB080208F13B
:1052000015084045A2F1150234BF00200120920884
:105210000028DDF804B002F101044FEA840408BF5D
:1052200004240BEB0405A942544433D927462846ED
:1052300050F8043B1CFA83FE1A0C634402EB2E4226
:105240009BB243EA0243814247F8043B4FEA224CB7
:10525000EED80139491B21F003010C4423B954F85D
:10526000043D013E002BFAD04846C9F8106003B057
:10527000BDE8F08F89DA01248BE70021FFF738FCC5
:10528000814678B101220023C0E90423484603B0D7
:10529000BDE8F08F00284FEA820208BF00220AEB27
:1052A0000204DBE7064B07484A4640F23721FFF786
:1052B000F9FB034B03484A4640F24521FFF7F2FB56
:1052C0009CE10008D4E2000882B08DED000B164B83
:1052D000019A1340A3F15073002B06DD00221946FA
:1052E000104641EC100B02B070475B42B3F1A07F57
:1052F0004FEA235209DA4FF40023134100221946E2
:10530000104641EC100B02B07047A2F114031E2BA3
:10531000DABF4FF00042DA4001220023194610465E
:1053200041EC100B02B070470000F07FF8B5046943
:1053300000F1140606EB8404271F54F8045C284689
:10534000FFF7E2FCC0F120030A280B6033DDBE4208
:10535000A0F10B0119D254F8080C21B3C1F12007B8
:105360008D4020FA07F215438840A4F1080145F06A
:105370007F538E4243F4401319D254F80C1CF94069
:105380000843024643EC102BF8BD0B280AD005FA5F
:1053900001F141F07F53002043F44013024643ECF7
:1053A000102BF8BD002045F07F5343F44013024614
:1053B00043EC102BF8BDC0F10B0C25FA0CF1BE42EA
:1053C00041F07F5338BF54F8081C00F1150034BF7A
:1053D00021FA0CF1002105FA00F0084343F44013D0
:1053E000024643EC102BF8BD2DE9F0430E4683B086
:1053F000012159EC108B1546FFF77AFB0446002873
:1054000046D0C9F30A57C9F313030FB143F480130D
:105410000193B8F1000313D101A8FFF797FC019B9A
:1054200063610122203022610FB3A7F233470744A2
:10543000C0F1350037602860204603B0BDE8F08336
:1054400068460093FFF782FC019BF8B10099C0F118
:10545000200203FA02F2C3400A430193002B626167
:105460000CBF01220222A3612261002FDDD104EBD7
:105470008203A0F2324030601869FFF745FCC0EBB0
:1054800042102860204603B0BDE8F083009AE5E7AB
:10549000034B0448224640F20F31FFF703FB00BFE5
:1054A0009CE10008D4E200082DE9F04383B088466F
:1054B00069468146FFF73AFF01A9404655EC104B7B
:1054C000FFF734FFD8F81030D9F81020D21ADDE9F0
:1054D00000315B1A03EB4213002B59EC108B0DDDEE
:1054E00005EB03573D4642464B462046294601F010
:1054F000C7FA41EC100B03B0BDE8F083C3EB0333F4
:1055000009EB03518946EEE7172870B506460CDD16
:105510000A490B4D0020002422462B4601F086F953
:10552000013EF9D141EC100B70BD064B03EBC003FB
:10553000D3E9040141EC100B70BD00BF0000F03F47
:105540000000244060D400080139491101F1010C28
:10555000116902F1140303EB81018B4200EB8C0C07
:1055600016D210B5A0F1040E53F8044B4EF8044FB8
:105570009942F9D88B1A153B23F0030304331844DE
:10558000844504D9002340F8043B8445FBD810BD72
:10559000844505D9002340F8043B8445FBD8704777
:1055A000704700BF03694A11934200F1140009DA01
:1055B00000EB830302E053F8042DAAB98342FAD822
:1055C0000020704700EB8203F8DD11F01F01F5D0D9
:1055D00010B450F8224024FA01F28A40944209D0D3
:1055E00001205DF8044B70470120704753F8042DEB
:1055F000002AF5D18342F9D800205DF8044B7047AA
:1056000038B5074D0022044608462A6000F042FFE4
:10561000431C00D038BD2B68002BFBD0236038BD65
:105620005003002010B50C46B1F90E1000F058FBE5
:10563000002803DB636D0344636510BDA38923F475
:105640008053A38110BD00BF002070472DE9F041B9
:105650000C46B1F90C101F46CB05054616460BD477
:1056600021F48051A1813B46B4F90E103246284600
:10567000BDE8F04100F0CABBB4F90E1002230022CD
:1056800000F0AEFBB4F90C10EAE700BF10B50C4611
:10569000B1F90E1000F0A4FBB4F90C30421C0EBF9F
:1056A00023F4805343F480536065A38110BD00BF91
:1056B000B1F90E1000F0B2B9F030704700487047F1
:1056C0004C010020004870474C0100209368002BDB
:1056D00000F0F8802DE9F04FB1F90CC01CF0080F74
:1056E00083B0904681460C4631D00B697BB31CF0E9
:1056F0000207D8F8006038D00027D4F828B0216A13
:10570000DFF8C4A23D4655452B463A4628BF5346CE
:105710004846C5B1D847002840F3CA80D8F80830B9
:105720001B1A07442D1AC8F80830002B00F0B68069
:1057300055452B46D4F828B0216A28BF53463A462F
:105740004846002DE6D1D6E900750836DBE721464C
:105750004846FEF75DF9002840F0AF80B4F90CC070
:10576000D8F800601CF00207C6D11CF0010A63D112
:105770002368A168574618468B46002F58D01CF462
:10578000007F00F0B580B9420A4600F2E1801CF4C7
:10579000906F2FD0216962695D1A02EB420202EB21
:1057A000D2726B1C52103B44934292BF93469B466D
:1057B0001A461CF4806F00F0EA8011464846FCF758
:1057C0006BFF002800F0F9802A4621690090FEF75F
:1057D00081F9A289009B22F4906242F08002A281AA
:1057E0005819ABEB0505C4F814B02361A56020601F
:1057F000BB463A465146009200F0A2F9A1682368E0
:10580000009AA1EB0B011A443D46A16022600027DB
:10581000D8F808305B1BAA44C8F80830002B3DD0EC
:105820002368A168B4F90CC018468B46002FA6D196
:10583000D6E900A708369EE73846BB463D460097A6
:10584000002D41D0002846D0009A2068A168D4E9F4
:105850000473AA4228BF2A46B84204D901EB030ABE
:10586000524500F38580934275DC216AA76A5A4647
:105870004846B847B0F1000A1ADD009BB3EB0A03B3
:1058800000930FD00120D8F80830A3EB0A03D344CB
:10589000A5EB0A05C8F80830002BD1D1002003B0D1
:1058A000BDE8F08F21464846FCF732FB0028EAD0DD
:1058B000B4F90C3043F04003A3814FF0FF3003B044
:1058C000BDE8F08F00207047756833460836002D1C
:1058D000FAD0D3F800B02A460A21584600F0B0F9B1
:1058E000002867D00130A0EB0B0300931A46ACE709
:1058F00022699A4214D36269BA4211D86FF0004308
:10590000BB4228BF3B46A56A93FBF2F3216A02FB28
:1059100003F348465246A847051EC9DD7F1B77E7BB
:10592000B94228BF39460D4618460A46514600F08E
:1059300007F9A1682368491B2B44A1602360002953
:10594000ECD121464846FCF7E3FA0028E6D0AFE761
:10595000BB463A464EE75946019200F0F1F8019AEB
:10596000A3689B1AA360236813442360924684E7CC
:105970005946524600F0E4F8236853442360214618
:105980004846FCF7C5FA00283FF477AF90E7484651
:1059900000F0DEF9034600287FF422AF2169484673
:1059A000FDF7E8FEB4F90C300C22C9F8002023F012
:1059B00080037FE76A1C009247E70C22B4F90C30A1
:1059C000C9F8002076E700BF00FCFF7F10B4034C4D
:1059D000D4F8E440A4465DF8044B60475C00002026
:1059E00082B049B15AB16BB113780B601278101EB6
:1059F00018BF012002B0704701A9002AF3D1104658
:105A000002B070476FF00100F4E700BF08B5062050
:105A100000F0AEFA012000F04BFD00BF38B5074D95
:105A20000022044608462A6000F0FCFC431C00D01B
:105A300038BD2B68002BFBD0236038BD50030020FD
:105A400030B490F800F020F007016FF0000C10F077
:105A5000070491F820F040F048804FF000046FF008
:105A60000700D1E9002391F840F000F1080082FA24
:105A70004CF2A4FA8CF283FA4CF3A2FA8CF34BBBEF
:105A8000D1E9022382FA4CF200F10800A4FA8CF268
:105A900083FA4CF3A2FA8CF3E3B9D1E9042382FA36
:105AA0004CF200F10800A4FA8CF283FA4CF3A2FA4B
:105AB0008CF37BB9D1E9062301F1200182FA4CF283
:105AC00000F10800A4FA8CF283FA4CF3A2FA8CF3EA
:105AD000002BC6D0002A04BF04301A4612BAB2FA0C
:105AE00082F200EBD20030BC7047D1E9002304F011
:105AF0000305C4F100004FEAC50514F0040F91F846
:105B000040F00CFA05F562EA05021CBF63EA0503E2
:105B100062464FF00004AAE770B5A1FB025454B9E5
:105B20002946FCF7B9FD064618B12A462146FCF77E
:105B30000BF9304670BD0C2202600026F9E700BF69
:105B400088420ED98B1883420BD900EB020C002A35
:105B50006ED0624613F801CD02F801CD9942F9D119
:105B600070470F2A0FD8034602F1FF3C002A5FD08E
:105B70000CF1010C013B8C4411F8012B03F8012FAF
:105B80006145F9D1704740EA01039B0751D1A2F169
:105B9000100370B501F1200C23F00F0501F1100E78
:105BA00000F11004AC441B095EF8105C44F8105C72
:105BB0005EF80C5C44F80C5C5EF8085C44F8085C29
:105BC0005EF8045C44F8045C0EF1100EE64504F146
:105BD0001004E9D1013312F00C0F01EB031102F0B4
:105BE0000F0400EB031328D0043C24F003064FEA13
:105BF000940C1E441C1F8E465EF8045B44F8045F40
:105C0000B442F9D10CF1010402F0030203EB840366
:105C100001EB840102F1FF3C4AB10CF1010C013BA4
:105C20008C4411F8012B03F8012F6145F9D170BDA7
:105C3000704702F1FF3C03469AE72246EAE700BFBD
:105C400001F0FF01102A2BDB10F0070F08D010F82D
:105C5000013B013A8B422DD010F0070F42B3F6D131
:105C6000F0B441EA012141EA014122F007047FF04A
:105C700000070023F0E80256083C85EA010586EAA1
:105C8000010685FA47F5A3FA87F586FA47F6A5FADD
:105C900087F68EB9EED1F0BC01F0FF0102F00702E9
:105CA00032B110F8013B013A83EA010313B1F8D194
:105CB0000020704701387047002D06BF3546033875
:105CC000073815F0010F07D1013015F4807F02BFAE
:105CD000013015F4C03F0130F0BC0138704700BFFF
:105CE00038B50C46084D8446114620461A46002316
:105CF0002B60644600F0C6FB431C00D038BD2B6807
:105D0000002BFBD0236038BD500300200CB400B53D
:105D100083B004AB53F8042B0193FEF71FFD03B0CF
:105D20005DF804EB02B070470EB410B583B005AB5C
:105D3000064C53F8042B019301462068FEF70EFD34
:105D400003B0BDE8104003B0704700BF0000002062
:105D50002DE9F041144641B30AB306460D4600F062
:105D60006BF88442074602D8B4EB500F13D8214693
:105D70003046FCF791FC804650B1BC422246294691
:105D800028BF3A46FDF7A6FE29463046FDF7F2FC4D
:105D90004046BDE8F081A8464046BDE8F081A046F7
:105DA000FDF7E8FC4046BDE8F081BDE8F041114652
:105DB000FCF772BC70B50C46084D03460026204621
:105DC00011461C462E6000F035FB431C00D070BD10
:105DD0002B68002BFBD0236070BD00BF5003002058
:105DE00038B50C46084D8446114620461A46002315
:105DF0002B60644600F03EFB431C00D038BD2B688E
:105E0000002BFBD0236038BD5003002038B50C4672
:105E1000084D8446114620461A4600232B606446EE
:105E200001F03AFA431C00D038BD2B68002BFBD0A0
:105E3000236038BD5003002051F8043C181F002B8C
:105E4000BCBF0B58C018704738B5C46B0CB10020EC
:105E500038BD80210546FCF71FFC0246E86330B1DF
:105E6000031F7C3243F8044F9342FBD1EFE74FF01E
:105E7000FF3038BD30B51F2983B0054608D8C36B45
:105E80000C4653B153F8240043F8242003B030BD2E
:105E9000162303604FF0FF30F8E780210192FCF7F2
:105EA000FBFB019AE86303460028F3D0011F00F1D1
:105EB0007C05002041F8040FA942FBD1E2E700BFB6
:105EC0001F2938B505461ED8C26B0C466AB152F878
:105ED000213053B1012B06D0591C10D0002142F8BB
:105EE000241020469847002038BD284600F0F2F8DC
:105EF000224601462846BDE8384000F0D5B81623B2
:105F00000360012038BD162303604FF0FF3038BD19
:105F10001F292AD838B5C36B0C460546A3B153F8E0
:105F2000242003EB84034AB1511C0BD0012A07D073
:105F3000002520461D609047284638BD012038BD09
:105F4000032038BD022038BD8021FCF7A5FB0346A5
:105F5000E86338B1021F00217C3042F8041F8242FE
:105F6000FBD1DCE74FF0FF3038BD4FF0FF3070471A
:105F700038B5134B1F281D681DD8EA6B044662B163
:105F800052F820304BB1012B05D0591C0FD0002105
:105F900042F820109847002038BD284600F09AF8B3
:105FA000224601462846BDE8384000F07DB8162359
:105FB0002B60012038BD16232B604FF0FF3038BD19
:105FC00000000020114B1F2870B51E6808D8F36B25
:105FD00004460D464BB153F8240043F8245070BDDD
:105FE000162333604FF0FF3070BD80213046FCF740
:105FF00053FB0346F0630028F4D0021F00217C30DD
:1060000042F8041F8242FBD1E5E700BF00000020F8
:1060100038B50B4B1D68EC6B0CB1002038BD8021EE
:106020002846FCF739FBE86338B1031F00F17C0216
:1060300043F8044F9342FBD1EFE74FF0FF3038BDF8
:106040000000002038B5174B1F281D6826D80446CD
:10605000E86BA0B150F8243000EB84004BB15A1C1F
:106060000BD0012B07D00025056020469847284615
:1060700038BD012038BD032038BD022038BD802145
:106080002846FCF709FBE86340B1031F00F17C01DF
:10609000002243F8042F8B42FBD1DBE74FF0FF30A7
:1060A00038BD00BF0000002070B50C46084D034607
:1060B0000026204611461C462E6000F0D3F9431CF2
:1060C00000D070BD2B68002BFBD0236070BD00BFDB
:1060D0005003002000F0B6B908B52DED028BB0EEEC
:1060E000408A00F09BF9B4EE488AF1EE10FA06D629
:1060F000DFED098AB4EEE88AF1EE10FA02D4BDECC5
:10610000028B08BDFBF746FF88EEA80ABDEC028BA8
:106110002123036008BD00BF0000000000F000B8AC
:1061200010B582B0CDED010A019B23F00042B2F11F
:10613000FF4FF0EE407A30D810EE100A20F0004108
:10614000B1F1FF4F29D8B3F17E5F42D09C1704F024
:10615000020444EAD07431B37AB3B2F1FF4F40D0B5
:10616000B1F1FF4F29D0891AB1F1F45F4FEAE15242
:1061700034DA002B42DA3C3240DA9FED340A012C4B
:106180004ED0022C43D064B19FED317ADFED317AED
:1061900030EE070A30EE670A03E09DED017A37EE34
:1061A000270A02B010BD022C10D09FED2B7A032CD1
:1061B00008BFB0EE470A02B010BD9FED280ADFED20
:1061C000287A0028A8BFB0EE670AEAE79FED210A07
:1061D000E7E702B0BDE8104000F048B89FED200AA4
:1061E000CDE7B1F1FF4F04F1FF3420D0022C26D8C7
:1061F0001C4B03EB840393ED030AD2E79DED017A78
:1062000087EE870A00F002F900F030F8B7E79FED5B
:10621000107ADFED107A30EE070A37EEC00AC0E7D9
:1062200010EE103A03F1004300EE103AB9E7022CE9
:1062300008D80C4B03EB840393ED000AB1E79FED04
:10624000030AAEE79FED080AABE700BF00000000BD
:106250002EBDBB33DB0F4940DB0F49C0DB0FC9BF8D
:10626000DB0FC93F88D50008DB0F493F38B510EE7A
:10627000105A25F00044B4F1A14FF0EE407A0DD34E
:10628000B4F1FF4F58D8DFED4F7A9FED4F7A002DD4
:10629000CCBFB0EE470AB0EE670A38BD4B4B9C420C
:1062A00059D8B4F1445F4AD34FF0FF3227EEA76AC2
:1062B0009FED475A9FED477ADFED475ADFED474A9A
:1062C00066EE066A531CA6EE857AE6EEA54A9FEDB9
:1062D000445ADFED445AA7EE265AE4EEA65A9FED43
:1062E000427ADFED424AA5EE267AE5EEA64A9FED18
:1062F000405ADFED405AA7EE265A9FED3F7AA4EEB2
:10630000A67AE5EE265A27EE267AA5EE867A27EEBD
:10631000877A35D0394B03EB820393ED046AD3EDD2
:10632000006A37EE467A002D37EE677A36EEC70AF6
:10633000B3DAB1EE400A38BD30EE000A38BD9FED49
:10634000307A30EE077AF7EE006AB4EEE67AF1EED4
:1063500010FAA9DD38BD00F059F82A4B9C4212D83A
:10636000A3F5D0039C4223D8F0EE007ABFEE007A6A
:10637000A0EE277A002230EE270AC7EE007A95E7D2
:1063800037EEC70A38BD204B9C420BD8F7EE087A8F
:10639000B7EE007AA0EE277A022230EE670AC0EE4E
:1063A000077A83E7BFEE007AC7EE007A03227DE723
:1063B000F7EE007A30EE677A30EE270A0122C7EE58
:1063C000007A73E7DB0FC9BFDB0FC93FFFFFDF3E7A
:1063D000D769853C59DA4B3D21A215BD6BF16EBDE5
:1063E000356B883D95879DBD6E2EBA3D388EE3BDD9
:1063F0002549123EABAAAA3ECDCC4CBEA0D5000882
:10640000CAF24971FFFF973FFFFF1B4010EE103AA1
:1064100023F0004300EE103A704700BFB1EEC00A0F
:10642000704700BF024B58221A604FF0FF30704790
:1064300050030020024B58221A604FF0FF30704783
:1064400050030020024B58221A604FF0FF30704773
:1064500050030020024B58221A600020704700BFF2
:1064600050030020024B58221A604FF0FF30704753
:1064700050030020024B58221A604FF0FF30704743
:1064800050030020024B58221A604FF0FF30704733
:1064900050030020044A05491368002B08BF0B462F
:1064A0001844106018467047540300202807002045
:1064B000FEE700BF81F0004102E000BF83F000432F
:1064C00030B54FEA41044FEA430594EA050F08BF8F
:1064D00090EA020F1FBF54EA000C55EA020C7FEA53
:1064E000645C7FEA655C00F0E2804FEA5454D4EBD0
:1064F0005555B8BF6D420CDD2C4480EA020281EA9A
:10650000030382EA000083EA010180EA020281EAD1
:106510000303362D88BF30BD11F0004F4FEA013123
:106520004FF4801C4CEA113102D0404261EB410132
:1065300013F0004F4FEA03334CEA133302D05242B8
:1065400063EB430394EA050F00F0A780A4F1010474
:10655000D5F1200E0DDB02FA0EFC22FA05F28018AE
:1065600041F1000103FA0EF2801843FA05F3594194
:106570000EE0A5F120050EF1200E012A03FA0EFC13
:1065800028BF4CF0020C43FA05F3C01851EBE3713D
:1065900001F0004507D54FF0000EDCF1000C7EEB5A
:1065A00000006EEB0101B1F5801F1BD3B1F5001F98
:1065B0000CD349085FEA30004FEA3C0C04F10104B7
:1065C0004FEA445212F5800F80F09A80BCF1004FE0
:1065D00008BF5FEA500C50F1000041EB045141EA62
:1065E000050130BD5FEA4C0C404141EB0101013C2B
:1065F00028BFB1F5801FE9D291F0000F04BF01461A
:106600000020B1FA81F308BF2033A3F10B03B3F1EB
:1066100020020CDA0C3208DD02F1140CC2F10C027B
:1066200001FA0CF021FA02F10CE002F11402D8BFD9
:10663000C2F1200C01FA02F120FA0CFCDCBF41EAA5
:106640000C019040E41AA2BF01EB0451294330BD74
:106650006FEA04041F3C1CDA0C340EDC04F1140451
:10666000C4F1200220FA04F001FA02F340EA030028
:1066700021FA04F345EA030130BDC4F10C04C4F16E
:10668000200220FA02F001FA04F340EA030029464E
:1066900030BD21FA04F0294630BD94F0000F83F498
:1066A000801306BF81F480110134013D4EE77FEA7B
:1066B000645C18BF7FEA655C29D094EA050F08BFC7
:1066C00090EA020F05D054EA000C04BF19461046A8
:1066D00030BD91EA030F1EBF0021002030BD5FEAEC
:1066E000545C05D14000494128BF41F0004130BD14
:1066F00014F580043CBF01F5801130BD01F0004568
:1067000045F0FE4141F470014FF0000030BD7FEADA
:10671000645C1ABF194610467FEA655C1CBF0B46D5
:10672000024650EA013406BF52EA033591EA030FEC
:1067300041F4002130BD00BF90F0000F04BF0021E4
:10674000704730B54FF4806404F132044FF0000517
:106750004FF0000150E700BF90F0000F04BF002190
:10676000704730B54FF4806404F1320410F00045F6
:1067700048BF40424FF000013EE700BF42004FEAF1
:10678000E2014FEA31014FEA02701FBF12F07F436E
:1067900093F07F4F81F06051704732F07F4208BF25
:1067A000704793F07F4F04BF41F40021704730B52C
:1067B0004FF4607401F0004521F000411CE700BF78
:1067C00050EA010208BF704730B54FF000050AE0FB
:1067D00050EA010208BF704730B511F0004502D5FC
:1067E000404261EB41014FF4806404F132045FEAFE
:1067F000915C3FF4D8AE4FF003025FEADC0C18BFA7
:1068000003325FEADC0C18BF033202EBDC02C2F198
:10681000200300FA03FC20FA02F001FA03FE40EA2A
:106820000E0021FA02F11444BDE600BF70B54FF02E
:10683000FF0C4CF4E06C1CEA11541DBF1CEA13550C
:1068400094EA0C0F95EA0C0F00F0DEF82C4481EA74
:10685000030621EA4C5123EA4C5350EA013518BF94
:1068600052EA033541F4801143F4801338D0A0FB81
:1068700002CE4FF00005E1FB02E506F00042E0FB2E
:1068800003E54FF00006E1FB03569CF0000F18BF34
:106890004EF0010EA4F1FF04B6F5007F64F54074DC
:1068A00004D25FEA4E0E6D4146EB060642EAC6216F
:1068B00041EA55514FEAC52040EA5E504FEACE2EDC
:1068C000B4F1FD0C88BFBCF5E06F1ED8BEF1004FDF
:1068D00008BF5FEA500E50F1000041EB045170BD5B
:1068E00006F0004646EA010140EA020081EA03019F
:1068F000B4EB5C04C2BFD4EB0C0541EA045170BD9B
:1069000041F480114FF0000E013C00F3AB8014F114
:10691000360FDEBF002001F0004170BDC4F100045D
:10692000203C35DA0C341BDC04F11404C4F12005DE
:1069300000FA05F320FA04F001FA05F240EA020039
:1069400001F0004221F0004110EBD37021FA04F66F
:1069500042EB06015EEA430E08BF20EAD37070BD29
:10696000C4F10C04C4F1200500FA04F320FA05F088
:1069700001FA04F240EA020001F0004110EBD3708A
:1069800041F100015EEA430E08BF20EAD37070BDFA
:10699000C4F1200500FA05F24EEA020E20FA04F3D3
:1069A00001FA05F243EA020321FA04F001F0004182
:1069B00021FA04F220EA020000EBD3705EEA430EF3
:1069C00008BF20EAD37070BD94F0000F0FD101F022
:1069D0000046400041EB010111F4801F08BF013C5B
:1069E000F7D041EA060195F0000F18BF704703F099
:1069F0000046520043EB030313F4801F08BF013D20
:106A0000F7D043EA0603704794EA0C0F0CEA1355DB
:106A100018BF95EA0C0F0CD050EA410618BF52EA95
:106A20004306D1D181EA030101F000414FF000009B
:106A300070BD50EA410606BF1046194652EA4306A9
:106A400019D094EA0C0F02D150EA013613D195EA1D
:106A50000C0F05D152EA03361CBF104619460AD165
:106A600081EA030101F0004141F0FE4141F470016F
:106A70004FF0000070BD41F0FE4141F4780170BD5F
:106A800070B54FF0FF0C4CF4E06C1CEA11541DBFC4
:106A90001CEA135594EA0C0F95EA0C0F00F0A7F8C6
:106AA000A4EB050481EA030E52EA03354FEA0131F3
:106AB00000F088804FEA03334FF0805545EA131306
:106AC00043EA12634FEA022245EA111545EA1065CE
:106AD0004FEA00260EF000419D4208BF964244F165
:106AE000FD0404F5407402D25B084FEA3202B61A84
:106AF00065EB03055B084FEA32024FF480104FF458
:106B0000002CB6EB020E75EB030E22BFB61A7546CB
:106B100040EA0C005B084FEA3202B6EB020E75EB5E
:106B2000030E22BFB61A754640EA5C005B084FEAC6
:106B30003202B6EB020E75EB030E22BFB61A754693
:106B400040EA9C005B084FEA3202B6EB020E75EB9E
:106B5000030E22BFB61A754640EADC0055EA060E5F
:106B600018D04FEA051545EA16754FEA06164FEAA2
:106B7000C30343EA52734FEAC2025FEA1C1CC0D14E
:106B800011F4801F0BD141EA00014FF000004FF0DB
:106B9000004CB6E711F4801F04BF01430020B4F19C
:106BA000FD0C88BFBCF5E06F3FF6AFAEB5EB030C54
:106BB00004BFB6EB020C5FEA500C50F1000041EB51
:106BC000045170BD0EF0004E4EEA113114EB5C041E
:106BD000C2BFD4EB0C0541EA045170BD41F48011F1
:106BE0004FF0000E013C90E645EA060E8DE60CEAF9
:106BF000135594EA0C0F08BF95EA0C0F3FF43BAF16
:106C000094EA0C0F0AD150EA01347FF434AF95EACC
:106C10000C0F7FF425AF104619462CE795EA0C0FB0
:106C200006D152EA03353FF4FDAE1046194622E77D
:106C300050EA410618BF52EA43067FF4C5AE50EA57
:106C400041047FF40DAF52EA43057FF4EBAE12E747
:106C50004FF0FF3C06E000BF4FF0010C02E000BF28
:106C60004FF0010C4DF804CD4FEA410C7FEA6C5C0B
:106C70004FEA430C18BF7FEA6C5C1BD001B050EAAE
:106C8000410C0CBF52EA430C91EA030F02BF90EA99
:106C9000020F0020704710F1000F91EA030F58BF58
:106CA000994208BF90422CBFD8176FEAE37040F0BA
:106CB000010070474FEA410C7FEA6C5C02D150EA58
:106CC000013C07D14FEA430C7FEA6C5CD6D152EA13
:106CD000033CD3D05DF8040B704700BF84461046D8
:106CE00062468C461946634600E000BF01B5FFF7D7
:106CF000B7FF002848BF10F1000F01BD4DF808EDA7
:106D0000FFF7F4FF0CBF012000205DF808FB00BF77
:106D10004DF808EDFFF7EAFF34BF012000205DF8D1
:106D200008FB00BF4DF808EDFFF7E0FF94BF01201E
:106D300000205DF808FB00BF4DF808EDFFF7CEFF1F
:106D400094BF012000205DF808FB00BF4DF808ED5E
:106D5000FFF7C4FF34BF012000205DF808FB00BF2F
:106D60004FEA410C7FEA6C5C02D150EA013C0AD147
:106D70004FEA430C7FEA6C5C02D152EA033C02D139
:106D80004FF0000070474FF0010070474FEA41029A
:106D900012F5001215D211D56FF47873B3EB62526D
:106DA00012D94FEAC12343F0004343EA505311F094
:106DB000004F23FA02F018BF404270474FF0000026
:106DC000704750EA013005D111F0004008BF6FF064
:106DD000004070474FF00000704700BF4A0011D2DA
:106DE00012F5001211D20DD56FF47873B3EB625225
:106DF0000ED44FEAC12343F0004343EA505323FA31
:106E000002F070474FF00000704750EA013002D1A5
:106E10004FF0FF3070474FF0000070474FEA4102DB
:106E2000B2F1E04324BFB3F5001CDCF1FE5C0DD9E8
:106E300001F0004C4FEAC0024CEA5070B2F1004F32
:106E400040EB830008BF20F00100704711F0804F35
:106E500021D113F13872BCBF01F00040704741F4FA
:106E600080114FEA5252C2F11802C2F1200C10FAFE
:106E70000CF320FA02F018BF40F001004FEAC123E2
:106E80004FEAD32303FA0CFC40EA0C0023FA02F386
:106E90004FEA4303CCE77FEA625307D150EA01335C
:106EA0001EBF4FF0FE4040F44000704701F000402C
:106EB00040F0FE4040F40000704700BF53B94AB9AB
:106EC000002908BF00281CBF4FF0FF314FF0FF30F2
:106ED00000F0A0B9ADF1080C6DE904CE00F03CF86B
:106EE000DDF804E0DDE9022304B0704738B5002284
:106EF000002304460D46FFF70BFF28B9204629461C
:106F0000BDE8384000F00AB8204605F1004100F025
:106F100005F8404261EB410138BD00BFD0B50C4BD4
:106F2000002206460F46FFF781FCFFF757FF044695
:106F3000FFF702FC074B0022FFF778FC02460B46E6
:106F400030463946FFF7BAFAFFF748FF2146D0BD71
:106F50000000F03D0000F0412DE9F047089D0E468D
:106F600004460F46002B4AD194468C45B2FA82F271
:106F700060D942B1C2F12003974020FA03F30CFA22
:106F800002FC1F4394404FEA1C4E1FFA8CF6B7FBDD
:106F9000FEF1230C0EFB117743EA074301FB06F0D9
:106FA00098420AD91CEB030301F1FF3780F01581E9
:106FB000984240F21281023963441B1AA4B2B3FB17
:106FC000FEF00EFB103344EA034400FB06F6A64233
:106FD0000AD91CEB040400F1FF3380F00081A642C3
:106FE00040F2FD806444023840EA0140A41B0021C5
:106FF0001DB1D4400023C5E90043BDE8F0878B42B2
:1070000005D90DB1C5E9000100210846F5E7B3FA3D
:1070100083F1002946D1B34202D3824200F2F580C7
:10702000841A66EB030201201746002DE5D0C5E95E
:107030000047E2E7002A40F09380A1EB0C034FEAFF
:107040001C471FFA8CFE0121B3FBF7F607FB163035
:10705000230C43EA00430EFB06F0984208D91CEBD0
:10706000030306F1FF3802D2984200F2D080464670
:107070001B1AA4B2B3FBF7F007FB103344EA034436
:107080000EFB00FEA64508D91CEB040400F1FF33FB
:1070900002D2A64500F2B6801846A4EB0E0440EAE0
:1070A0000640A5E7C1F120078B4022FA07FC4CEA15
:1070B000030C06FA01FE20FA07F426FA07F344EA65
:1070C0000E0400FA01F84FEA1C404FEA1449B3FBE2
:1070D000F0FE1FFA8CF600FB1E3349EA03430EFB59
:1070E00006F9994502FA01F20BD91CEB03030EF1E4
:1070F000FF3A80F08580994540F28280AEF1020E21
:107100006344A3EB0909A4B2B9FBF0F300FB1399A4
:1071100044EA094403FB06F6A64208D91CEB040422
:1071200003F1FF3068D2A64266D9023B644443EAC9
:107130000E40A41BA0FB02E6B4427346B14652D3F4
:107140004FD05DB1B8EB030264EB090404FA07F712
:1071500022FA01F31F43CC40C5E9007400214CE73B
:10716000C2F1200120FA01F30CFA02FC26FA01F127
:10717000964033434FEA1C471FFA8CFEB1FBF7F0F1
:1071800007FB1016190C41EA064100FB0EF68E4271
:1071900004FA02F408D91CEB010100F1FF382DD2EA
:1071A0008E422BD902386144891B9BB2B1FBF7F6A2
:1071B00007FB161143EA014306FB0EF1994208D979
:1071C0001CEB030306F1FF3814D2994212D9023E98
:1071D00063445B1A46EA004136E73946EDE6184655
:1071E00002E7F045ADD2BEEB020366EB0C060138B8
:1071F000B146A6E74646ECE7034698E74046D3E7A4
:10720000D6467EE76444023847E708460DE7023E6B
:1072100063442DE7704700BF30B589B00024009467
:107220001B4B1A6B42F004021A631A6B02F0040241
:107230000092009A01941A6B42F001021A631A6BD1
:1072400002F001020192019A02941A6B42F00202CA
:107250001A631B6B03F002030293029B03940494D2
:107260000594069407940B4D01224FF400512846D3
:1072700001F0C2FC4FF400530393012304930594DF
:10728000069403A9284601F057FB09B030BD00BFA2
:10729000003802400008024010B514464FF0FF339A
:1072A00092B2024802F044FD204610BD480400207E
:1072B0000368B3F1804F00D07047054B1B781BB1BA
:1072C000044A136801331360014B01221A70F3E77B
:1072D000640300206003002008B500F03DFE08BDF7
:1072E00000B583B072B64FF40051064801F0A0FC1F
:1072F00000230193019A044B9A42F4DC019B013371
:107300000193F7E7000802403F420F0000B595B037
:107310003022002108A8FAF717FD002303930493F5
:107320000593069307930193214A116C41F0805114
:107330001164126C02F080520192019A02931D4B6B
:107340001A6842F480421A601B6803F48043029377
:10735000029B012308934FF48033099302230E9379
:107360004FF480020F92082210924FF4A8721192EB
:1073700012930723139308A800F0BAFE98B90F23BD
:10738000039302230493002305934FF4A053069321
:107390004FF480530793052103A801F095F920B914
:1073A00015B05DF804FBFFF79BFFFFF799FF00BFE7
:1073B000003802400070004030B589B000240194CC
:1073C000204B1A6C42F400321A641A6C02F4003238
:1073D0000192019A02941A6B42F001021A631B6B2C
:1073E00003F001030293029B039404940594069412
:1073F00007940C250395022304930122059206931A
:10740000072307930DEB05010F4801F095FA0F488C
:107410000F4B03604FF4E13343608460C460046148
:1074200045618461C46102F0EDFB48B90022062188
:10743000262000F017FE262000F038FE09B030BDEF
:10744000FFF74EFF003802400000024048040020D1
:107450000044004010B588B0002401941D4B1A6C04
:1074600042F400121A641A6C02F400120192019A9A
:1074700002941A6B42F002021A631B6B03F00203C0
:107480000293029B03940494059406940794C023EA
:1074900003931223049301230593032306930423E8
:1074A000079303A90C4801F047FA0C480C4B036002
:1074B0000C4B43608460C4604FF4804303614461BB
:1074C0008461C461046201F0B1FE08B908B010BD66
:1074D000FFF706FF0038024000040240D8040020F5
:1074E00000540040801A060010B588B000240194B2
:1074F000214B5A6C42F010025A645A6C02F010028E
:107500000192019A02941A6B42F001021A631B6BFA
:1075100003F001030293029B0394049405940694E0
:1075200007944FF4C063039302230493012305934C
:10753000032306930723079303A9104801F0FCF9DE
:107540000F48104B0360104B43608460C4600461BB
:107550000C2343618461C46102F054FB48B90022EA
:107560000521252000F07EFD252000F09FFD08B0BC
:1075700010BDFFF7B5FE00BF00380240000002401A
:107580009004002000100140A068060000B583B000
:1075900000230193144A116C41F001011164126C33
:1075A00002F001020192019A10484FF080420260FD
:1075B00053224260836040F2E732C260036180235D
:1075C000836103F0BBF868B9002204211C2000F09D
:1075D00049FD1C2000F06AFD044802F00FFF03B0D3
:1075E0005DF804FBFFF77CFE003802400004002039
:1075F0002DE9F04D2DED028B90B000F093FCFFF7DC
:1076000085FEFFF709FEFFF7D7FEFFF723FF864849
:1076100004F05AF9854804F013FA04F03FFE05F02F
:1076200087F9FFF761FF824805F05EFB05F09AFCE1
:107630008048FAF76FFA00F0D9FF01467E48FDF75F
:1076400021F804F0F9F901467D227C48FDF71AF88B
:107650007B48FAF75FFA7B497B48FDF713F87B48D4
:10766000FAF758FA7A48FAF755FA7A4900230B7074
:10767000794800F08FF918B9764B197868290DD040
:107680007648FAF747FAFFF781FF7548FAF742FAAA
:1076900000F06EFC06460024254674E07148FCF7B5
:1076A000F1FF6D4800F084F958BB6F48FAF732FAE1
:1076B0006E48FAF72FFA6E4C4FF47A7221466648FC
:1076C00000F020FAA56BD4F83C80606BFFF756F809
:1076D00006460F464046FFF751F8CDE9020128461D
:1076E000FFF74CF8CDE9000132463B466148FCF714
:1076F000C9FF002323646364A3645F4B01221A70F3
:10770000C1E75E48FAF706FABDE75D4B00221A7042
:107710005C4A136801331360574B1B78002B39D137
:107720009FED598AB0EE480A05F028FC0FAB0EAA6F
:107730000DA9B0EE480A4E4804F060FEDDED0F1AC8
:107740009DED0E1ADDED0D0A504B93ED030A04F08A
:10775000D5FFB0EE480A05F05FF904F087F910B1E3
:107760000135132D2AD80134F92C55D800F000FC2E
:10777000831BB3F57A7F06D3424B1968444A1160E4
:1077800000221A6006463E4B1B78002BBDD104F048
:107790009FF9F8E73649304800F072F90028BFD168
:1077A0009FED398A324FB0EE480A384600F0F8F9BA
:1077B000B0EE480A384600F02BFBB1E72C4B5D6C6D
:1077C000DF69D3F828A0D3F820B0D3F82C80186C48
:1077D000FEF7D4FFCDE90A014046FEF7CFFFCDE921
:1077E00008015846FEF7CAFFCDE906015046FEF7EC
:1077F000C5FFCDE904013846FEF7C0FFCDE902011F
:107800002846FEF7BBFFCDE90001DDE90A23214848
:10781000FCF738FF0025A6E74FF400511E4801F0A1
:1078200007FA0024A2E700BFB803002048040020A4
:1078300090040020C0D50008E8D50008FCD5000859
:1078400044D60008A068060084D60008ACD600081C
:10785000F4D60008B5030020D804002008D800089A
:1078600044D8000838D7000854D7000890D700083B
:1078700068030020B4D70008B4030020D8D700085C
:10788000640300205C0300206F12833A7C05002013
:107890005803002050D8000800080240FEE7FEE729
:1078A000FEE7FEE7FEE7FEE770477047704700001F
:1078B00008B5024802F02CFB08BD00BF9004002070
:1078C00008B5024802F024FB08BD00BF48040020B0
:1078D00008B5024802F01BFE08BD00BF00040020EE
:1078E000034AD2F8883043F47003C2F888307047F6
:1078F00000ED00E0B5EEC00AF1EE10FA09DBDFEDB5
:10790000057AB4EEE70AF1EE10FA02D8024B83EDE5
:10791000000A70470000FA43D8010020B5EEC00A03
:10792000F1EE10FA09DBDFED057AB4EEE70AF1EECD
:1079300010FA02D8024B83ED000A70470000FA43A8
:10794000D4010020DFED087AB4EEE70AF1EE10FA78
:1079500009DDF2EE047AB4EEE70AF1EE10FA02D88D
:10796000024B83ED000A70470AD7233CD001002068
:10797000014B93ED000A7047D8010020014B93EDB5
:10798000000A7047D4010020014B93ED000A7047B4
:10799000D001002000B585B0642302930123019338
:1079A00000917522D02101F049FE05B05DF804FB7D
:1079B00010B586B004460DF11701FFF7EBFF20B9B3
:1079C0009DF81730682B02D0012006B010BD0123AE
:1079D0008DF816306422029201930DF11602009286
:1079E0006B22D021204601F06BFD0028EDD10A204A
:1079F00000F0C4FA01238DF816306422029201933C
:107A00000DF1160200921A22D021204601F058FDF5
:107A10000028DAD18DF81600642302930123019324
:107A20000DF1160200921922D021204601F048FDE6
:107A30000028CAD108238DF816306423029301234D
:107A400001930DF1160200921C22D021204601F074
:107A500037FD0028B9D108238DF81630642302932E
:107A6000012301930DF1160200921B22D021204622
:107A700001F026FD014B00221A70A6E72C0500201C
:107A800010B588B00C46642302930E23019304AB17
:107A9000009301233B22D02101F0D0FD80BB9DF853
:107AA00010209DF8113043EA022323809DF8122014
:107AB0009DF8133043EA022363809DF814209DF85B
:107AC000153043EA0223A3809DF816209DF8173055
:107AD00043EA0223A3819DF818209DF8193043EA58
:107AE0000223E3809DF81A209DF81B3043EA02230D
:107AF00023819DF81C209DF81D3043EA02236381F9
:107B000008B010BDF8B52DED048B07460D4616469E
:107B100000249FED218AF0EE488AB0EE489A04E0F6
:107B2000022000F02BFA0134A4B2B4421ED229463E
:107B30003846FFF7A5FF0028F2D1B5F9063007EE69
:107B4000903AF8EEE77A39EE279AB5F9083007EE61
:107B5000903AF8EEE77A78EEA78AB5F90A3007EEA0
:107B6000903AF8EEE77A38EE278AD9E707EE906A7E
:107B7000F8EEE77A89EE277A85ED0D7A88EEA77A16
:107B800085ED0E7A88EE277A85ED0F7A034B002279
:107B90001A70BDEC048BF8BD000000002C0500201D
:107BA000B0F9003007EE903AF8EEE77A9FED8C7A64
:107BB00027EE874AB0F9023007EE903AF8EEE77AFE
:107BC00067EE874AB0F9043007EE903AF8EEE77AAC
:107BD00067EE877AB0F9063007EE103AD0ED0D6AFD
:107BE000B8EEC77A37EE667A9FED7E5AC7EE055A31
:107BF000B0F9083007EE103AD0ED0E6AB8EEC77A49
:107C000037EE667A87EE056AB0F90A3007EE103A69
:107C1000D0ED0F6AB8EEC77A37EE667AC7EE056A1E
:107C2000C0ED0A5A80ED0B6AC0ED0C6A6E4B1B78F2
:107C3000A3B96E4BC3ED005A6D4B83ED006A6D4BDB
:107C4000C3ED006A6C4B83ED004A6C4BC3ED004AF8
:107C50006B4BC3ED007A644B01221A70634B93EDBA
:107C6000003A684B93ED007AB5EEC07AF1EE10FA67
:107C700011D99FED655A27EE055AF7EE002AC2EE9C
:107C8000853A70EE233A80EE235A75EEC35A65EEBC
:107C9000255A73EE255A554BC3ED005A544B93EDBC
:107CA000003AB5EEC07AF1EE10FA11D99FED565AAE
:107CB00027EE055AF7EE002AC2EE853A70EE233A17
:107CC00080EE235A36EE436A25EE066A33EE066AE4
:107CD000474B83ED006A474BD3ED003AB5EEC07ACF
:107CE000F1EE10FA11D99FED485A27EE057AB7EE5A
:107CF000003A83EE075A30EE055A80EE057A76EEAA
:107D0000E36A67EE266A73EEA66A3A4BC3ED006A31
:107D1000394B93ED003A3D4B93ED007AB5EEC07AC6
:107D2000F1EE10FA11D99FED385A27EE055AF7EE09
:107D3000002AC2EE853A70EE233A80EE235A34EEE2
:107D4000434A25EE044A33EE044A2B4B83ED004AA6
:107D50002A4B93ED003AB5EEC07AF1EE10FA11D944
:107D60009FED295A27EE055AF7EE002AC2EE853A12
:107D700070EE233A80EE235A74EEC34A65EE244A2D
:107D800073EE244A1D4BC3ED004A1D4BD3ED003A60
:107D9000B5EEC07AF1EE10FA11D99FED1B5A27EE1D
:107DA000057AB7EE003A83EE075A30EE057A80EE98
:107DB000075A37EEE37A27EE057A73EE877A104B8F
:107DC000C3ED007AC0ED075A80ED086AC0ED096A7C
:107DD00080ED044AC0ED054AC0ED067A704700BF49
:107DE00000000039000083422C05002040050020DF
:107DF0003C05002038050020340500203005002017
:107E0000CC010020D8010020DB0FC940D4010020A4
:107E100010B52DED068B0446B0EE408AD0ED059AE4
:107E200090ED069AF0EE490AB0EE690AFEF776F98F
:107E30009FED26AA60EE0A8AD4ED04AA69EEA99AFB
:107E400029EE099A39EE890AFEF746F9F0EE400A62
:107E5000B1EE6A0AFEF762F920EE0A0A1C4BD3ED76
:107E6000007A37EE887AC7EE876AD4ED107A94EDFF
:107E7000077A27EE087A77EE877A67EEA67AB7EE6A
:107E8000007A37EE667A67EE288A77EEA87AC4ED34
:107E9000107AD4ED117A94ED086A26EE086A77EE2E
:107EA000867A67EEA67A27EE007A77EE877AC4EDB7
:107EB000117AD4ED127A94ED097A27EE087A77EEEA
:107EC000877AC4ED127ABDEC068B10BDE62E6542B2
:107ED000D00100207047000010B504460E4B1A7800
:107EE0004FF47A73B3FBF2F30C4A1068B0FBF3F073
:107EF00000F0EAF868B90F2C01D901200AE000224D
:107F000021464FF0FF3000F0ADF8054B1C6000201B
:107F100000E0012010BD00BFDC010020C8010020EE
:107F2000E001002008B50B4B1A6842F400721A6099
:107F30001A6842F480621A601A6842F480721A6009
:107F4000032000F071F80F20FFF7C6FFFFF7C2FF14
:107F5000002008BD003C0240034A1168034B1B7817
:107F60000B441360704700BF44050020DC01002073
:107F7000014B1868704700BF4405002038B504461F
:107F8000FFF7F6FF0546B4F1FF3F02D0044B1B7824
:107F90001C44FFF7EDFF401BA042FAD338BD00BFE1
:107FA000DC010020002807DB00F01F02400901234C
:107FB0009340024A42F82030704700BF00E100E0E1
:107FC000002808DB0901C9B200F1604000F56140FA
:107FD00080F80013704700F00F000901C9B2014B8F
:107FE0001954704714ED00E000B500F00700C0F12F
:107FF000070CBCF1040F28BF4FF0040C031D062B27
:108000000FD9C31E4FF0FF3E0EFA0CF021EA00011B
:1080100099400EFA03FE22EA0E0241EA02005DF8E0
:1080200004FB0023EEE7000010B50446C31E042B3A
:108030000FD80A4AD36823F4E0631B041B0C240204
:1080400004F4E064234343F0BF6343F40033D3609C
:1080500010BD90210248FFF721FCEAE700ED00E0A7
:1080600090D8000870B506460C4615460F2A0ED863
:108070000F2C11D80B4BD8682A462146C0F302209A
:10808000FFF7B2FF01463046FFF79AFF70BDA82107
:108090000548FFF703FCEBE7A9210348FFF7FEFBC8
:1080A000E8E700BF00ED00E090D8000810B5041E1E
:1080B00003DB2046FFF776FF10BDBC210148FFF728
:1080C000EDFBF6E790D800080138B0F1807F0BD2C5
:1080D0004FF0E0235861054AF02182F82310002078
:1080E000986107221A6170470120704700ED00E097
:1080F000002800F05E8270B582B0044603680F2B42
:1081000039D8236813F0010F4DD063682BB1B3F554
:10811000803F02D0B3F5A02F32D1804B9B6803F093
:108120000C03042B36D07D4B9B6803F00C03082B0B
:108130002BD06368B3F5803F5FD0B3F5A02F62D03A
:10814000764B1A6822F480321A601A6822F4802270
:108150001A606368002B60D0FFF70AFF05466F4B7B
:108160001B6813F4003F1ED1FFF702FF401B642879
:10817000F5D9032024E2E6216948FFF78FFBC0E729
:10818000EB216748FFF78AFBC7E7644B5B6813F492
:10819000800FCED0614B1B6813F4003F03D063689F
:1081A000002B00F00882236813F0020F66D0E3680A
:1081B000012B41D823691F2B44D8584B9B6813F0DF
:1081C0000C0F4AD0554B9B6803F00C03082B3FD093
:1081D000E368002B77D0534B01221A60FFF7C8FEEB
:1081E00005464E4B1B6813F0020F63D1FFF7C0FE2C
:1081F000401B0228F5D90320E2E1484A136843F402
:1082000080331360A5E7454B1A6842F480221A6058
:108210001A6842F480321A609BE7FFF7A9FE054610
:108220003E4B1B6813F4003FBDD0FFF7A1FE401B7F
:108230006428F5D90320C3E140F21D113848FFF747
:108240002DFBB7E74FF48F713548FFF727FBB4E7F5
:10825000324B5B6813F4800FBAD1304B1B6813F0BC
:10826000020F03D0E368012B40F0A7812B4A13686B
:1082700023F0F803216943EAC1031360236813F074
:10828000080F51D06369012B2FD863699BB3254B2D
:108290000122C3F8802EFFF76BFE05461F4B5B6F74
:1082A00013F0020F40D1FFF763FE401B0228F5D9FF
:1082B000032085E1194A136823F0F803216943EA92
:1082C000C1031360DAE7174B00221A60FFF750FE74
:1082D0000546124B1B6813F0020FCFD0FFF748FE84
:1082E000401B0228F5D903206AE14FF4AF710C4816
:1082F000FFF7D4FAC9E70B4B0022C3F8802EFFF733
:1083000037FE0546054B5B6F13F0020F0CD0FFF7ED
:108310002FFE401B0228F5D9032051E1003802400E
:10832000D8D8000800004742236813F0040F7CD01F
:10833000A368012B01D9052B38D1A54B1B6C13F079
:10834000805F39D100230193A14B1A6C42F0805217
:108350001A641B6C03F080530193019B01259D4B14
:108360001B6813F4807F29D0A368012B3AD0052B1A
:108370003ED0974B1A6F22F001021A671A6F22F053
:1083800004021A67A368002B3CD0FFF7F1FD0646F4
:108390008F4B1B6F13F0020F45D1FFF7E9FD801BD8
:1083A00041F288339842F3D9032009E14FF4C571B3
:1083B0008948FFF773FAC0E70025D0E7854A1368BC
:1083C00043F480731360FFF7D3FD0646814B1B68AF
:1083D00013F4807FC8D1FFF7CBFD801B0228F5D9AD
:1083E0000320EDE07A4A136F43F001031367C9E7F6
:1083F000774B1A6F42F004021A671A6F42F00102BB
:108400001A67BFE7FFF7B4FD0646714B1B6F13F009
:10841000020F08D0FFF7ACFD801B41F28833984271
:10842000F3D90320CCE0002D3CD1A369022B3FD827
:10843000A369002B00F0C380654A926802F00C0229
:10844000082A00F09180022B7AD1E36913B1B3F5C9
:10845000800F33D1236A023B3D2B35D8636A323B10
:10846000B3F5BF7F36D8A26A082A39D84FF4AA7369
:10847000D34013F0010F33D0E36A023B0D2B35D804
:10848000564B00221A66FFF773FD0546504B1B68DA
:1084900013F0007F30D0FFF76BFD401B0228F5D9A9
:1084A00003208DE04A4A136C23F080531364BCE729
:1084B00040F2CD114848FFF7F1F9B9E74FF4EB71FD
:1084C0004548FFF7EBF9C5E740F2D7114248FFF7FF
:1084D000E5F9C3E74FF4EC713F48FFF7DFF9C2E776
:1084E00040F2D9113C48FFF7D9F9C5E74FF4ED71D7
:1084F0003948FFF7D3F9C3E7E369226A1343626A95
:1085000043EA8213A26A5208013A43EA0243E26A4A
:1085100043EA02632E4A5360304B01221A66FFF78A
:1085200027FD04462A4B1B6813F0007F06D1FFF796
:108530001FFD001B0228F5D9032041E000203FE089
:10854000264B00221A66FFF713FD0446204B1B68DA
:1085500013F0007F06D0FFF70BFD001B0228F5D9B2
:1085600003202DE000202BE0012B2BD0184B5B6863
:1085700003F48001E269914226D103F03F02216AAF
:108580008A4223D1616A47F6C0721A40B2EB811F5A
:1085900026D103F44031A26A5208013AB1EB024FEE
:1085A00020D103F07063E26AB3EB026F1CD10020AC
:1085B00006E001207047012002E0012000E00020D9
:1085C00002B070BD0120FBE70120F9E70120F7E7C9
:1085D0000038024000700040D8D800080000474230
:1085E0000120EDE70120EBE70120E9E708B5334B77
:1085F0009B6803F00C03042B5BD0082B5BD12F4B43
:108600005A6802F03F025B6813F4800F2CD02B4BAA
:108610005868C0F388104FEA401CBCEB000C6EEBAE
:108620000E0E4FEA8E1343EA9C634FEA8C11B1EBB6
:108630000C0163EB0E03DB0043EA5173C90011EB3D
:10864000000C43F10003590200234FEA4C2041EA99
:10865000DC51FEF733FC194B5B68C3F30143013374
:108660005B00B0FBF3F008BD144B5868C0F38810F2
:108670004FEA401CBCEB000C6EEB0E0E4FEA8E1363
:1086800043EA9C634FEA8C11B1EB0C0163EB0E03E0
:10869000DB0043EA5173C90011EB000C43F1000306
:1086A000990200234FEA8C2041EA9C51FEF706FC18
:1086B000D1E70348D7E70348D5E700BF00380240B9
:1086C00000127A000024F400002800F0FA8070B54F
:1086D0000D4604460368013B0E2B32D8072D36D8D1
:1086E0007C4B1B6803F00703AB4208D2EBB2794A1C
:1086F0001370136803F00703AB4240F0E480236873
:1087000013F0020F3ED013F0040F04D0724A9368A6
:1087100043F4E0539360236813F0080F04D06E4ACB
:10872000936843F460439360A36823B3C02B22D0C3
:1087300016D8A02B1FD010D8802B1CD0902B1AD06D
:1087400014E040F25A216548FFF7A8F8C6E740F266
:108750005B216248FFF7A2F8C2E7B02B0BD005E01F
:10876000E02B08D0F02B06D0D02B04D040F27E2195
:108770005A48FFF793F8584A936823F0F003A1682A
:108780000B439360236813F0010F3CD06368032B05
:1087900025D86368012B28D09A1E012A2CD94E4A6D
:1087A000126812F0020F00F090804B498A6822F0A4
:1087B000030213438B60FFF7DBFB0646464B9B68C7
:1087C00003F00C036268B3EB820F1CD0FFF7D0FB01
:1087D000801B41F288339842F0D9032064E040F2D4
:1087E00085213E48FFF75AF8D3E73B4A126812F456
:1087F000003FDAD1012057E0374A126812F0007FBB
:10880000D3D1012050E0334B1B6803F00703AB4288
:1088100007D9EAB22F4B1A701B6803F00703AB426B
:1088200055D1236813F0040F14D0E3685BB1B3F59E
:10883000805F08D0B3F5A05F05D0B3F5C05F02D06C
:10884000B3F5E05F31D1244A936823F4E053E16843
:108850000B439360236813F0080F15D023695BB1B5
:10886000B3F5805F08D0B3F5A05F05D0B3F5C05F66
:1088700002D0B3F5E05F1ED1174A936823F460433A
:10888000216943EAC1039360FFF7B0FE124B9B6876
:10889000C3F30313124AD35CD840124B1860124B37
:1088A0001868FFF719FB002070BD40F2C3210B4888
:1088B000FEF7F4FFC7E740F2CA210848FEF7EEFFD3
:1088C000DAE7012070470120EEE70120ECE7012004
:1088D000EAE700BF003C024000380240D8D8000858
:1088E0000CE30008C8010020E0010020014B1868DB
:1088F000704700BFC801002008B5FFF7F7FF044B21
:108900009B68C3F38223034AD35CD84008BD00BFF1
:108910000038024004E3000808B5FFF7E7FF044B06
:108920009B68C3F34233034AD35CD84008BD00BF01
:108930000038024004E300082DE9F04182B0074608
:108940000E46A84B984223D003F5806398421FD06F
:1089500003F5806398421BD003F58063984217D0DB
:1089600003F58063984213D003F5806398420FD0DB
:1089700003F5806398420BD003F58063984207D0DB
:1089800003F58063984203D0AC219748FEF786FF39
:1089900033689AB212B1B3F5803F03D3AD21924848
:1089A000FEF77CFF7368B3F5041F1BD00DD8B3F539
:1089B000881F17D005D8032B14D9113B012B11D9CF
:1089C0000CE0B3F5901F0DD008E0B3F5441F09D0BB
:1089D000B3F5481F06D0B3F5081F03D0AE21824877
:1089E000FEF75CFF00247AE0F368032B13D8BA6823
:1089F000610003238B4022EA0302F3688B40134398
:108A0000BB607A6822EA05027368C3F30013A340CF
:108A100013437B6074E0C0217348FEF73FFFE6E735
:108A2000D1217148FEF73AFF72E033694BB1013B47
:108A30000E2B17D844F6FF3222FA03F313F0010F7E
:108A400010D0E208083257F8220004F0070189002C
:108A50000F238B4020EA030033698B40034347F820
:108A6000223065E0DE216048FEF718FFE9E70723C2
:108A700000E000238B40034302325C4941F822307E
:108A80005B4B9A686FEA080322EA0801706810F4E9
:108A9000801F01D048EA0201554A9160D26803EA7A
:108AA0000201706810F4001F01D048EA0201504A28
:108AB000D160526803EA0201706810F4003F01D0EF
:108AC00048EA02014A4A516012681340716811F481
:108AD000803F01D048EA0203454A136001340F2C5D
:108AE0007DD80125A540336803EA050835EA03036C
:108AF000F4D1736803F00303013B012B7FF674AFDD
:108B0000736803F00303032B0CD0B368022B87D8E0
:108B1000FA68610003238B4022EA0302B3688B40AA
:108B20001343FB60736803F00303022B3FF47DAF34
:108B30003A68610003238B4022EA0302736803F062
:108B400003038B4013433B60736813F4403FC5D06D
:108B500000230193274B5A6C42F480425A645B6CA9
:108B600003F480430193019BA208911C1F4B53F80F
:108B7000210004F0030189000F238B4020EA030049
:108B8000184B9F423FF475AF03F580639F421AD0A4
:108B900003F580639F4218D003F580639F4216D08F
:108BA00003F580639F4214D003F580639F4212D087
:108BB00003F580639F4210D003F580639F423FF42A
:108BC00056AF082356E7012354E7022352E7032355
:108BD00050E704234EE705234CE706234AE702B09B
:108BE000BDE8F0810000024020D9000800380140B3
:108BF000003C01400038024070B5054614460E4660
:108C000021B1012C08D86CB1AE6170BD40F29D114C
:108C10000648FEF743FEF4E74FF4CF710348FEF732
:108C20003DFEF0E73604AE61EFE700BF20D9000853
:108C300038B505460C4641B16B6904EA030224EAE3
:108C4000030444EA0244AC6138BD4FF4DB710248CE
:108C5000FEF724FEF0E700BF20D9000870B50446F7
:108C6000866DFFF785F994F83530DBB2022B06D01C
:108C700080236365002384F83430012070BD0546ED
:108C80002268136823F0160313602268536923F0E7
:108C900080035361236CE3B12268136823F0080357
:108CA00013602268136823F00103136023681B68B4
:108CB00013F0010F11D0FFF75BF9431B052BF5D91A
:108CC00020236365032084F83500002384F83430C2
:108CD000D4E7A36C002BDFD1E3E7E26D3F239340A1
:108CE000B360012384F83530002084F83400C5E7F0
:108CF00090F83530DBB2022B03D08023436501208E
:108D00007047052380F835300268136823F00103AB
:108D100013600020704703685A6912F4806F01D114
:108D2000002070476FF480625A61002303632022A1
:108D300080F83D2080F83E30026C42F0040202646C
:108D400080F83C30012070472DE9F04106460C4682
:108D5000174698463BE0FFF70BF9069BC01A4045C3
:108D600002D8B8F1000F32D1012D18D033689B69B9
:108D700024EA03039BB2B3FA83F35B099F4226D133
:108D800000233363202286F83D2086F83E30326C83
:108D900042F02002326486F83C30012027E033683C
:108DA0005B6924EA03039BB2B3FA83F35B09E5E74B
:108DB00033685B6924EA030C1FFA8CFCBCFA8CFC58
:108DC0004FEA5C1C674511D1B8F1FF3FC3D1C4F332
:108DD0000745012DECD033689B6924EA030C1FFA88
:108DE0008CFCBCFA8CFC4FEA5C1CEBE70020BDE875
:108DF000F0812DE9F84305460E469046994653E02A
:108E00001A6842F400721A602B686FF480625A612B
:108E100000232B63202285F83D2085F83E302A6C04
:108E200042F004022A6485F83C3001204AE0FFF752
:108E30009FF8A0EB0900404502D8B8F1000F33D1EC
:108E4000012F17D02B689B6926EA03039BB2003BD6
:108E500018BF012343B300232B63202285F83D2054
:108E600085F83E302A6C42F020022A6485F83C30B6
:108E7000012027E02B685B6926EA03039BB2003BD5
:108E800018BF0123E6E72B689C6926EA0404A4B214
:108E9000003C18BF0124A4B12B685A6912F4806FFA
:108EA000AED1B8F1FF3FC2D1C6F30747012FEAD1D7
:108EB0002B685C6926EA0404A4B2003C18BF0124B4
:108EC000E9E70020BDE8F88370B504460D46164674
:108ED00023685B6913F0800F21D12046FFF71BFF49
:108EE000F8B9B5F1FF3FF3D0FFF742F8801BA84275
:108EF00001D8002DECD123685B6913F0800FE7D116
:108F000000232363202284F83D2084F83E30226C25
:108F100042F02002226484F83C30012000E000206E
:108F200070BD0120FCE700002DE9F04385B0044648
:108F30000D4691461F46DDF830800D9E0368196886
:108F400041F4807119600096434600224FF00111F0
:108F5000FFF7FAFE60B9236805F0FE051D61334690
:108F6000424626492046FFF744FF68B1012008E049
:108F700023681B6813F4807F02D04FF400732364CE
:108F8000032005B0BDE8F0830023039323685A69EA
:108F900003929B690393039B324641462046FFF7A9
:108FA00093FF30B9012F0FD123685FFA89F61E6154
:108FB000E7E7236C042B01D00120E2E72268136865
:108FC00043F400731360F7E723684FEA19221A612C
:108FD000324641462046FFF777FF20B923685FFA03
:108FE00089F61E61CDE7236C042B01D00120C8E770
:108FF0002268136843F400731360F7E7020001006E
:109000002DE9F04784B004460D46164699460C9F5C
:10901000DDF834800268136843F4806313600368EA
:10902000196841F480711960CDF800803B46002238
:109030004FF00111FFF788FE70B95FFA85FA2368D7
:1090400005F0FE051D6143463A4641492046FFF7BB
:10905000D0FE68B1012008E023681B6813F4807F0C
:1090600002D04FF400732364032004B0BDE8F087FE
:109070000023039323685A6903929B690393039B1C
:10908000424639462046FFF71FFF80B9B9F1010F6C
:1090900018D12368F6B21E61424639462046FFF7D2
:1090A00013FF68B3236C042B24D00120DDE7236C6D
:1090B000042B01D00120D8E72268136843F4007321
:1090C0001360F7E72368320A1A61424639462046A0
:1090D000FFF7FAFE18B92368F6B21E61DCE7236CCD
:1090E000042B01D00120C0E72268136843F4007309
:1090F0001360F7E72268136843F400731360D4E742
:109100002268136843F480731360CDF800803B46F7
:1091100000224FF001112046FFF716FE68B92268C1
:109120004AF00103136143463A4609492046FFF7D6
:1091300060FE002899D0012097E723681B6813F48C
:10914000807F02D04FF40073236403208DE700BFBB
:109150000200010070B504460D46164623685B699F
:1091600013F0040F21D12046FFF7D5FDF8B9B5F172
:10917000FF3FF3D0FEF7FCFE801BA84201D8002D74
:10918000ECD123685B6913F0040FE7D1002323635C
:10919000202284F83D2084F83E30226C42F02002E8
:1091A000226484F83C30012000E0002070BD0120E2
:1091B000FCE770B504460D46164614E06FF0100249
:1091C0005A6100232363202284F83D2084F83E3036
:1091D000226C226484F83C30012025E023685B691E
:1091E00013F0400F10D02368586910F0400F1AD1C7
:1091F000586910F0100FE1D1FEF7BAFE801BA842AB
:10920000ECD8002DEFD1E9E700232363202284F876
:109210003D2084F83E30226C42F02002226484F823
:109220003C30012000E0002070BD7047002800F0B5
:10923000338170B504460368994A93420CD002F515
:109240008062934208D002F58062934204D040F2DB
:10925000C9119448FEF722FB6368013B924A93428E
:109260006ED8A36813B1B3F5804F6FD1E368B3F53F
:10927000806F71D22369B3F5804F02D0B3F5404FB0
:1092800070D16369012B73D8A36933F0FE0375D1E4
:10929000E3690BB1402B77D1236A0BB1802B79D1D5
:1092A00094F83D30002B7BD0242384F83D30226895
:1092B000136823F0010313602268136843F400432A
:1092C00013602268136823F400431360FFF714FB54
:1092D0006268764B9A4269D8754B98428CBF0023DE
:1092E0000123002B40F0DA807249A1FB00318B0C86
:1092F00025686A6822F03F0242EA91426A6021686A
:109300000A6A22F03F026668684DAE4254D80133C3
:1093100013430B622168CA6922F44F4222F0FF0214
:109320006568624B9D4251D8431E6D00B3FBF5F357
:10933000013340F6FC7003427ED0C3F30B037CE0A4
:109340004FF4E5715748FEF7A9FA8AE740F2CB11CE
:109350005448FEF7A3FA89E74FF4E6715148FEF747
:109360009DFA87E740F2CD114E48FEF797FA88E75D
:109370004FF4E7714B48FEF791FA85E740F2CF11C1
:109380004848FEF78BFA83E74FF4E8714548FEF74B
:1093900085FA81E740F2D1114248FEF77FFA7FE774
:1093A00084F83C302046FFF740FF7DE7424B98426F
:1093B0008CBF0023012394E74FF4967505FB03F35C
:1093C0003E4DA5FB03539B090133A1E7A668C6B92F
:1093D000431E05EB450CB3FBFCF30133C3F30B0356
:1093E000B3FA83F35B09002B54D1C6B9431E05EBD6
:1093F0004505B3FBF5F30133C3F30B0343F400431B
:109400001BE0431E05EB850C0CEB8C0CB3FBFCF353
:109410000133C3F30B03B3FA83F35B09E3E7431EA2
:1094200005EB850505EB8505B3FBF5F30133C3F3C8
:109430000B0343F4404300E004231A43CA6121684C
:109440000B6823F0C003E269206A024313430B60F8
:1094500021688B6823F4034323F0FF032269E0684B
:10946000024313438B602168CB6823F0FF036269DA
:10947000A06902431343CB602268136843F00103E1
:10948000136000202064202384F83D30206384F89A
:109490003E0070BD0123D0E7012070470120F8E7AE
:1094A0000054004068D900087F1A0600A086010019
:1094B0007F841E0083DE1B43FF083D00D34D6210F6
:1094C0002DE9F04383B00446884691461F460C9E22
:1094D000FEF74EFD0546012F01D0102F08D194F85C
:1094E0003D30DBB2202B09D0022003B0BDE8F08371
:1094F00040F6CD114E48FEF7D1F9F0E7009519235B
:1095000001224C492046FFF71FFC002840F08980CB
:1095100094F83C30012B00F08680012384F83C3025
:1095200023681A6812F0010F03D11A6842F0010291
:109530001A602268136823F400631360212384F8FF
:109540003D30402384F83E30002323640A9B63624D
:10955000BDF82C306385638D2385374BE36201951D
:1095600000963B464A4641462046FFF7DDFC002870
:109570005BD1238D002B35D02A4631462046FFF79C
:10958000A3FC20BB626A236812781A61626A531CCA
:109590006362218D013989B22185638D9BB2013BC4
:1095A0009BB263852368586910F0040FE1D000294D
:1095B000DFD052781A61636A01336362238D013B05
:1095C0002385638D9BB2013B9BB26385D1E7236CFE
:1095D000042B01D0012088E72268136843F400734C
:1095E0001360F7E72A4631462046FFF7B3FD50B136
:1095F000236C042B01D0012077E72268136843F421
:1096000000731360F7E72268136843F40073136074
:10961000202384F83D30002384F83E3084F83C3029
:1096200063E7022061E702205FE701205DE700BFFA
:1096300068D90008020010000000FFFF2DE9F04388
:1096400087B00446884691461F46109EFEF790FC60
:109650000546012F01D0102F09D194F83D30DBB21F
:10966000202B0AD00227384607B0BDE8F08340F629
:1096700048218C48FEF712F9EFE7009519230122E3
:1096800089492046FFF760FB002840F04F8194F89D
:109690003C30012B00F04C81012384F83C302368DE
:1096A0001A6812F0010F03D11A6842F001021A6021
:1096B0002268136823F400631360222384F83D308A
:1096C000402384F83E30002323640E9B6362BDF880
:1096D0003C306385638D2385744BE362019500966E
:1096E0003B464A4641462046FFF78AFC074600288B
:1096F00040F02081238D5BB9029323685A6902925E
:109700009A690292029A1A6842F400721A6075E02D
:10971000012B0AD0022B1AD00023059323685A6923
:1097200005929B690593059B68E02268136823F402
:10973000806313600023039323685A6903929A6934
:109740000392039A1A6842F400721A6056E0226883
:10975000136823F4806313602268136843F4006382
:1097600013600023049323685A6904929B6904934D
:10977000049B43E02A4631462046FFF71AFD0028A5
:1097800040F0DA8023681A69636A1A70636A0133E9
:109790006362238D013B2385638D9BB2013B9BB2AA
:1097A00063852BE000953346002241492046FFF7B0
:1097B000CBFA002840F0C2802268136843F400739B
:1097C000136023681A69636A1A70626A531C6362C1
:1097D000238D013B2385638D9BB2013B9BB2638547
:1097E00023681B695370636A01336362238D013BF5
:1097F0002385638D9BB2013B9BB26385238D002B38
:1098000000F08B80032B55D8012BB3D0022BC9D08D
:1098100000953346002226492046FFF795FA002896
:1098200040F08E802268136823F4806313602368FD
:109830001A69636A1A70636A01336362238D013B9C
:109840002385638D9BB2013B9BB2638500953346B4
:10985000002217492046FFF777FA002872D12268C4
:10986000136843F40073136023681A69636A1A70FB
:10987000626A531C6362238D013B2385638D9BB217
:10988000013B9BB2638523681B695370636A013394
:109890006362238D013B2385638D9BB2013B9BB2A9
:1098A0006385ABE768D90008020010000000FFFFE5
:1098B000040001002A4631462046FFF77AFC0028C2
:1098C00042D123681A69636A1A70636A013363625A
:1098D000228D013A92B22285638D9BB2013B9BB2ED
:1098E00063852368596911F0040F87D0032A0FD0CC
:1098F00023681A69636A1A70636A01336362238D8D
:10990000013B2385638D9BB2013B9BB2638575E769
:109910001A6822F480621A60EAE7202384F83D3056
:10992000002384F83E3084F83C309CE602279AE617
:10993000022798E6012796E6012794E6012792E69A
:10994000012790E601278EE601278CE6026802F1E6
:109950000C0353E8003F23F490730C3242E80031CB
:109960000029F3D1026802F1140353E8003F23F009
:109970000103143242E800310029F3D1036B012BBB
:1099800005D0202380F8423000230363704702682B
:1099900002F10C0353E8003F23F010030C3242E8BD
:1099A00000310029F3D1ECE790F84130DBB2212BF4
:1099B00001D0022070478368B3F5805F17D0036A37
:1099C0005A1C02621A7803685A60C38C9BB2013B2E
:1099D0009BB2C3844BB90268D36823F08003D36081
:1099E0000268D36843F04003D360002070470369E6
:1099F000002BE4D1036A1B880268C3F30803536099
:109A0000036A02330362E0E710B504464268574B2D
:109A10009A423FD8E36813B1B3F5005F40D12369A0
:109A20002BB1B3F5806F02D0B3F5C06F3ED163693F
:109A30004FF6F372134200D123B940F69C614C48B3
:109A4000FDF72CFF2268136923F44053E1680B43B0
:109A50001361A36822691A4363691A43E3691A43CD
:109A60002168CB6823F4164323F00C031343CB6027
:109A70002268536923F44073A1690B43536123683F
:109A80003C4A934218D002F58062934214D0FEF70C
:109A900033FF13E040F699613548FDF7FFFEB9E763
:109AA00040F69A613248FDF7F9FEB8E740F69B614F
:109AB0002F48FDF7F3FEBAE7FEF72EFFE369B3F593
:109AC000004F29D00021031849411B1841F1000122
:109AD000C90041EA5371DB00181863684FEA83023A
:109AE0004FEA937341F10001FDF7E8F9224AA2FB26
:109AF00000314909642303FB11031B013233A2FB2C
:109B000003235B0903F0F00202EB011203F00F03E1
:109B1000216813448B6010BD0023021843EB03013E
:109B2000121841F10001C90041EA5271D200101827
:109B300041F10001626892185B41FDF7BFF90E4ADE
:109B4000A2FB00314909642303FB1103DB0032331C
:109B5000A2FB03235B095A0002F4F87202EB011224
:109B600003F00703216813448B60D4E7A037A000FB
:109B7000B0D90008001001401F85EB512DE9F043DA
:109B800083B005460E4617469946DDF828802B68B7
:109B90001C6836EA04040CBF01240024BC4228D10E
:109BA000B8F1FF3FF3D0FEF7E3F9A0EB0900404521
:109BB00023D8B8F1000F22D02B68DA6812F0040F16
:109BC000E5D0802EE3D0402EE1D01A6812F0080FC5
:109BD000DDD0002401941A6801925B680193019B17
:109BE0002846FFF7B3FE08236B6485F84040012048
:109BF00000E0002003B0BDE8F0830320FAE7032073
:109C0000F8E77047002800F08C8010B5044683699F
:109C1000002B56D00368444A934210D0A2F54C4220
:109C200093420CD002F58062934208D002F54C4278
:109C3000934204D040F273113C48FDF72FFEA36914
:109C400043B1B3F5807F05D0B3F5007F02D0B3F503
:109C5000407F30D1A36813B1B3F5805F4FD1E36982
:109C600013B1B3F5004F50D194F84130002B52D0CE
:109C7000242384F841302268D36823F40053D3604E
:109C80002046FFF7C1FE2268136923F49043136155
:109C90002268536923F02A0353612268D36843F48E
:109CA0000053D36000206064202384F8413084F89E
:109CB0004230606310BD4FF4BA711C48FDF7EEFDF1
:109CC000C8E70368184A9342C4D0A2F54C429342B5
:109CD000C0D002F580629342BCD002F5806293420C
:109CE000B8D002F580629342B4D002F54442934268
:109CF000B0D04FF4BC710D48FDF7D0FDAAE74FF48A
:109D0000BD710A48FDF7CAFDA9E740F27B1107487B
:109D1000FDF7C4FDA8E784F840302046FFF771FF47
:109D2000A6E70120704700BF00100140B0D900082D
:109D30002DE9F04182B01E4690F84130DBB2202B75
:109D400056D104460D469046002955D00AB9012047
:109D50004FE000234364212380F84130FEF708F9E7
:109D60000746A4F82480A4F82680A368B3F5805F92
:109D700002D04FF0000814E023692BB34FF0000825
:109D80000FE0202384F84130032032E038F8023B12
:109D90002268C3F308035360E28C92B2013A92B294
:109DA000E284E38C9BB293B100963B460022802173
:109DB0002046FFF7E3FE0028E3D1002DE6D015F89A
:109DC000012B23685A60E7E7A8460025E9E70096DB
:109DD0003B46002240212046FFF7D0FE18B9202341
:109DE00084F8413005E0202384F84130032000E06E
:109DF000022002B0BDE8F0810120FAE7704708B503
:109E00000168CA6822F04002CA60202280F841201E
:109E1000FFF7F4FF002008BD08B5806B0023C38561
:109E200003F036F808BD704790F84230DBB2222BC1
:109E300069D18368B3F5805F4FD0826AB3F5805FE4
:109E400004D0002B56D10369002B53D103685B6803
:109E50001370836A01338362C38D9BB2013B9BB253
:109E6000C385002B51D100B583B00268D36823F0BD
:109E70002003D3600268D36823F48073D360026840
:109E8000536923F001035361202380F842300023FB
:109E90004363036B012B33D100230363026802F198
:109EA0000C0353E8003F23F010030C3242E800316A
:109EB0000029F3D103681A6812F0100F06D00022AF
:109EC00001921A6801925B680193019B818DFFF7F3
:109ED000AAFF002003B05DF804FB0269002AACD1A0
:109EE000826A03685B68C3F308031380836A0233E2
:109EF0008362B1E703685B6803F07F031370A8E730
:109F000002F044F9E5E702207047002070470000A6
:109F100010B582B0044602681368D068516913F026
:109F20000F0F09D113F0200F0CD010F0200F09D023
:109F30002046FFF779FF16E011F0010115D110F46A
:109F4000907F12D1216B012979D013F0800F03D0BB
:109F500010F0800F40F0218113F0400F03D010F07B
:109F6000400F40F01E8102B010BD13F0010F06D06B
:109F700010F4807F03D0626C42F00102626413F03F
:109F8000040F04D019B1626C42F00202626413F053
:109F9000020F04D019B1626C42F00402626413F043
:109FA000080F07D010F0200F00D119B1626C42F0F9
:109FB00008026264626C002AD5D013F0200F02D030
:109FC00010F0200F29D123685B6903F04003626C15
:109FD00012F0080F00D163B32046FFF7B7FC2368E7
:109FE0005B6913F0400F20D0226802F1140353E89C
:109FF000003F23F04003143242E800310029F3D13E
:10A00000E36B73B1694A1A65E06BFEF771FE0028D5
:10A01000A9D0E06B036D9847A5E72046FFF704FF42
:10A02000D1E7204602F034FF9DE7204602F030FFE2
:10A0300099E7204602F02CFF0023636493E713F0B6
:10A04000100F82D010F0100F3FF47FAF0023019368
:10A050001368019353680193019B536913F0400FF8
:10A060005FD0E26B13685B689BB2002B4AD0A18D76
:10A07000994247D9E385D369B3F5807F37D0226809
:10A0800002F10C0353E8003F23F480730C3242E8E2
:10A0900000310029F3D1226802F1140353E8003F94
:10A0A00023F00103143242E800310029F3D1226881
:10A0B00002F1140353E8003F23F04003143242E856
:10A0C00000310029F3D1202384F842300023236398
:10A0D000226802F10C0353E8003F23F010030C3216
:10A0E00042E800310029F3D1E06BFEF7B7FD02230F
:10A0F0006363A18DE38D9BB2C91A89B22046FFF735
:10A1000092FE30E7A18D99427FF42DAFD369B3F56C
:10A11000807F7FF428AF022363632046FFF783FE2E
:10A1200021E7A18DE38D9BB2C91A89B2E38D9BB261
:10A13000002B3FF418AF00293FF415AF226802F15D
:10A140000C0353E8003F23F490730C3242E80030D4
:10A150000028F3D1226802F1140353E8003F23F0F2
:10A160000103143242E800300028F3D1202384F8A0
:10A17000423000232363226802F10C0353E8003FBE
:10A1800023F010030C3242E800300028F3D1022300
:10A1900063632046FFF747FEE5E62046FFF704FC31
:10A1A000E1E62046FFF72BFEDDE600BF199E000822
:10A1B00081628285C28500234364222380F8423075
:10A1C000036923B10268D36843F48073D3600268E3
:10A1D000536943F0010353610268D36843F02003DD
:10A1E000D3600020704708B590F84230DBB2202BD6
:10A1F00008D149B10AB9012008BD00230363FFF764
:10A20000D7FFF9E70220F7E70120F5E72DE9F04154
:10A2100004460D46036A026A22F0010202624768A0
:10A22000826922F07302096841EA020823F00203FE
:10A23000AE681E43214B984203D003F580639842D9
:10A240000BD1EB680BB1082B26D1236A23F0040352
:10A25000236226F00806EB681E43184B9C4203D08D
:10A2600003F580639C420FD1AB69B3F5007F00D04A
:10A27000C3B96B69B3F5807F00D0CBB927F44077C1
:10A280006B693B43AF691F436760C4F818806B6814
:10A2900063632662BDE8F08141F6CC210848FDF7F2
:10A2A000FDFAD2E741F6DA210548FDF7F7FAE0E7D3
:10A2B00041F6DB210248FDF7F1FADFE7000001403B
:10A2C000F8D900082DE9F04104460D46066A036AF4
:10A2D00023F4807303624768C36923F073030A6839
:10A2E00042EA030826F400768B6846EA0326234BED
:10A2F000984203D003F5806398420CD1EB680BB110
:10A30000082B29D1236A23F48063236226F4006694
:10A31000EB6846EA0326194B9C4203D003F58063A1
:10A320009C4211D1AB69B3F5007F00D0D3B96B6902
:10A33000B3F5807F00D0DBB927F440576B6947EA5B
:10A340000317AB6947EA03176760C4F81C806B68A2
:10A35000E3632662BDE8F08141F665310848FDF708
:10A360009DFACFE741F673310548FDF797FADEE72E
:10A3700041F674310248FDF791FADDE70000014033
:10A38000F8D900082DE9F04104460D46066A036A33
:10A3900023F480530362D0F80480C76927F4E647AA
:10A3A0000B6847EA032726F400568B6846EA033613
:10A3B0000F4B984203D003F58063984209D16B6933
:10A3C000B3F5807F00D063B928F480486B6948EA10
:10A3D0008318C4F80480E7616B6823642662BDE8D3
:10A3E000F08141F6B3310348FDF758FAECE700BFBE
:10A3F00000000140F8D900087047000010B504467D
:10A4000003683E4A934237D0B3F1804F34D0A2F56F
:10A410007C42934230D002F5806293422CD002F508
:10A420008062934228D002F58062934224D002F5E4
:10A430008062934220D002F5704293421CD002F514
:10A440007052934218D002F58062934214D002F504
:10A450008062934210D0A2F5983293420CD002F55C
:10A460008062934208D002F58062934204D04FF498
:10A47000E8712348FDF712FA94F83D30DBB2012B66
:10A4800037D1022384F83D302268D36843F00103BA
:10A49000D3602368194A934220D0B3F1804F1DD076
:10A4A000A2F57C42934219D002F58062934215D006
:10A4B00002F58062934211D002F5784293420DD0AA
:10A4C00002F57052934209D0A2F59432934205D01E
:10A4D0001A6842F001021A6000200BE09A6802F04C
:10A4E0000702062A07D01A6842F001021A6000200B
:10A4F00000E0012010BD0020FCE700BF000001408B
:10A50000F8D900087047704770477047704770B5BA
:10A5100004460368DE681D6915F0020F10D016F0BE
:10A52000020F0DD06FF002021A6101230377036856
:10A530009B6913F0030F5ED0FFF7E6FF002323773C
:10A5400015F0040F12D016F0040F0FD023686FF02F
:10A5500004021A610223237723689B6913F4407F66
:10A560004FD02046FFF7D0FF0023237715F0080FC8
:10A5700012D016F0080F0FD023686FF008021A618E
:10A58000042323772368DB6913F0030F40D02046B0
:10A59000FFF7BAFF0023237715F0100F12D016F043
:10A5A000100F0FD023686FF010021A610823237771
:10A5B0002368DB6913F4407F31D02046FFF7A4FF06
:10A5C0000023237715F0010F02D016F0010F2DD1D3
:10A5D00015F0800F02D016F0800F2FD115F0400F2C
:10A5E00002D016F0400F31D115F0200F02D016F036
:10A5F000200F33D170BDFFF786FF2046FFF785FFA0
:10A600009CE72046FFF77FFF2046FFF77EFFABE782
:10A610002046FFF778FF2046FFF777FFBAE720468E
:10A62000FFF771FF2046FFF770FFC9E723686FF05F
:10A6300001021A612046FCF73BFEC9E723686FF070
:10A6400080021A61204600F0DAFCC7E723686FF049
:10A6500040021A612046FFF759FFC5E723686FF0F3
:10A6600020021A61204600F0C9FCC3E70368324AA1
:10A67000904212D0B0F1804F0FD0A2F57C429042B0
:10A680000BD002F58062904207D002F580629042C2
:10A6900003D002F57842904203D123F070034A6858
:10A6A0001343254A90422AD0B0F1804F27D0A2F51B
:10A6B0007C42904223D002F5806290421FD002F586
:10A6C000806290421BD002F57842904217D002F58A
:10A6D0007052904213D002F5806290420FD002F582
:10A6E000806290420BD0A2F59832904207D002F5DA
:10A6F0008062904203D002F58062904203D123F43D
:10A700004073CA68134323F080034A6913438A687D
:10A71000C2620A688262084A904203D002F58062EF
:10A72000904201D10A690263026842F004020260A9
:10A73000012242610360704700000140002800F0E0
:10A74000A98010B504460368534A934237D0B3F149
:10A75000804F34D0A2F57C42934230D002F5806223
:10A7600093422CD002F58062934228D002F5806299
:10A77000934224D002F58062934220D002F57042C9
:10A7800093421CD002F57052934218D002F58062B9
:10A79000934214D002F58062934210D0A2F5983211
:10A7A00093420CD002F58062934208D002F5806299
:10A7B000934204D040F213113848FDF76FF8A368B4
:10A7C0003BB1102B05D0202B03D0402B01D0602BA8
:10A7D00017D123692BB1B3F5807F02D0B3F5007F89
:10A7E00015D12368B3F1804F17D02D4A934214D06E
:10A7F000E368013B4FF6FE7293428CBF00230123B6
:10A800000FE04FF48A712548FDF748F8E1E740F280
:10A8100015112248FDF742F8E3E7E368003B18BF53
:10A8200001232BB3A3690BB1802B27D194F83D30C2
:10A8300053B3022384F83D30214651F8040BFFF74F
:10A8400015FF012384F8463084F83E3084F83F3009
:10A8500084F8403084F8413084F8423084F8433042
:10A8600084F8443084F8453084F83D30002010BD31
:10A870004FF48B710948FDF711F8D3E740F2171137
:10A880000648FDF70BF8D1E784F83C302046FFF787
:10A89000B3FDCEE70120704700000140F8D9000861
:10A8A000000C0040002800F0A98010B504460368A1
:10A8B000534A934237D0B3F1804F34D0A2F57C4253
:10A8C000934230D002F5806293422CD002F5806230
:10A8D000934228D002F58062934224D002F5806230
:10A8E000934220D002F5704293421CD002F5705280
:10A8F000934218D002F58062934214D002F5806230
:10A90000934210D0A2F5983293420CD002F58062A7
:10A91000934208D002F58062934204D040F22C5159
:10A920003848FCF7BBFFA3683BB1102B05D0202BA8
:10A9300003D0402B01D0602B17D123692BB1B3F585
:10A94000807F02D0B3F5007F15D12368B3F1804F2B
:10A9500017D02D4A934214D0E368013B4FF6FE72A4
:10A9600093428CBF002301230FE040F22D51254874
:10A97000FCF794FFE1E740F22E512248FCF78EFFEE
:10A98000E3E7E368003B18BF01232BB3A3690BB1D6
:10A99000802B27D194F83D3053B3022384F83D3007
:10A9A000214651F8040BFFF761FE012384F846307D
:10A9B00084F83E3084F83F3084F8403084F84130E9
:10A9C00084F8423084F8433084F8443084F84530C9
:10A9D00084F83D30002010BD40F22F510948FCF7AB
:10A9E0005DFFD3E74FF4A6610648FCF757FFD1E7B8
:10A9F00084F83C302046FFF785FDCEE70120704704
:10AA000000000140F8D90008000C00402DE9F04199
:10AA100004460D46066A036A23F010030362D0F869
:10AA20000480876927F4E6470B6847EA032726F086
:10AA300020068B6846EA0316234B984203D003F5A1
:10AA4000806398420CD1EB680BB1082B29D1236AA3
:10AA500023F04003236226F08006EB6846EA0316E3
:10AA6000194B9C4203D003F580639C4211D1AB6922
:10AA7000B3F5007F00D0D3B96B69B3F5807F00D008
:10AA8000DBB928F440686B6948EA8308AB6948EA97
:10AA90008308C4F80480A7616B68A3632662BDE8DD
:10AAA000F08141F619310948FCF7F8FECFE741F68D
:10AAB00027310648FCF7F2FEDEE741F6283103486D
:10AAC000FCF7ECFEDDE700BF00000140F8D900080C
:10AAD00070B504460D4616460C2A2CD841F21113C7
:10AAE000D34013F0010F28D02B68602B01D0702BBE
:10AAF00029D1AB680BB1022B2BD12B690BB1042BE5
:10AB00002DD194F83C30012B00F01A81012384F8F8
:10AB10003C300C2E00F20F81DFE816F027000D010B
:10AB20000D010D0170000D010D010D01AA000D01B7
:10AB30000D010D01DB003C2AD6D041F28201814893
:10AB4000FCF7ACFED0E741F283017E48FCF7A6FE9D
:10AB5000CFE741F284017B48FCF7A0FECDE741F24C
:10AB600085017848FCF79AFECBE72368764A934242
:10AB70002FD0B3F1804F2CD0A2F57C42934228D045
:10AB800002F58062934224D002F58062934220D085
:10AB900002F5784293421CD002F57052934218D0CD
:10ABA00002F58062934214D002F58062934210D085
:10ABB000A2F5983293420CD002F58062934208D0FD
:10ABC00002F58062934204D041F28F015D48FCF7A8
:10ABD00065FE29462068FFF719FB2268936943F058
:10ABE000080393612268936923F004039361226848
:10ABF000936929690B43936100209DE02368524AC1
:10AC000093421FD0B3F1804F1CD0A2F57C429342F7
:10AC100018D002F58062934214D002F5806293420C
:10AC200010D002F5784293420CD002F57052934254
:10AC300008D0A2F59432934204D04FF48551414894
:10AC4000FCF72CFE29462068FFF7E0FE2268936996
:10AC500043F4006393612268936923F480639361F2
:10AC600022689369296943EA01239361002063E024
:10AC70002368354A934217D0B3F1804F14D0A2F520
:10AC80007C42934210D002F5806293420CD002F5D0
:10AC90008062934208D002F57842934204D041F298
:10ACA000B1012848FCF7FAFD29462068FFF70AFBA6
:10ACB0002268D36943F00803D3612268D36923F083
:10ACC0000403D3612268D36929690B43D36100204F
:10ACD00032E023681C4A934217D0B3F1804F14D05E
:10ACE000A2F57C42934210D002F5806293420CD0D0
:10ACF00002F58062934208D002F57842934204D074
:10AD000041F2C2010F48FCF7C9FD29462068FFF750
:10AD100039FB2268D36943F40063D3612268D369A5
:10AD200023F48063D3612268D369296943EA01234C
:10AD3000D361002000E00120002384F83C3070BD86
:10AD40000220FCE7F8D900080000014070B5044675
:10AD50000D461646274B98422FD0B0F1804F2CD08D
:10AD6000A3F57C43984228D003F58063984224D011
:10AD700003F58063984220D003F5784398421CD0B5
:10AD800003F57053984218D003F58063984214D0AD
:10AD900003F58063984210D0A3F5983398420CD005
:10ADA00003F58063984208D003F58063984204D08D
:10ADB00041F6CF511048FCF771FD0C2D12D841F22D
:10ADC0001113EB4013F0010F0ED005F01F05012207
:10ADD000AA40236A23EA02032362236AAE401E4389
:10ADE000266270BD3C2DF0D041F6D0510248FCF7F0
:10ADF00055FDEAE700000140F8D9000838B50546DE
:10AE00000C460368754A934277D0B3F1804F74D0F3
:10AE1000A2F57C42934270D002F5806293426CD0DE
:10AE200002F58062934268D002F57842934264D082
:10AE30006B4A934200F080806A4A934200F08C8013
:10AE4000694A934200F08B80684A934200F08A80FE
:10AE5000674A934200F08C80664A934200F08C80EF
:10AE600040F2B3516448FCF719FD002C69D195F804
:10AE70003E30DBB2013B18BF0123002B40F0A9801C
:10AE8000002C40F08B80022385F83E3001222146C1
:10AE90002868FFF75BFF2B68504A934203D002F506
:10AEA0008062934203D15A6C42F400425A642B6888
:10AEB0004A4A934200F08280B3F1804F7ED0A2F5DF
:10AEC0007C4293427AD002F58062934276D002F5BA
:10AED0008062934272D002F5784293426ED002F5BE
:10AEE000705293426AD0A2F59432934266D01A68A7
:10AEF00042F001021A6000206AE00C2C98D801A2EE
:10AF000052F824F06FAE000831AE000831AE0008F0
:10AF100031AE000843AF000831AE000831AE000882
:10AF200031AE000843AF000831AE000831AE000872
:10AF300031AE000843AF0008002C98D0042C7FF4F9
:10AF40007BAF042C1CD0082C21D095F84130DBB20B
:10AF5000013B18BF012390E7002C88D070E7002C3C
:10AF600085D071E7002C82D0042C7FF471AFE8E724
:10AF7000002C3FF47CAF6FE7002C3FF478AF6FE715
:10AF800095F83F30DBB2013B18BF012375E795F818
:10AF90004030DBB2013B18BF01236EE7042C05D023
:10AFA000082C07D0022385F841306FE7022385F88B
:10AFB0003F306BE7022385F8403067E79A6802F07C
:10AFC0000702062A07D01A6842F001021A60002020
:10AFD00038BD0120FCE70020FAE700BF0000014077
:10AFE000004001400044014000480140001800407A
:10AFF000001C004000200040F8D90008704770474E
:10B0000010B504464F4B5A6822F440325A605A68D1
:10B0100041680A435A600268536823F4807353609E
:10B0200002685368016943EA012353600268536868
:10B0300023F0407353600268536881680B43536088
:10B040000268936823F40063936002689368C168A0
:10B050000B439360826A3C4B9A425BD002689368D0
:10B0600023F07063936002689368816A0B43936076
:10B070000268936823F04053936002689368C16A42
:10B080000B4393602268936823F002039360226865
:10B090009368217E43EA4103936094F82030002BAB
:10B0A00049D0636A013B072B3FD82268536843F4B9
:10B0B000006353602268536823F46043536021683F
:10B0C0004B68626A013A43EA42334B602268D36AB2
:10B0D00023F47003D3622168CB6AE269013A43EA40
:10B0E0000253CB622268936823F400739360226852
:10B0F000936894F8301043EA412393602268936880
:10B1000023F48063936022689368616943EA812332
:10B11000936010BD0268936823F0706393600268C7
:10B12000936823F040539360ACE74FF4F561074810
:10B13000FCF7B4FBB9E72268536823F4006353605B
:10B14000C4E700BF002301400100000F40DA0008FF
:10B1500070470000002800F0EE8010B50446036838
:10B16000764A93420CD002F58072934208D002F5E1
:10B170008072934204D04FF4A1717148FCF78EFBAA
:10B18000636843B1B3F5803F05D0B3F5003F02D00B
:10B19000B3F5403F71D1A36843B1B3F1807F05D0CF
:10B1A000B3F1007F02D0B3F1407F6CD12369012B52
:10B1B0006FD8237E012B72D8A36A7BB3B3F1807F53
:10B1C0002CD0B3F1007F29D0B3F1407F26D0B3F16A
:10B1D000806F23D0B3F1A06F20D0B3F1C06F1DD02A
:10B1E000B3F1E06F1AD0B3F1006F17D0B3F1106F65
:10B1F00014D0B3F1206F11D0B3F1306F0ED0B3F192
:10B20000406F0BD0B3F1506F08D0B3F1606F05D031
:10B21000B3F1706F02D04B4A934246D1E36813B149
:10B22000B3F5006F47D1E369013B0F2B49D894F880
:10B230003030012B4BD86369022B4ED894F8203064
:10B24000012B50D8A26A3F4B9A420AD0E36A43B11D
:10B25000B3F1805F05D0B3F1005F02D0B3F1405F7E
:10B2600047D1236C002B4AD0236C13F0100F4ED023
:10B270000120002384F83C3010BD40F243113048D7
:10B28000FCF70CFB87E74FF4A2712D48FCF706FB97
:10B290008CE740F245112A48FCF700FB89E74FF4A0
:10B2A000A3712748FCF7FAFA86E740F247112448D1
:10B2B000FCF7F4FAB2E74FF4A4712148FCF7EEFA78
:10B2C000B1E740F249111E48FCF7E8FAAFE74FF446
:10B2D000A5711B48FCF7E2FAADE740F24B111848A4
:10B2E000FCF7DCFAAAE74FF4A6711548FCF7D6FA8A
:10B2F000A8E74FF4A8711248FCF7D0FAB1E720464E
:10B30000FFF726FF0023636484F83C30ACE7236C2E
:10B3100023F4885323F0020343F0020323642046FE
:10B32000FFF76EFE00206064236C23F0030343F0FC
:10B33000010323649DE70120704700BF0020014006
:10B3400040DA00080100000F10B582B00446002367
:10B350000193037E012B25D8E36A43B1B3F1805FEB
:10B3600005D0B3F1005F02D0B3F1405F20D194F873
:10B370003C30012B00F09580012384F83C30236899
:10B380009A6812F0010F1FD19A6842F001029A6088
:10B39000474B1B68474AA2FB03239B0C03EB430369
:10B3A00001930EE040F2D2214348FCF777FAD3E74D
:10B3B00040F2D3214048FCF771FAD8E7019B013BEA
:10B3C0000193019B002BF9D12268936813F0010FC0
:10B3D0005CD0236C23F4E06323F0010343F4807317
:10B3E0002364536813F4806F05D0236C23F4405317
:10B3F00043F480532364236C13F4805F1BD0636C8D
:10B4000023F006036364002384F83C306FF02203CA
:10B4100013602A4B5B6813F01F0F27D12368284A5B
:10B42000934211D002F58072934207D0254A93428D
:10B4300014D0002033E000236364E4E702F50072D7
:10B44000526812F01F0FF1D19A6812F0405F2AD1B2
:10B450009A6842F080429A60002020E002F58072F3
:10B46000526812F0100FEFD0002018E02368144A41
:10B47000934201D0002012E09A6812F0405F14D18C
:10B480009A6842F080429A60002008E0236C43F002
:10B4900010032364636C43F001036364002002B073
:10B4A00010BD0220FBE70020F9E70020F7E700BF0E
:10B4B000C801002083DE1B4340DA0008002301405E
:10B4C000002001400022014010B504460368174ADD
:10B4D00093420CD002F58072934208D002F580723C
:10B4E000934204D040F24A311148FCF7D7F994F85E
:10B4F0003C30012B18D0012384F83C30226893683B
:10B5000023F00103936023689B6813F0010F07D1B8
:10B51000236C23F4885323F0010343F001032364D5
:10B52000002084F83C0010BD0220FCE70020014010
:10B5300040DA000870B504460D4603689A6812F4B4
:10B54000806F03D09B6813F4807F19D1FCF710FD46
:10B55000064623681A6812F0020F20D1B5F1FF3FAA
:10B56000F7D0B5B923681B6813F0020FF1D1236C33
:10B5700043F004032364002384F83C30032032E0CA
:10B58000036C43F020030364002380F83C30012067
:10B5900029E0FCF7EDFC801BA842DAD9E2E76FF066
:10B5A00012021A60236C43F40073236423689A68C0
:10B5B00012F0405F16D1207EB0B9DA6A12F4700F33
:10B5C00003D09B6813F4806F0DD1236C23F4807338
:10B5D0002364236C13F4805F05D1236C43F00103D3
:10B5E000236400E0002070BD0020FCE70368D86CF5
:10B5F0007047000030B583B005460C460023019328
:10B600000B68122B4DD86368013B0F2B4FD8A368F2
:10B61000072B52D895F83C30012B00F0C580012350
:10B6200085F83C302368092B4DD92868C2689BB245
:10B6300003EB43031E3B072101FA03F322EA030352
:10B64000C3602868C268A168238803EB43031E3BDC
:10B6500099400A43C2606368062B49D82868426B48
:10B6600003EB8303053B1F2101FA03F322EA0303E3
:10B6700043632868426B636803EB8303053B2188BF
:10B6800001FA03F3134343632A68484B9A425FD09D
:10B690002A68464B9A4264D0002085F83C0003B0EB
:10B6A00030BD40F28B614248FCF7F8F8ABE740F25E
:10B6B0008C613F48FCF7F2F8A9E740F28D613C4805
:10B6C000FCF7ECF8A6E7286802699BB203EB43039A
:10B6D000072101FA03F322EA0303036128680269E0
:10B6E000A168238803EB430399400A430261B2E750
:10B6F0000C2B16D82868026B03EB8303233B1F2116
:10B7000001FA03F322EA030303632868026B636808
:10B7100003EB8303233B218801FA03F31343036301
:10B72000B2E72868C26A03EB8303413B1F2101FA99
:10B7300003F322EA0303C3622868C26A636803EB67
:10B740008303413B218801FA03F31343C3629BE760
:10B750002368122B9CD1174A536843F4800353602B
:10B7600096E72368103B012B96D8124A536843F49E
:10B77000000353602368102B8ED10F4B1B6802F11E
:10B78000467202F52E3202F28332A2FB03239B0C97
:10B7900003EB83035B00019302E0019B013B0193F8
:10B7A000019B002BF9D177E7022078E700200140C8
:10B7B00040DA000800230140C80100200D4B53F877
:10B7C000203023B90C4B1B681B6859637047042B4E
:10B7D00006D0082B09D0084B1B681B6819647047FA
:10B7E000054B1B681B6899637047034B1B681B68FC
:10B7F000D96370471CE300084C0500200138C0B233
:10B80000032815D808B50B4B1B782BB17C2908D918
:10B81000FA2907D9FA2105E041F28241FFF7CEFF6C
:10B8200005E07D212A2303FB01F1FFF7C7FF08BDD7
:10B83000704700BF480500200138C0B203282BD84C
:10B8400008B5B5EEC00AF1EE10FA09D4DFED137AAF
:10B85000B4EEE70AF1EE10FA04DD9FED100A01E004
:10B860009FED0F0A0F4B1B788BB19FED0C7AC0EE4A
:10B87000077A9FED0D7A67EE877AFCEEE77A17EE8E
:10B88000901A01F5A4510231FFF798FF08BD41F26B
:10B890008241FFF793FFF9E7704700BF0000C842FD
:10B8A00000000000480500200010A44538B50546FA
:10B8B000012405E029462046FFF7A0FF0134E4B249
:10B8C000042CF7D938BD000030B591B03A4D28604E
:10B8D00000240194394B1A6C42F002021A641A6C6B
:10B8E00002F002020192019A02941A6B42F00102E4
:10B8F0001A631A6B02F001020292029A03941A6B05
:10B9000042F002021A631B6B03F002030393039BD2
:10B910000B940C940D940E940F9402230C930E939D
:10B920000F9303230B930BA92548FDF705F8C023BC
:10B930000B930BA92348FCF7FFFF2868224B0360F9
:10B940000123436084604AF20F43C3600461802393
:10B950008361FEF7A7FF68B9002404940594069458
:10B960000794089409940A946023049341F2824353
:10B97000059309E0FBF7B4FCEEE729460E4B186887
:10B98000FFF73CFA0134E4B2032C0DD80F4B53F807
:10B9900024502A4604A9084B1868FFF799F8002894
:10B9A000EBD0FBF79DFCE8E7094B00221A707D20E5
:10B9B000FFF77CFF11B030BD4C050020003802407D
:10B9C0000004024000000240000400401CE30008A4
:10B9D0004805002010B52DED028BB0EE408A012401
:10B9E00006E0B0EE480A2046FFF726FF0134E4B235
:10B9F000042CF6D9BDEC028B10BD0000014B0122D6
:10BA00001A7070474805002010B50024064B1C70C2
:10BA100006E041F282412046FFF7D0FE0134E4B255
:10BA2000032CF6D910BD00BF48050020014B187843
:10BA3000704700BF480500204FF47A70704700003F
:10BA400008B5064B18600023054A1370054A1370A9
:10BA500001220549FEF7C7FB08BD00BF780500209D
:10BA6000520500205105002074050020014B187874
:10BA7000704700BF5005002008B5104B1B780D2BF8
:10BA80000BD00A2B09D00E4A12781E2A0ED8501C51
:10BA90000B4908700B498B5408E0094B1B782BB1FC
:10BAA000084A0021D154084B01221A70012203498F
:10BAB000064B1868FEF797FB08BD00BF7405002011
:10BAC0005205002054050020510500207805002073
:10BAD000A84B1B78002B00F013832DE9F0432DEDCC
:10BAE000028B8DB0A449A548F8F74AFBD8B1A44908
:10BAF000A248F8F745FB20B1A249A048F8F740FB5F
:10BB0000C8B9FFF781FFA04B0022DA609F48F6F723
:10BB100001F800239E4A1370964A13700DB0BDECD5
:10BB2000028BBDE8F08300F03FFCFFF767FF994808
:10BB3000F5F7F0FFEDE798499048F8F721FB00286A
:10BB400000F0918095498D48F8F71AFB002800F025
:10BB5000BC8093498948F8F713FB002800F0BD80AA
:10BB600090498648F8F70CFB002800F0B9800722BE
:10BB70008D498248F8F730FA002800F0DF808B49C1
:10BB80007E48F8F7FDFA002800F04A81052288492E
:10BB90007A48F8F721FA002800F0648105228549E7
:10BBA0007648F8F719FA002800F0798104228249D2
:10BBB0007248F8F711FA002800F083817F496F4836
:10BBC000F8F7DEFA002800F08E817D496B48F8F71F
:10BBD000D7FA002800F08E817A496848F8F7D0FA41
:10BBE000002800F08D8178496448F8F7C9FA0028E8
:10BBF00000F0898175496148F8F7C2FA002800F021
:10BC000089815E4B1C78722C00F08B81612C00F0D6
:10BC10008881742C00F0C6816D495848F8F7B0FA55
:10BC2000002800F0F8816D2C06D1544B5B78302B46
:10BC300002D9342B40F21682504D0A220BA9284615
:10BC4000F7F7A0FE04460B9BAB4200F04B821B783B
:10BC5000002B40F047820028C0F23182642840F374
:10BC60002F8264242CE2FFF7E1FE30B3594E5A4B89
:10BC70001B78012B23D0594F434BD868FAF77EFD30
:10BC800004460D4601F0EEF8D8B1554B0293CDE9CC
:10BC900000453A4631465348F8F7F4FC524B1B78BE
:10BCA0008BB1524C524B1D68FFF7C6FE03462A4625
:10BCB00021465048F8F7E6FC2BE74F4ED7E74F4FA9
:10BCC000DAE74F4BE2E74F4CECE74F4B1A68484B33
:10BCD00019684E48F8F7D6FC1BE701F015FA18E78B
:10BCE00000F03CFF58B900F033FF10EE100AFAF7ED
:10BCF00045FD02460B464648F8F7C4FC09E700F04C
:10BD000027FF10EE100AFAF739FD04460D4600F041
:10BD100025FF064600F028FF10EE100AFAF72EFD68
:10BD20008046894600F036FF0490CDE902890096EE
:10BD300022462B463748F8F7A5FCEAE600213648AC
:10BD4000F5F7F8FA00F040FF00F002FF10EE100ADD
:10BD5000FAF714FD04460D4600F058FF10EE100AE5
:10BD6000FAF70CFDCDE9000122462B462B48F8F7E7
:10BD700089FCCEE651050020CCDA000854050020ED
:10BD8000DCDA0008E4DA00087C050020ECDA0008C0
:10BD900052050020D0DA000814DB000888DB000818
:10BDA000C0DB0008C4DB000828DC00085CDC0008FD
:10BDB000C4DC0008ECDC0008F4DC000824DD00082A
:10BDC00058DD000878DD00087CDD0008A8DD0008EB
:10BDD00084DE000888DA0008E4010020A4DA000804
:10BDE000ACDA00081CDB000850050020BCDA0008B3
:10BDF0005803002054DB000890DA00089CDA0008A1
:10BE0000B0DA0008C0DA00086003002090DB000808
:10BE1000C8DB0008F8DB00085B05002030DC000808
:10BE2000FBF7A6FD10EE100AFAF7A8FC02460B4637
:10BE3000B448F8F727FCFBF7A1FD10EE100AFAF75B
:10BE40009DFC02460B46B048F8F71CFCFBF79CFD36
:10BE500010EE100AFAF792FC02460B46AB48F8F7D0
:10BE600011FC56E60021AA48F5F764FAB0EE408AC4
:10BE7000FBF740FDFBF77CFD10EE100AFAF77EFCA5
:10BE800002460B46B5EEC08AF1EE10FA05D9A1497B
:10BE90000091A148F8F7F6FB3BE6A049F8E700213E
:10BEA0009B48F5F747FAFBF739FDFBF767FD10EE06
:10BEB000100AFAF763FC02460B469348F8F7E2FBD8
:10BEC00027E600219648F5F735FAFBF73BFDFBF72F
:10BED0005BFD10EE100AFAF751FC02460B46914842
:10BEE000F8F7D0FB15E6012000F07AFA8E48F5F756
:10BEF00011FE0EE600F074FA8C48F5F70BFE08E62A
:10BF000000F04CFB05E68A4B01221A708948F5F7D0
:10BF100001FEFEE5864B00221A708748F5F7FAFD10
:10BF2000F7E5864B5B78703BDBB2092B3FF671AED1
:10BF300040F2052222FA03F313F0010F3FF469AE39
:10BF40007E4B9B78643BDBB20C2B3FF662AE41F23A
:10BF5000210222FA03F313F0010F3FF45AAE784C9A
:10BF60000BA92046F5F7E6F910EE105A0B9BA342F9
:10BF700014D0033CA2786178207800F0DBFA2678B0
:10BF80006778A4782846FAF7F9FBCDE90001234643
:10BF90003A4631466B48F8F775FBBAE56A48F5F75B
:10BFA000B9FDB6E5654B5B78202B7FF435AE674C69
:10BFB0000BA92046F5F7BEF9F0EE407A0B9BA342A1
:10BFC00025D0B5EEC00AF1EE10FA09D49FED607AE3
:10BFD000B4EEC70AF1EE10FA04DDDFED5D7A01E0A0
:10BFE000DFED5C7A5C4BC3ED037A17EE900AFAF74B
:10BFF000C5FB02460B465948F8F744FB00F032FFF8
:10C0000000283FF486AD5648F5F784FD81E5554894
:10C01000F5F780FD7DE50BAB0AAA09A908A800F099
:10C020003BFC4D4BDE680898FAF7A8FB04460D462A
:10C030003046FAF7A3FBCDE906010B98FAF79EFB11
:10C04000CDE904010A98FAF799FBCDE902010998B4
:10C05000FAF794FBCDE9000122462B464248F8F757
:10C0600011FB56E5303BDCB2384E0A220BA93046B4
:10C07000F7F788FC05460B9BB3421CD01B78D3B95D
:10C08000002803DB642802DD642500E00025FFF7BB
:10C09000CDFC60B107EE905AB8EEE70A2046FFF7F4
:10C0A000CBFB2A4621463148F8F7ECFA31E5304817
:10C0B000F5F730FD2DE52F48F5F72CFD29E5002497
:10C0C000FFF7B4FC50B107EE904AB8EEE70AFFF76D
:10C0D00081FC21462848F8F7D5FA1AE52448F5F7F7
:10C0E00019FD16E515492548F8F7CCFA2448F5F767
:10C0F00011FD2448F5F70EFD2348F5F70BFD08E583
:10C10000704700BF64DC000884DC0008A4DC000881
:10C11000590500201CDF0008CCDC0008C4DA000848
:10C1200058050020FCDC00082CDD000860DD00085C
:10C130005005002088DD0008B4DD0008540500200B
:10C1400057050020C4DD0008D8DD00085605002092
:10C150000000C842000000007C05002014DE00083A
:10C1600028DE000870DE000888DE0008C0DE000857
:10C17000D8DE0008F0DE000804DF000820DF000839
:10C1800038DF00087CDF0008BCDF000808B5036862
:10C19000064A934203D0064A934203D008BDFFF7F4
:10C1A0006BFCFBE700F0D2FDF8E700BF0044004065
:10C1B000001001400023C36003614361704708B56C
:10C1C00080ED000AC0ED010A80ED021AC0ED061AEA
:10C1D00080ED072AC0ED082AFFF7ECFF08BD30EE1E
:10C1E000600AD0ED007A67EE807AD9B1D0ED036AAB
:10C1F00020EE010A76EE806AC0ED036A90ED067AC1
:10C20000F4EEC76AF1EE10FA01DD80ED037AD0EDAD
:10C21000036AB1EE477AF4EEC76AF1EE10FA01D57F
:10C2200080ED037A90ED016A90ED037A26EE076ABD
:10C2300090ED047A30EEC77AB1EE477A87EE015A74
:10C24000C0ED040AD0ED085A90ED057A25EE877A04
:10C25000F7EE006A76EEE56A66EE856A37EE267AD4
:10C2600080ED057AD0ED026A27EE267A77EE867A9F
:10C2700077EE877A90ED070AB4EEE70AF1EE10FA4E
:10C2800001D5F0EE407AB1EE400AB4EEE70AF1EEE5
:10C2900010FA01DCB0EE670A7047000008B52DED1A
:10C2A000068BDFED339A9FED339ADFED338A9FEDF6
:10C2B000338A9FED33AAF0EE692AB0EE492AF0EEF8
:10C2C000681AB0EE481AF0EE480AB0EE4A0A2D4855
:10C2D000FFF775FFF0EE692AB0EE492AF0EE681A12
:10C2E000B0EE481AF0EE480AB0EE4A0A2648FFF7C8
:10C2F00066FFF0EE692AB0EE492AF0EE681AB0EE59
:10C30000481AF0EE480A9FED210A2148FFF757FF2F
:10C31000DFED208AF0EE482AB0EE682AF3EE041A28
:10C32000B0EE481AF0EE480AB1EE000A1A48FFF7DC
:10C3300046FFF0EE482AB0EE682AF3EE041AB0EE9B
:10C34000481AF0EE480AB1EE000A1448FFF737FF2A
:10C35000134B83ED028A83ED018A83ED008A83ED1E
:10C36000038A104B01221A70BDEC068B08BD00BF7A
:10C370009A99593F0000C84300004842000000005D
:10C38000CDCC4C3F1C060020F80500209A99993F1F
:10C39000D405002000007A43B00500208C05002061
:10C3A0007C050020E401002008B50848FFF702FFE3
:10C3B0000748FFF7FFFE0748FFF7FCFE0648FFF7B8
:10C3C000F9FE0648FFF7F6FE08BD00BF1C06002078
:10C3D000F8050020D4050020B00500208C050020C1
:10C3E00008B5054B1B78834200D108BD024B18707D
:10C3F000FFF7DAFFF9E700BFE40100202DE9F04183
:10C400002DED048B0446B0EE408A884617461E4642
:10C410003F4B93ED037AF2EE047AB4EEE77AF1EE55
:10C4200010FACCBF012500253A4B1B78012B2DD0EB
:10C43000374B93ED009AD3ED018A2946B0EE481AA6
:10C44000D4ED070AB0EE490A3348FFF7C8FE88ED7D
:10C45000000A2946B0EE481AD4ED080AB0EE680A80
:10C460002E48FFF7BCFE87ED000A2946B0EE481AB9
:10C47000D4ED090A264B93ED020A2948FFF7AFFED7
:10C4800086ED000ABDEC048BBDE8F081204B93EDF6
:10C49000000AD3ED018ADFED237AB4EEE70AF1EE6C
:10C4A00010FA09DCDFED207AB4EEE70AF1EE10FABB
:10C4B00004D59FED1D0A01E09FED1A0ADFED197A00
:10C4C000F4EEE78AF1EE10FA09DCDFED177AF4EE0C
:10C4D000E78AF1EE10FA04D5DFED138A01E0DFED13
:10C4E000118A2946B0EE481AD4ED100A0F48FFF71A
:10C4F00076FEB0EE409A2946B0EE481AD4ED110A05
:10C50000B0EE680A0A48FFF76AFEF0EE408A94E748
:10C510007C050020E40100201C060020F805002016
:10C52000D405002000000C4200000CC2B005002021
:10C530008C05002008B5722807D061281FD1722908
:10C540000FD070291BD1104B0CE0722905D079292E
:10C5500005D0702913D10D4B04E00D4B02E00D4BBB
:10C5600000E00D4B702A06D0692A09D0642A06D152
:10C5700083ED020A01E083ED000AFFF715FF08BD15
:10C5800083ED010AF9E700BF8C050020F8050020C3
:10C590001C060020D4050020B00500202DE9F04342
:10C5A00085B0484B1B78012B00F08A8046494748EC
:10C5B000F8F768F84648F5F7ADFA464B5E68D3F8E9
:10C5C00008801868FAF7DAF804460D46424F4046EC
:10C5D000FAF7D4F8CDE902013046FAF7CFF8CDE901
:10C5E000000122462B463846F8F74CF83B4BD3F86F
:10C5F0000480D3F808901868FAF7C0F804460D468E
:10C60000374E4846FAF7BAF8CDE902014046FAF744
:10C61000B5F8CDE9000122462B463046F8F732F84E
:10C62000304BD3F80480D3F808901868FAF7A6F8CE
:10C6300004460D464846FAF7A1F8CDE90201404606
:10C64000FAF79CF8CDE9000122462B462648F8F778
:10C6500019F82648F5F75EFA254BD3F80480D3F88D
:10C6600008901868FAF78AF804460D464846FAF723
:10C6700085F8CDE902014046FAF780F8CDE90001DE
:10C6800022462B463846F7F7FDFF1A4B5F68D3F872
:10C6900008801868FAF772F804460D464046FAF723
:10C6A0006DF8CDE902013846FAF768F8CDE90001E6
:10C6B00022462B463046F7F7E5FF05B0BDE8F0838C
:10C6C0000D4974E7E4010020A4DA000804E0000842
:10C6D00014E000081C06002028E00008F8050020EF
:10C6E0004CE00008D405002070E0000894E0000849
:10C6F000B00500208C0500209CDA000810B5F5EE8E
:10C70000007A60EEA70A21EE271A61EEA71A30EE32
:10C71000607A77EE417A77EEA17A5D4BC3ED007ACD
:10C7200037EE017A37EE617A83ED017A70EE800A96
:10C7300030EEC17A37EE617A83ED027A70EE810ACB
:10C7400070EEA10AC3ED030AF0EE676A012300E070
:10C750000133032B13DC4E4A02EB830292ED007A85
:10C76000B4EEE77AF1EE10FA01DDF0EE477AB4EEBE
:10C77000E67AF1EE10FAEBD5F0EE476AE8E79FEDC6
:10C78000457AF4EEC77AF1EE10FA11DD77EEC77A4A
:10C790000022032A0ADC3E4B03EB820393ED007A6E
:10C7A00037EE677A83ED007A0132F2E776EEE76AD8
:10C7B000F7EE007AB4EEE70AF1EE10FA06DDF2EEDB
:10C7C0000E7AF4EEE76AF1EE10FA01D400231DE0D0
:10C7D000B2EE0E7A37EE667A002209E02C4B03EBBC
:10C7E0008203D3ED007A77EE877AC3ED007A0132C7
:10C7F000032AF3DDEAE7264A02EB8302D2ED007A50
:10C80000F5EEC07AF1EE10FA14D40133032B17DCE5
:10C810001F4A02EB830292ED007ADFED1E7AB4EE3E
:10C82000E77AF1EE10FAE6DD194A02EB8302C2ED77
:10C83000007AE0E7164A02EB830200211160E4E788
:10C84000F7EE007AB4EEE70AF1EE10FA1ED4104CBF
:10C8500094ED000A0120FEF7EFFF94ED010A02209B
:10C86000FEF7EAFF94ED020A0320FEF7E5FF94EDE0
:10C87000030A0420FEF7E0FF10BD054A02EB830225
:10C88000002111600133032BF7DDE0E70023FAE715
:10C89000400600200000C84210B4074CD4F800C085
:10C8A000C0F800C060680860A1681160E2681A60A2
:10C8B0005DF8044B704700BF4006002010B52DED19
:10C8C000028B174C2046FEF73FFD02212046FEF763
:10C8D00031FEF0B9124C2046FEF788FE08EE100A31
:10C8E0002046FEF7F1FDB8EE488ADFED0E7A88EEBD
:10C8F000270ADFED0D7A20EE270AF2EE067A20EE07
:10C90000270A0A4BD3ED007A20EE270ABDEC028BF2
:10C9100010BD2046FEF7D8FDBFEE000AF6E700BFC7
:10C920006006002000F07F4533335340E8010020CB
:10C9300030B58DB0002401942D4B5A6C42F48072B6
:10C940005A645A6C02F480720192019A02941A6B32
:10C9500042F004021A631B6B03F004030293029B70
:10C960000794089409940A940B94012507950323CE
:10C97000089307A91F48FBF7DFFF1F481F4B036001
:10C980004FF48033436084600461047680F8204073
:10C99000C4621B4B8362C460C56180F8304045614E
:10C9A000FEF7D8FBF0B90023039304930593069395
:10C9B0000A230393012304930623059303A90E4836
:10C9C000FEF718FE88B900230E4A136000220E49B4
:10C9D0000A700E49032008700D490A700D4A136051
:10C9E0000DB030BDFAF77CFCDDE7FAF779FCEAE739
:10C9F000003802400008024060060020002001408C
:10CA00000100000F5C06002058060020E501002010
:10CA1000500600205406002008B52DED028B444B33
:10CA2000D3ED007A30EE278A83ED008ADFED417A7C
:10CA3000B4EEE78AF1EE10FA02D5BDEC028B08BD28
:10CA400000221A60FFF73AFFB5EEC00AF1EE10FAC5
:10CA5000F3D4F6EE007A78EE277A88EE277A364B12
:10CA6000D3ED007A30EE670A20EE070A77EE807A7F
:10CA7000C3ED007AB1EE047AF4EEC77AF1EE10FA63
:10CA800008D42E4B1B7883BB2D4B1B78632B0AD904
:10CA900002230EE00023294A13702A4A0321117051
:10CAA000274A1370C9E70133254A1370C5E70133DC
:10CAB000DBB2062B15D807EE103AF8EEC76A87EE00
:10CAC000A67ADFED216AB4EEE67AF1EE10FAEEDB3B
:10CAD000DFED1E6AB4EEE67AF1EE10FAE7D8174AF7
:10CAE0001370164B1B78002BA7D0144B1B7807EE46
:10CAF000103AB8EEC77AC7EE876ADFED137AF4EE24
:10CB0000E76AF1EE10FA03D50E4B02221A7094E791
:10CB1000F0EE0C7AF4EEE76AF1EE10FA03D5094B69
:10CB200001221A7089E7074B00221A7085E700BFBF
:10CB3000540600200AD7233C5C060020580600203B
:10CB400050060020E5010020333353409A99894074
:10CB5000014B93ED000A70475C060020014B1878EA
:10CB6000704700BF58060020074B1B784BB1074A9F
:10CB700092ED007A07EE903AF8EEE77A87EE270A10
:10CB800070479FED030A7047580600205C0600209E
:10CB900000000000074B1B78012B04D0022B04D0AF
:10CBA0002BB9054870470548704705487047054848
:10CBB000704700BFE5010020ACDA0008A8E00008DB
:10CBC000BCE00008D8E00008F1EE047AB4EEE70A11
:10CBD000F1EE10FA15D40B4BD3ED007AB1EE047AD6
:10CBE000F4EEC77AF1EE10FA0BD480EE277A064BFA
:10CBF000D3ED007A67EE877AC3ED007A014B83EDBF
:10CC0000000A70475C060020E8010020014B93ED0C
:10CC1000000A7047E801002000B586464FF0000C7E
:10CC2000604611E04000C0B20133DBB2072B07D8E9
:10CC300042B2002AF6DA520082F0D502D0B2F3E70F
:10CC40000CF1010C5FFA8CFC8C4504D21EF80C3000
:10CC500058400023EAE75DF804FB000080020A4B1D
:10CC600083FB0030C01100F27130B0F5487F06DB65
:10CC700040F69803984204DD40F6980001E04FF436
:10CC8000487080B2704700BF2D20FE132DE9F84395
:10CC900080460027B9463C463E4614E009F10105AE
:10CCA000EDB2C6F30A00FFF7D9FF0E4B23F81900C7
:10CCB000F60A0B3CE4B2A9460A2C02D9B9F10F0FCF
:10CCC000ECD90137FFB2152F09D8B9F10F0F06D8EB
:10CCD00018F80730A3401E430834E4B2ECE7BDE87F
:10CCE000F88300BFB406002008B5104B186000237D
:10CCF0000F4A13700F4A13700F4A13600F4A1360E4
:10CD00000F4A136006E00F4A40F2DC5122F813107C
:10CD10000133DBB20F2BF6D90A4B4FF477729A80AE
:10CD200001220949FDF75FFA08BD00BF1C0700207A
:10CD3000D5060020D4060020AC060020A80600205E
:10CD4000B0060020B40600201807002038B52D4B8F
:10CD50001A782D4B1B787BB9C82A01D0EE2A04D152
:10CD6000581C294908702949CA5401222549284BD1
:10CD70001868FDF738FA38BD012B1ED0591CC9B20E
:10CD8000214801702148C254224B1C78A31CDBB2FD
:10CD90009942EAD3611E851CC9B22846FFF73CFFC1
:10CDA000631C023DEB5C98421BD01B4A13680133A5
:10CDB0001360154B00221A70D7E7911EC9B23C29A7
:10CDC00007D8581C104908701049CA54114B1A70E2
:10CDD000CBE70D4B00221A700F4A13680133136022
:10CDE000C3E7AB78162BE4D1182CE2D1E81CFFF78F
:10CDF0004DFFFBF7BDF8094B1860094A1368013372
:10CE00001360D6E718070020D5060020D8060020BA
:10CE10001C070020D4060020A8060020B006002031
:10CE2000AC060020431EDBB20F2B05D80138044BA3
:10CE300033F8100080B2704740F2DC50704700BFFA
:10CE4000B406002008B5064B1B682BB1FBF790F821
:10CE5000034B1B68C01A08BD4FF0FF30FBE700BF53
:10CE6000B006002008B5FFF7EDFFB0F5FA7F2CBF44
:10CE70000020012008BD0000014B1868704700BF6A
:10CE8000AC060020014B1868704700BFA8060020C0
:10CE9000154B1B681BB1026819688A4200D07047A5
:10CEA00000B585B0114801680131016000211048CA
:10CEB00001700191106801905068019001980291F1
:10CEC00010680290506802900298039111680391D3
:10CED00052680392039A012206491846FDF783F926
:10CEE00005B05DF804FB00BF1C070020A806002069
:10CEF000D50600201807002008B5FFF793FFA0F221
:10CF0000C953262B26D9A0F2DC52002A13DDA0F546
:10CF1000BE6307EE903AF8EEE77A9FED107A87EE5F
:10CF2000870AF7EE007AB4EEE70AF1EE10FA07DDB1
:10CF3000B7EE000A08BDA0F5B96307EE903AEAE73C
:10CF4000FFEE007AB4EEE70AF1EE10FAF2D5BFEE8A
:10CF5000000AEFE79FED020AECE700BF0000F04394
:10CF600000000000034B01221A70034B00221A70CC
:10CF7000704700BFEC0100202007002008B52DED10
:10CF8000048BFFF76FFFB0B9554B1B7843B1544B7F
:10CF900001221A70534B00221A70BDEC048B08BD9D
:10CFA000FEF732FD504B0022DA609A605A601A6038
:10CFB000FFF7FAF9EBE74A4B00221A700320FFF75C
:10CFC00031FF07EE900AF8EEE77A9FED487A77EEA8
:10CFD000C77AB2EE047A87EE879AB5EEC09AF1EE80
:10CFE00010FA09D4DFED427AB4EEE79AF1EE10FAC6
:10CFF00004DD9FED3F9A01E09FED3E9A0620FFF78A
:10D0000011FF40F2A463984239D90020FFF7E8F9F4
:10D010000520FFF707FF40F2A463984233D9314B54
:10D020001B78002B3CD10120FFF766FFF0EE408A11
:10D030000220FFF761FFB0EE408A0420FFF75CFF9B
:10D040002D4B1B78012B3FD0DFED2C7A68EEA78AA1
:10D05000254BC3ED008A28EE278A83ED018ADFED98
:10D06000287A20EE270A204B83ED020AFEF7DEFC29
:10D0700008B99FED209A1C4B83ED039A8DE70120A0
:10D08000FFF7AEF9C4E7174B01221A70FEF7CEFC8A
:10D090000028C8D0FEF7B8FC134B0022DA60C2E7C4
:10D0A000FEF7C4FC0028BED1F1EE047AB4EEE79A94
:10D0B000F1EE10FA03D40B4B00221A70B3E7FFF71E
:10D0C00073F9FEF79BFCAEE7DFED0E7A68EEA78AF8
:10D0D000054BC3ED008A28EE278A83ED018ABEE75F
:10D0E000EC010020200700207C05002000007A448D
:10D0F0000000C84200000000E40100200000964348
:10D100000000484300000C4270B582B0FFF7AAFE51
:10D11000A8B31D4EFFF7B0FE0446FFF7B3FE054669
:10D12000FFF7A0FE68BB002000902B462246314648
:10D130001648F7F7A7FA0120FFF774FE044602200D
:10D14000FFF770FE05460320FFF76CFE064604203D
:10D15000FFF768FE009033462A4621460C48F7F751
:10D1600091FA0520FFF75EFE04460620FFF75AFEFF
:10D17000024621460748F7F785FA02B070BD064E11
:10D18000C8E7FFF75FFECFE7E4E00008F0E0000843
:10D1900030E100085CE10008B0DA0008DFF834D0C4
:10D1A000FAF79EFB0C480D490D4A002302E0D458C3
:10D1B000C4500433C4188C42F9D30A4A0A4C0023E1
:10D1C00001E013600432A242FBD3F4F733FCFAF718
:10D1D0000FFA70470000022000000020F00100203C
:10D1E0003CE30008F001002024070020FEE70000D7
:10D1F000F8B500BFF8BC08BC9E467047F8B500BF44
:08D20000F8BC08BC9E46704713
:10D2080035000000CEFBFFFFCB030000010000004B
:10D218000000000034000000CEFBFFFFCB0300003D
:10D228000100000000000000BC89D897B2D29C3CE5
:10D2380033A7A8D523F649393DA7F444FD0FA532F5
:10D248009D978CCF08BA5B25436FAC64280668119C
:10D2580000000000000000000000000000000000C6
:10D2680000000000000000000000000000000000B6
:10D2780000000000000000000000000000000000A6
:10D2880010111213141516171819000000000000C9
:10D29800001A1B1C1D1E1F000000000000000000DB
:10D2A8000000000000000000000000000000000076
:10D2B800001A1B1C1D1E1F000000000000000000BB
:10D2C8000000000000000000000000000000000056
:10D2D8000000000000000000000000000000000046
:10D2E8000000000000000000000000000000000036
:10D2F8000000000000000000000000000000000026
:10D308000000000000000000000000000000000015
:10D318000000000000000000000000000000000005
:10D3280000000000000000000000000000000000F5
:10D3380000000000000000000000000000000000E5
:10D3480000000000000000000000000000000000D5
:10D3580000202020202020202020282828282820BD
:10D3680020202020202020202020202020202020B5
:10D37800208810101010101010101010101010101D
:10D38800100404040404040404040410101010100D
:10D3980010104141414141410101010101010101D7
:10D3A8000101010101010101010101011010101029
:10D3B80010104242424242420202020202020202A9
:10D3C80002020202020202020202020210101010FD
:10D3D8002000000000000000000000000000000025
:10D3E8000000000000000000000000000000000035
:10D3F8000000000000000000000000000000000025
:10D408000000000000000000000000000000000014
:10D418000000000000000000000000000000000004
:10D4280000000000000000000000000000000000F4
:10D4380000000000000000000000000000000000E4
:10D4480000000000000000000000000000000000D4
:10D4580000000000000000000500000019000000A6
:10D468007D00000000000000000000000000F03F08
:10D4780000000000000024400000000000005940A7
:10D488000000000000408F40000000000088C340FA
:10D4980000000000006AF8400000000080842E416F
:10D4A80000000000D01263410000000084D79741BB
:10D4B8000000000065CDCD41000000205FA00242C1
:10D4C800000000E876483742000000A2941A6D4236
:10D4D800000040E59C30A2420000901EC4BCD64229
:10D4E80000003426F56B0C430080E03779C34143D4
:10D4F80000A0D8855734764300C84E676DC1AB434A
:10D50800003D9160E458E143408CB5781DAF154467
:10D5180050EFE2D6E41A4B4492D54D06CFF0804442
:10D52800F64AE1C7022DB544B49DD9794378EA4457
:10D53800BC89D897B2D29C3C33A7A8D523F64939E1
:10D548003DA7F444FD0FA5329D978CCF08BA5B2503
:10D55800436FAC642806C80A0080E03779C34143AA
:10D56800176E05B5B5B89346F5F93FE9034F384D41
:10D57800321D30F94877825A3CBF737FDD4F1575ED
:10D58800DB0F49BFE4CB1640E4CB16C00000008097
:10D59800DB0F4940DB0F49C03863ED3EDA0F493FE6
:10D5A8005E987B3FDA0FC93F6937AC316821223377
:10D5B800B40F14336821A2330D0A3D3D3D20535466
:10D5C8004D3332463430352044726F686E656E20B4
:10D5D800464320426F6F74203D3D3D0D0000000022
:10D5E800537973436C6F636B3A20256C7520487AC6
:10D5F8000D0A00004D6F746F72656E3A204D313D13
:10D60800504230204D323D504231204D333D504143
:10D6180036204D343D5041372C20256C7520487AF2
:10D628002C2053746172742025752075732028642A
:10D63800697361726D6564290D0A0000526567653A
:10D648006C74616B743A203130303020487A207C19
:10D65800204932433A20343030206B487A207C20ED
:10D66800416B6B753A20504330207C204D6F6475B8
:10D67800733A20414E474C450D000000454C52532B
:10D688003A20555341525431205041392F5041319D
:10D69800302C20256420426175642028435253466B
:10D6A800290D0A0042656665686C653A2061726DED
:10D6B800207C2064697361726D207C2073746174AE
:10D6C8007573207C206C6F6F70207C2070696420DB
:10D6D8007C206D6978207C2066696C74207C2062CF
:10D6E8006174207C207263207C0D000020202020A3
:10D6F8002020202020616E676C65207C2072617478
:10D7080065207C2073747265616D206F6E2F6F6663
:10D7180066207C2074203C6761733E207C206D313C
:10D728002E2E6D34203C776572743E0D000000008B
:10D738004D5055363035302057484F5F414D5F4981
:10D74800203D203078253032580D0A004D5055368E
:10D7580030353020696E6974204F4B202847797224
:10D768006F202B2D353030206470732C204163637B
:10D77800656C202B2D34672C20444C5046203138C2
:10D788003820487A290D00004B616C69627269651E
:10D798007265204779726F2E2E2E204E49434854C9
:10D7A800206265776567656E210D00004F666673B8
:10D7B8006574733A2047583D252E31662047593DF8
:10D7C800252E316620475A3D252E31660D0A000068
:10D7D8004D50553630353020696E697420464149C0
:10D7E8004C4544202D206C61756665206F686E6518
:10D7F8002053656E736F72207765697465720D00CA
:10D808004B65696E204D5055363035302065726B4A
:10D81800616E6E74202D204D6F746F726265747224
:10D82800696562206F686E652053656E736F72203C
:10D838006D6F65676C6963680D0000003E3E2042AD
:10D8480065726569742E0D00523A25372E326620AE
:10D85800503A25372E3266207C2047583A25372EF5
:10D8680032662028726F682025372E3266292047B5
:10D87800593A25372E32662028726F682025372EB0
:10D888003266290D0A000000447269766572732FAA
:10D8980053544D333246342F447269766572732F70
:10D8A80053544D3332463478785F48414C5F447264
:10D8B800697665722F5372632F73746D33326634D1
:10D8C80078785F68616C5F636F727465782E630047
:10D8D800447269766572732F53544D333246342F30
:10D8E800447269766572732F53544D3332463478D7
:10D8F800785F48414C5F4472697665722F53726352
:10D908002F73746D3332663478785F68616C5F7238
:10D9180063632E6300000000447269766572732F9A
:10D9280053544D333246342F447269766572732FDF
:10D9380053544D3332463478785F48414C5F4472D3
:10D94800697665722F5372632F73746D3332663440
:10D9580078785F68616C5F6770696F2E630000009C
:10D96800447269766572732F53544D333246342F9F
:10D97800447269766572732F53544D333246347846
:10D98800785F48414C5F4472697665722F537263C1
:10D998002F73746D3332663478785F68616C5F69B1
:10D9A80032632E6300000000447269766572732F3B
:10D9B80053544D333246342F447269766572732F4F
:10D9C80053544D3332463478785F48414C5F447243
:10D9D800697665722F5372632F73746D33326634B0
:10D9E80078785F68616C5F756172742E63000000FF
:10D9F800447269766572732F53544D333246342F0F
:10DA0800447269766572732F53544D3332463478B5
:10DA1800785F48414C5F4472697665722F53726330
:10DA28002F73746D3332663478785F68616C5F7415
:10DA3800696D2E6300000000447269766572732F69
:10DA480053544D333246342F447269766572732FBE
:10DA580053544D3332463478785F48414C5F4472B2
:10DA6800697665722F5372632F73746D333266341F
:10DA780078785F68616C5F6164632E630000000002
:10DA880041524D454400000044495341524D4544DC
:10DA980000000000414E474C4500000052415445EB
:10DAA800000000004F4B00004B45494E20534947AA
:10DAB8004E414C00414E00004155530020286175ED
:10DAC8007329000061726D003E3E2041524D45446D
:10DAD8000D00000064697361726D000073746F70EB
:10DAE800000000003E3E2044495341524D45442029
:10DAF8002D20616C6C65204D6F746F72656E2067A8
:10DB08006573746F7070742E0D0000007374617407
:10DB1800757300003E3E205374617475733A202576
:10DB280073207C204D6F6475733A202573207C2008
:10DB38004761733A20252E30662525207C204675BE
:10DB48006E6B3A2025730D0A000000002020205338
:10DB5800747265616D3A202573207C204C6F6F705C
:10DB68003A20256C7520487A207C204D6F746F729E
:10DB7800656E3A20256C7520487A0D0A0000000071
:10DB88006C6F6F70000000003E3E20526567656C48
:10DB980074616B743A20256C7520487A207C207655
:10DBA8006572706173737465205A796B6C656E3A2F
:10DBB80020256C750D0A0000726300006261740014
:10DBC8003E3E20416B6B753A206B65696E20416B58
:10DBD8006B752065726B616E6E742028252E326617
:10DBE800205620616D205465696C6572290D0A0004
:10DBF8003E3E20416B6B753A20252E32662056201A
:10DC08007C20257553207C20252E326620562070D6
:10DC1800726F205A656C6C65207C2025730D0A0094
:10DC280062617463616C20003E3E204B616C6962E6
:10DC380072696572742061756620252E32662056D9
:10DC4800202846616B746F7220252E3466290D0AD0
:10DC58000000000066696C74000000003E3E20472A
:10DC680079726F2D5469656670617373203A202547
:10DC78002E306620487A0D0A000000003E3E204102
:10DC88006363656C2D54696566706173733A20250A
:10DC98002E306620487A0D0A000000003E3E204BD8
:10DCA8006F6D706C656D656E74616572203A207475
:10DCB800617520252E326620730D0A00676C706628
:10DCC800200000003E3E204779726F2D546965663A
:10DCD800706173733A20252E306620487A25730DBB
:10DCE8000A000000616C70662000000074617520F5
:10DCF800000000003E3E204B6F6D706C656D656ED8
:10DD08007461657266696C746572207461753A2015
:10DD1800252E326620730D0A00000000616E676CC4
:10DD2800650000003E3E204D6F6475733A20414EF9
:10DD3800474C452028726963687465742073696369
:10DD4800682073656C62737420617566290D000024
:10DD580072617465000000003E3E204D6F6475736B
:10DD68003A205241544520284163726F290D000022
:10DD78007069640073747265616D206F6E000000D5
:10DD88003E3E2053747265616D20414E2028353027
:10DD980020487A2041757367616265290D0000008B
:10DDA80073747265616D206F666600003E3E205395
:10DDB800747265616D204155530D00003E3E20256B
:10DDC8006325632563203D20252E34660D0A000057
:10DDD8003E3E20466F726D61743A20727270203137
:10DDE8002E32202028722F61204B726569732C20F7
:10DDF800722F702F792041636873652C20702F690A
:10DE08002F64205465726D290D0000003E3E2047A6
:10DE180061733A20252E306625250D0A0000000082
:10DE28003E3E2041636874756E673A2046756E6B96
:10DE3800206973742076657262756E64656E2C2035
:10DE4800646572204B6E75657070656C20756562CF
:10DE580065727363687265696274206461732073A4
:10DE68006F666F72742E0D003E3E20466F726D61B4
:10DE7800743A20742032300D000000006D6978007B
:10DE88003E3E204D313D252E316620204D323D2528
:10DE98002E316620204D333D252E316620204D340D
:10DEA8003D252E316620202847617320252E3066B7
:10DEB8002525290D0A0000003E3E204D6F746F7223
:10DEC8002025753A20256C6425250D0A00000000E0
:10DED8003E3E2045727374202761726D272073655A
:10DEE8006E64656E210D00003E3E20466F726D61C6
:10DEF800743A206D312032300D0000003E3E204142
:10DF08006C6C65204D6F746F72656E3A20256C6479
:10DF180025250D0A000000003E3E20556E62656B07
:10DF2800616E6E743A20272573270D0A00000000E1
:10DF38003E3E2061726D207C2064697361726D20A1
:10DF48007C20737461747573207C206C6F6F7020F3
:10DF58007C20706964207C206D6978207C2066694B
:10DF68006C74207C20626174207C207263207C0D9C
:10DF7800000000003E3E20616E676C65207C2072C8
:10DF8800617465207C2073747265616D206F6E2FDB
:10DF98006F6666207C2074203C6761733E207C207D
:10DFA8006D312E2E6D34203C776572743E207C0DC9
:10DFB800000000003E3E207272702F617270203C9B
:10DFC800776572743E207C20676C7066203C687AA6
:10DFD8003E207C20616C7066203C687A3E207C2064
:10DFE800746175203C73656B3E207C2062617463AC
:10DFF800616C203C766F6C743E0D00003E3E204DF7
:10E008006F6475733A2025730D0A00003E3E205256
:10E018006174652028696E6E656E290D0000000028
:10E02800202020726F6C6C203A20503D252E3366DC
:10E0380020493D252E336620443D252E34660D0AA1
:10E048000000000020202070697463683A20503D69
:10E05800252E336620493D252E336620443D252E46
:10E0680034660D0A00000000202020796177202006
:10E078003A20503D252E336620493D252E33662013
:10E08800443D252E34660D0A000000003E3E204126
:10E098006E676C65202861757373656E290D0000C5
:10E0A8005741524E554E47202D206C616E64656E67
:10E0B800000000004B52495449534348202D207317
:10E0C8006F666F7274206C616E64656E000000008C
:10E0D8006B65696E20416B6B7500000056455242B6
:10E0E800554E44454E0000003E3E2046756E6B3A44
:10E0F800202573207C2050616B6574653A20256C5F
:10E1080075207C204665686C65723A20256C752000
:10E118007C206C65747A74657320766F7220256C28
:10E1280075206D730D0A0000202020526F6C6C2042
:10E1380025347520205069746368202534752020A3
:10E14800476173202534752020596177202534755F
:10E158000D0A000020202041726D2D536368616C08
:10E168007465722025347520204D6F6475732D53A6
:10E178006368616C746572202534750D0A000000AF
:10E188002E0000006E660000696E69747900000058
:10E19800616E000042616C6C6F6320737563636528
:10E1A80065646564000000002E2E2F2E2E2F2E2E63
:10E1B8002F2E2E2F2E2E2F2E2E2F6E65776C696206
:10E1C8002F6C6962632F7374646C69622F6764745F
:10E1D8006F612D6765746865782E6300494E460047
:10E1E800696E66004E414E006E616E0030000000A0
:10E1F80043000000504F534958000000496E6669BB
:10E208006E697479000000004E614E005245454E1B
:10E2180054206D616C6C6F6320737563636565640E
:10E22800656400002E2E2F2E2E2F2E2E2F2E2E2FF1
:10E238002E2E2F2E2E2F6E65776C69622F6C6962D9
:10E24800632F7374646C69622F64746F612E63004A
:10E258003031323334353637383941424344454614
:10E2680000000000303132333435363738396162D6
:10E278006364656600000000232D302B2000000039
:10E28800686C4C0065666745464700002C2066753B
:10E298006E6374696F6E3A200000000061737365E5
:10E2A8007274696F6E2022257322206661696C651D
:10E2B800643A2066696C6520222573222C206C69DB
:10E2C8006E65202564257325730A00002E2E2F2ED7
:10E2D8002E2F2E2E2F2E2E2F2E2E2F2E2E2F6E65DA
:10E2E800776C69622F6C6962632F7374646C6962FE
:10E2F8002F6D707265632E6300000000000000003F
:10E3080001020304000000000000000001020304F1
:10E3180006070809080000000C00000000000000C3
:04E3280004000000ED
:08E32C00A857FF7F010000006B
:04E3340029020008B2
:04E3380001020008D6
:10E33C0004000020000000000C02002074020020E9
:10E34C00DC020020000000000000000000000000C3
:10E35C0000000000000000000000000000000000B1
:10E36C0000000000000000000000000000000000A1
:10E37C000000000000000000000000000000000091
:10E38C0000000000030000000C020020430000000D
:10E39C000000000000000000000000000000000071
:10E3AC00000000000000000000000000430000001E
:10E3BC000000000000000000000000000000000051
:10E3CC0000000000000000000000000043000000FE
:10E3DC000000000000000000000000000000000031
:10E3EC0000000000000000000000000043000000DE
:10E3FC000000000000000000000000000000000011
:10E40C0000000000000000000000000043000000BD
:10E41C0000000000000000000000000000000000F0
:10E42C00000000000000000000000000430000009D
:10E43C0000000000000000000000000000000000D0
:10E44C00000000000000000000000000430000007D
:10E45C0000000000000000000000000000000000B0
:10E46C00000000000000000000000000F53900086A
:10E47C00E15900080000000058D3000888E10008AA
:10E48C001CDF00081CDF00081CDF00081CDF000874
:10E49C001CDF00081CDF00081CDF00081CDF000864
:10E4AC001CDF0008FFFFFFFFFFFFFFFFFFFFFFFF69
:10E4BC00FFFF0000010041534349490000000000E8
:10E4CC000000000000000000000000000000000040
:10E4DC0000000000000041534349490000000000C7
:10E4EC000000000000000000000000000000000020
:10E4FC0000000000000000000024F4000000803F39
:10E50C000000003F0000A0410000B44201000000E8
:10E51C0010000000010300000000803F010000001B
:040000050800D19D81
:00000001FF
