ARM GAS  /tmp/ccicUsXN.s 			page 1


   1              		.cpu cortex-m4
   2              		.arch armv7e-m
   3              		.fpu fpv4-sp-d16
   4              		.eabi_attribute 27, 1
   5              		.eabi_attribute 28, 1
   6              		.eabi_attribute 20, 1
   7              		.eabi_attribute 21, 1
   8              		.eabi_attribute 23, 3
   9              		.eabi_attribute 24, 1
  10              		.eabi_attribute 25, 1
  11              		.eabi_attribute 26, 1
  12              		.eabi_attribute 30, 1
  13              		.eabi_attribute 34, 1
  14              		.eabi_attribute 18, 4
  15              		.file	"stm32f4xx_hal_tim_ex.c"
  16              		.text
  17              	.Ltext0:
  18              		.cfi_sections	.debug_frame
  19              		.file 1 "Drivers/STM32F4/Drivers/STM32F4xx_HAL_Driver/Src/stm32f4xx_hal_tim_ex.c"
  20              		.section	.text.TIM_CCxNChannelCmd,"ax",%progbits
  21              		.align	1
  22              		.syntax unified
  23              		.thumb
  24              		.thumb_func
  26              	TIM_CCxNChannelCmd:
  27              	.LVL0:
  28              	.LFB175:
   1:Drivers/STM32F4/Drivers/STM32F4xx_HAL_Driver/Src/stm32f4xx_hal_tim_ex.c **** /**
   2:Drivers/STM32F4/Drivers/STM32F4xx_HAL_Driver/Src/stm32f4xx_hal_tim_ex.c ****   ******************************************************************************
   3:Drivers/STM32F4/Drivers/STM32F4xx_HAL_Driver/Src/stm32f4xx_hal_tim_ex.c ****   * @file    stm32f4xx_hal_tim_ex.c
   4:Drivers/STM32F4/Drivers/STM32F4xx_HAL_Driver/Src/stm32f4xx_hal_tim_ex.c ****   * @author  MCD Application Team
   5:Drivers/STM32F4/Drivers/STM32F4xx_HAL_Driver/Src/stm32f4xx_hal_tim_ex.c ****   * @brief   TIM HAL module driver.
   6:Drivers/STM32F4/Drivers/STM32F4xx_HAL_Driver/Src/stm32f4xx_hal_tim_ex.c ****   *          This file provides firmware functions to manage the following
   7:Drivers/STM32F4/Drivers/STM32F4xx_HAL_Driver/Src/stm32f4xx_hal_tim_ex.c ****   *          functionalities of the Timer Extended peripheral:
   8:Drivers/STM32F4/Drivers/STM32F4xx_HAL_Driver/Src/stm32f4xx_hal_tim_ex.c ****   *           + Time Hall Sensor Interface Initialization
   9:Drivers/STM32F4/Drivers/STM32F4xx_HAL_Driver/Src/stm32f4xx_hal_tim_ex.c ****   *           + Time Hall Sensor Interface Start
  10:Drivers/STM32F4/Drivers/STM32F4xx_HAL_Driver/Src/stm32f4xx_hal_tim_ex.c ****   *           + Time Complementary signal break and dead time configuration
  11:Drivers/STM32F4/Drivers/STM32F4xx_HAL_Driver/Src/stm32f4xx_hal_tim_ex.c ****   *           + Time Master and Slave synchronization configuration
  12:Drivers/STM32F4/Drivers/STM32F4xx_HAL_Driver/Src/stm32f4xx_hal_tim_ex.c ****   *           + Timer remapping capabilities configuration
  13:Drivers/STM32F4/Drivers/STM32F4xx_HAL_Driver/Src/stm32f4xx_hal_tim_ex.c ****   ******************************************************************************
  14:Drivers/STM32F4/Drivers/STM32F4xx_HAL_Driver/Src/stm32f4xx_hal_tim_ex.c ****   * @attention
  15:Drivers/STM32F4/Drivers/STM32F4xx_HAL_Driver/Src/stm32f4xx_hal_tim_ex.c ****   *
  16:Drivers/STM32F4/Drivers/STM32F4xx_HAL_Driver/Src/stm32f4xx_hal_tim_ex.c ****   * Copyright (c) 2016 STMicroelectronics.
  17:Drivers/STM32F4/Drivers/STM32F4xx_HAL_Driver/Src/stm32f4xx_hal_tim_ex.c ****   * All rights reserved.
  18:Drivers/STM32F4/Drivers/STM32F4xx_HAL_Driver/Src/stm32f4xx_hal_tim_ex.c ****   *
  19:Drivers/STM32F4/Drivers/STM32F4xx_HAL_Driver/Src/stm32f4xx_hal_tim_ex.c ****   * This software is licensed under terms that can be found in the LICENSE file
  20:Drivers/STM32F4/Drivers/STM32F4xx_HAL_Driver/Src/stm32f4xx_hal_tim_ex.c ****   * in the root directory of this software component.
  21:Drivers/STM32F4/Drivers/STM32F4xx_HAL_Driver/Src/stm32f4xx_hal_tim_ex.c ****   * If no LICENSE file comes with this software, it is provided AS-IS.
  22:Drivers/STM32F4/Drivers/STM32F4xx_HAL_Driver/Src/stm32f4xx_hal_tim_ex.c ****   *
  23:Drivers/STM32F4/Drivers/STM32F4xx_HAL_Driver/Src/stm32f4xx_hal_tim_ex.c ****   ******************************************************************************
  24:Drivers/STM32F4/Drivers/STM32F4xx_HAL_Driver/Src/stm32f4xx_hal_tim_ex.c ****   @verbatim
  25:Drivers/STM32F4/Drivers/STM32F4xx_HAL_Driver/Src/stm32f4xx_hal_tim_ex.c ****   ==============================================================================
  26:Drivers/STM32F4/Drivers/STM32F4xx_HAL_Driver/Src/stm32f4xx_hal_tim_ex.c ****                       ##### TIMER Extended features #####
  27:Drivers/STM32F4/Drivers/STM32F4xx_HAL_Driver/Src/stm32f4xx_hal_tim_ex.c ****   ==============================================================================
  28:Drivers/STM32F4/Drivers/STM32F4xx_HAL_Driver/Src/stm32f4xx_hal_tim_ex.c ****   [..]
  29:Drivers/STM32F4/Drivers/STM32F4xx_HAL_Driver/Src/stm32f4xx_hal_tim_ex.c ****     The Timer Extended features include:
  30:Drivers/STM32F4/Drivers/STM32F4xx_HAL_Driver/Src/stm32f4xx_hal_tim_ex.c ****     (#) Complementary outputs with programmable dead-time for :
ARM GAS  /tmp/ccicUsXN.s 			page 2


  31:Drivers/STM32F4/Drivers/STM32F4xx_HAL_Driver/Src/stm32f4xx_hal_tim_ex.c ****         (++) Output Compare
  32:Drivers/STM32F4/Drivers/STM32F4xx_HAL_Driver/Src/stm32f4xx_hal_tim_ex.c ****         (++) PWM generation (Edge and Center-aligned Mode)
  33:Drivers/STM32F4/Drivers/STM32F4xx_HAL_Driver/Src/stm32f4xx_hal_tim_ex.c ****         (++) One-pulse mode output
  34:Drivers/STM32F4/Drivers/STM32F4xx_HAL_Driver/Src/stm32f4xx_hal_tim_ex.c ****     (#) Synchronization circuit to control the timer with external signals and to
  35:Drivers/STM32F4/Drivers/STM32F4xx_HAL_Driver/Src/stm32f4xx_hal_tim_ex.c ****         interconnect several timers together.
  36:Drivers/STM32F4/Drivers/STM32F4xx_HAL_Driver/Src/stm32f4xx_hal_tim_ex.c ****     (#) Break input to put the timer output signals in reset state or in a known state.
  37:Drivers/STM32F4/Drivers/STM32F4xx_HAL_Driver/Src/stm32f4xx_hal_tim_ex.c ****     (#) Supports incremental (quadrature) encoder and hall-sensor circuitry for
  38:Drivers/STM32F4/Drivers/STM32F4xx_HAL_Driver/Src/stm32f4xx_hal_tim_ex.c ****         positioning purposes
  39:Drivers/STM32F4/Drivers/STM32F4xx_HAL_Driver/Src/stm32f4xx_hal_tim_ex.c **** 
  40:Drivers/STM32F4/Drivers/STM32F4xx_HAL_Driver/Src/stm32f4xx_hal_tim_ex.c ****             ##### How to use this driver #####
  41:Drivers/STM32F4/Drivers/STM32F4xx_HAL_Driver/Src/stm32f4xx_hal_tim_ex.c ****   ==============================================================================
  42:Drivers/STM32F4/Drivers/STM32F4xx_HAL_Driver/Src/stm32f4xx_hal_tim_ex.c ****     [..]
  43:Drivers/STM32F4/Drivers/STM32F4xx_HAL_Driver/Src/stm32f4xx_hal_tim_ex.c ****      (#) Initialize the TIM low level resources by implementing the following functions
  44:Drivers/STM32F4/Drivers/STM32F4xx_HAL_Driver/Src/stm32f4xx_hal_tim_ex.c ****          depending on the selected feature:
  45:Drivers/STM32F4/Drivers/STM32F4xx_HAL_Driver/Src/stm32f4xx_hal_tim_ex.c ****            (++) Hall Sensor output : HAL_TIMEx_HallSensor_MspInit()
  46:Drivers/STM32F4/Drivers/STM32F4xx_HAL_Driver/Src/stm32f4xx_hal_tim_ex.c **** 
  47:Drivers/STM32F4/Drivers/STM32F4xx_HAL_Driver/Src/stm32f4xx_hal_tim_ex.c ****      (#) Initialize the TIM low level resources :
  48:Drivers/STM32F4/Drivers/STM32F4xx_HAL_Driver/Src/stm32f4xx_hal_tim_ex.c ****         (##) Enable the TIM interface clock using __HAL_RCC_TIMx_CLK_ENABLE();
  49:Drivers/STM32F4/Drivers/STM32F4xx_HAL_Driver/Src/stm32f4xx_hal_tim_ex.c ****         (##) TIM pins configuration
  50:Drivers/STM32F4/Drivers/STM32F4xx_HAL_Driver/Src/stm32f4xx_hal_tim_ex.c ****             (+++) Enable the clock for the TIM GPIOs using the following function:
  51:Drivers/STM32F4/Drivers/STM32F4xx_HAL_Driver/Src/stm32f4xx_hal_tim_ex.c ****               __HAL_RCC_GPIOx_CLK_ENABLE();
  52:Drivers/STM32F4/Drivers/STM32F4xx_HAL_Driver/Src/stm32f4xx_hal_tim_ex.c ****             (+++) Configure these TIM pins in Alternate function mode using HAL_GPIO_Init();
  53:Drivers/STM32F4/Drivers/STM32F4xx_HAL_Driver/Src/stm32f4xx_hal_tim_ex.c **** 
  54:Drivers/STM32F4/Drivers/STM32F4xx_HAL_Driver/Src/stm32f4xx_hal_tim_ex.c ****      (#) The external Clock can be configured, if needed (the default clock is the
  55:Drivers/STM32F4/Drivers/STM32F4xx_HAL_Driver/Src/stm32f4xx_hal_tim_ex.c ****          internal clock from the APBx), using the following function:
  56:Drivers/STM32F4/Drivers/STM32F4xx_HAL_Driver/Src/stm32f4xx_hal_tim_ex.c ****          HAL_TIM_ConfigClockSource, the clock configuration should be done before
  57:Drivers/STM32F4/Drivers/STM32F4xx_HAL_Driver/Src/stm32f4xx_hal_tim_ex.c ****          any start function.
  58:Drivers/STM32F4/Drivers/STM32F4xx_HAL_Driver/Src/stm32f4xx_hal_tim_ex.c **** 
  59:Drivers/STM32F4/Drivers/STM32F4xx_HAL_Driver/Src/stm32f4xx_hal_tim_ex.c ****      (#) Configure the TIM in the desired functioning mode using one of the
  60:Drivers/STM32F4/Drivers/STM32F4xx_HAL_Driver/Src/stm32f4xx_hal_tim_ex.c ****          initialization function of this driver:
  61:Drivers/STM32F4/Drivers/STM32F4xx_HAL_Driver/Src/stm32f4xx_hal_tim_ex.c ****           (++) HAL_TIMEx_HallSensor_Init() and HAL_TIMEx_ConfigCommutEvent(): to use the
  62:Drivers/STM32F4/Drivers/STM32F4xx_HAL_Driver/Src/stm32f4xx_hal_tim_ex.c ****                Timer Hall Sensor Interface and the commutation event with the corresponding
  63:Drivers/STM32F4/Drivers/STM32F4xx_HAL_Driver/Src/stm32f4xx_hal_tim_ex.c ****                Interrupt and DMA request if needed (Note that One Timer is used to interface
  64:Drivers/STM32F4/Drivers/STM32F4xx_HAL_Driver/Src/stm32f4xx_hal_tim_ex.c ****                with the Hall sensor Interface and another Timer should be used to use
  65:Drivers/STM32F4/Drivers/STM32F4xx_HAL_Driver/Src/stm32f4xx_hal_tim_ex.c ****                the commutation event).
  66:Drivers/STM32F4/Drivers/STM32F4xx_HAL_Driver/Src/stm32f4xx_hal_tim_ex.c **** 
  67:Drivers/STM32F4/Drivers/STM32F4xx_HAL_Driver/Src/stm32f4xx_hal_tim_ex.c ****      (#) Activate the TIM peripheral using one of the start functions:
  68:Drivers/STM32F4/Drivers/STM32F4xx_HAL_Driver/Src/stm32f4xx_hal_tim_ex.c ****            (++) Complementary Output Compare : HAL_TIMEx_OCN_Start(), HAL_TIMEx_OCN_Start_DMA(),
  69:Drivers/STM32F4/Drivers/STM32F4xx_HAL_Driver/Src/stm32f4xx_hal_tim_ex.c ****                 HAL_TIMEx_OCN_Start_IT()
  70:Drivers/STM32F4/Drivers/STM32F4xx_HAL_Driver/Src/stm32f4xx_hal_tim_ex.c ****            (++) Complementary PWM generation : HAL_TIMEx_PWMN_Start(), HAL_TIMEx_PWMN_Start_DMA(),
  71:Drivers/STM32F4/Drivers/STM32F4xx_HAL_Driver/Src/stm32f4xx_hal_tim_ex.c ****                 HAL_TIMEx_PWMN_Start_IT()
  72:Drivers/STM32F4/Drivers/STM32F4xx_HAL_Driver/Src/stm32f4xx_hal_tim_ex.c ****            (++) Complementary One-pulse mode output : HAL_TIMEx_OnePulseN_Start(), HAL_TIMEx_OnePul
  73:Drivers/STM32F4/Drivers/STM32F4xx_HAL_Driver/Src/stm32f4xx_hal_tim_ex.c ****            (++) Hall Sensor output : HAL_TIMEx_HallSensor_Start(), HAL_TIMEx_HallSensor_Start_DMA()
  74:Drivers/STM32F4/Drivers/STM32F4xx_HAL_Driver/Src/stm32f4xx_hal_tim_ex.c ****                 HAL_TIMEx_HallSensor_Start_IT().
  75:Drivers/STM32F4/Drivers/STM32F4xx_HAL_Driver/Src/stm32f4xx_hal_tim_ex.c **** 
  76:Drivers/STM32F4/Drivers/STM32F4xx_HAL_Driver/Src/stm32f4xx_hal_tim_ex.c ****   @endverbatim
  77:Drivers/STM32F4/Drivers/STM32F4xx_HAL_Driver/Src/stm32f4xx_hal_tim_ex.c ****   ******************************************************************************
  78:Drivers/STM32F4/Drivers/STM32F4xx_HAL_Driver/Src/stm32f4xx_hal_tim_ex.c ****   */
  79:Drivers/STM32F4/Drivers/STM32F4xx_HAL_Driver/Src/stm32f4xx_hal_tim_ex.c **** 
  80:Drivers/STM32F4/Drivers/STM32F4xx_HAL_Driver/Src/stm32f4xx_hal_tim_ex.c **** /* Includes ------------------------------------------------------------------*/
  81:Drivers/STM32F4/Drivers/STM32F4xx_HAL_Driver/Src/stm32f4xx_hal_tim_ex.c **** #include "stm32f4xx_hal.h"
  82:Drivers/STM32F4/Drivers/STM32F4xx_HAL_Driver/Src/stm32f4xx_hal_tim_ex.c **** 
  83:Drivers/STM32F4/Drivers/STM32F4xx_HAL_Driver/Src/stm32f4xx_hal_tim_ex.c **** /** @addtogroup STM32F4xx_HAL_Driver
  84:Drivers/STM32F4/Drivers/STM32F4xx_HAL_Driver/Src/stm32f4xx_hal_tim_ex.c ****   * @{
  85:Drivers/STM32F4/Drivers/STM32F4xx_HAL_Driver/Src/stm32f4xx_hal_tim_ex.c ****   */
  86:Drivers/STM32F4/Drivers/STM32F4xx_HAL_Driver/Src/stm32f4xx_hal_tim_ex.c **** 
  87:Drivers/STM32F4/Drivers/STM32F4xx_HAL_Driver/Src/stm32f4xx_hal_tim_ex.c **** /** @defgroup TIMEx TIMEx
ARM GAS  /tmp/ccicUsXN.s 			page 3


  88:Drivers/STM32F4/Drivers/STM32F4xx_HAL_Driver/Src/stm32f4xx_hal_tim_ex.c ****   * @brief TIM Extended HAL module driver
  89:Drivers/STM32F4/Drivers/STM32F4xx_HAL_Driver/Src/stm32f4xx_hal_tim_ex.c ****   * @{
  90:Drivers/STM32F4/Drivers/STM32F4xx_HAL_Driver/Src/stm32f4xx_hal_tim_ex.c ****   */
  91:Drivers/STM32F4/Drivers/STM32F4xx_HAL_Driver/Src/stm32f4xx_hal_tim_ex.c **** 
  92:Drivers/STM32F4/Drivers/STM32F4xx_HAL_Driver/Src/stm32f4xx_hal_tim_ex.c **** #ifdef HAL_TIM_MODULE_ENABLED
  93:Drivers/STM32F4/Drivers/STM32F4xx_HAL_Driver/Src/stm32f4xx_hal_tim_ex.c **** 
  94:Drivers/STM32F4/Drivers/STM32F4xx_HAL_Driver/Src/stm32f4xx_hal_tim_ex.c **** /* Private typedef -----------------------------------------------------------*/
  95:Drivers/STM32F4/Drivers/STM32F4xx_HAL_Driver/Src/stm32f4xx_hal_tim_ex.c **** /* Private define ------------------------------------------------------------*/
  96:Drivers/STM32F4/Drivers/STM32F4xx_HAL_Driver/Src/stm32f4xx_hal_tim_ex.c **** /* Private macros ------------------------------------------------------------*/
  97:Drivers/STM32F4/Drivers/STM32F4xx_HAL_Driver/Src/stm32f4xx_hal_tim_ex.c **** /* Private variables ---------------------------------------------------------*/
  98:Drivers/STM32F4/Drivers/STM32F4xx_HAL_Driver/Src/stm32f4xx_hal_tim_ex.c **** /* Private function prototypes -----------------------------------------------*/
  99:Drivers/STM32F4/Drivers/STM32F4xx_HAL_Driver/Src/stm32f4xx_hal_tim_ex.c **** static void TIM_DMADelayPulseNCplt(DMA_HandleTypeDef *hdma);
 100:Drivers/STM32F4/Drivers/STM32F4xx_HAL_Driver/Src/stm32f4xx_hal_tim_ex.c **** static void TIM_DMAErrorCCxN(DMA_HandleTypeDef *hdma);
 101:Drivers/STM32F4/Drivers/STM32F4xx_HAL_Driver/Src/stm32f4xx_hal_tim_ex.c **** static void TIM_CCxNChannelCmd(TIM_TypeDef *TIMx, uint32_t Channel, uint32_t ChannelNState);
 102:Drivers/STM32F4/Drivers/STM32F4xx_HAL_Driver/Src/stm32f4xx_hal_tim_ex.c **** 
 103:Drivers/STM32F4/Drivers/STM32F4xx_HAL_Driver/Src/stm32f4xx_hal_tim_ex.c **** /* Exported functions --------------------------------------------------------*/
 104:Drivers/STM32F4/Drivers/STM32F4xx_HAL_Driver/Src/stm32f4xx_hal_tim_ex.c **** /** @defgroup TIMEx_Exported_Functions TIM Extended Exported Functions
 105:Drivers/STM32F4/Drivers/STM32F4xx_HAL_Driver/Src/stm32f4xx_hal_tim_ex.c ****   * @{
 106:Drivers/STM32F4/Drivers/STM32F4xx_HAL_Driver/Src/stm32f4xx_hal_tim_ex.c ****   */
 107:Drivers/STM32F4/Drivers/STM32F4xx_HAL_Driver/Src/stm32f4xx_hal_tim_ex.c **** 
 108:Drivers/STM32F4/Drivers/STM32F4xx_HAL_Driver/Src/stm32f4xx_hal_tim_ex.c **** /** @defgroup TIMEx_Exported_Functions_Group1 Extended Timer Hall Sensor functions
 109:Drivers/STM32F4/Drivers/STM32F4xx_HAL_Driver/Src/stm32f4xx_hal_tim_ex.c ****   * @brief    Timer Hall Sensor functions
 110:Drivers/STM32F4/Drivers/STM32F4xx_HAL_Driver/Src/stm32f4xx_hal_tim_ex.c ****   *
 111:Drivers/STM32F4/Drivers/STM32F4xx_HAL_Driver/Src/stm32f4xx_hal_tim_ex.c **** @verbatim
 112:Drivers/STM32F4/Drivers/STM32F4xx_HAL_Driver/Src/stm32f4xx_hal_tim_ex.c ****   ==============================================================================
 113:Drivers/STM32F4/Drivers/STM32F4xx_HAL_Driver/Src/stm32f4xx_hal_tim_ex.c ****                       ##### Timer Hall Sensor functions #####
 114:Drivers/STM32F4/Drivers/STM32F4xx_HAL_Driver/Src/stm32f4xx_hal_tim_ex.c ****   ==============================================================================
 115:Drivers/STM32F4/Drivers/STM32F4xx_HAL_Driver/Src/stm32f4xx_hal_tim_ex.c ****   [..]
 116:Drivers/STM32F4/Drivers/STM32F4xx_HAL_Driver/Src/stm32f4xx_hal_tim_ex.c ****     This section provides functions allowing to:
 117:Drivers/STM32F4/Drivers/STM32F4xx_HAL_Driver/Src/stm32f4xx_hal_tim_ex.c ****     (+) Initialize and configure TIM HAL Sensor.
 118:Drivers/STM32F4/Drivers/STM32F4xx_HAL_Driver/Src/stm32f4xx_hal_tim_ex.c ****     (+) De-initialize TIM HAL Sensor.
 119:Drivers/STM32F4/Drivers/STM32F4xx_HAL_Driver/Src/stm32f4xx_hal_tim_ex.c ****     (+) Start the Hall Sensor Interface.
 120:Drivers/STM32F4/Drivers/STM32F4xx_HAL_Driver/Src/stm32f4xx_hal_tim_ex.c ****     (+) Stop the Hall Sensor Interface.
 121:Drivers/STM32F4/Drivers/STM32F4xx_HAL_Driver/Src/stm32f4xx_hal_tim_ex.c ****     (+) Start the Hall Sensor Interface and enable interrupts.
 122:Drivers/STM32F4/Drivers/STM32F4xx_HAL_Driver/Src/stm32f4xx_hal_tim_ex.c ****     (+) Stop the Hall Sensor Interface and disable interrupts.
 123:Drivers/STM32F4/Drivers/STM32F4xx_HAL_Driver/Src/stm32f4xx_hal_tim_ex.c ****     (+) Start the Hall Sensor Interface and enable DMA transfers.
 124:Drivers/STM32F4/Drivers/STM32F4xx_HAL_Driver/Src/stm32f4xx_hal_tim_ex.c ****     (+) Stop the Hall Sensor Interface and disable DMA transfers.
 125:Drivers/STM32F4/Drivers/STM32F4xx_HAL_Driver/Src/stm32f4xx_hal_tim_ex.c **** 
 126:Drivers/STM32F4/Drivers/STM32F4xx_HAL_Driver/Src/stm32f4xx_hal_tim_ex.c **** @endverbatim
 127:Drivers/STM32F4/Drivers/STM32F4xx_HAL_Driver/Src/stm32f4xx_hal_tim_ex.c ****   * @{
 128:Drivers/STM32F4/Drivers/STM32F4xx_HAL_Driver/Src/stm32f4xx_hal_tim_ex.c ****   */
 129:Drivers/STM32F4/Drivers/STM32F4xx_HAL_Driver/Src/stm32f4xx_hal_tim_ex.c **** /**
 130:Drivers/STM32F4/Drivers/STM32F4xx_HAL_Driver/Src/stm32f4xx_hal_tim_ex.c ****   * @brief  Initializes the TIM Hall Sensor Interface and initialize the associated handle.
 131:Drivers/STM32F4/Drivers/STM32F4xx_HAL_Driver/Src/stm32f4xx_hal_tim_ex.c ****   * @note   When the timer instance is initialized in Hall Sensor Interface mode,
 132:Drivers/STM32F4/Drivers/STM32F4xx_HAL_Driver/Src/stm32f4xx_hal_tim_ex.c ****   *         timer channels 1 and channel 2 are reserved and cannot be used for
 133:Drivers/STM32F4/Drivers/STM32F4xx_HAL_Driver/Src/stm32f4xx_hal_tim_ex.c ****   *         other purpose.
 134:Drivers/STM32F4/Drivers/STM32F4xx_HAL_Driver/Src/stm32f4xx_hal_tim_ex.c ****   * @param  htim TIM Hall Sensor Interface handle
 135:Drivers/STM32F4/Drivers/STM32F4xx_HAL_Driver/Src/stm32f4xx_hal_tim_ex.c ****   * @param  sConfig TIM Hall Sensor configuration structure
 136:Drivers/STM32F4/Drivers/STM32F4xx_HAL_Driver/Src/stm32f4xx_hal_tim_ex.c ****   * @retval HAL status
 137:Drivers/STM32F4/Drivers/STM32F4xx_HAL_Driver/Src/stm32f4xx_hal_tim_ex.c ****   */
 138:Drivers/STM32F4/Drivers/STM32F4xx_HAL_Driver/Src/stm32f4xx_hal_tim_ex.c **** HAL_StatusTypeDef HAL_TIMEx_HallSensor_Init(TIM_HandleTypeDef *htim, const TIM_HallSensor_InitTypeD
 139:Drivers/STM32F4/Drivers/STM32F4xx_HAL_Driver/Src/stm32f4xx_hal_tim_ex.c **** {
 140:Drivers/STM32F4/Drivers/STM32F4xx_HAL_Driver/Src/stm32f4xx_hal_tim_ex.c ****   TIM_OC_InitTypeDef OC_Config;
 141:Drivers/STM32F4/Drivers/STM32F4xx_HAL_Driver/Src/stm32f4xx_hal_tim_ex.c **** 
 142:Drivers/STM32F4/Drivers/STM32F4xx_HAL_Driver/Src/stm32f4xx_hal_tim_ex.c ****   /* Check the TIM handle allocation */
 143:Drivers/STM32F4/Drivers/STM32F4xx_HAL_Driver/Src/stm32f4xx_hal_tim_ex.c ****   if (htim == NULL)
 144:Drivers/STM32F4/Drivers/STM32F4xx_HAL_Driver/Src/stm32f4xx_hal_tim_ex.c ****   {
ARM GAS  /tmp/ccicUsXN.s 			page 4


 145:Drivers/STM32F4/Drivers/STM32F4xx_HAL_Driver/Src/stm32f4xx_hal_tim_ex.c ****     return HAL_ERROR;
 146:Drivers/STM32F4/Drivers/STM32F4xx_HAL_Driver/Src/stm32f4xx_hal_tim_ex.c ****   }
 147:Drivers/STM32F4/Drivers/STM32F4xx_HAL_Driver/Src/stm32f4xx_hal_tim_ex.c **** 
 148:Drivers/STM32F4/Drivers/STM32F4xx_HAL_Driver/Src/stm32f4xx_hal_tim_ex.c ****   /* Check the parameters */
 149:Drivers/STM32F4/Drivers/STM32F4xx_HAL_Driver/Src/stm32f4xx_hal_tim_ex.c ****   assert_param(IS_TIM_HALL_SENSOR_INTERFACE_INSTANCE(htim->Instance));
 150:Drivers/STM32F4/Drivers/STM32F4xx_HAL_Driver/Src/stm32f4xx_hal_tim_ex.c ****   assert_param(IS_TIM_COUNTER_MODE(htim->Init.CounterMode));
 151:Drivers/STM32F4/Drivers/STM32F4xx_HAL_Driver/Src/stm32f4xx_hal_tim_ex.c ****   assert_param(IS_TIM_CLOCKDIVISION_DIV(htim->Init.ClockDivision));
 152:Drivers/STM32F4/Drivers/STM32F4xx_HAL_Driver/Src/stm32f4xx_hal_tim_ex.c ****   assert_param(IS_TIM_AUTORELOAD_PRELOAD(htim->Init.AutoReloadPreload));
 153:Drivers/STM32F4/Drivers/STM32F4xx_HAL_Driver/Src/stm32f4xx_hal_tim_ex.c ****   assert_param(IS_TIM_IC_POLARITY(sConfig->IC1Polarity));
 154:Drivers/STM32F4/Drivers/STM32F4xx_HAL_Driver/Src/stm32f4xx_hal_tim_ex.c ****   assert_param(IS_TIM_PERIOD(htim, htim->Init.Period));
 155:Drivers/STM32F4/Drivers/STM32F4xx_HAL_Driver/Src/stm32f4xx_hal_tim_ex.c ****   assert_param(IS_TIM_IC_PRESCALER(sConfig->IC1Prescaler));
 156:Drivers/STM32F4/Drivers/STM32F4xx_HAL_Driver/Src/stm32f4xx_hal_tim_ex.c ****   assert_param(IS_TIM_IC_FILTER(sConfig->IC1Filter));
 157:Drivers/STM32F4/Drivers/STM32F4xx_HAL_Driver/Src/stm32f4xx_hal_tim_ex.c **** 
 158:Drivers/STM32F4/Drivers/STM32F4xx_HAL_Driver/Src/stm32f4xx_hal_tim_ex.c ****   if (htim->State == HAL_TIM_STATE_RESET)
 159:Drivers/STM32F4/Drivers/STM32F4xx_HAL_Driver/Src/stm32f4xx_hal_tim_ex.c ****   {
 160:Drivers/STM32F4/Drivers/STM32F4xx_HAL_Driver/Src/stm32f4xx_hal_tim_ex.c ****     /* Allocate lock resource and initialize it */
 161:Drivers/STM32F4/Drivers/STM32F4xx_HAL_Driver/Src/stm32f4xx_hal_tim_ex.c ****     htim->Lock = HAL_UNLOCKED;
 162:Drivers/STM32F4/Drivers/STM32F4xx_HAL_Driver/Src/stm32f4xx_hal_tim_ex.c **** 
 163:Drivers/STM32F4/Drivers/STM32F4xx_HAL_Driver/Src/stm32f4xx_hal_tim_ex.c **** #if (USE_HAL_TIM_REGISTER_CALLBACKS == 1)
 164:Drivers/STM32F4/Drivers/STM32F4xx_HAL_Driver/Src/stm32f4xx_hal_tim_ex.c ****     /* Reset interrupt callbacks to legacy week callbacks */
 165:Drivers/STM32F4/Drivers/STM32F4xx_HAL_Driver/Src/stm32f4xx_hal_tim_ex.c ****     TIM_ResetCallback(htim);
 166:Drivers/STM32F4/Drivers/STM32F4xx_HAL_Driver/Src/stm32f4xx_hal_tim_ex.c **** 
 167:Drivers/STM32F4/Drivers/STM32F4xx_HAL_Driver/Src/stm32f4xx_hal_tim_ex.c ****     if (htim->HallSensor_MspInitCallback == NULL)
 168:Drivers/STM32F4/Drivers/STM32F4xx_HAL_Driver/Src/stm32f4xx_hal_tim_ex.c ****     {
 169:Drivers/STM32F4/Drivers/STM32F4xx_HAL_Driver/Src/stm32f4xx_hal_tim_ex.c ****       htim->HallSensor_MspInitCallback = HAL_TIMEx_HallSensor_MspInit;
 170:Drivers/STM32F4/Drivers/STM32F4xx_HAL_Driver/Src/stm32f4xx_hal_tim_ex.c ****     }
 171:Drivers/STM32F4/Drivers/STM32F4xx_HAL_Driver/Src/stm32f4xx_hal_tim_ex.c ****     /* Init the low level hardware : GPIO, CLOCK, NVIC */
 172:Drivers/STM32F4/Drivers/STM32F4xx_HAL_Driver/Src/stm32f4xx_hal_tim_ex.c ****     htim->HallSensor_MspInitCallback(htim);
 173:Drivers/STM32F4/Drivers/STM32F4xx_HAL_Driver/Src/stm32f4xx_hal_tim_ex.c **** #else
 174:Drivers/STM32F4/Drivers/STM32F4xx_HAL_Driver/Src/stm32f4xx_hal_tim_ex.c ****     /* Init the low level hardware : GPIO, CLOCK, NVIC and DMA */
 175:Drivers/STM32F4/Drivers/STM32F4xx_HAL_Driver/Src/stm32f4xx_hal_tim_ex.c ****     HAL_TIMEx_HallSensor_MspInit(htim);
 176:Drivers/STM32F4/Drivers/STM32F4xx_HAL_Driver/Src/stm32f4xx_hal_tim_ex.c **** #endif /* USE_HAL_TIM_REGISTER_CALLBACKS */
 177:Drivers/STM32F4/Drivers/STM32F4xx_HAL_Driver/Src/stm32f4xx_hal_tim_ex.c ****   }
 178:Drivers/STM32F4/Drivers/STM32F4xx_HAL_Driver/Src/stm32f4xx_hal_tim_ex.c **** 
 179:Drivers/STM32F4/Drivers/STM32F4xx_HAL_Driver/Src/stm32f4xx_hal_tim_ex.c ****   /* Set the TIM state */
 180:Drivers/STM32F4/Drivers/STM32F4xx_HAL_Driver/Src/stm32f4xx_hal_tim_ex.c ****   htim->State = HAL_TIM_STATE_BUSY;
 181:Drivers/STM32F4/Drivers/STM32F4xx_HAL_Driver/Src/stm32f4xx_hal_tim_ex.c **** 
 182:Drivers/STM32F4/Drivers/STM32F4xx_HAL_Driver/Src/stm32f4xx_hal_tim_ex.c ****   /* Configure the Time base in the Encoder Mode */
 183:Drivers/STM32F4/Drivers/STM32F4xx_HAL_Driver/Src/stm32f4xx_hal_tim_ex.c ****   TIM_Base_SetConfig(htim->Instance, &htim->Init);
 184:Drivers/STM32F4/Drivers/STM32F4xx_HAL_Driver/Src/stm32f4xx_hal_tim_ex.c **** 
 185:Drivers/STM32F4/Drivers/STM32F4xx_HAL_Driver/Src/stm32f4xx_hal_tim_ex.c ****   /* Configure the Channel 1 as Input Channel to interface with the three Outputs of the  Hall sens
 186:Drivers/STM32F4/Drivers/STM32F4xx_HAL_Driver/Src/stm32f4xx_hal_tim_ex.c ****   TIM_TI1_SetConfig(htim->Instance, sConfig->IC1Polarity, TIM_ICSELECTION_TRC, sConfig->IC1Filter);
 187:Drivers/STM32F4/Drivers/STM32F4xx_HAL_Driver/Src/stm32f4xx_hal_tim_ex.c **** 
 188:Drivers/STM32F4/Drivers/STM32F4xx_HAL_Driver/Src/stm32f4xx_hal_tim_ex.c ****   /* Reset the IC1PSC Bits */
 189:Drivers/STM32F4/Drivers/STM32F4xx_HAL_Driver/Src/stm32f4xx_hal_tim_ex.c ****   htim->Instance->CCMR1 &= ~TIM_CCMR1_IC1PSC;
 190:Drivers/STM32F4/Drivers/STM32F4xx_HAL_Driver/Src/stm32f4xx_hal_tim_ex.c ****   /* Set the IC1PSC value */
 191:Drivers/STM32F4/Drivers/STM32F4xx_HAL_Driver/Src/stm32f4xx_hal_tim_ex.c ****   htim->Instance->CCMR1 |= sConfig->IC1Prescaler;
 192:Drivers/STM32F4/Drivers/STM32F4xx_HAL_Driver/Src/stm32f4xx_hal_tim_ex.c **** 
 193:Drivers/STM32F4/Drivers/STM32F4xx_HAL_Driver/Src/stm32f4xx_hal_tim_ex.c ****   /* Enable the Hall sensor interface (XOR function of the three inputs) */
 194:Drivers/STM32F4/Drivers/STM32F4xx_HAL_Driver/Src/stm32f4xx_hal_tim_ex.c ****   htim->Instance->CR2 |= TIM_CR2_TI1S;
 195:Drivers/STM32F4/Drivers/STM32F4xx_HAL_Driver/Src/stm32f4xx_hal_tim_ex.c **** 
 196:Drivers/STM32F4/Drivers/STM32F4xx_HAL_Driver/Src/stm32f4xx_hal_tim_ex.c ****   /* Select the TIM_TS_TI1F_ED signal as Input trigger for the TIM */
 197:Drivers/STM32F4/Drivers/STM32F4xx_HAL_Driver/Src/stm32f4xx_hal_tim_ex.c ****   htim->Instance->SMCR &= ~TIM_SMCR_TS;
 198:Drivers/STM32F4/Drivers/STM32F4xx_HAL_Driver/Src/stm32f4xx_hal_tim_ex.c ****   htim->Instance->SMCR |= TIM_TS_TI1F_ED;
 199:Drivers/STM32F4/Drivers/STM32F4xx_HAL_Driver/Src/stm32f4xx_hal_tim_ex.c **** 
 200:Drivers/STM32F4/Drivers/STM32F4xx_HAL_Driver/Src/stm32f4xx_hal_tim_ex.c ****   /* Use the TIM_TS_TI1F_ED signal to reset the TIM counter each edge detection */
 201:Drivers/STM32F4/Drivers/STM32F4xx_HAL_Driver/Src/stm32f4xx_hal_tim_ex.c ****   htim->Instance->SMCR &= ~TIM_SMCR_SMS;
ARM GAS  /tmp/ccicUsXN.s 			page 5


 202:Drivers/STM32F4/Drivers/STM32F4xx_HAL_Driver/Src/stm32f4xx_hal_tim_ex.c ****   htim->Instance->SMCR |= TIM_SLAVEMODE_RESET;
 203:Drivers/STM32F4/Drivers/STM32F4xx_HAL_Driver/Src/stm32f4xx_hal_tim_ex.c **** 
 204:Drivers/STM32F4/Drivers/STM32F4xx_HAL_Driver/Src/stm32f4xx_hal_tim_ex.c ****   /* Program channel 2 in PWM 2 mode with the desired Commutation_Delay*/
 205:Drivers/STM32F4/Drivers/STM32F4xx_HAL_Driver/Src/stm32f4xx_hal_tim_ex.c ****   OC_Config.OCFastMode = TIM_OCFAST_DISABLE;
 206:Drivers/STM32F4/Drivers/STM32F4xx_HAL_Driver/Src/stm32f4xx_hal_tim_ex.c ****   OC_Config.OCIdleState = TIM_OCIDLESTATE_RESET;
 207:Drivers/STM32F4/Drivers/STM32F4xx_HAL_Driver/Src/stm32f4xx_hal_tim_ex.c ****   OC_Config.OCMode = TIM_OCMODE_PWM2;
 208:Drivers/STM32F4/Drivers/STM32F4xx_HAL_Driver/Src/stm32f4xx_hal_tim_ex.c ****   OC_Config.OCNIdleState = TIM_OCNIDLESTATE_RESET;
 209:Drivers/STM32F4/Drivers/STM32F4xx_HAL_Driver/Src/stm32f4xx_hal_tim_ex.c ****   OC_Config.OCNPolarity = TIM_OCNPOLARITY_HIGH;
 210:Drivers/STM32F4/Drivers/STM32F4xx_HAL_Driver/Src/stm32f4xx_hal_tim_ex.c ****   OC_Config.OCPolarity = TIM_OCPOLARITY_HIGH;
 211:Drivers/STM32F4/Drivers/STM32F4xx_HAL_Driver/Src/stm32f4xx_hal_tim_ex.c ****   OC_Config.Pulse = sConfig->Commutation_Delay;
 212:Drivers/STM32F4/Drivers/STM32F4xx_HAL_Driver/Src/stm32f4xx_hal_tim_ex.c **** 
 213:Drivers/STM32F4/Drivers/STM32F4xx_HAL_Driver/Src/stm32f4xx_hal_tim_ex.c ****   TIM_OC2_SetConfig(htim->Instance, &OC_Config);
 214:Drivers/STM32F4/Drivers/STM32F4xx_HAL_Driver/Src/stm32f4xx_hal_tim_ex.c **** 
 215:Drivers/STM32F4/Drivers/STM32F4xx_HAL_Driver/Src/stm32f4xx_hal_tim_ex.c ****   /* Select OC2REF as trigger output on TRGO: write the MMS bits in the TIMx_CR2
 216:Drivers/STM32F4/Drivers/STM32F4xx_HAL_Driver/Src/stm32f4xx_hal_tim_ex.c ****     register to 101 */
 217:Drivers/STM32F4/Drivers/STM32F4xx_HAL_Driver/Src/stm32f4xx_hal_tim_ex.c ****   htim->Instance->CR2 &= ~TIM_CR2_MMS;
 218:Drivers/STM32F4/Drivers/STM32F4xx_HAL_Driver/Src/stm32f4xx_hal_tim_ex.c ****   htim->Instance->CR2 |= TIM_TRGO_OC2REF;
 219:Drivers/STM32F4/Drivers/STM32F4xx_HAL_Driver/Src/stm32f4xx_hal_tim_ex.c **** 
 220:Drivers/STM32F4/Drivers/STM32F4xx_HAL_Driver/Src/stm32f4xx_hal_tim_ex.c ****   /* Initialize the DMA burst operation state */
 221:Drivers/STM32F4/Drivers/STM32F4xx_HAL_Driver/Src/stm32f4xx_hal_tim_ex.c ****   htim->DMABurstState = HAL_DMA_BURST_STATE_READY;
 222:Drivers/STM32F4/Drivers/STM32F4xx_HAL_Driver/Src/stm32f4xx_hal_tim_ex.c **** 
 223:Drivers/STM32F4/Drivers/STM32F4xx_HAL_Driver/Src/stm32f4xx_hal_tim_ex.c ****   /* Initialize the TIM channels state */
 224:Drivers/STM32F4/Drivers/STM32F4xx_HAL_Driver/Src/stm32f4xx_hal_tim_ex.c ****   TIM_CHANNEL_STATE_SET(htim, TIM_CHANNEL_1, HAL_TIM_CHANNEL_STATE_READY);
 225:Drivers/STM32F4/Drivers/STM32F4xx_HAL_Driver/Src/stm32f4xx_hal_tim_ex.c ****   TIM_CHANNEL_STATE_SET(htim, TIM_CHANNEL_2, HAL_TIM_CHANNEL_STATE_READY);
 226:Drivers/STM32F4/Drivers/STM32F4xx_HAL_Driver/Src/stm32f4xx_hal_tim_ex.c ****   TIM_CHANNEL_N_STATE_SET(htim, TIM_CHANNEL_1, HAL_TIM_CHANNEL_STATE_READY);
 227:Drivers/STM32F4/Drivers/STM32F4xx_HAL_Driver/Src/stm32f4xx_hal_tim_ex.c ****   TIM_CHANNEL_N_STATE_SET(htim, TIM_CHANNEL_2, HAL_TIM_CHANNEL_STATE_READY);
 228:Drivers/STM32F4/Drivers/STM32F4xx_HAL_Driver/Src/stm32f4xx_hal_tim_ex.c **** 
 229:Drivers/STM32F4/Drivers/STM32F4xx_HAL_Driver/Src/stm32f4xx_hal_tim_ex.c ****   /* Initialize the TIM state*/
 230:Drivers/STM32F4/Drivers/STM32F4xx_HAL_Driver/Src/stm32f4xx_hal_tim_ex.c ****   htim->State = HAL_TIM_STATE_READY;
 231:Drivers/STM32F4/Drivers/STM32F4xx_HAL_Driver/Src/stm32f4xx_hal_tim_ex.c **** 
 232:Drivers/STM32F4/Drivers/STM32F4xx_HAL_Driver/Src/stm32f4xx_hal_tim_ex.c ****   return HAL_OK;
 233:Drivers/STM32F4/Drivers/STM32F4xx_HAL_Driver/Src/stm32f4xx_hal_tim_ex.c **** }
 234:Drivers/STM32F4/Drivers/STM32F4xx_HAL_Driver/Src/stm32f4xx_hal_tim_ex.c **** 
 235:Drivers/STM32F4/Drivers/STM32F4xx_HAL_Driver/Src/stm32f4xx_hal_tim_ex.c **** /**
 236:Drivers/STM32F4/Drivers/STM32F4xx_HAL_Driver/Src/stm32f4xx_hal_tim_ex.c ****   * @brief  DeInitializes the TIM Hall Sensor interface
 237:Drivers/STM32F4/Drivers/STM32F4xx_HAL_Driver/Src/stm32f4xx_hal_tim_ex.c ****   * @param  htim TIM Hall Sensor Interface handle
 238:Drivers/STM32F4/Drivers/STM32F4xx_HAL_Driver/Src/stm32f4xx_hal_tim_ex.c ****   * @retval HAL status
 239:Drivers/STM32F4/Drivers/STM32F4xx_HAL_Driver/Src/stm32f4xx_hal_tim_ex.c ****   */
 240:Drivers/STM32F4/Drivers/STM32F4xx_HAL_Driver/Src/stm32f4xx_hal_tim_ex.c **** HAL_StatusTypeDef HAL_TIMEx_HallSensor_DeInit(TIM_HandleTypeDef *htim)
 241:Drivers/STM32F4/Drivers/STM32F4xx_HAL_Driver/Src/stm32f4xx_hal_tim_ex.c **** {
 242:Drivers/STM32F4/Drivers/STM32F4xx_HAL_Driver/Src/stm32f4xx_hal_tim_ex.c ****   /* Check the parameters */
 243:Drivers/STM32F4/Drivers/STM32F4xx_HAL_Driver/Src/stm32f4xx_hal_tim_ex.c ****   assert_param(IS_TIM_INSTANCE(htim->Instance));
 244:Drivers/STM32F4/Drivers/STM32F4xx_HAL_Driver/Src/stm32f4xx_hal_tim_ex.c **** 
 245:Drivers/STM32F4/Drivers/STM32F4xx_HAL_Driver/Src/stm32f4xx_hal_tim_ex.c ****   htim->State = HAL_TIM_STATE_BUSY;
 246:Drivers/STM32F4/Drivers/STM32F4xx_HAL_Driver/Src/stm32f4xx_hal_tim_ex.c **** 
 247:Drivers/STM32F4/Drivers/STM32F4xx_HAL_Driver/Src/stm32f4xx_hal_tim_ex.c ****   /* Disable the TIM Peripheral Clock */
 248:Drivers/STM32F4/Drivers/STM32F4xx_HAL_Driver/Src/stm32f4xx_hal_tim_ex.c ****   __HAL_TIM_DISABLE(htim);
 249:Drivers/STM32F4/Drivers/STM32F4xx_HAL_Driver/Src/stm32f4xx_hal_tim_ex.c **** 
 250:Drivers/STM32F4/Drivers/STM32F4xx_HAL_Driver/Src/stm32f4xx_hal_tim_ex.c **** #if (USE_HAL_TIM_REGISTER_CALLBACKS == 1)
 251:Drivers/STM32F4/Drivers/STM32F4xx_HAL_Driver/Src/stm32f4xx_hal_tim_ex.c ****   if (htim->HallSensor_MspDeInitCallback == NULL)
 252:Drivers/STM32F4/Drivers/STM32F4xx_HAL_Driver/Src/stm32f4xx_hal_tim_ex.c ****   {
 253:Drivers/STM32F4/Drivers/STM32F4xx_HAL_Driver/Src/stm32f4xx_hal_tim_ex.c ****     htim->HallSensor_MspDeInitCallback = HAL_TIMEx_HallSensor_MspDeInit;
 254:Drivers/STM32F4/Drivers/STM32F4xx_HAL_Driver/Src/stm32f4xx_hal_tim_ex.c ****   }
 255:Drivers/STM32F4/Drivers/STM32F4xx_HAL_Driver/Src/stm32f4xx_hal_tim_ex.c ****   /* DeInit the low level hardware */
 256:Drivers/STM32F4/Drivers/STM32F4xx_HAL_Driver/Src/stm32f4xx_hal_tim_ex.c ****   htim->HallSensor_MspDeInitCallback(htim);
 257:Drivers/STM32F4/Drivers/STM32F4xx_HAL_Driver/Src/stm32f4xx_hal_tim_ex.c **** #else
 258:Drivers/STM32F4/Drivers/STM32F4xx_HAL_Driver/Src/stm32f4xx_hal_tim_ex.c ****   /* DeInit the low level hardware: GPIO, CLOCK, NVIC */
ARM GAS  /tmp/ccicUsXN.s 			page 6


 259:Drivers/STM32F4/Drivers/STM32F4xx_HAL_Driver/Src/stm32f4xx_hal_tim_ex.c ****   HAL_TIMEx_HallSensor_MspDeInit(htim);
 260:Drivers/STM32F4/Drivers/STM32F4xx_HAL_Driver/Src/stm32f4xx_hal_tim_ex.c **** #endif /* USE_HAL_TIM_REGISTER_CALLBACKS */
 261:Drivers/STM32F4/Drivers/STM32F4xx_HAL_Driver/Src/stm32f4xx_hal_tim_ex.c **** 
 262:Drivers/STM32F4/Drivers/STM32F4xx_HAL_Driver/Src/stm32f4xx_hal_tim_ex.c ****   /* Change the DMA burst operation state */
 263:Drivers/STM32F4/Drivers/STM32F4xx_HAL_Driver/Src/stm32f4xx_hal_tim_ex.c ****   htim->DMABurstState = HAL_DMA_BURST_STATE_RESET;
 264:Drivers/STM32F4/Drivers/STM32F4xx_HAL_Driver/Src/stm32f4xx_hal_tim_ex.c **** 
 265:Drivers/STM32F4/Drivers/STM32F4xx_HAL_Driver/Src/stm32f4xx_hal_tim_ex.c ****   /* Change the TIM channels state */
 266:Drivers/STM32F4/Drivers/STM32F4xx_HAL_Driver/Src/stm32f4xx_hal_tim_ex.c ****   TIM_CHANNEL_STATE_SET(htim, TIM_CHANNEL_1, HAL_TIM_CHANNEL_STATE_RESET);
 267:Drivers/STM32F4/Drivers/STM32F4xx_HAL_Driver/Src/stm32f4xx_hal_tim_ex.c ****   TIM_CHANNEL_STATE_SET(htim, TIM_CHANNEL_2, HAL_TIM_CHANNEL_STATE_RESET);
 268:Drivers/STM32F4/Drivers/STM32F4xx_HAL_Driver/Src/stm32f4xx_hal_tim_ex.c ****   TIM_CHANNEL_N_STATE_SET(htim, TIM_CHANNEL_1, HAL_TIM_CHANNEL_STATE_RESET);
 269:Drivers/STM32F4/Drivers/STM32F4xx_HAL_Driver/Src/stm32f4xx_hal_tim_ex.c ****   TIM_CHANNEL_N_STATE_SET(htim, TIM_CHANNEL_2, HAL_TIM_CHANNEL_STATE_RESET);
 270:Drivers/STM32F4/Drivers/STM32F4xx_HAL_Driver/Src/stm32f4xx_hal_tim_ex.c **** 
 271:Drivers/STM32F4/Drivers/STM32F4xx_HAL_Driver/Src/stm32f4xx_hal_tim_ex.c ****   /* Change TIM state */
 272:Drivers/STM32F4/Drivers/STM32F4xx_HAL_Driver/Src/stm32f4xx_hal_tim_ex.c ****   htim->State = HAL_TIM_STATE_RESET;
 273:Drivers/STM32F4/Drivers/STM32F4xx_HAL_Driver/Src/stm32f4xx_hal_tim_ex.c **** 
 274:Drivers/STM32F4/Drivers/STM32F4xx_HAL_Driver/Src/stm32f4xx_hal_tim_ex.c ****   /* Release Lock */
 275:Drivers/STM32F4/Drivers/STM32F4xx_HAL_Driver/Src/stm32f4xx_hal_tim_ex.c ****   __HAL_UNLOCK(htim);
 276:Drivers/STM32F4/Drivers/STM32F4xx_HAL_Driver/Src/stm32f4xx_hal_tim_ex.c **** 
 277:Drivers/STM32F4/Drivers/STM32F4xx_HAL_Driver/Src/stm32f4xx_hal_tim_ex.c ****   return HAL_OK;
 278:Drivers/STM32F4/Drivers/STM32F4xx_HAL_Driver/Src/stm32f4xx_hal_tim_ex.c **** }
 279:Drivers/STM32F4/Drivers/STM32F4xx_HAL_Driver/Src/stm32f4xx_hal_tim_ex.c **** 
 280:Drivers/STM32F4/Drivers/STM32F4xx_HAL_Driver/Src/stm32f4xx_hal_tim_ex.c **** /**
 281:Drivers/STM32F4/Drivers/STM32F4xx_HAL_Driver/Src/stm32f4xx_hal_tim_ex.c ****   * @brief  Initializes the TIM Hall Sensor MSP.
 282:Drivers/STM32F4/Drivers/STM32F4xx_HAL_Driver/Src/stm32f4xx_hal_tim_ex.c ****   * @param  htim TIM Hall Sensor Interface handle
 283:Drivers/STM32F4/Drivers/STM32F4xx_HAL_Driver/Src/stm32f4xx_hal_tim_ex.c ****   * @retval None
 284:Drivers/STM32F4/Drivers/STM32F4xx_HAL_Driver/Src/stm32f4xx_hal_tim_ex.c ****   */
 285:Drivers/STM32F4/Drivers/STM32F4xx_HAL_Driver/Src/stm32f4xx_hal_tim_ex.c **** __weak void HAL_TIMEx_HallSensor_MspInit(TIM_HandleTypeDef *htim)
 286:Drivers/STM32F4/Drivers/STM32F4xx_HAL_Driver/Src/stm32f4xx_hal_tim_ex.c **** {
 287:Drivers/STM32F4/Drivers/STM32F4xx_HAL_Driver/Src/stm32f4xx_hal_tim_ex.c ****   /* Prevent unused argument(s) compilation warning */
 288:Drivers/STM32F4/Drivers/STM32F4xx_HAL_Driver/Src/stm32f4xx_hal_tim_ex.c ****   UNUSED(htim);
 289:Drivers/STM32F4/Drivers/STM32F4xx_HAL_Driver/Src/stm32f4xx_hal_tim_ex.c **** 
 290:Drivers/STM32F4/Drivers/STM32F4xx_HAL_Driver/Src/stm32f4xx_hal_tim_ex.c ****   /* NOTE : This function should not be modified, when the callback is needed,
 291:Drivers/STM32F4/Drivers/STM32F4xx_HAL_Driver/Src/stm32f4xx_hal_tim_ex.c ****             the HAL_TIMEx_HallSensor_MspInit could be implemented in the user file
 292:Drivers/STM32F4/Drivers/STM32F4xx_HAL_Driver/Src/stm32f4xx_hal_tim_ex.c ****    */
 293:Drivers/STM32F4/Drivers/STM32F4xx_HAL_Driver/Src/stm32f4xx_hal_tim_ex.c **** }
 294:Drivers/STM32F4/Drivers/STM32F4xx_HAL_Driver/Src/stm32f4xx_hal_tim_ex.c **** 
 295:Drivers/STM32F4/Drivers/STM32F4xx_HAL_Driver/Src/stm32f4xx_hal_tim_ex.c **** /**
 296:Drivers/STM32F4/Drivers/STM32F4xx_HAL_Driver/Src/stm32f4xx_hal_tim_ex.c ****   * @brief  DeInitializes TIM Hall Sensor MSP.
 297:Drivers/STM32F4/Drivers/STM32F4xx_HAL_Driver/Src/stm32f4xx_hal_tim_ex.c ****   * @param  htim TIM Hall Sensor Interface handle
 298:Drivers/STM32F4/Drivers/STM32F4xx_HAL_Driver/Src/stm32f4xx_hal_tim_ex.c ****   * @retval None
 299:Drivers/STM32F4/Drivers/STM32F4xx_HAL_Driver/Src/stm32f4xx_hal_tim_ex.c ****   */
 300:Drivers/STM32F4/Drivers/STM32F4xx_HAL_Driver/Src/stm32f4xx_hal_tim_ex.c **** __weak void HAL_TIMEx_HallSensor_MspDeInit(TIM_HandleTypeDef *htim)
 301:Drivers/STM32F4/Drivers/STM32F4xx_HAL_Driver/Src/stm32f4xx_hal_tim_ex.c **** {
 302:Drivers/STM32F4/Drivers/STM32F4xx_HAL_Driver/Src/stm32f4xx_hal_tim_ex.c ****   /* Prevent unused argument(s) compilation warning */
 303:Drivers/STM32F4/Drivers/STM32F4xx_HAL_Driver/Src/stm32f4xx_hal_tim_ex.c ****   UNUSED(htim);
 304:Drivers/STM32F4/Drivers/STM32F4xx_HAL_Driver/Src/stm32f4xx_hal_tim_ex.c **** 
 305:Drivers/STM32F4/Drivers/STM32F4xx_HAL_Driver/Src/stm32f4xx_hal_tim_ex.c ****   /* NOTE : This function should not be modified, when the callback is needed,
 306:Drivers/STM32F4/Drivers/STM32F4xx_HAL_Driver/Src/stm32f4xx_hal_tim_ex.c ****             the HAL_TIMEx_HallSensor_MspDeInit could be implemented in the user file
 307:Drivers/STM32F4/Drivers/STM32F4xx_HAL_Driver/Src/stm32f4xx_hal_tim_ex.c ****    */
 308:Drivers/STM32F4/Drivers/STM32F4xx_HAL_Driver/Src/stm32f4xx_hal_tim_ex.c **** }
 309:Drivers/STM32F4/Drivers/STM32F4xx_HAL_Driver/Src/stm32f4xx_hal_tim_ex.c **** 
 310:Drivers/STM32F4/Drivers/STM32F4xx_HAL_Driver/Src/stm32f4xx_hal_tim_ex.c **** /**
 311:Drivers/STM32F4/Drivers/STM32F4xx_HAL_Driver/Src/stm32f4xx_hal_tim_ex.c ****   * @brief  Starts the TIM Hall Sensor Interface.
 312:Drivers/STM32F4/Drivers/STM32F4xx_HAL_Driver/Src/stm32f4xx_hal_tim_ex.c ****   * @param  htim TIM Hall Sensor Interface handle
 313:Drivers/STM32F4/Drivers/STM32F4xx_HAL_Driver/Src/stm32f4xx_hal_tim_ex.c ****   * @retval HAL status
 314:Drivers/STM32F4/Drivers/STM32F4xx_HAL_Driver/Src/stm32f4xx_hal_tim_ex.c ****   */
 315:Drivers/STM32F4/Drivers/STM32F4xx_HAL_Driver/Src/stm32f4xx_hal_tim_ex.c **** HAL_StatusTypeDef HAL_TIMEx_HallSensor_Start(TIM_HandleTypeDef *htim)
ARM GAS  /tmp/ccicUsXN.s 			page 7


 316:Drivers/STM32F4/Drivers/STM32F4xx_HAL_Driver/Src/stm32f4xx_hal_tim_ex.c **** {
 317:Drivers/STM32F4/Drivers/STM32F4xx_HAL_Driver/Src/stm32f4xx_hal_tim_ex.c ****   uint32_t tmpsmcr;
 318:Drivers/STM32F4/Drivers/STM32F4xx_HAL_Driver/Src/stm32f4xx_hal_tim_ex.c ****   HAL_TIM_ChannelStateTypeDef channel_1_state = TIM_CHANNEL_STATE_GET(htim, TIM_CHANNEL_1);
 319:Drivers/STM32F4/Drivers/STM32F4xx_HAL_Driver/Src/stm32f4xx_hal_tim_ex.c ****   HAL_TIM_ChannelStateTypeDef channel_2_state = TIM_CHANNEL_STATE_GET(htim, TIM_CHANNEL_2);
 320:Drivers/STM32F4/Drivers/STM32F4xx_HAL_Driver/Src/stm32f4xx_hal_tim_ex.c ****   HAL_TIM_ChannelStateTypeDef complementary_channel_1_state = TIM_CHANNEL_N_STATE_GET(htim, TIM_CHA
 321:Drivers/STM32F4/Drivers/STM32F4xx_HAL_Driver/Src/stm32f4xx_hal_tim_ex.c ****   HAL_TIM_ChannelStateTypeDef complementary_channel_2_state = TIM_CHANNEL_N_STATE_GET(htim, TIM_CHA
 322:Drivers/STM32F4/Drivers/STM32F4xx_HAL_Driver/Src/stm32f4xx_hal_tim_ex.c **** 
 323:Drivers/STM32F4/Drivers/STM32F4xx_HAL_Driver/Src/stm32f4xx_hal_tim_ex.c ****   /* Check the parameters */
 324:Drivers/STM32F4/Drivers/STM32F4xx_HAL_Driver/Src/stm32f4xx_hal_tim_ex.c ****   assert_param(IS_TIM_HALL_SENSOR_INTERFACE_INSTANCE(htim->Instance));
 325:Drivers/STM32F4/Drivers/STM32F4xx_HAL_Driver/Src/stm32f4xx_hal_tim_ex.c **** 
 326:Drivers/STM32F4/Drivers/STM32F4xx_HAL_Driver/Src/stm32f4xx_hal_tim_ex.c ****   /* Check the TIM channels state */
 327:Drivers/STM32F4/Drivers/STM32F4xx_HAL_Driver/Src/stm32f4xx_hal_tim_ex.c ****   if ((channel_1_state != HAL_TIM_CHANNEL_STATE_READY)
 328:Drivers/STM32F4/Drivers/STM32F4xx_HAL_Driver/Src/stm32f4xx_hal_tim_ex.c ****       || (channel_2_state != HAL_TIM_CHANNEL_STATE_READY)
 329:Drivers/STM32F4/Drivers/STM32F4xx_HAL_Driver/Src/stm32f4xx_hal_tim_ex.c ****       || (complementary_channel_1_state != HAL_TIM_CHANNEL_STATE_READY)
 330:Drivers/STM32F4/Drivers/STM32F4xx_HAL_Driver/Src/stm32f4xx_hal_tim_ex.c ****       || (complementary_channel_2_state != HAL_TIM_CHANNEL_STATE_READY))
 331:Drivers/STM32F4/Drivers/STM32F4xx_HAL_Driver/Src/stm32f4xx_hal_tim_ex.c ****   {
 332:Drivers/STM32F4/Drivers/STM32F4xx_HAL_Driver/Src/stm32f4xx_hal_tim_ex.c ****     return HAL_ERROR;
 333:Drivers/STM32F4/Drivers/STM32F4xx_HAL_Driver/Src/stm32f4xx_hal_tim_ex.c ****   }
 334:Drivers/STM32F4/Drivers/STM32F4xx_HAL_Driver/Src/stm32f4xx_hal_tim_ex.c **** 
 335:Drivers/STM32F4/Drivers/STM32F4xx_HAL_Driver/Src/stm32f4xx_hal_tim_ex.c ****   /* Set the TIM channels state */
 336:Drivers/STM32F4/Drivers/STM32F4xx_HAL_Driver/Src/stm32f4xx_hal_tim_ex.c ****   TIM_CHANNEL_STATE_SET(htim, TIM_CHANNEL_1, HAL_TIM_CHANNEL_STATE_BUSY);
 337:Drivers/STM32F4/Drivers/STM32F4xx_HAL_Driver/Src/stm32f4xx_hal_tim_ex.c ****   TIM_CHANNEL_STATE_SET(htim, TIM_CHANNEL_2, HAL_TIM_CHANNEL_STATE_BUSY);
 338:Drivers/STM32F4/Drivers/STM32F4xx_HAL_Driver/Src/stm32f4xx_hal_tim_ex.c ****   TIM_CHANNEL_N_STATE_SET(htim, TIM_CHANNEL_1, HAL_TIM_CHANNEL_STATE_BUSY);
 339:Drivers/STM32F4/Drivers/STM32F4xx_HAL_Driver/Src/stm32f4xx_hal_tim_ex.c ****   TIM_CHANNEL_N_STATE_SET(htim, TIM_CHANNEL_2, HAL_TIM_CHANNEL_STATE_BUSY);
 340:Drivers/STM32F4/Drivers/STM32F4xx_HAL_Driver/Src/stm32f4xx_hal_tim_ex.c **** 
 341:Drivers/STM32F4/Drivers/STM32F4xx_HAL_Driver/Src/stm32f4xx_hal_tim_ex.c ****   /* Enable the Input Capture channel 1
 342:Drivers/STM32F4/Drivers/STM32F4xx_HAL_Driver/Src/stm32f4xx_hal_tim_ex.c ****   (in the Hall Sensor Interface the three possible channels that can be used are TIM_CHANNEL_1,
 343:Drivers/STM32F4/Drivers/STM32F4xx_HAL_Driver/Src/stm32f4xx_hal_tim_ex.c ****   TIM_CHANNEL_2 and TIM_CHANNEL_3) */
 344:Drivers/STM32F4/Drivers/STM32F4xx_HAL_Driver/Src/stm32f4xx_hal_tim_ex.c ****   TIM_CCxChannelCmd(htim->Instance, TIM_CHANNEL_1, TIM_CCx_ENABLE);
 345:Drivers/STM32F4/Drivers/STM32F4xx_HAL_Driver/Src/stm32f4xx_hal_tim_ex.c **** 
 346:Drivers/STM32F4/Drivers/STM32F4xx_HAL_Driver/Src/stm32f4xx_hal_tim_ex.c ****   /* Enable the Peripheral, except in trigger mode where enable is automatically done with trigger 
 347:Drivers/STM32F4/Drivers/STM32F4xx_HAL_Driver/Src/stm32f4xx_hal_tim_ex.c ****   if (IS_TIM_SLAVE_INSTANCE(htim->Instance))
 348:Drivers/STM32F4/Drivers/STM32F4xx_HAL_Driver/Src/stm32f4xx_hal_tim_ex.c ****   {
 349:Drivers/STM32F4/Drivers/STM32F4xx_HAL_Driver/Src/stm32f4xx_hal_tim_ex.c ****     tmpsmcr = htim->Instance->SMCR & TIM_SMCR_SMS;
 350:Drivers/STM32F4/Drivers/STM32F4xx_HAL_Driver/Src/stm32f4xx_hal_tim_ex.c ****     if (!IS_TIM_SLAVEMODE_TRIGGER_ENABLED(tmpsmcr))
 351:Drivers/STM32F4/Drivers/STM32F4xx_HAL_Driver/Src/stm32f4xx_hal_tim_ex.c ****     {
 352:Drivers/STM32F4/Drivers/STM32F4xx_HAL_Driver/Src/stm32f4xx_hal_tim_ex.c ****       __HAL_TIM_ENABLE(htim);
 353:Drivers/STM32F4/Drivers/STM32F4xx_HAL_Driver/Src/stm32f4xx_hal_tim_ex.c ****     }
 354:Drivers/STM32F4/Drivers/STM32F4xx_HAL_Driver/Src/stm32f4xx_hal_tim_ex.c ****   }
 355:Drivers/STM32F4/Drivers/STM32F4xx_HAL_Driver/Src/stm32f4xx_hal_tim_ex.c ****   else
 356:Drivers/STM32F4/Drivers/STM32F4xx_HAL_Driver/Src/stm32f4xx_hal_tim_ex.c ****   {
 357:Drivers/STM32F4/Drivers/STM32F4xx_HAL_Driver/Src/stm32f4xx_hal_tim_ex.c ****     __HAL_TIM_ENABLE(htim);
 358:Drivers/STM32F4/Drivers/STM32F4xx_HAL_Driver/Src/stm32f4xx_hal_tim_ex.c ****   }
 359:Drivers/STM32F4/Drivers/STM32F4xx_HAL_Driver/Src/stm32f4xx_hal_tim_ex.c **** 
 360:Drivers/STM32F4/Drivers/STM32F4xx_HAL_Driver/Src/stm32f4xx_hal_tim_ex.c ****   /* Return function status */
 361:Drivers/STM32F4/Drivers/STM32F4xx_HAL_Driver/Src/stm32f4xx_hal_tim_ex.c ****   return HAL_OK;
 362:Drivers/STM32F4/Drivers/STM32F4xx_HAL_Driver/Src/stm32f4xx_hal_tim_ex.c **** }
 363:Drivers/STM32F4/Drivers/STM32F4xx_HAL_Driver/Src/stm32f4xx_hal_tim_ex.c **** 
 364:Drivers/STM32F4/Drivers/STM32F4xx_HAL_Driver/Src/stm32f4xx_hal_tim_ex.c **** /**
 365:Drivers/STM32F4/Drivers/STM32F4xx_HAL_Driver/Src/stm32f4xx_hal_tim_ex.c ****   * @brief  Stops the TIM Hall sensor Interface.
 366:Drivers/STM32F4/Drivers/STM32F4xx_HAL_Driver/Src/stm32f4xx_hal_tim_ex.c ****   * @param  htim TIM Hall Sensor Interface handle
 367:Drivers/STM32F4/Drivers/STM32F4xx_HAL_Driver/Src/stm32f4xx_hal_tim_ex.c ****   * @retval HAL status
 368:Drivers/STM32F4/Drivers/STM32F4xx_HAL_Driver/Src/stm32f4xx_hal_tim_ex.c ****   */
 369:Drivers/STM32F4/Drivers/STM32F4xx_HAL_Driver/Src/stm32f4xx_hal_tim_ex.c **** HAL_StatusTypeDef HAL_TIMEx_HallSensor_Stop(TIM_HandleTypeDef *htim)
 370:Drivers/STM32F4/Drivers/STM32F4xx_HAL_Driver/Src/stm32f4xx_hal_tim_ex.c **** {
 371:Drivers/STM32F4/Drivers/STM32F4xx_HAL_Driver/Src/stm32f4xx_hal_tim_ex.c ****   /* Check the parameters */
 372:Drivers/STM32F4/Drivers/STM32F4xx_HAL_Driver/Src/stm32f4xx_hal_tim_ex.c ****   assert_param(IS_TIM_HALL_SENSOR_INTERFACE_INSTANCE(htim->Instance));
ARM GAS  /tmp/ccicUsXN.s 			page 8


 373:Drivers/STM32F4/Drivers/STM32F4xx_HAL_Driver/Src/stm32f4xx_hal_tim_ex.c **** 
 374:Drivers/STM32F4/Drivers/STM32F4xx_HAL_Driver/Src/stm32f4xx_hal_tim_ex.c ****   /* Disable the Input Capture channels 1, 2 and 3
 375:Drivers/STM32F4/Drivers/STM32F4xx_HAL_Driver/Src/stm32f4xx_hal_tim_ex.c ****   (in the Hall Sensor Interface the three possible channels that can be used are TIM_CHANNEL_1,
 376:Drivers/STM32F4/Drivers/STM32F4xx_HAL_Driver/Src/stm32f4xx_hal_tim_ex.c ****   TIM_CHANNEL_2 and TIM_CHANNEL_3) */
 377:Drivers/STM32F4/Drivers/STM32F4xx_HAL_Driver/Src/stm32f4xx_hal_tim_ex.c ****   TIM_CCxChannelCmd(htim->Instance, TIM_CHANNEL_1, TIM_CCx_DISABLE);
 378:Drivers/STM32F4/Drivers/STM32F4xx_HAL_Driver/Src/stm32f4xx_hal_tim_ex.c **** 
 379:Drivers/STM32F4/Drivers/STM32F4xx_HAL_Driver/Src/stm32f4xx_hal_tim_ex.c ****   /* Disable the Peripheral */
 380:Drivers/STM32F4/Drivers/STM32F4xx_HAL_Driver/Src/stm32f4xx_hal_tim_ex.c ****   __HAL_TIM_DISABLE(htim);
 381:Drivers/STM32F4/Drivers/STM32F4xx_HAL_Driver/Src/stm32f4xx_hal_tim_ex.c **** 
 382:Drivers/STM32F4/Drivers/STM32F4xx_HAL_Driver/Src/stm32f4xx_hal_tim_ex.c ****   /* Set the TIM channels state */
 383:Drivers/STM32F4/Drivers/STM32F4xx_HAL_Driver/Src/stm32f4xx_hal_tim_ex.c ****   TIM_CHANNEL_STATE_SET(htim, TIM_CHANNEL_1, HAL_TIM_CHANNEL_STATE_READY);
 384:Drivers/STM32F4/Drivers/STM32F4xx_HAL_Driver/Src/stm32f4xx_hal_tim_ex.c ****   TIM_CHANNEL_STATE_SET(htim, TIM_CHANNEL_2, HAL_TIM_CHANNEL_STATE_READY);
 385:Drivers/STM32F4/Drivers/STM32F4xx_HAL_Driver/Src/stm32f4xx_hal_tim_ex.c ****   TIM_CHANNEL_N_STATE_SET(htim, TIM_CHANNEL_1, HAL_TIM_CHANNEL_STATE_READY);
 386:Drivers/STM32F4/Drivers/STM32F4xx_HAL_Driver/Src/stm32f4xx_hal_tim_ex.c ****   TIM_CHANNEL_N_STATE_SET(htim, TIM_CHANNEL_2, HAL_TIM_CHANNEL_STATE_READY);
 387:Drivers/STM32F4/Drivers/STM32F4xx_HAL_Driver/Src/stm32f4xx_hal_tim_ex.c **** 
 388:Drivers/STM32F4/Drivers/STM32F4xx_HAL_Driver/Src/stm32f4xx_hal_tim_ex.c ****   /* Return function status */
 389:Drivers/STM32F4/Drivers/STM32F4xx_HAL_Driver/Src/stm32f4xx_hal_tim_ex.c ****   return HAL_OK;
 390:Drivers/STM32F4/Drivers/STM32F4xx_HAL_Driver/Src/stm32f4xx_hal_tim_ex.c **** }
 391:Drivers/STM32F4/Drivers/STM32F4xx_HAL_Driver/Src/stm32f4xx_hal_tim_ex.c **** 
 392:Drivers/STM32F4/Drivers/STM32F4xx_HAL_Driver/Src/stm32f4xx_hal_tim_ex.c **** /**
 393:Drivers/STM32F4/Drivers/STM32F4xx_HAL_Driver/Src/stm32f4xx_hal_tim_ex.c ****   * @brief  Starts the TIM Hall Sensor Interface in interrupt mode.
 394:Drivers/STM32F4/Drivers/STM32F4xx_HAL_Driver/Src/stm32f4xx_hal_tim_ex.c ****   * @param  htim TIM Hall Sensor Interface handle
 395:Drivers/STM32F4/Drivers/STM32F4xx_HAL_Driver/Src/stm32f4xx_hal_tim_ex.c ****   * @retval HAL status
 396:Drivers/STM32F4/Drivers/STM32F4xx_HAL_Driver/Src/stm32f4xx_hal_tim_ex.c ****   */
 397:Drivers/STM32F4/Drivers/STM32F4xx_HAL_Driver/Src/stm32f4xx_hal_tim_ex.c **** HAL_StatusTypeDef HAL_TIMEx_HallSensor_Start_IT(TIM_HandleTypeDef *htim)
 398:Drivers/STM32F4/Drivers/STM32F4xx_HAL_Driver/Src/stm32f4xx_hal_tim_ex.c **** {
 399:Drivers/STM32F4/Drivers/STM32F4xx_HAL_Driver/Src/stm32f4xx_hal_tim_ex.c ****   uint32_t tmpsmcr;
 400:Drivers/STM32F4/Drivers/STM32F4xx_HAL_Driver/Src/stm32f4xx_hal_tim_ex.c ****   HAL_TIM_ChannelStateTypeDef channel_1_state = TIM_CHANNEL_STATE_GET(htim, TIM_CHANNEL_1);
 401:Drivers/STM32F4/Drivers/STM32F4xx_HAL_Driver/Src/stm32f4xx_hal_tim_ex.c ****   HAL_TIM_ChannelStateTypeDef channel_2_state = TIM_CHANNEL_STATE_GET(htim, TIM_CHANNEL_2);
 402:Drivers/STM32F4/Drivers/STM32F4xx_HAL_Driver/Src/stm32f4xx_hal_tim_ex.c ****   HAL_TIM_ChannelStateTypeDef complementary_channel_1_state = TIM_CHANNEL_N_STATE_GET(htim, TIM_CHA
 403:Drivers/STM32F4/Drivers/STM32F4xx_HAL_Driver/Src/stm32f4xx_hal_tim_ex.c ****   HAL_TIM_ChannelStateTypeDef complementary_channel_2_state = TIM_CHANNEL_N_STATE_GET(htim, TIM_CHA
 404:Drivers/STM32F4/Drivers/STM32F4xx_HAL_Driver/Src/stm32f4xx_hal_tim_ex.c **** 
 405:Drivers/STM32F4/Drivers/STM32F4xx_HAL_Driver/Src/stm32f4xx_hal_tim_ex.c ****   /* Check the parameters */
 406:Drivers/STM32F4/Drivers/STM32F4xx_HAL_Driver/Src/stm32f4xx_hal_tim_ex.c ****   assert_param(IS_TIM_HALL_SENSOR_INTERFACE_INSTANCE(htim->Instance));
 407:Drivers/STM32F4/Drivers/STM32F4xx_HAL_Driver/Src/stm32f4xx_hal_tim_ex.c **** 
 408:Drivers/STM32F4/Drivers/STM32F4xx_HAL_Driver/Src/stm32f4xx_hal_tim_ex.c ****   /* Check the TIM channels state */
 409:Drivers/STM32F4/Drivers/STM32F4xx_HAL_Driver/Src/stm32f4xx_hal_tim_ex.c ****   if ((channel_1_state != HAL_TIM_CHANNEL_STATE_READY)
 410:Drivers/STM32F4/Drivers/STM32F4xx_HAL_Driver/Src/stm32f4xx_hal_tim_ex.c ****       || (channel_2_state != HAL_TIM_CHANNEL_STATE_READY)
 411:Drivers/STM32F4/Drivers/STM32F4xx_HAL_Driver/Src/stm32f4xx_hal_tim_ex.c ****       || (complementary_channel_1_state != HAL_TIM_CHANNEL_STATE_READY)
 412:Drivers/STM32F4/Drivers/STM32F4xx_HAL_Driver/Src/stm32f4xx_hal_tim_ex.c ****       || (complementary_channel_2_state != HAL_TIM_CHANNEL_STATE_READY))
 413:Drivers/STM32F4/Drivers/STM32F4xx_HAL_Driver/Src/stm32f4xx_hal_tim_ex.c ****   {
 414:Drivers/STM32F4/Drivers/STM32F4xx_HAL_Driver/Src/stm32f4xx_hal_tim_ex.c ****     return HAL_ERROR;
 415:Drivers/STM32F4/Drivers/STM32F4xx_HAL_Driver/Src/stm32f4xx_hal_tim_ex.c ****   }
 416:Drivers/STM32F4/Drivers/STM32F4xx_HAL_Driver/Src/stm32f4xx_hal_tim_ex.c **** 
 417:Drivers/STM32F4/Drivers/STM32F4xx_HAL_Driver/Src/stm32f4xx_hal_tim_ex.c ****   /* Set the TIM channels state */
 418:Drivers/STM32F4/Drivers/STM32F4xx_HAL_Driver/Src/stm32f4xx_hal_tim_ex.c ****   TIM_CHANNEL_STATE_SET(htim, TIM_CHANNEL_1, HAL_TIM_CHANNEL_STATE_BUSY);
 419:Drivers/STM32F4/Drivers/STM32F4xx_HAL_Driver/Src/stm32f4xx_hal_tim_ex.c ****   TIM_CHANNEL_STATE_SET(htim, TIM_CHANNEL_2, HAL_TIM_CHANNEL_STATE_BUSY);
 420:Drivers/STM32F4/Drivers/STM32F4xx_HAL_Driver/Src/stm32f4xx_hal_tim_ex.c ****   TIM_CHANNEL_N_STATE_SET(htim, TIM_CHANNEL_1, HAL_TIM_CHANNEL_STATE_BUSY);
 421:Drivers/STM32F4/Drivers/STM32F4xx_HAL_Driver/Src/stm32f4xx_hal_tim_ex.c ****   TIM_CHANNEL_N_STATE_SET(htim, TIM_CHANNEL_2, HAL_TIM_CHANNEL_STATE_BUSY);
 422:Drivers/STM32F4/Drivers/STM32F4xx_HAL_Driver/Src/stm32f4xx_hal_tim_ex.c **** 
 423:Drivers/STM32F4/Drivers/STM32F4xx_HAL_Driver/Src/stm32f4xx_hal_tim_ex.c ****   /* Enable the capture compare Interrupts 1 event */
 424:Drivers/STM32F4/Drivers/STM32F4xx_HAL_Driver/Src/stm32f4xx_hal_tim_ex.c ****   __HAL_TIM_ENABLE_IT(htim, TIM_IT_CC1);
 425:Drivers/STM32F4/Drivers/STM32F4xx_HAL_Driver/Src/stm32f4xx_hal_tim_ex.c **** 
 426:Drivers/STM32F4/Drivers/STM32F4xx_HAL_Driver/Src/stm32f4xx_hal_tim_ex.c ****   /* Enable the Input Capture channel 1
 427:Drivers/STM32F4/Drivers/STM32F4xx_HAL_Driver/Src/stm32f4xx_hal_tim_ex.c ****   (in the Hall Sensor Interface the three possible channels that can be used are TIM_CHANNEL_1,
 428:Drivers/STM32F4/Drivers/STM32F4xx_HAL_Driver/Src/stm32f4xx_hal_tim_ex.c ****   TIM_CHANNEL_2 and TIM_CHANNEL_3) */
 429:Drivers/STM32F4/Drivers/STM32F4xx_HAL_Driver/Src/stm32f4xx_hal_tim_ex.c ****   TIM_CCxChannelCmd(htim->Instance, TIM_CHANNEL_1, TIM_CCx_ENABLE);
ARM GAS  /tmp/ccicUsXN.s 			page 9


 430:Drivers/STM32F4/Drivers/STM32F4xx_HAL_Driver/Src/stm32f4xx_hal_tim_ex.c **** 
 431:Drivers/STM32F4/Drivers/STM32F4xx_HAL_Driver/Src/stm32f4xx_hal_tim_ex.c ****   /* Enable the Peripheral, except in trigger mode where enable is automatically done with trigger 
 432:Drivers/STM32F4/Drivers/STM32F4xx_HAL_Driver/Src/stm32f4xx_hal_tim_ex.c ****   if (IS_TIM_SLAVE_INSTANCE(htim->Instance))
 433:Drivers/STM32F4/Drivers/STM32F4xx_HAL_Driver/Src/stm32f4xx_hal_tim_ex.c ****   {
 434:Drivers/STM32F4/Drivers/STM32F4xx_HAL_Driver/Src/stm32f4xx_hal_tim_ex.c ****     tmpsmcr = htim->Instance->SMCR & TIM_SMCR_SMS;
 435:Drivers/STM32F4/Drivers/STM32F4xx_HAL_Driver/Src/stm32f4xx_hal_tim_ex.c ****     if (!IS_TIM_SLAVEMODE_TRIGGER_ENABLED(tmpsmcr))
 436:Drivers/STM32F4/Drivers/STM32F4xx_HAL_Driver/Src/stm32f4xx_hal_tim_ex.c ****     {
 437:Drivers/STM32F4/Drivers/STM32F4xx_HAL_Driver/Src/stm32f4xx_hal_tim_ex.c ****       __HAL_TIM_ENABLE(htim);
 438:Drivers/STM32F4/Drivers/STM32F4xx_HAL_Driver/Src/stm32f4xx_hal_tim_ex.c ****     }
 439:Drivers/STM32F4/Drivers/STM32F4xx_HAL_Driver/Src/stm32f4xx_hal_tim_ex.c ****   }
 440:Drivers/STM32F4/Drivers/STM32F4xx_HAL_Driver/Src/stm32f4xx_hal_tim_ex.c ****   else
 441:Drivers/STM32F4/Drivers/STM32F4xx_HAL_Driver/Src/stm32f4xx_hal_tim_ex.c ****   {
 442:Drivers/STM32F4/Drivers/STM32F4xx_HAL_Driver/Src/stm32f4xx_hal_tim_ex.c ****     __HAL_TIM_ENABLE(htim);
 443:Drivers/STM32F4/Drivers/STM32F4xx_HAL_Driver/Src/stm32f4xx_hal_tim_ex.c ****   }
 444:Drivers/STM32F4/Drivers/STM32F4xx_HAL_Driver/Src/stm32f4xx_hal_tim_ex.c **** 
 445:Drivers/STM32F4/Drivers/STM32F4xx_HAL_Driver/Src/stm32f4xx_hal_tim_ex.c ****   /* Return function status */
 446:Drivers/STM32F4/Drivers/STM32F4xx_HAL_Driver/Src/stm32f4xx_hal_tim_ex.c ****   return HAL_OK;
 447:Drivers/STM32F4/Drivers/STM32F4xx_HAL_Driver/Src/stm32f4xx_hal_tim_ex.c **** }
 448:Drivers/STM32F4/Drivers/STM32F4xx_HAL_Driver/Src/stm32f4xx_hal_tim_ex.c **** 
 449:Drivers/STM32F4/Drivers/STM32F4xx_HAL_Driver/Src/stm32f4xx_hal_tim_ex.c **** /**
 450:Drivers/STM32F4/Drivers/STM32F4xx_HAL_Driver/Src/stm32f4xx_hal_tim_ex.c ****   * @brief  Stops the TIM Hall Sensor Interface in interrupt mode.
 451:Drivers/STM32F4/Drivers/STM32F4xx_HAL_Driver/Src/stm32f4xx_hal_tim_ex.c ****   * @param  htim TIM Hall Sensor Interface handle
 452:Drivers/STM32F4/Drivers/STM32F4xx_HAL_Driver/Src/stm32f4xx_hal_tim_ex.c ****   * @retval HAL status
 453:Drivers/STM32F4/Drivers/STM32F4xx_HAL_Driver/Src/stm32f4xx_hal_tim_ex.c ****   */
 454:Drivers/STM32F4/Drivers/STM32F4xx_HAL_Driver/Src/stm32f4xx_hal_tim_ex.c **** HAL_StatusTypeDef HAL_TIMEx_HallSensor_Stop_IT(TIM_HandleTypeDef *htim)
 455:Drivers/STM32F4/Drivers/STM32F4xx_HAL_Driver/Src/stm32f4xx_hal_tim_ex.c **** {
 456:Drivers/STM32F4/Drivers/STM32F4xx_HAL_Driver/Src/stm32f4xx_hal_tim_ex.c ****   /* Check the parameters */
 457:Drivers/STM32F4/Drivers/STM32F4xx_HAL_Driver/Src/stm32f4xx_hal_tim_ex.c ****   assert_param(IS_TIM_HALL_SENSOR_INTERFACE_INSTANCE(htim->Instance));
 458:Drivers/STM32F4/Drivers/STM32F4xx_HAL_Driver/Src/stm32f4xx_hal_tim_ex.c **** 
 459:Drivers/STM32F4/Drivers/STM32F4xx_HAL_Driver/Src/stm32f4xx_hal_tim_ex.c ****   /* Disable the Input Capture channel 1
 460:Drivers/STM32F4/Drivers/STM32F4xx_HAL_Driver/Src/stm32f4xx_hal_tim_ex.c ****   (in the Hall Sensor Interface the three possible channels that can be used are TIM_CHANNEL_1,
 461:Drivers/STM32F4/Drivers/STM32F4xx_HAL_Driver/Src/stm32f4xx_hal_tim_ex.c ****   TIM_CHANNEL_2 and TIM_CHANNEL_3) */
 462:Drivers/STM32F4/Drivers/STM32F4xx_HAL_Driver/Src/stm32f4xx_hal_tim_ex.c ****   TIM_CCxChannelCmd(htim->Instance, TIM_CHANNEL_1, TIM_CCx_DISABLE);
 463:Drivers/STM32F4/Drivers/STM32F4xx_HAL_Driver/Src/stm32f4xx_hal_tim_ex.c **** 
 464:Drivers/STM32F4/Drivers/STM32F4xx_HAL_Driver/Src/stm32f4xx_hal_tim_ex.c ****   /* Disable the capture compare Interrupts event */
 465:Drivers/STM32F4/Drivers/STM32F4xx_HAL_Driver/Src/stm32f4xx_hal_tim_ex.c ****   __HAL_TIM_DISABLE_IT(htim, TIM_IT_CC1);
 466:Drivers/STM32F4/Drivers/STM32F4xx_HAL_Driver/Src/stm32f4xx_hal_tim_ex.c **** 
 467:Drivers/STM32F4/Drivers/STM32F4xx_HAL_Driver/Src/stm32f4xx_hal_tim_ex.c ****   /* Disable the Peripheral */
 468:Drivers/STM32F4/Drivers/STM32F4xx_HAL_Driver/Src/stm32f4xx_hal_tim_ex.c ****   __HAL_TIM_DISABLE(htim);
 469:Drivers/STM32F4/Drivers/STM32F4xx_HAL_Driver/Src/stm32f4xx_hal_tim_ex.c **** 
 470:Drivers/STM32F4/Drivers/STM32F4xx_HAL_Driver/Src/stm32f4xx_hal_tim_ex.c ****   /* Set the TIM channels state */
 471:Drivers/STM32F4/Drivers/STM32F4xx_HAL_Driver/Src/stm32f4xx_hal_tim_ex.c ****   TIM_CHANNEL_STATE_SET(htim, TIM_CHANNEL_1, HAL_TIM_CHANNEL_STATE_READY);
 472:Drivers/STM32F4/Drivers/STM32F4xx_HAL_Driver/Src/stm32f4xx_hal_tim_ex.c ****   TIM_CHANNEL_STATE_SET(htim, TIM_CHANNEL_2, HAL_TIM_CHANNEL_STATE_READY);
 473:Drivers/STM32F4/Drivers/STM32F4xx_HAL_Driver/Src/stm32f4xx_hal_tim_ex.c ****   TIM_CHANNEL_N_STATE_SET(htim, TIM_CHANNEL_1, HAL_TIM_CHANNEL_STATE_READY);
 474:Drivers/STM32F4/Drivers/STM32F4xx_HAL_Driver/Src/stm32f4xx_hal_tim_ex.c ****   TIM_CHANNEL_N_STATE_SET(htim, TIM_CHANNEL_2, HAL_TIM_CHANNEL_STATE_READY);
 475:Drivers/STM32F4/Drivers/STM32F4xx_HAL_Driver/Src/stm32f4xx_hal_tim_ex.c **** 
 476:Drivers/STM32F4/Drivers/STM32F4xx_HAL_Driver/Src/stm32f4xx_hal_tim_ex.c ****   /* Return function status */
 477:Drivers/STM32F4/Drivers/STM32F4xx_HAL_Driver/Src/stm32f4xx_hal_tim_ex.c ****   return HAL_OK;
 478:Drivers/STM32F4/Drivers/STM32F4xx_HAL_Driver/Src/stm32f4xx_hal_tim_ex.c **** }
 479:Drivers/STM32F4/Drivers/STM32F4xx_HAL_Driver/Src/stm32f4xx_hal_tim_ex.c **** 
 480:Drivers/STM32F4/Drivers/STM32F4xx_HAL_Driver/Src/stm32f4xx_hal_tim_ex.c **** /**
 481:Drivers/STM32F4/Drivers/STM32F4xx_HAL_Driver/Src/stm32f4xx_hal_tim_ex.c ****   * @brief  Starts the TIM Hall Sensor Interface in DMA mode.
 482:Drivers/STM32F4/Drivers/STM32F4xx_HAL_Driver/Src/stm32f4xx_hal_tim_ex.c ****   * @param  htim TIM Hall Sensor Interface handle
 483:Drivers/STM32F4/Drivers/STM32F4xx_HAL_Driver/Src/stm32f4xx_hal_tim_ex.c ****   * @param  pData The destination Buffer address.
 484:Drivers/STM32F4/Drivers/STM32F4xx_HAL_Driver/Src/stm32f4xx_hal_tim_ex.c ****   * @param  Length The length of data to be transferred from TIM peripheral to memory.
 485:Drivers/STM32F4/Drivers/STM32F4xx_HAL_Driver/Src/stm32f4xx_hal_tim_ex.c ****   * @retval HAL status
 486:Drivers/STM32F4/Drivers/STM32F4xx_HAL_Driver/Src/stm32f4xx_hal_tim_ex.c ****   */
ARM GAS  /tmp/ccicUsXN.s 			page 10


 487:Drivers/STM32F4/Drivers/STM32F4xx_HAL_Driver/Src/stm32f4xx_hal_tim_ex.c **** HAL_StatusTypeDef HAL_TIMEx_HallSensor_Start_DMA(TIM_HandleTypeDef *htim, uint32_t *pData, uint16_t
 488:Drivers/STM32F4/Drivers/STM32F4xx_HAL_Driver/Src/stm32f4xx_hal_tim_ex.c **** {
 489:Drivers/STM32F4/Drivers/STM32F4xx_HAL_Driver/Src/stm32f4xx_hal_tim_ex.c ****   uint32_t tmpsmcr;
 490:Drivers/STM32F4/Drivers/STM32F4xx_HAL_Driver/Src/stm32f4xx_hal_tim_ex.c ****   HAL_TIM_ChannelStateTypeDef channel_1_state = TIM_CHANNEL_STATE_GET(htim, TIM_CHANNEL_1);
 491:Drivers/STM32F4/Drivers/STM32F4xx_HAL_Driver/Src/stm32f4xx_hal_tim_ex.c ****   HAL_TIM_ChannelStateTypeDef complementary_channel_1_state = TIM_CHANNEL_N_STATE_GET(htim, TIM_CHA
 492:Drivers/STM32F4/Drivers/STM32F4xx_HAL_Driver/Src/stm32f4xx_hal_tim_ex.c **** 
 493:Drivers/STM32F4/Drivers/STM32F4xx_HAL_Driver/Src/stm32f4xx_hal_tim_ex.c ****   /* Check the parameters */
 494:Drivers/STM32F4/Drivers/STM32F4xx_HAL_Driver/Src/stm32f4xx_hal_tim_ex.c ****   assert_param(IS_TIM_HALL_SENSOR_INTERFACE_INSTANCE(htim->Instance));
 495:Drivers/STM32F4/Drivers/STM32F4xx_HAL_Driver/Src/stm32f4xx_hal_tim_ex.c **** 
 496:Drivers/STM32F4/Drivers/STM32F4xx_HAL_Driver/Src/stm32f4xx_hal_tim_ex.c ****   /* Set the TIM channel state */
 497:Drivers/STM32F4/Drivers/STM32F4xx_HAL_Driver/Src/stm32f4xx_hal_tim_ex.c ****   if ((channel_1_state == HAL_TIM_CHANNEL_STATE_BUSY)
 498:Drivers/STM32F4/Drivers/STM32F4xx_HAL_Driver/Src/stm32f4xx_hal_tim_ex.c ****       || (complementary_channel_1_state == HAL_TIM_CHANNEL_STATE_BUSY))
 499:Drivers/STM32F4/Drivers/STM32F4xx_HAL_Driver/Src/stm32f4xx_hal_tim_ex.c ****   {
 500:Drivers/STM32F4/Drivers/STM32F4xx_HAL_Driver/Src/stm32f4xx_hal_tim_ex.c ****     return HAL_BUSY;
 501:Drivers/STM32F4/Drivers/STM32F4xx_HAL_Driver/Src/stm32f4xx_hal_tim_ex.c ****   }
 502:Drivers/STM32F4/Drivers/STM32F4xx_HAL_Driver/Src/stm32f4xx_hal_tim_ex.c ****   else if ((channel_1_state == HAL_TIM_CHANNEL_STATE_READY)
 503:Drivers/STM32F4/Drivers/STM32F4xx_HAL_Driver/Src/stm32f4xx_hal_tim_ex.c ****            && (complementary_channel_1_state == HAL_TIM_CHANNEL_STATE_READY))
 504:Drivers/STM32F4/Drivers/STM32F4xx_HAL_Driver/Src/stm32f4xx_hal_tim_ex.c ****   {
 505:Drivers/STM32F4/Drivers/STM32F4xx_HAL_Driver/Src/stm32f4xx_hal_tim_ex.c ****     if ((pData == NULL) || (Length == 0U))
 506:Drivers/STM32F4/Drivers/STM32F4xx_HAL_Driver/Src/stm32f4xx_hal_tim_ex.c ****     {
 507:Drivers/STM32F4/Drivers/STM32F4xx_HAL_Driver/Src/stm32f4xx_hal_tim_ex.c ****       return HAL_ERROR;
 508:Drivers/STM32F4/Drivers/STM32F4xx_HAL_Driver/Src/stm32f4xx_hal_tim_ex.c ****     }
 509:Drivers/STM32F4/Drivers/STM32F4xx_HAL_Driver/Src/stm32f4xx_hal_tim_ex.c ****     else
 510:Drivers/STM32F4/Drivers/STM32F4xx_HAL_Driver/Src/stm32f4xx_hal_tim_ex.c ****     {
 511:Drivers/STM32F4/Drivers/STM32F4xx_HAL_Driver/Src/stm32f4xx_hal_tim_ex.c ****       TIM_CHANNEL_STATE_SET(htim, TIM_CHANNEL_1, HAL_TIM_CHANNEL_STATE_BUSY);
 512:Drivers/STM32F4/Drivers/STM32F4xx_HAL_Driver/Src/stm32f4xx_hal_tim_ex.c ****       TIM_CHANNEL_N_STATE_SET(htim, TIM_CHANNEL_1, HAL_TIM_CHANNEL_STATE_BUSY);
 513:Drivers/STM32F4/Drivers/STM32F4xx_HAL_Driver/Src/stm32f4xx_hal_tim_ex.c ****     }
 514:Drivers/STM32F4/Drivers/STM32F4xx_HAL_Driver/Src/stm32f4xx_hal_tim_ex.c ****   }
 515:Drivers/STM32F4/Drivers/STM32F4xx_HAL_Driver/Src/stm32f4xx_hal_tim_ex.c ****   else
 516:Drivers/STM32F4/Drivers/STM32F4xx_HAL_Driver/Src/stm32f4xx_hal_tim_ex.c ****   {
 517:Drivers/STM32F4/Drivers/STM32F4xx_HAL_Driver/Src/stm32f4xx_hal_tim_ex.c ****     return HAL_ERROR;
 518:Drivers/STM32F4/Drivers/STM32F4xx_HAL_Driver/Src/stm32f4xx_hal_tim_ex.c ****   }
 519:Drivers/STM32F4/Drivers/STM32F4xx_HAL_Driver/Src/stm32f4xx_hal_tim_ex.c **** 
 520:Drivers/STM32F4/Drivers/STM32F4xx_HAL_Driver/Src/stm32f4xx_hal_tim_ex.c ****   /* Enable the Input Capture channel 1
 521:Drivers/STM32F4/Drivers/STM32F4xx_HAL_Driver/Src/stm32f4xx_hal_tim_ex.c ****   (in the Hall Sensor Interface the three possible channels that can be used are TIM_CHANNEL_1,
 522:Drivers/STM32F4/Drivers/STM32F4xx_HAL_Driver/Src/stm32f4xx_hal_tim_ex.c ****   TIM_CHANNEL_2 and TIM_CHANNEL_3) */
 523:Drivers/STM32F4/Drivers/STM32F4xx_HAL_Driver/Src/stm32f4xx_hal_tim_ex.c ****   TIM_CCxChannelCmd(htim->Instance, TIM_CHANNEL_1, TIM_CCx_ENABLE);
 524:Drivers/STM32F4/Drivers/STM32F4xx_HAL_Driver/Src/stm32f4xx_hal_tim_ex.c **** 
 525:Drivers/STM32F4/Drivers/STM32F4xx_HAL_Driver/Src/stm32f4xx_hal_tim_ex.c ****   /* Set the DMA Input Capture 1 Callbacks */
 526:Drivers/STM32F4/Drivers/STM32F4xx_HAL_Driver/Src/stm32f4xx_hal_tim_ex.c ****   htim->hdma[TIM_DMA_ID_CC1]->XferCpltCallback = TIM_DMACaptureCplt;
 527:Drivers/STM32F4/Drivers/STM32F4xx_HAL_Driver/Src/stm32f4xx_hal_tim_ex.c ****   htim->hdma[TIM_DMA_ID_CC1]->XferHalfCpltCallback = TIM_DMACaptureHalfCplt;
 528:Drivers/STM32F4/Drivers/STM32F4xx_HAL_Driver/Src/stm32f4xx_hal_tim_ex.c ****   /* Set the DMA error callback */
 529:Drivers/STM32F4/Drivers/STM32F4xx_HAL_Driver/Src/stm32f4xx_hal_tim_ex.c ****   htim->hdma[TIM_DMA_ID_CC1]->XferErrorCallback = TIM_DMAError ;
 530:Drivers/STM32F4/Drivers/STM32F4xx_HAL_Driver/Src/stm32f4xx_hal_tim_ex.c **** 
 531:Drivers/STM32F4/Drivers/STM32F4xx_HAL_Driver/Src/stm32f4xx_hal_tim_ex.c ****   /* Enable the DMA stream for Capture 1*/
 532:Drivers/STM32F4/Drivers/STM32F4xx_HAL_Driver/Src/stm32f4xx_hal_tim_ex.c ****   if (HAL_DMA_Start_IT(htim->hdma[TIM_DMA_ID_CC1], (uint32_t)&htim->Instance->CCR1, (uint32_t)pData
 533:Drivers/STM32F4/Drivers/STM32F4xx_HAL_Driver/Src/stm32f4xx_hal_tim_ex.c ****   {
 534:Drivers/STM32F4/Drivers/STM32F4xx_HAL_Driver/Src/stm32f4xx_hal_tim_ex.c ****     /* Return error status */
 535:Drivers/STM32F4/Drivers/STM32F4xx_HAL_Driver/Src/stm32f4xx_hal_tim_ex.c ****     return HAL_ERROR;
 536:Drivers/STM32F4/Drivers/STM32F4xx_HAL_Driver/Src/stm32f4xx_hal_tim_ex.c ****   }
 537:Drivers/STM32F4/Drivers/STM32F4xx_HAL_Driver/Src/stm32f4xx_hal_tim_ex.c ****   /* Enable the capture compare 1 Interrupt */
 538:Drivers/STM32F4/Drivers/STM32F4xx_HAL_Driver/Src/stm32f4xx_hal_tim_ex.c ****   __HAL_TIM_ENABLE_DMA(htim, TIM_DMA_CC1);
 539:Drivers/STM32F4/Drivers/STM32F4xx_HAL_Driver/Src/stm32f4xx_hal_tim_ex.c **** 
 540:Drivers/STM32F4/Drivers/STM32F4xx_HAL_Driver/Src/stm32f4xx_hal_tim_ex.c ****   /* Enable the Peripheral, except in trigger mode where enable is automatically done with trigger 
 541:Drivers/STM32F4/Drivers/STM32F4xx_HAL_Driver/Src/stm32f4xx_hal_tim_ex.c ****   if (IS_TIM_SLAVE_INSTANCE(htim->Instance))
 542:Drivers/STM32F4/Drivers/STM32F4xx_HAL_Driver/Src/stm32f4xx_hal_tim_ex.c ****   {
 543:Drivers/STM32F4/Drivers/STM32F4xx_HAL_Driver/Src/stm32f4xx_hal_tim_ex.c ****     tmpsmcr = htim->Instance->SMCR & TIM_SMCR_SMS;
ARM GAS  /tmp/ccicUsXN.s 			page 11


 544:Drivers/STM32F4/Drivers/STM32F4xx_HAL_Driver/Src/stm32f4xx_hal_tim_ex.c ****     if (!IS_TIM_SLAVEMODE_TRIGGER_ENABLED(tmpsmcr))
 545:Drivers/STM32F4/Drivers/STM32F4xx_HAL_Driver/Src/stm32f4xx_hal_tim_ex.c ****     {
 546:Drivers/STM32F4/Drivers/STM32F4xx_HAL_Driver/Src/stm32f4xx_hal_tim_ex.c ****       __HAL_TIM_ENABLE(htim);
 547:Drivers/STM32F4/Drivers/STM32F4xx_HAL_Driver/Src/stm32f4xx_hal_tim_ex.c ****     }
 548:Drivers/STM32F4/Drivers/STM32F4xx_HAL_Driver/Src/stm32f4xx_hal_tim_ex.c ****   }
 549:Drivers/STM32F4/Drivers/STM32F4xx_HAL_Driver/Src/stm32f4xx_hal_tim_ex.c ****   else
 550:Drivers/STM32F4/Drivers/STM32F4xx_HAL_Driver/Src/stm32f4xx_hal_tim_ex.c ****   {
 551:Drivers/STM32F4/Drivers/STM32F4xx_HAL_Driver/Src/stm32f4xx_hal_tim_ex.c ****     __HAL_TIM_ENABLE(htim);
 552:Drivers/STM32F4/Drivers/STM32F4xx_HAL_Driver/Src/stm32f4xx_hal_tim_ex.c ****   }
 553:Drivers/STM32F4/Drivers/STM32F4xx_HAL_Driver/Src/stm32f4xx_hal_tim_ex.c **** 
 554:Drivers/STM32F4/Drivers/STM32F4xx_HAL_Driver/Src/stm32f4xx_hal_tim_ex.c ****   /* Return function status */
 555:Drivers/STM32F4/Drivers/STM32F4xx_HAL_Driver/Src/stm32f4xx_hal_tim_ex.c ****   return HAL_OK;
 556:Drivers/STM32F4/Drivers/STM32F4xx_HAL_Driver/Src/stm32f4xx_hal_tim_ex.c **** }
 557:Drivers/STM32F4/Drivers/STM32F4xx_HAL_Driver/Src/stm32f4xx_hal_tim_ex.c **** 
 558:Drivers/STM32F4/Drivers/STM32F4xx_HAL_Driver/Src/stm32f4xx_hal_tim_ex.c **** /**
 559:Drivers/STM32F4/Drivers/STM32F4xx_HAL_Driver/Src/stm32f4xx_hal_tim_ex.c ****   * @brief  Stops the TIM Hall Sensor Interface in DMA mode.
 560:Drivers/STM32F4/Drivers/STM32F4xx_HAL_Driver/Src/stm32f4xx_hal_tim_ex.c ****   * @param  htim TIM Hall Sensor Interface handle
 561:Drivers/STM32F4/Drivers/STM32F4xx_HAL_Driver/Src/stm32f4xx_hal_tim_ex.c ****   * @retval HAL status
 562:Drivers/STM32F4/Drivers/STM32F4xx_HAL_Driver/Src/stm32f4xx_hal_tim_ex.c ****   */
 563:Drivers/STM32F4/Drivers/STM32F4xx_HAL_Driver/Src/stm32f4xx_hal_tim_ex.c **** HAL_StatusTypeDef HAL_TIMEx_HallSensor_Stop_DMA(TIM_HandleTypeDef *htim)
 564:Drivers/STM32F4/Drivers/STM32F4xx_HAL_Driver/Src/stm32f4xx_hal_tim_ex.c **** {
 565:Drivers/STM32F4/Drivers/STM32F4xx_HAL_Driver/Src/stm32f4xx_hal_tim_ex.c ****   /* Check the parameters */
 566:Drivers/STM32F4/Drivers/STM32F4xx_HAL_Driver/Src/stm32f4xx_hal_tim_ex.c ****   assert_param(IS_TIM_HALL_SENSOR_INTERFACE_INSTANCE(htim->Instance));
 567:Drivers/STM32F4/Drivers/STM32F4xx_HAL_Driver/Src/stm32f4xx_hal_tim_ex.c **** 
 568:Drivers/STM32F4/Drivers/STM32F4xx_HAL_Driver/Src/stm32f4xx_hal_tim_ex.c ****   /* Disable the Input Capture channel 1
 569:Drivers/STM32F4/Drivers/STM32F4xx_HAL_Driver/Src/stm32f4xx_hal_tim_ex.c ****   (in the Hall Sensor Interface the three possible channels that can be used are TIM_CHANNEL_1,
 570:Drivers/STM32F4/Drivers/STM32F4xx_HAL_Driver/Src/stm32f4xx_hal_tim_ex.c ****   TIM_CHANNEL_2 and TIM_CHANNEL_3) */
 571:Drivers/STM32F4/Drivers/STM32F4xx_HAL_Driver/Src/stm32f4xx_hal_tim_ex.c ****   TIM_CCxChannelCmd(htim->Instance, TIM_CHANNEL_1, TIM_CCx_DISABLE);
 572:Drivers/STM32F4/Drivers/STM32F4xx_HAL_Driver/Src/stm32f4xx_hal_tim_ex.c **** 
 573:Drivers/STM32F4/Drivers/STM32F4xx_HAL_Driver/Src/stm32f4xx_hal_tim_ex.c **** 
 574:Drivers/STM32F4/Drivers/STM32F4xx_HAL_Driver/Src/stm32f4xx_hal_tim_ex.c ****   /* Disable the capture compare Interrupts 1 event */
 575:Drivers/STM32F4/Drivers/STM32F4xx_HAL_Driver/Src/stm32f4xx_hal_tim_ex.c ****   __HAL_TIM_DISABLE_DMA(htim, TIM_DMA_CC1);
 576:Drivers/STM32F4/Drivers/STM32F4xx_HAL_Driver/Src/stm32f4xx_hal_tim_ex.c **** 
 577:Drivers/STM32F4/Drivers/STM32F4xx_HAL_Driver/Src/stm32f4xx_hal_tim_ex.c ****   (void)HAL_DMA_Abort_IT(htim->hdma[TIM_DMA_ID_CC1]);
 578:Drivers/STM32F4/Drivers/STM32F4xx_HAL_Driver/Src/stm32f4xx_hal_tim_ex.c **** 
 579:Drivers/STM32F4/Drivers/STM32F4xx_HAL_Driver/Src/stm32f4xx_hal_tim_ex.c ****   /* Disable the Peripheral */
 580:Drivers/STM32F4/Drivers/STM32F4xx_HAL_Driver/Src/stm32f4xx_hal_tim_ex.c ****   __HAL_TIM_DISABLE(htim);
 581:Drivers/STM32F4/Drivers/STM32F4xx_HAL_Driver/Src/stm32f4xx_hal_tim_ex.c **** 
 582:Drivers/STM32F4/Drivers/STM32F4xx_HAL_Driver/Src/stm32f4xx_hal_tim_ex.c ****   /* Set the TIM channel state */
 583:Drivers/STM32F4/Drivers/STM32F4xx_HAL_Driver/Src/stm32f4xx_hal_tim_ex.c ****   TIM_CHANNEL_STATE_SET(htim, TIM_CHANNEL_1, HAL_TIM_CHANNEL_STATE_READY);
 584:Drivers/STM32F4/Drivers/STM32F4xx_HAL_Driver/Src/stm32f4xx_hal_tim_ex.c ****   TIM_CHANNEL_N_STATE_SET(htim, TIM_CHANNEL_1, HAL_TIM_CHANNEL_STATE_READY);
 585:Drivers/STM32F4/Drivers/STM32F4xx_HAL_Driver/Src/stm32f4xx_hal_tim_ex.c **** 
 586:Drivers/STM32F4/Drivers/STM32F4xx_HAL_Driver/Src/stm32f4xx_hal_tim_ex.c ****   /* Return function status */
 587:Drivers/STM32F4/Drivers/STM32F4xx_HAL_Driver/Src/stm32f4xx_hal_tim_ex.c ****   return HAL_OK;
 588:Drivers/STM32F4/Drivers/STM32F4xx_HAL_Driver/Src/stm32f4xx_hal_tim_ex.c **** }
 589:Drivers/STM32F4/Drivers/STM32F4xx_HAL_Driver/Src/stm32f4xx_hal_tim_ex.c **** 
 590:Drivers/STM32F4/Drivers/STM32F4xx_HAL_Driver/Src/stm32f4xx_hal_tim_ex.c **** /**
 591:Drivers/STM32F4/Drivers/STM32F4xx_HAL_Driver/Src/stm32f4xx_hal_tim_ex.c ****   * @}
 592:Drivers/STM32F4/Drivers/STM32F4xx_HAL_Driver/Src/stm32f4xx_hal_tim_ex.c ****   */
 593:Drivers/STM32F4/Drivers/STM32F4xx_HAL_Driver/Src/stm32f4xx_hal_tim_ex.c **** 
 594:Drivers/STM32F4/Drivers/STM32F4xx_HAL_Driver/Src/stm32f4xx_hal_tim_ex.c **** /** @defgroup TIMEx_Exported_Functions_Group2 Extended Timer Complementary Output Compare functions
 595:Drivers/STM32F4/Drivers/STM32F4xx_HAL_Driver/Src/stm32f4xx_hal_tim_ex.c ****   *  @brief   Timer Complementary Output Compare functions
 596:Drivers/STM32F4/Drivers/STM32F4xx_HAL_Driver/Src/stm32f4xx_hal_tim_ex.c ****   *
 597:Drivers/STM32F4/Drivers/STM32F4xx_HAL_Driver/Src/stm32f4xx_hal_tim_ex.c **** @verbatim
 598:Drivers/STM32F4/Drivers/STM32F4xx_HAL_Driver/Src/stm32f4xx_hal_tim_ex.c ****   ==============================================================================
 599:Drivers/STM32F4/Drivers/STM32F4xx_HAL_Driver/Src/stm32f4xx_hal_tim_ex.c ****               ##### Timer Complementary Output Compare functions #####
 600:Drivers/STM32F4/Drivers/STM32F4xx_HAL_Driver/Src/stm32f4xx_hal_tim_ex.c ****   ==============================================================================
ARM GAS  /tmp/ccicUsXN.s 			page 12


 601:Drivers/STM32F4/Drivers/STM32F4xx_HAL_Driver/Src/stm32f4xx_hal_tim_ex.c ****   [..]
 602:Drivers/STM32F4/Drivers/STM32F4xx_HAL_Driver/Src/stm32f4xx_hal_tim_ex.c ****     This section provides functions allowing to:
 603:Drivers/STM32F4/Drivers/STM32F4xx_HAL_Driver/Src/stm32f4xx_hal_tim_ex.c ****     (+) Start the Complementary Output Compare/PWM.
 604:Drivers/STM32F4/Drivers/STM32F4xx_HAL_Driver/Src/stm32f4xx_hal_tim_ex.c ****     (+) Stop the Complementary Output Compare/PWM.
 605:Drivers/STM32F4/Drivers/STM32F4xx_HAL_Driver/Src/stm32f4xx_hal_tim_ex.c ****     (+) Start the Complementary Output Compare/PWM and enable interrupts.
 606:Drivers/STM32F4/Drivers/STM32F4xx_HAL_Driver/Src/stm32f4xx_hal_tim_ex.c ****     (+) Stop the Complementary Output Compare/PWM and disable interrupts.
 607:Drivers/STM32F4/Drivers/STM32F4xx_HAL_Driver/Src/stm32f4xx_hal_tim_ex.c ****     (+) Start the Complementary Output Compare/PWM and enable DMA transfers.
 608:Drivers/STM32F4/Drivers/STM32F4xx_HAL_Driver/Src/stm32f4xx_hal_tim_ex.c ****     (+) Stop the Complementary Output Compare/PWM and disable DMA transfers.
 609:Drivers/STM32F4/Drivers/STM32F4xx_HAL_Driver/Src/stm32f4xx_hal_tim_ex.c **** 
 610:Drivers/STM32F4/Drivers/STM32F4xx_HAL_Driver/Src/stm32f4xx_hal_tim_ex.c **** @endverbatim
 611:Drivers/STM32F4/Drivers/STM32F4xx_HAL_Driver/Src/stm32f4xx_hal_tim_ex.c ****   * @{
 612:Drivers/STM32F4/Drivers/STM32F4xx_HAL_Driver/Src/stm32f4xx_hal_tim_ex.c ****   */
 613:Drivers/STM32F4/Drivers/STM32F4xx_HAL_Driver/Src/stm32f4xx_hal_tim_ex.c **** 
 614:Drivers/STM32F4/Drivers/STM32F4xx_HAL_Driver/Src/stm32f4xx_hal_tim_ex.c **** /**
 615:Drivers/STM32F4/Drivers/STM32F4xx_HAL_Driver/Src/stm32f4xx_hal_tim_ex.c ****   * @brief  Starts the TIM Output Compare signal generation on the complementary
 616:Drivers/STM32F4/Drivers/STM32F4xx_HAL_Driver/Src/stm32f4xx_hal_tim_ex.c ****   *         output.
 617:Drivers/STM32F4/Drivers/STM32F4xx_HAL_Driver/Src/stm32f4xx_hal_tim_ex.c ****   * @param  htim TIM Output Compare handle
 618:Drivers/STM32F4/Drivers/STM32F4xx_HAL_Driver/Src/stm32f4xx_hal_tim_ex.c ****   * @param  Channel TIM Channel to be enabled
 619:Drivers/STM32F4/Drivers/STM32F4xx_HAL_Driver/Src/stm32f4xx_hal_tim_ex.c ****   *          This parameter can be one of the following values:
 620:Drivers/STM32F4/Drivers/STM32F4xx_HAL_Driver/Src/stm32f4xx_hal_tim_ex.c ****   *            @arg TIM_CHANNEL_1: TIM Channel 1 selected
 621:Drivers/STM32F4/Drivers/STM32F4xx_HAL_Driver/Src/stm32f4xx_hal_tim_ex.c ****   *            @arg TIM_CHANNEL_2: TIM Channel 2 selected
 622:Drivers/STM32F4/Drivers/STM32F4xx_HAL_Driver/Src/stm32f4xx_hal_tim_ex.c ****   *            @arg TIM_CHANNEL_3: TIM Channel 3 selected
 623:Drivers/STM32F4/Drivers/STM32F4xx_HAL_Driver/Src/stm32f4xx_hal_tim_ex.c ****   * @retval HAL status
 624:Drivers/STM32F4/Drivers/STM32F4xx_HAL_Driver/Src/stm32f4xx_hal_tim_ex.c ****   */
 625:Drivers/STM32F4/Drivers/STM32F4xx_HAL_Driver/Src/stm32f4xx_hal_tim_ex.c **** HAL_StatusTypeDef HAL_TIMEx_OCN_Start(TIM_HandleTypeDef *htim, uint32_t Channel)
 626:Drivers/STM32F4/Drivers/STM32F4xx_HAL_Driver/Src/stm32f4xx_hal_tim_ex.c **** {
 627:Drivers/STM32F4/Drivers/STM32F4xx_HAL_Driver/Src/stm32f4xx_hal_tim_ex.c ****   uint32_t tmpsmcr;
 628:Drivers/STM32F4/Drivers/STM32F4xx_HAL_Driver/Src/stm32f4xx_hal_tim_ex.c **** 
 629:Drivers/STM32F4/Drivers/STM32F4xx_HAL_Driver/Src/stm32f4xx_hal_tim_ex.c ****   /* Check the parameters */
 630:Drivers/STM32F4/Drivers/STM32F4xx_HAL_Driver/Src/stm32f4xx_hal_tim_ex.c ****   assert_param(IS_TIM_CCXN_INSTANCE(htim->Instance, Channel));
 631:Drivers/STM32F4/Drivers/STM32F4xx_HAL_Driver/Src/stm32f4xx_hal_tim_ex.c **** 
 632:Drivers/STM32F4/Drivers/STM32F4xx_HAL_Driver/Src/stm32f4xx_hal_tim_ex.c ****   /* Check the TIM complementary channel state */
 633:Drivers/STM32F4/Drivers/STM32F4xx_HAL_Driver/Src/stm32f4xx_hal_tim_ex.c ****   if (TIM_CHANNEL_N_STATE_GET(htim, Channel) != HAL_TIM_CHANNEL_STATE_READY)
 634:Drivers/STM32F4/Drivers/STM32F4xx_HAL_Driver/Src/stm32f4xx_hal_tim_ex.c ****   {
 635:Drivers/STM32F4/Drivers/STM32F4xx_HAL_Driver/Src/stm32f4xx_hal_tim_ex.c ****     return HAL_ERROR;
 636:Drivers/STM32F4/Drivers/STM32F4xx_HAL_Driver/Src/stm32f4xx_hal_tim_ex.c ****   }
 637:Drivers/STM32F4/Drivers/STM32F4xx_HAL_Driver/Src/stm32f4xx_hal_tim_ex.c **** 
 638:Drivers/STM32F4/Drivers/STM32F4xx_HAL_Driver/Src/stm32f4xx_hal_tim_ex.c ****   /* Set the TIM complementary channel state */
 639:Drivers/STM32F4/Drivers/STM32F4xx_HAL_Driver/Src/stm32f4xx_hal_tim_ex.c ****   TIM_CHANNEL_N_STATE_SET(htim, Channel, HAL_TIM_CHANNEL_STATE_BUSY);
 640:Drivers/STM32F4/Drivers/STM32F4xx_HAL_Driver/Src/stm32f4xx_hal_tim_ex.c **** 
 641:Drivers/STM32F4/Drivers/STM32F4xx_HAL_Driver/Src/stm32f4xx_hal_tim_ex.c ****   /* Enable the Capture compare channel N */
 642:Drivers/STM32F4/Drivers/STM32F4xx_HAL_Driver/Src/stm32f4xx_hal_tim_ex.c ****   TIM_CCxNChannelCmd(htim->Instance, Channel, TIM_CCxN_ENABLE);
 643:Drivers/STM32F4/Drivers/STM32F4xx_HAL_Driver/Src/stm32f4xx_hal_tim_ex.c **** 
 644:Drivers/STM32F4/Drivers/STM32F4xx_HAL_Driver/Src/stm32f4xx_hal_tim_ex.c ****   /* Enable the Main Output */
 645:Drivers/STM32F4/Drivers/STM32F4xx_HAL_Driver/Src/stm32f4xx_hal_tim_ex.c ****   __HAL_TIM_MOE_ENABLE(htim);
 646:Drivers/STM32F4/Drivers/STM32F4xx_HAL_Driver/Src/stm32f4xx_hal_tim_ex.c **** 
 647:Drivers/STM32F4/Drivers/STM32F4xx_HAL_Driver/Src/stm32f4xx_hal_tim_ex.c ****   /* Enable the Peripheral, except in trigger mode where enable is automatically done with trigger 
 648:Drivers/STM32F4/Drivers/STM32F4xx_HAL_Driver/Src/stm32f4xx_hal_tim_ex.c ****   if (IS_TIM_SLAVE_INSTANCE(htim->Instance))
 649:Drivers/STM32F4/Drivers/STM32F4xx_HAL_Driver/Src/stm32f4xx_hal_tim_ex.c ****   {
 650:Drivers/STM32F4/Drivers/STM32F4xx_HAL_Driver/Src/stm32f4xx_hal_tim_ex.c ****     tmpsmcr = htim->Instance->SMCR & TIM_SMCR_SMS;
 651:Drivers/STM32F4/Drivers/STM32F4xx_HAL_Driver/Src/stm32f4xx_hal_tim_ex.c ****     if (!IS_TIM_SLAVEMODE_TRIGGER_ENABLED(tmpsmcr))
 652:Drivers/STM32F4/Drivers/STM32F4xx_HAL_Driver/Src/stm32f4xx_hal_tim_ex.c ****     {
 653:Drivers/STM32F4/Drivers/STM32F4xx_HAL_Driver/Src/stm32f4xx_hal_tim_ex.c ****       __HAL_TIM_ENABLE(htim);
 654:Drivers/STM32F4/Drivers/STM32F4xx_HAL_Driver/Src/stm32f4xx_hal_tim_ex.c ****     }
 655:Drivers/STM32F4/Drivers/STM32F4xx_HAL_Driver/Src/stm32f4xx_hal_tim_ex.c ****   }
 656:Drivers/STM32F4/Drivers/STM32F4xx_HAL_Driver/Src/stm32f4xx_hal_tim_ex.c ****   else
 657:Drivers/STM32F4/Drivers/STM32F4xx_HAL_Driver/Src/stm32f4xx_hal_tim_ex.c ****   {
ARM GAS  /tmp/ccicUsXN.s 			page 13


 658:Drivers/STM32F4/Drivers/STM32F4xx_HAL_Driver/Src/stm32f4xx_hal_tim_ex.c ****     __HAL_TIM_ENABLE(htim);
 659:Drivers/STM32F4/Drivers/STM32F4xx_HAL_Driver/Src/stm32f4xx_hal_tim_ex.c ****   }
 660:Drivers/STM32F4/Drivers/STM32F4xx_HAL_Driver/Src/stm32f4xx_hal_tim_ex.c **** 
 661:Drivers/STM32F4/Drivers/STM32F4xx_HAL_Driver/Src/stm32f4xx_hal_tim_ex.c ****   /* Return function status */
 662:Drivers/STM32F4/Drivers/STM32F4xx_HAL_Driver/Src/stm32f4xx_hal_tim_ex.c ****   return HAL_OK;
 663:Drivers/STM32F4/Drivers/STM32F4xx_HAL_Driver/Src/stm32f4xx_hal_tim_ex.c **** }
 664:Drivers/STM32F4/Drivers/STM32F4xx_HAL_Driver/Src/stm32f4xx_hal_tim_ex.c **** 
 665:Drivers/STM32F4/Drivers/STM32F4xx_HAL_Driver/Src/stm32f4xx_hal_tim_ex.c **** /**
 666:Drivers/STM32F4/Drivers/STM32F4xx_HAL_Driver/Src/stm32f4xx_hal_tim_ex.c ****   * @brief  Stops the TIM Output Compare signal generation on the complementary
 667:Drivers/STM32F4/Drivers/STM32F4xx_HAL_Driver/Src/stm32f4xx_hal_tim_ex.c ****   *         output.
 668:Drivers/STM32F4/Drivers/STM32F4xx_HAL_Driver/Src/stm32f4xx_hal_tim_ex.c ****   * @param  htim TIM handle
 669:Drivers/STM32F4/Drivers/STM32F4xx_HAL_Driver/Src/stm32f4xx_hal_tim_ex.c ****   * @param  Channel TIM Channel to be disabled
 670:Drivers/STM32F4/Drivers/STM32F4xx_HAL_Driver/Src/stm32f4xx_hal_tim_ex.c ****   *          This parameter can be one of the following values:
 671:Drivers/STM32F4/Drivers/STM32F4xx_HAL_Driver/Src/stm32f4xx_hal_tim_ex.c ****   *            @arg TIM_CHANNEL_1: TIM Channel 1 selected
 672:Drivers/STM32F4/Drivers/STM32F4xx_HAL_Driver/Src/stm32f4xx_hal_tim_ex.c ****   *            @arg TIM_CHANNEL_2: TIM Channel 2 selected
 673:Drivers/STM32F4/Drivers/STM32F4xx_HAL_Driver/Src/stm32f4xx_hal_tim_ex.c ****   *            @arg TIM_CHANNEL_3: TIM Channel 3 selected
 674:Drivers/STM32F4/Drivers/STM32F4xx_HAL_Driver/Src/stm32f4xx_hal_tim_ex.c ****   * @retval HAL status
 675:Drivers/STM32F4/Drivers/STM32F4xx_HAL_Driver/Src/stm32f4xx_hal_tim_ex.c ****   */
 676:Drivers/STM32F4/Drivers/STM32F4xx_HAL_Driver/Src/stm32f4xx_hal_tim_ex.c **** HAL_StatusTypeDef HAL_TIMEx_OCN_Stop(TIM_HandleTypeDef *htim, uint32_t Channel)
 677:Drivers/STM32F4/Drivers/STM32F4xx_HAL_Driver/Src/stm32f4xx_hal_tim_ex.c **** {
 678:Drivers/STM32F4/Drivers/STM32F4xx_HAL_Driver/Src/stm32f4xx_hal_tim_ex.c ****   /* Check the parameters */
 679:Drivers/STM32F4/Drivers/STM32F4xx_HAL_Driver/Src/stm32f4xx_hal_tim_ex.c ****   assert_param(IS_TIM_CCXN_INSTANCE(htim->Instance, Channel));
 680:Drivers/STM32F4/Drivers/STM32F4xx_HAL_Driver/Src/stm32f4xx_hal_tim_ex.c **** 
 681:Drivers/STM32F4/Drivers/STM32F4xx_HAL_Driver/Src/stm32f4xx_hal_tim_ex.c ****   /* Disable the Capture compare channel N */
 682:Drivers/STM32F4/Drivers/STM32F4xx_HAL_Driver/Src/stm32f4xx_hal_tim_ex.c ****   TIM_CCxNChannelCmd(htim->Instance, Channel, TIM_CCxN_DISABLE);
 683:Drivers/STM32F4/Drivers/STM32F4xx_HAL_Driver/Src/stm32f4xx_hal_tim_ex.c **** 
 684:Drivers/STM32F4/Drivers/STM32F4xx_HAL_Driver/Src/stm32f4xx_hal_tim_ex.c ****   /* Disable the Main Output */
 685:Drivers/STM32F4/Drivers/STM32F4xx_HAL_Driver/Src/stm32f4xx_hal_tim_ex.c ****   __HAL_TIM_MOE_DISABLE(htim);
 686:Drivers/STM32F4/Drivers/STM32F4xx_HAL_Driver/Src/stm32f4xx_hal_tim_ex.c **** 
 687:Drivers/STM32F4/Drivers/STM32F4xx_HAL_Driver/Src/stm32f4xx_hal_tim_ex.c ****   /* Disable the Peripheral */
 688:Drivers/STM32F4/Drivers/STM32F4xx_HAL_Driver/Src/stm32f4xx_hal_tim_ex.c ****   __HAL_TIM_DISABLE(htim);
 689:Drivers/STM32F4/Drivers/STM32F4xx_HAL_Driver/Src/stm32f4xx_hal_tim_ex.c **** 
 690:Drivers/STM32F4/Drivers/STM32F4xx_HAL_Driver/Src/stm32f4xx_hal_tim_ex.c ****   /* Set the TIM complementary channel state */
 691:Drivers/STM32F4/Drivers/STM32F4xx_HAL_Driver/Src/stm32f4xx_hal_tim_ex.c ****   TIM_CHANNEL_N_STATE_SET(htim, Channel, HAL_TIM_CHANNEL_STATE_READY);
 692:Drivers/STM32F4/Drivers/STM32F4xx_HAL_Driver/Src/stm32f4xx_hal_tim_ex.c **** 
 693:Drivers/STM32F4/Drivers/STM32F4xx_HAL_Driver/Src/stm32f4xx_hal_tim_ex.c ****   /* Return function status */
 694:Drivers/STM32F4/Drivers/STM32F4xx_HAL_Driver/Src/stm32f4xx_hal_tim_ex.c ****   return HAL_OK;
 695:Drivers/STM32F4/Drivers/STM32F4xx_HAL_Driver/Src/stm32f4xx_hal_tim_ex.c **** }
 696:Drivers/STM32F4/Drivers/STM32F4xx_HAL_Driver/Src/stm32f4xx_hal_tim_ex.c **** 
 697:Drivers/STM32F4/Drivers/STM32F4xx_HAL_Driver/Src/stm32f4xx_hal_tim_ex.c **** /**
 698:Drivers/STM32F4/Drivers/STM32F4xx_HAL_Driver/Src/stm32f4xx_hal_tim_ex.c ****   * @brief  Starts the TIM Output Compare signal generation in interrupt mode
 699:Drivers/STM32F4/Drivers/STM32F4xx_HAL_Driver/Src/stm32f4xx_hal_tim_ex.c ****   *         on the complementary output.
 700:Drivers/STM32F4/Drivers/STM32F4xx_HAL_Driver/Src/stm32f4xx_hal_tim_ex.c ****   * @param  htim TIM OC handle
 701:Drivers/STM32F4/Drivers/STM32F4xx_HAL_Driver/Src/stm32f4xx_hal_tim_ex.c ****   * @param  Channel TIM Channel to be enabled
 702:Drivers/STM32F4/Drivers/STM32F4xx_HAL_Driver/Src/stm32f4xx_hal_tim_ex.c ****   *          This parameter can be one of the following values:
 703:Drivers/STM32F4/Drivers/STM32F4xx_HAL_Driver/Src/stm32f4xx_hal_tim_ex.c ****   *            @arg TIM_CHANNEL_1: TIM Channel 1 selected
 704:Drivers/STM32F4/Drivers/STM32F4xx_HAL_Driver/Src/stm32f4xx_hal_tim_ex.c ****   *            @arg TIM_CHANNEL_2: TIM Channel 2 selected
 705:Drivers/STM32F4/Drivers/STM32F4xx_HAL_Driver/Src/stm32f4xx_hal_tim_ex.c ****   *            @arg TIM_CHANNEL_3: TIM Channel 3 selected
 706:Drivers/STM32F4/Drivers/STM32F4xx_HAL_Driver/Src/stm32f4xx_hal_tim_ex.c ****   * @retval HAL status
 707:Drivers/STM32F4/Drivers/STM32F4xx_HAL_Driver/Src/stm32f4xx_hal_tim_ex.c ****   */
 708:Drivers/STM32F4/Drivers/STM32F4xx_HAL_Driver/Src/stm32f4xx_hal_tim_ex.c **** HAL_StatusTypeDef HAL_TIMEx_OCN_Start_IT(TIM_HandleTypeDef *htim, uint32_t Channel)
 709:Drivers/STM32F4/Drivers/STM32F4xx_HAL_Driver/Src/stm32f4xx_hal_tim_ex.c **** {
 710:Drivers/STM32F4/Drivers/STM32F4xx_HAL_Driver/Src/stm32f4xx_hal_tim_ex.c ****   HAL_StatusTypeDef status = HAL_OK;
 711:Drivers/STM32F4/Drivers/STM32F4xx_HAL_Driver/Src/stm32f4xx_hal_tim_ex.c ****   uint32_t tmpsmcr;
 712:Drivers/STM32F4/Drivers/STM32F4xx_HAL_Driver/Src/stm32f4xx_hal_tim_ex.c **** 
 713:Drivers/STM32F4/Drivers/STM32F4xx_HAL_Driver/Src/stm32f4xx_hal_tim_ex.c ****   /* Check the parameters */
 714:Drivers/STM32F4/Drivers/STM32F4xx_HAL_Driver/Src/stm32f4xx_hal_tim_ex.c ****   assert_param(IS_TIM_CCXN_INSTANCE(htim->Instance, Channel));
ARM GAS  /tmp/ccicUsXN.s 			page 14


 715:Drivers/STM32F4/Drivers/STM32F4xx_HAL_Driver/Src/stm32f4xx_hal_tim_ex.c **** 
 716:Drivers/STM32F4/Drivers/STM32F4xx_HAL_Driver/Src/stm32f4xx_hal_tim_ex.c ****   /* Check the TIM complementary channel state */
 717:Drivers/STM32F4/Drivers/STM32F4xx_HAL_Driver/Src/stm32f4xx_hal_tim_ex.c ****   if (TIM_CHANNEL_N_STATE_GET(htim, Channel) != HAL_TIM_CHANNEL_STATE_READY)
 718:Drivers/STM32F4/Drivers/STM32F4xx_HAL_Driver/Src/stm32f4xx_hal_tim_ex.c ****   {
 719:Drivers/STM32F4/Drivers/STM32F4xx_HAL_Driver/Src/stm32f4xx_hal_tim_ex.c ****     return HAL_ERROR;
 720:Drivers/STM32F4/Drivers/STM32F4xx_HAL_Driver/Src/stm32f4xx_hal_tim_ex.c ****   }
 721:Drivers/STM32F4/Drivers/STM32F4xx_HAL_Driver/Src/stm32f4xx_hal_tim_ex.c **** 
 722:Drivers/STM32F4/Drivers/STM32F4xx_HAL_Driver/Src/stm32f4xx_hal_tim_ex.c ****   /* Set the TIM complementary channel state */
 723:Drivers/STM32F4/Drivers/STM32F4xx_HAL_Driver/Src/stm32f4xx_hal_tim_ex.c ****   TIM_CHANNEL_N_STATE_SET(htim, Channel, HAL_TIM_CHANNEL_STATE_BUSY);
 724:Drivers/STM32F4/Drivers/STM32F4xx_HAL_Driver/Src/stm32f4xx_hal_tim_ex.c **** 
 725:Drivers/STM32F4/Drivers/STM32F4xx_HAL_Driver/Src/stm32f4xx_hal_tim_ex.c ****   switch (Channel)
 726:Drivers/STM32F4/Drivers/STM32F4xx_HAL_Driver/Src/stm32f4xx_hal_tim_ex.c ****   {
 727:Drivers/STM32F4/Drivers/STM32F4xx_HAL_Driver/Src/stm32f4xx_hal_tim_ex.c ****     case TIM_CHANNEL_1:
 728:Drivers/STM32F4/Drivers/STM32F4xx_HAL_Driver/Src/stm32f4xx_hal_tim_ex.c ****     {
 729:Drivers/STM32F4/Drivers/STM32F4xx_HAL_Driver/Src/stm32f4xx_hal_tim_ex.c ****       /* Enable the TIM Output Compare interrupt */
 730:Drivers/STM32F4/Drivers/STM32F4xx_HAL_Driver/Src/stm32f4xx_hal_tim_ex.c ****       __HAL_TIM_ENABLE_IT(htim, TIM_IT_CC1);
 731:Drivers/STM32F4/Drivers/STM32F4xx_HAL_Driver/Src/stm32f4xx_hal_tim_ex.c ****       break;
 732:Drivers/STM32F4/Drivers/STM32F4xx_HAL_Driver/Src/stm32f4xx_hal_tim_ex.c ****     }
 733:Drivers/STM32F4/Drivers/STM32F4xx_HAL_Driver/Src/stm32f4xx_hal_tim_ex.c **** 
 734:Drivers/STM32F4/Drivers/STM32F4xx_HAL_Driver/Src/stm32f4xx_hal_tim_ex.c ****     case TIM_CHANNEL_2:
 735:Drivers/STM32F4/Drivers/STM32F4xx_HAL_Driver/Src/stm32f4xx_hal_tim_ex.c ****     {
 736:Drivers/STM32F4/Drivers/STM32F4xx_HAL_Driver/Src/stm32f4xx_hal_tim_ex.c ****       /* Enable the TIM Output Compare interrupt */
 737:Drivers/STM32F4/Drivers/STM32F4xx_HAL_Driver/Src/stm32f4xx_hal_tim_ex.c ****       __HAL_TIM_ENABLE_IT(htim, TIM_IT_CC2);
 738:Drivers/STM32F4/Drivers/STM32F4xx_HAL_Driver/Src/stm32f4xx_hal_tim_ex.c ****       break;
 739:Drivers/STM32F4/Drivers/STM32F4xx_HAL_Driver/Src/stm32f4xx_hal_tim_ex.c ****     }
 740:Drivers/STM32F4/Drivers/STM32F4xx_HAL_Driver/Src/stm32f4xx_hal_tim_ex.c **** 
 741:Drivers/STM32F4/Drivers/STM32F4xx_HAL_Driver/Src/stm32f4xx_hal_tim_ex.c ****     case TIM_CHANNEL_3:
 742:Drivers/STM32F4/Drivers/STM32F4xx_HAL_Driver/Src/stm32f4xx_hal_tim_ex.c ****     {
 743:Drivers/STM32F4/Drivers/STM32F4xx_HAL_Driver/Src/stm32f4xx_hal_tim_ex.c ****       /* Enable the TIM Output Compare interrupt */
 744:Drivers/STM32F4/Drivers/STM32F4xx_HAL_Driver/Src/stm32f4xx_hal_tim_ex.c ****       __HAL_TIM_ENABLE_IT(htim, TIM_IT_CC3);
 745:Drivers/STM32F4/Drivers/STM32F4xx_HAL_Driver/Src/stm32f4xx_hal_tim_ex.c ****       break;
 746:Drivers/STM32F4/Drivers/STM32F4xx_HAL_Driver/Src/stm32f4xx_hal_tim_ex.c ****     }
 747:Drivers/STM32F4/Drivers/STM32F4xx_HAL_Driver/Src/stm32f4xx_hal_tim_ex.c **** 
 748:Drivers/STM32F4/Drivers/STM32F4xx_HAL_Driver/Src/stm32f4xx_hal_tim_ex.c **** 
 749:Drivers/STM32F4/Drivers/STM32F4xx_HAL_Driver/Src/stm32f4xx_hal_tim_ex.c ****     default:
 750:Drivers/STM32F4/Drivers/STM32F4xx_HAL_Driver/Src/stm32f4xx_hal_tim_ex.c ****       status = HAL_ERROR;
 751:Drivers/STM32F4/Drivers/STM32F4xx_HAL_Driver/Src/stm32f4xx_hal_tim_ex.c ****       break;
 752:Drivers/STM32F4/Drivers/STM32F4xx_HAL_Driver/Src/stm32f4xx_hal_tim_ex.c ****   }
 753:Drivers/STM32F4/Drivers/STM32F4xx_HAL_Driver/Src/stm32f4xx_hal_tim_ex.c **** 
 754:Drivers/STM32F4/Drivers/STM32F4xx_HAL_Driver/Src/stm32f4xx_hal_tim_ex.c ****   if (status == HAL_OK)
 755:Drivers/STM32F4/Drivers/STM32F4xx_HAL_Driver/Src/stm32f4xx_hal_tim_ex.c ****   {
 756:Drivers/STM32F4/Drivers/STM32F4xx_HAL_Driver/Src/stm32f4xx_hal_tim_ex.c ****     /* Enable the TIM Break interrupt */
 757:Drivers/STM32F4/Drivers/STM32F4xx_HAL_Driver/Src/stm32f4xx_hal_tim_ex.c ****     __HAL_TIM_ENABLE_IT(htim, TIM_IT_BREAK);
 758:Drivers/STM32F4/Drivers/STM32F4xx_HAL_Driver/Src/stm32f4xx_hal_tim_ex.c **** 
 759:Drivers/STM32F4/Drivers/STM32F4xx_HAL_Driver/Src/stm32f4xx_hal_tim_ex.c ****     /* Enable the Capture compare channel N */
 760:Drivers/STM32F4/Drivers/STM32F4xx_HAL_Driver/Src/stm32f4xx_hal_tim_ex.c ****     TIM_CCxNChannelCmd(htim->Instance, Channel, TIM_CCxN_ENABLE);
 761:Drivers/STM32F4/Drivers/STM32F4xx_HAL_Driver/Src/stm32f4xx_hal_tim_ex.c **** 
 762:Drivers/STM32F4/Drivers/STM32F4xx_HAL_Driver/Src/stm32f4xx_hal_tim_ex.c ****     /* Enable the Main Output */
 763:Drivers/STM32F4/Drivers/STM32F4xx_HAL_Driver/Src/stm32f4xx_hal_tim_ex.c ****     __HAL_TIM_MOE_ENABLE(htim);
 764:Drivers/STM32F4/Drivers/STM32F4xx_HAL_Driver/Src/stm32f4xx_hal_tim_ex.c **** 
 765:Drivers/STM32F4/Drivers/STM32F4xx_HAL_Driver/Src/stm32f4xx_hal_tim_ex.c ****     /* Enable the Peripheral, except in trigger mode where enable is automatically done with trigge
 766:Drivers/STM32F4/Drivers/STM32F4xx_HAL_Driver/Src/stm32f4xx_hal_tim_ex.c ****     if (IS_TIM_SLAVE_INSTANCE(htim->Instance))
 767:Drivers/STM32F4/Drivers/STM32F4xx_HAL_Driver/Src/stm32f4xx_hal_tim_ex.c ****     {
 768:Drivers/STM32F4/Drivers/STM32F4xx_HAL_Driver/Src/stm32f4xx_hal_tim_ex.c ****       tmpsmcr = htim->Instance->SMCR & TIM_SMCR_SMS;
 769:Drivers/STM32F4/Drivers/STM32F4xx_HAL_Driver/Src/stm32f4xx_hal_tim_ex.c ****       if (!IS_TIM_SLAVEMODE_TRIGGER_ENABLED(tmpsmcr))
 770:Drivers/STM32F4/Drivers/STM32F4xx_HAL_Driver/Src/stm32f4xx_hal_tim_ex.c ****       {
 771:Drivers/STM32F4/Drivers/STM32F4xx_HAL_Driver/Src/stm32f4xx_hal_tim_ex.c ****         __HAL_TIM_ENABLE(htim);
ARM GAS  /tmp/ccicUsXN.s 			page 15


 772:Drivers/STM32F4/Drivers/STM32F4xx_HAL_Driver/Src/stm32f4xx_hal_tim_ex.c ****       }
 773:Drivers/STM32F4/Drivers/STM32F4xx_HAL_Driver/Src/stm32f4xx_hal_tim_ex.c ****     }
 774:Drivers/STM32F4/Drivers/STM32F4xx_HAL_Driver/Src/stm32f4xx_hal_tim_ex.c ****     else
 775:Drivers/STM32F4/Drivers/STM32F4xx_HAL_Driver/Src/stm32f4xx_hal_tim_ex.c ****     {
 776:Drivers/STM32F4/Drivers/STM32F4xx_HAL_Driver/Src/stm32f4xx_hal_tim_ex.c ****       __HAL_TIM_ENABLE(htim);
 777:Drivers/STM32F4/Drivers/STM32F4xx_HAL_Driver/Src/stm32f4xx_hal_tim_ex.c ****     }
 778:Drivers/STM32F4/Drivers/STM32F4xx_HAL_Driver/Src/stm32f4xx_hal_tim_ex.c ****   }
 779:Drivers/STM32F4/Drivers/STM32F4xx_HAL_Driver/Src/stm32f4xx_hal_tim_ex.c **** 
 780:Drivers/STM32F4/Drivers/STM32F4xx_HAL_Driver/Src/stm32f4xx_hal_tim_ex.c ****   /* Return function status */
 781:Drivers/STM32F4/Drivers/STM32F4xx_HAL_Driver/Src/stm32f4xx_hal_tim_ex.c ****   return status;
 782:Drivers/STM32F4/Drivers/STM32F4xx_HAL_Driver/Src/stm32f4xx_hal_tim_ex.c **** }
 783:Drivers/STM32F4/Drivers/STM32F4xx_HAL_Driver/Src/stm32f4xx_hal_tim_ex.c **** 
 784:Drivers/STM32F4/Drivers/STM32F4xx_HAL_Driver/Src/stm32f4xx_hal_tim_ex.c **** /**
 785:Drivers/STM32F4/Drivers/STM32F4xx_HAL_Driver/Src/stm32f4xx_hal_tim_ex.c ****   * @brief  Stops the TIM Output Compare signal generation in interrupt mode
 786:Drivers/STM32F4/Drivers/STM32F4xx_HAL_Driver/Src/stm32f4xx_hal_tim_ex.c ****   *         on the complementary output.
 787:Drivers/STM32F4/Drivers/STM32F4xx_HAL_Driver/Src/stm32f4xx_hal_tim_ex.c ****   * @param  htim TIM Output Compare handle
 788:Drivers/STM32F4/Drivers/STM32F4xx_HAL_Driver/Src/stm32f4xx_hal_tim_ex.c ****   * @param  Channel TIM Channel to be disabled
 789:Drivers/STM32F4/Drivers/STM32F4xx_HAL_Driver/Src/stm32f4xx_hal_tim_ex.c ****   *          This parameter can be one of the following values:
 790:Drivers/STM32F4/Drivers/STM32F4xx_HAL_Driver/Src/stm32f4xx_hal_tim_ex.c ****   *            @arg TIM_CHANNEL_1: TIM Channel 1 selected
 791:Drivers/STM32F4/Drivers/STM32F4xx_HAL_Driver/Src/stm32f4xx_hal_tim_ex.c ****   *            @arg TIM_CHANNEL_2: TIM Channel 2 selected
 792:Drivers/STM32F4/Drivers/STM32F4xx_HAL_Driver/Src/stm32f4xx_hal_tim_ex.c ****   *            @arg TIM_CHANNEL_3: TIM Channel 3 selected
 793:Drivers/STM32F4/Drivers/STM32F4xx_HAL_Driver/Src/stm32f4xx_hal_tim_ex.c ****   * @retval HAL status
 794:Drivers/STM32F4/Drivers/STM32F4xx_HAL_Driver/Src/stm32f4xx_hal_tim_ex.c ****   */
 795:Drivers/STM32F4/Drivers/STM32F4xx_HAL_Driver/Src/stm32f4xx_hal_tim_ex.c **** HAL_StatusTypeDef HAL_TIMEx_OCN_Stop_IT(TIM_HandleTypeDef *htim, uint32_t Channel)
 796:Drivers/STM32F4/Drivers/STM32F4xx_HAL_Driver/Src/stm32f4xx_hal_tim_ex.c **** {
 797:Drivers/STM32F4/Drivers/STM32F4xx_HAL_Driver/Src/stm32f4xx_hal_tim_ex.c ****   HAL_StatusTypeDef status = HAL_OK;
 798:Drivers/STM32F4/Drivers/STM32F4xx_HAL_Driver/Src/stm32f4xx_hal_tim_ex.c ****   uint32_t tmpccer;
 799:Drivers/STM32F4/Drivers/STM32F4xx_HAL_Driver/Src/stm32f4xx_hal_tim_ex.c **** 
 800:Drivers/STM32F4/Drivers/STM32F4xx_HAL_Driver/Src/stm32f4xx_hal_tim_ex.c ****   /* Check the parameters */
 801:Drivers/STM32F4/Drivers/STM32F4xx_HAL_Driver/Src/stm32f4xx_hal_tim_ex.c ****   assert_param(IS_TIM_CCXN_INSTANCE(htim->Instance, Channel));
 802:Drivers/STM32F4/Drivers/STM32F4xx_HAL_Driver/Src/stm32f4xx_hal_tim_ex.c **** 
 803:Drivers/STM32F4/Drivers/STM32F4xx_HAL_Driver/Src/stm32f4xx_hal_tim_ex.c ****   switch (Channel)
 804:Drivers/STM32F4/Drivers/STM32F4xx_HAL_Driver/Src/stm32f4xx_hal_tim_ex.c ****   {
 805:Drivers/STM32F4/Drivers/STM32F4xx_HAL_Driver/Src/stm32f4xx_hal_tim_ex.c ****     case TIM_CHANNEL_1:
 806:Drivers/STM32F4/Drivers/STM32F4xx_HAL_Driver/Src/stm32f4xx_hal_tim_ex.c ****     {
 807:Drivers/STM32F4/Drivers/STM32F4xx_HAL_Driver/Src/stm32f4xx_hal_tim_ex.c ****       /* Disable the TIM Output Compare interrupt */
 808:Drivers/STM32F4/Drivers/STM32F4xx_HAL_Driver/Src/stm32f4xx_hal_tim_ex.c ****       __HAL_TIM_DISABLE_IT(htim, TIM_IT_CC1);
 809:Drivers/STM32F4/Drivers/STM32F4xx_HAL_Driver/Src/stm32f4xx_hal_tim_ex.c ****       break;
 810:Drivers/STM32F4/Drivers/STM32F4xx_HAL_Driver/Src/stm32f4xx_hal_tim_ex.c ****     }
 811:Drivers/STM32F4/Drivers/STM32F4xx_HAL_Driver/Src/stm32f4xx_hal_tim_ex.c **** 
 812:Drivers/STM32F4/Drivers/STM32F4xx_HAL_Driver/Src/stm32f4xx_hal_tim_ex.c ****     case TIM_CHANNEL_2:
 813:Drivers/STM32F4/Drivers/STM32F4xx_HAL_Driver/Src/stm32f4xx_hal_tim_ex.c ****     {
 814:Drivers/STM32F4/Drivers/STM32F4xx_HAL_Driver/Src/stm32f4xx_hal_tim_ex.c ****       /* Disable the TIM Output Compare interrupt */
 815:Drivers/STM32F4/Drivers/STM32F4xx_HAL_Driver/Src/stm32f4xx_hal_tim_ex.c ****       __HAL_TIM_DISABLE_IT(htim, TIM_IT_CC2);
 816:Drivers/STM32F4/Drivers/STM32F4xx_HAL_Driver/Src/stm32f4xx_hal_tim_ex.c ****       break;
 817:Drivers/STM32F4/Drivers/STM32F4xx_HAL_Driver/Src/stm32f4xx_hal_tim_ex.c ****     }
 818:Drivers/STM32F4/Drivers/STM32F4xx_HAL_Driver/Src/stm32f4xx_hal_tim_ex.c **** 
 819:Drivers/STM32F4/Drivers/STM32F4xx_HAL_Driver/Src/stm32f4xx_hal_tim_ex.c ****     case TIM_CHANNEL_3:
 820:Drivers/STM32F4/Drivers/STM32F4xx_HAL_Driver/Src/stm32f4xx_hal_tim_ex.c ****     {
 821:Drivers/STM32F4/Drivers/STM32F4xx_HAL_Driver/Src/stm32f4xx_hal_tim_ex.c ****       /* Disable the TIM Output Compare interrupt */
 822:Drivers/STM32F4/Drivers/STM32F4xx_HAL_Driver/Src/stm32f4xx_hal_tim_ex.c ****       __HAL_TIM_DISABLE_IT(htim, TIM_IT_CC3);
 823:Drivers/STM32F4/Drivers/STM32F4xx_HAL_Driver/Src/stm32f4xx_hal_tim_ex.c ****       break;
 824:Drivers/STM32F4/Drivers/STM32F4xx_HAL_Driver/Src/stm32f4xx_hal_tim_ex.c ****     }
 825:Drivers/STM32F4/Drivers/STM32F4xx_HAL_Driver/Src/stm32f4xx_hal_tim_ex.c **** 
 826:Drivers/STM32F4/Drivers/STM32F4xx_HAL_Driver/Src/stm32f4xx_hal_tim_ex.c ****     default:
 827:Drivers/STM32F4/Drivers/STM32F4xx_HAL_Driver/Src/stm32f4xx_hal_tim_ex.c ****       status = HAL_ERROR;
 828:Drivers/STM32F4/Drivers/STM32F4xx_HAL_Driver/Src/stm32f4xx_hal_tim_ex.c ****       break;
ARM GAS  /tmp/ccicUsXN.s 			page 16


 829:Drivers/STM32F4/Drivers/STM32F4xx_HAL_Driver/Src/stm32f4xx_hal_tim_ex.c ****   }
 830:Drivers/STM32F4/Drivers/STM32F4xx_HAL_Driver/Src/stm32f4xx_hal_tim_ex.c **** 
 831:Drivers/STM32F4/Drivers/STM32F4xx_HAL_Driver/Src/stm32f4xx_hal_tim_ex.c ****   if (status == HAL_OK)
 832:Drivers/STM32F4/Drivers/STM32F4xx_HAL_Driver/Src/stm32f4xx_hal_tim_ex.c ****   {
 833:Drivers/STM32F4/Drivers/STM32F4xx_HAL_Driver/Src/stm32f4xx_hal_tim_ex.c ****     /* Disable the Capture compare channel N */
 834:Drivers/STM32F4/Drivers/STM32F4xx_HAL_Driver/Src/stm32f4xx_hal_tim_ex.c ****     TIM_CCxNChannelCmd(htim->Instance, Channel, TIM_CCxN_DISABLE);
 835:Drivers/STM32F4/Drivers/STM32F4xx_HAL_Driver/Src/stm32f4xx_hal_tim_ex.c **** 
 836:Drivers/STM32F4/Drivers/STM32F4xx_HAL_Driver/Src/stm32f4xx_hal_tim_ex.c ****     /* Disable the TIM Break interrupt (only if no more channel is active) */
 837:Drivers/STM32F4/Drivers/STM32F4xx_HAL_Driver/Src/stm32f4xx_hal_tim_ex.c ****     tmpccer = htim->Instance->CCER;
 838:Drivers/STM32F4/Drivers/STM32F4xx_HAL_Driver/Src/stm32f4xx_hal_tim_ex.c ****     if ((tmpccer & TIM_CCER_CCxNE_MASK) == (uint32_t)RESET)
 839:Drivers/STM32F4/Drivers/STM32F4xx_HAL_Driver/Src/stm32f4xx_hal_tim_ex.c ****     {
 840:Drivers/STM32F4/Drivers/STM32F4xx_HAL_Driver/Src/stm32f4xx_hal_tim_ex.c ****       __HAL_TIM_DISABLE_IT(htim, TIM_IT_BREAK);
 841:Drivers/STM32F4/Drivers/STM32F4xx_HAL_Driver/Src/stm32f4xx_hal_tim_ex.c ****     }
 842:Drivers/STM32F4/Drivers/STM32F4xx_HAL_Driver/Src/stm32f4xx_hal_tim_ex.c **** 
 843:Drivers/STM32F4/Drivers/STM32F4xx_HAL_Driver/Src/stm32f4xx_hal_tim_ex.c ****     /* Disable the Main Output */
 844:Drivers/STM32F4/Drivers/STM32F4xx_HAL_Driver/Src/stm32f4xx_hal_tim_ex.c ****     __HAL_TIM_MOE_DISABLE(htim);
 845:Drivers/STM32F4/Drivers/STM32F4xx_HAL_Driver/Src/stm32f4xx_hal_tim_ex.c **** 
 846:Drivers/STM32F4/Drivers/STM32F4xx_HAL_Driver/Src/stm32f4xx_hal_tim_ex.c ****     /* Disable the Peripheral */
 847:Drivers/STM32F4/Drivers/STM32F4xx_HAL_Driver/Src/stm32f4xx_hal_tim_ex.c ****     __HAL_TIM_DISABLE(htim);
 848:Drivers/STM32F4/Drivers/STM32F4xx_HAL_Driver/Src/stm32f4xx_hal_tim_ex.c **** 
 849:Drivers/STM32F4/Drivers/STM32F4xx_HAL_Driver/Src/stm32f4xx_hal_tim_ex.c ****     /* Set the TIM complementary channel state */
 850:Drivers/STM32F4/Drivers/STM32F4xx_HAL_Driver/Src/stm32f4xx_hal_tim_ex.c ****     TIM_CHANNEL_N_STATE_SET(htim, Channel, HAL_TIM_CHANNEL_STATE_READY);
 851:Drivers/STM32F4/Drivers/STM32F4xx_HAL_Driver/Src/stm32f4xx_hal_tim_ex.c ****   }
 852:Drivers/STM32F4/Drivers/STM32F4xx_HAL_Driver/Src/stm32f4xx_hal_tim_ex.c **** 
 853:Drivers/STM32F4/Drivers/STM32F4xx_HAL_Driver/Src/stm32f4xx_hal_tim_ex.c ****   /* Return function status */
 854:Drivers/STM32F4/Drivers/STM32F4xx_HAL_Driver/Src/stm32f4xx_hal_tim_ex.c ****   return status;
 855:Drivers/STM32F4/Drivers/STM32F4xx_HAL_Driver/Src/stm32f4xx_hal_tim_ex.c **** }
 856:Drivers/STM32F4/Drivers/STM32F4xx_HAL_Driver/Src/stm32f4xx_hal_tim_ex.c **** 
 857:Drivers/STM32F4/Drivers/STM32F4xx_HAL_Driver/Src/stm32f4xx_hal_tim_ex.c **** /**
 858:Drivers/STM32F4/Drivers/STM32F4xx_HAL_Driver/Src/stm32f4xx_hal_tim_ex.c ****   * @brief  Starts the TIM Output Compare signal generation in DMA mode
 859:Drivers/STM32F4/Drivers/STM32F4xx_HAL_Driver/Src/stm32f4xx_hal_tim_ex.c ****   *         on the complementary output.
 860:Drivers/STM32F4/Drivers/STM32F4xx_HAL_Driver/Src/stm32f4xx_hal_tim_ex.c ****   * @param  htim TIM Output Compare handle
 861:Drivers/STM32F4/Drivers/STM32F4xx_HAL_Driver/Src/stm32f4xx_hal_tim_ex.c ****   * @param  Channel TIM Channel to be enabled
 862:Drivers/STM32F4/Drivers/STM32F4xx_HAL_Driver/Src/stm32f4xx_hal_tim_ex.c ****   *          This parameter can be one of the following values:
 863:Drivers/STM32F4/Drivers/STM32F4xx_HAL_Driver/Src/stm32f4xx_hal_tim_ex.c ****   *            @arg TIM_CHANNEL_1: TIM Channel 1 selected
 864:Drivers/STM32F4/Drivers/STM32F4xx_HAL_Driver/Src/stm32f4xx_hal_tim_ex.c ****   *            @arg TIM_CHANNEL_2: TIM Channel 2 selected
 865:Drivers/STM32F4/Drivers/STM32F4xx_HAL_Driver/Src/stm32f4xx_hal_tim_ex.c ****   *            @arg TIM_CHANNEL_3: TIM Channel 3 selected
 866:Drivers/STM32F4/Drivers/STM32F4xx_HAL_Driver/Src/stm32f4xx_hal_tim_ex.c ****   * @param  pData The source Buffer address.
 867:Drivers/STM32F4/Drivers/STM32F4xx_HAL_Driver/Src/stm32f4xx_hal_tim_ex.c ****   * @param  Length The length of data to be transferred from memory to TIM peripheral
 868:Drivers/STM32F4/Drivers/STM32F4xx_HAL_Driver/Src/stm32f4xx_hal_tim_ex.c ****   * @retval HAL status
 869:Drivers/STM32F4/Drivers/STM32F4xx_HAL_Driver/Src/stm32f4xx_hal_tim_ex.c ****   */
 870:Drivers/STM32F4/Drivers/STM32F4xx_HAL_Driver/Src/stm32f4xx_hal_tim_ex.c **** HAL_StatusTypeDef HAL_TIMEx_OCN_Start_DMA(TIM_HandleTypeDef *htim, uint32_t Channel, const uint32_t
 871:Drivers/STM32F4/Drivers/STM32F4xx_HAL_Driver/Src/stm32f4xx_hal_tim_ex.c ****                                           uint16_t Length)
 872:Drivers/STM32F4/Drivers/STM32F4xx_HAL_Driver/Src/stm32f4xx_hal_tim_ex.c **** {
 873:Drivers/STM32F4/Drivers/STM32F4xx_HAL_Driver/Src/stm32f4xx_hal_tim_ex.c ****   HAL_StatusTypeDef status = HAL_OK;
 874:Drivers/STM32F4/Drivers/STM32F4xx_HAL_Driver/Src/stm32f4xx_hal_tim_ex.c ****   uint32_t tmpsmcr;
 875:Drivers/STM32F4/Drivers/STM32F4xx_HAL_Driver/Src/stm32f4xx_hal_tim_ex.c **** 
 876:Drivers/STM32F4/Drivers/STM32F4xx_HAL_Driver/Src/stm32f4xx_hal_tim_ex.c ****   /* Check the parameters */
 877:Drivers/STM32F4/Drivers/STM32F4xx_HAL_Driver/Src/stm32f4xx_hal_tim_ex.c ****   assert_param(IS_TIM_CCXN_INSTANCE(htim->Instance, Channel));
 878:Drivers/STM32F4/Drivers/STM32F4xx_HAL_Driver/Src/stm32f4xx_hal_tim_ex.c **** 
 879:Drivers/STM32F4/Drivers/STM32F4xx_HAL_Driver/Src/stm32f4xx_hal_tim_ex.c ****   /* Set the TIM complementary channel state */
 880:Drivers/STM32F4/Drivers/STM32F4xx_HAL_Driver/Src/stm32f4xx_hal_tim_ex.c ****   if (TIM_CHANNEL_N_STATE_GET(htim, Channel) == HAL_TIM_CHANNEL_STATE_BUSY)
 881:Drivers/STM32F4/Drivers/STM32F4xx_HAL_Driver/Src/stm32f4xx_hal_tim_ex.c ****   {
 882:Drivers/STM32F4/Drivers/STM32F4xx_HAL_Driver/Src/stm32f4xx_hal_tim_ex.c ****     return HAL_BUSY;
 883:Drivers/STM32F4/Drivers/STM32F4xx_HAL_Driver/Src/stm32f4xx_hal_tim_ex.c ****   }
 884:Drivers/STM32F4/Drivers/STM32F4xx_HAL_Driver/Src/stm32f4xx_hal_tim_ex.c ****   else if (TIM_CHANNEL_N_STATE_GET(htim, Channel) == HAL_TIM_CHANNEL_STATE_READY)
 885:Drivers/STM32F4/Drivers/STM32F4xx_HAL_Driver/Src/stm32f4xx_hal_tim_ex.c ****   {
ARM GAS  /tmp/ccicUsXN.s 			page 17


 886:Drivers/STM32F4/Drivers/STM32F4xx_HAL_Driver/Src/stm32f4xx_hal_tim_ex.c ****     if ((pData == NULL) || (Length == 0U))
 887:Drivers/STM32F4/Drivers/STM32F4xx_HAL_Driver/Src/stm32f4xx_hal_tim_ex.c ****     {
 888:Drivers/STM32F4/Drivers/STM32F4xx_HAL_Driver/Src/stm32f4xx_hal_tim_ex.c ****       return HAL_ERROR;
 889:Drivers/STM32F4/Drivers/STM32F4xx_HAL_Driver/Src/stm32f4xx_hal_tim_ex.c ****     }
 890:Drivers/STM32F4/Drivers/STM32F4xx_HAL_Driver/Src/stm32f4xx_hal_tim_ex.c ****     else
 891:Drivers/STM32F4/Drivers/STM32F4xx_HAL_Driver/Src/stm32f4xx_hal_tim_ex.c ****     {
 892:Drivers/STM32F4/Drivers/STM32F4xx_HAL_Driver/Src/stm32f4xx_hal_tim_ex.c ****       TIM_CHANNEL_N_STATE_SET(htim, Channel, HAL_TIM_CHANNEL_STATE_BUSY);
 893:Drivers/STM32F4/Drivers/STM32F4xx_HAL_Driver/Src/stm32f4xx_hal_tim_ex.c ****     }
 894:Drivers/STM32F4/Drivers/STM32F4xx_HAL_Driver/Src/stm32f4xx_hal_tim_ex.c ****   }
 895:Drivers/STM32F4/Drivers/STM32F4xx_HAL_Driver/Src/stm32f4xx_hal_tim_ex.c ****   else
 896:Drivers/STM32F4/Drivers/STM32F4xx_HAL_Driver/Src/stm32f4xx_hal_tim_ex.c ****   {
 897:Drivers/STM32F4/Drivers/STM32F4xx_HAL_Driver/Src/stm32f4xx_hal_tim_ex.c ****     return HAL_ERROR;
 898:Drivers/STM32F4/Drivers/STM32F4xx_HAL_Driver/Src/stm32f4xx_hal_tim_ex.c ****   }
 899:Drivers/STM32F4/Drivers/STM32F4xx_HAL_Driver/Src/stm32f4xx_hal_tim_ex.c **** 
 900:Drivers/STM32F4/Drivers/STM32F4xx_HAL_Driver/Src/stm32f4xx_hal_tim_ex.c ****   switch (Channel)
 901:Drivers/STM32F4/Drivers/STM32F4xx_HAL_Driver/Src/stm32f4xx_hal_tim_ex.c ****   {
 902:Drivers/STM32F4/Drivers/STM32F4xx_HAL_Driver/Src/stm32f4xx_hal_tim_ex.c ****     case TIM_CHANNEL_1:
 903:Drivers/STM32F4/Drivers/STM32F4xx_HAL_Driver/Src/stm32f4xx_hal_tim_ex.c ****     {
 904:Drivers/STM32F4/Drivers/STM32F4xx_HAL_Driver/Src/stm32f4xx_hal_tim_ex.c ****       /* Set the DMA compare callbacks */
 905:Drivers/STM32F4/Drivers/STM32F4xx_HAL_Driver/Src/stm32f4xx_hal_tim_ex.c ****       htim->hdma[TIM_DMA_ID_CC1]->XferCpltCallback = TIM_DMADelayPulseNCplt;
 906:Drivers/STM32F4/Drivers/STM32F4xx_HAL_Driver/Src/stm32f4xx_hal_tim_ex.c ****       htim->hdma[TIM_DMA_ID_CC1]->XferHalfCpltCallback = TIM_DMADelayPulseHalfCplt;
 907:Drivers/STM32F4/Drivers/STM32F4xx_HAL_Driver/Src/stm32f4xx_hal_tim_ex.c **** 
 908:Drivers/STM32F4/Drivers/STM32F4xx_HAL_Driver/Src/stm32f4xx_hal_tim_ex.c ****       /* Set the DMA error callback */
 909:Drivers/STM32F4/Drivers/STM32F4xx_HAL_Driver/Src/stm32f4xx_hal_tim_ex.c ****       htim->hdma[TIM_DMA_ID_CC1]->XferErrorCallback = TIM_DMAErrorCCxN ;
 910:Drivers/STM32F4/Drivers/STM32F4xx_HAL_Driver/Src/stm32f4xx_hal_tim_ex.c **** 
 911:Drivers/STM32F4/Drivers/STM32F4xx_HAL_Driver/Src/stm32f4xx_hal_tim_ex.c ****       /* Enable the DMA stream */
 912:Drivers/STM32F4/Drivers/STM32F4xx_HAL_Driver/Src/stm32f4xx_hal_tim_ex.c ****       if (HAL_DMA_Start_IT(htim->hdma[TIM_DMA_ID_CC1], (uint32_t)pData, (uint32_t)&htim->Instance->
 913:Drivers/STM32F4/Drivers/STM32F4xx_HAL_Driver/Src/stm32f4xx_hal_tim_ex.c ****                            Length) != HAL_OK)
 914:Drivers/STM32F4/Drivers/STM32F4xx_HAL_Driver/Src/stm32f4xx_hal_tim_ex.c ****       {
 915:Drivers/STM32F4/Drivers/STM32F4xx_HAL_Driver/Src/stm32f4xx_hal_tim_ex.c ****         /* Return error status */
 916:Drivers/STM32F4/Drivers/STM32F4xx_HAL_Driver/Src/stm32f4xx_hal_tim_ex.c ****         return HAL_ERROR;
 917:Drivers/STM32F4/Drivers/STM32F4xx_HAL_Driver/Src/stm32f4xx_hal_tim_ex.c ****       }
 918:Drivers/STM32F4/Drivers/STM32F4xx_HAL_Driver/Src/stm32f4xx_hal_tim_ex.c ****       /* Enable the TIM Output Compare DMA request */
 919:Drivers/STM32F4/Drivers/STM32F4xx_HAL_Driver/Src/stm32f4xx_hal_tim_ex.c ****       __HAL_TIM_ENABLE_DMA(htim, TIM_DMA_CC1);
 920:Drivers/STM32F4/Drivers/STM32F4xx_HAL_Driver/Src/stm32f4xx_hal_tim_ex.c ****       break;
 921:Drivers/STM32F4/Drivers/STM32F4xx_HAL_Driver/Src/stm32f4xx_hal_tim_ex.c ****     }
 922:Drivers/STM32F4/Drivers/STM32F4xx_HAL_Driver/Src/stm32f4xx_hal_tim_ex.c **** 
 923:Drivers/STM32F4/Drivers/STM32F4xx_HAL_Driver/Src/stm32f4xx_hal_tim_ex.c ****     case TIM_CHANNEL_2:
 924:Drivers/STM32F4/Drivers/STM32F4xx_HAL_Driver/Src/stm32f4xx_hal_tim_ex.c ****     {
 925:Drivers/STM32F4/Drivers/STM32F4xx_HAL_Driver/Src/stm32f4xx_hal_tim_ex.c ****       /* Set the DMA compare callbacks */
 926:Drivers/STM32F4/Drivers/STM32F4xx_HAL_Driver/Src/stm32f4xx_hal_tim_ex.c ****       htim->hdma[TIM_DMA_ID_CC2]->XferCpltCallback = TIM_DMADelayPulseNCplt;
 927:Drivers/STM32F4/Drivers/STM32F4xx_HAL_Driver/Src/stm32f4xx_hal_tim_ex.c ****       htim->hdma[TIM_DMA_ID_CC2]->XferHalfCpltCallback = TIM_DMADelayPulseHalfCplt;
 928:Drivers/STM32F4/Drivers/STM32F4xx_HAL_Driver/Src/stm32f4xx_hal_tim_ex.c **** 
 929:Drivers/STM32F4/Drivers/STM32F4xx_HAL_Driver/Src/stm32f4xx_hal_tim_ex.c ****       /* Set the DMA error callback */
 930:Drivers/STM32F4/Drivers/STM32F4xx_HAL_Driver/Src/stm32f4xx_hal_tim_ex.c ****       htim->hdma[TIM_DMA_ID_CC2]->XferErrorCallback = TIM_DMAErrorCCxN ;
 931:Drivers/STM32F4/Drivers/STM32F4xx_HAL_Driver/Src/stm32f4xx_hal_tim_ex.c **** 
 932:Drivers/STM32F4/Drivers/STM32F4xx_HAL_Driver/Src/stm32f4xx_hal_tim_ex.c ****       /* Enable the DMA stream */
 933:Drivers/STM32F4/Drivers/STM32F4xx_HAL_Driver/Src/stm32f4xx_hal_tim_ex.c ****       if (HAL_DMA_Start_IT(htim->hdma[TIM_DMA_ID_CC2], (uint32_t)pData, (uint32_t)&htim->Instance->
 934:Drivers/STM32F4/Drivers/STM32F4xx_HAL_Driver/Src/stm32f4xx_hal_tim_ex.c ****                            Length) != HAL_OK)
 935:Drivers/STM32F4/Drivers/STM32F4xx_HAL_Driver/Src/stm32f4xx_hal_tim_ex.c ****       {
 936:Drivers/STM32F4/Drivers/STM32F4xx_HAL_Driver/Src/stm32f4xx_hal_tim_ex.c ****         /* Return error status */
 937:Drivers/STM32F4/Drivers/STM32F4xx_HAL_Driver/Src/stm32f4xx_hal_tim_ex.c ****         return HAL_ERROR;
 938:Drivers/STM32F4/Drivers/STM32F4xx_HAL_Driver/Src/stm32f4xx_hal_tim_ex.c ****       }
 939:Drivers/STM32F4/Drivers/STM32F4xx_HAL_Driver/Src/stm32f4xx_hal_tim_ex.c ****       /* Enable the TIM Output Compare DMA request */
 940:Drivers/STM32F4/Drivers/STM32F4xx_HAL_Driver/Src/stm32f4xx_hal_tim_ex.c ****       __HAL_TIM_ENABLE_DMA(htim, TIM_DMA_CC2);
 941:Drivers/STM32F4/Drivers/STM32F4xx_HAL_Driver/Src/stm32f4xx_hal_tim_ex.c ****       break;
 942:Drivers/STM32F4/Drivers/STM32F4xx_HAL_Driver/Src/stm32f4xx_hal_tim_ex.c ****     }
ARM GAS  /tmp/ccicUsXN.s 			page 18


 943:Drivers/STM32F4/Drivers/STM32F4xx_HAL_Driver/Src/stm32f4xx_hal_tim_ex.c **** 
 944:Drivers/STM32F4/Drivers/STM32F4xx_HAL_Driver/Src/stm32f4xx_hal_tim_ex.c ****     case TIM_CHANNEL_3:
 945:Drivers/STM32F4/Drivers/STM32F4xx_HAL_Driver/Src/stm32f4xx_hal_tim_ex.c ****     {
 946:Drivers/STM32F4/Drivers/STM32F4xx_HAL_Driver/Src/stm32f4xx_hal_tim_ex.c ****       /* Set the DMA compare callbacks */
 947:Drivers/STM32F4/Drivers/STM32F4xx_HAL_Driver/Src/stm32f4xx_hal_tim_ex.c ****       htim->hdma[TIM_DMA_ID_CC3]->XferCpltCallback = TIM_DMADelayPulseNCplt;
 948:Drivers/STM32F4/Drivers/STM32F4xx_HAL_Driver/Src/stm32f4xx_hal_tim_ex.c ****       htim->hdma[TIM_DMA_ID_CC3]->XferHalfCpltCallback = TIM_DMADelayPulseHalfCplt;
 949:Drivers/STM32F4/Drivers/STM32F4xx_HAL_Driver/Src/stm32f4xx_hal_tim_ex.c **** 
 950:Drivers/STM32F4/Drivers/STM32F4xx_HAL_Driver/Src/stm32f4xx_hal_tim_ex.c ****       /* Set the DMA error callback */
 951:Drivers/STM32F4/Drivers/STM32F4xx_HAL_Driver/Src/stm32f4xx_hal_tim_ex.c ****       htim->hdma[TIM_DMA_ID_CC3]->XferErrorCallback = TIM_DMAErrorCCxN ;
 952:Drivers/STM32F4/Drivers/STM32F4xx_HAL_Driver/Src/stm32f4xx_hal_tim_ex.c **** 
 953:Drivers/STM32F4/Drivers/STM32F4xx_HAL_Driver/Src/stm32f4xx_hal_tim_ex.c ****       /* Enable the DMA stream */
 954:Drivers/STM32F4/Drivers/STM32F4xx_HAL_Driver/Src/stm32f4xx_hal_tim_ex.c ****       if (HAL_DMA_Start_IT(htim->hdma[TIM_DMA_ID_CC3], (uint32_t)pData, (uint32_t)&htim->Instance->
 955:Drivers/STM32F4/Drivers/STM32F4xx_HAL_Driver/Src/stm32f4xx_hal_tim_ex.c ****                            Length) != HAL_OK)
 956:Drivers/STM32F4/Drivers/STM32F4xx_HAL_Driver/Src/stm32f4xx_hal_tim_ex.c ****       {
 957:Drivers/STM32F4/Drivers/STM32F4xx_HAL_Driver/Src/stm32f4xx_hal_tim_ex.c ****         /* Return error status */
 958:Drivers/STM32F4/Drivers/STM32F4xx_HAL_Driver/Src/stm32f4xx_hal_tim_ex.c ****         return HAL_ERROR;
 959:Drivers/STM32F4/Drivers/STM32F4xx_HAL_Driver/Src/stm32f4xx_hal_tim_ex.c ****       }
 960:Drivers/STM32F4/Drivers/STM32F4xx_HAL_Driver/Src/stm32f4xx_hal_tim_ex.c ****       /* Enable the TIM Output Compare DMA request */
 961:Drivers/STM32F4/Drivers/STM32F4xx_HAL_Driver/Src/stm32f4xx_hal_tim_ex.c ****       __HAL_TIM_ENABLE_DMA(htim, TIM_DMA_CC3);
 962:Drivers/STM32F4/Drivers/STM32F4xx_HAL_Driver/Src/stm32f4xx_hal_tim_ex.c ****       break;
 963:Drivers/STM32F4/Drivers/STM32F4xx_HAL_Driver/Src/stm32f4xx_hal_tim_ex.c ****     }
 964:Drivers/STM32F4/Drivers/STM32F4xx_HAL_Driver/Src/stm32f4xx_hal_tim_ex.c **** 
 965:Drivers/STM32F4/Drivers/STM32F4xx_HAL_Driver/Src/stm32f4xx_hal_tim_ex.c ****     default:
 966:Drivers/STM32F4/Drivers/STM32F4xx_HAL_Driver/Src/stm32f4xx_hal_tim_ex.c ****       status = HAL_ERROR;
 967:Drivers/STM32F4/Drivers/STM32F4xx_HAL_Driver/Src/stm32f4xx_hal_tim_ex.c ****       break;
 968:Drivers/STM32F4/Drivers/STM32F4xx_HAL_Driver/Src/stm32f4xx_hal_tim_ex.c ****   }
 969:Drivers/STM32F4/Drivers/STM32F4xx_HAL_Driver/Src/stm32f4xx_hal_tim_ex.c **** 
 970:Drivers/STM32F4/Drivers/STM32F4xx_HAL_Driver/Src/stm32f4xx_hal_tim_ex.c ****   if (status == HAL_OK)
 971:Drivers/STM32F4/Drivers/STM32F4xx_HAL_Driver/Src/stm32f4xx_hal_tim_ex.c ****   {
 972:Drivers/STM32F4/Drivers/STM32F4xx_HAL_Driver/Src/stm32f4xx_hal_tim_ex.c ****     /* Enable the Capture compare channel N */
 973:Drivers/STM32F4/Drivers/STM32F4xx_HAL_Driver/Src/stm32f4xx_hal_tim_ex.c ****     TIM_CCxNChannelCmd(htim->Instance, Channel, TIM_CCxN_ENABLE);
 974:Drivers/STM32F4/Drivers/STM32F4xx_HAL_Driver/Src/stm32f4xx_hal_tim_ex.c **** 
 975:Drivers/STM32F4/Drivers/STM32F4xx_HAL_Driver/Src/stm32f4xx_hal_tim_ex.c ****     /* Enable the Main Output */
 976:Drivers/STM32F4/Drivers/STM32F4xx_HAL_Driver/Src/stm32f4xx_hal_tim_ex.c ****     __HAL_TIM_MOE_ENABLE(htim);
 977:Drivers/STM32F4/Drivers/STM32F4xx_HAL_Driver/Src/stm32f4xx_hal_tim_ex.c **** 
 978:Drivers/STM32F4/Drivers/STM32F4xx_HAL_Driver/Src/stm32f4xx_hal_tim_ex.c ****     /* Enable the Peripheral, except in trigger mode where enable is automatically done with trigge
 979:Drivers/STM32F4/Drivers/STM32F4xx_HAL_Driver/Src/stm32f4xx_hal_tim_ex.c ****     if (IS_TIM_SLAVE_INSTANCE(htim->Instance))
 980:Drivers/STM32F4/Drivers/STM32F4xx_HAL_Driver/Src/stm32f4xx_hal_tim_ex.c ****     {
 981:Drivers/STM32F4/Drivers/STM32F4xx_HAL_Driver/Src/stm32f4xx_hal_tim_ex.c ****       tmpsmcr = htim->Instance->SMCR & TIM_SMCR_SMS;
 982:Drivers/STM32F4/Drivers/STM32F4xx_HAL_Driver/Src/stm32f4xx_hal_tim_ex.c ****       if (!IS_TIM_SLAVEMODE_TRIGGER_ENABLED(tmpsmcr))
 983:Drivers/STM32F4/Drivers/STM32F4xx_HAL_Driver/Src/stm32f4xx_hal_tim_ex.c ****       {
 984:Drivers/STM32F4/Drivers/STM32F4xx_HAL_Driver/Src/stm32f4xx_hal_tim_ex.c ****         __HAL_TIM_ENABLE(htim);
 985:Drivers/STM32F4/Drivers/STM32F4xx_HAL_Driver/Src/stm32f4xx_hal_tim_ex.c ****       }
 986:Drivers/STM32F4/Drivers/STM32F4xx_HAL_Driver/Src/stm32f4xx_hal_tim_ex.c ****     }
 987:Drivers/STM32F4/Drivers/STM32F4xx_HAL_Driver/Src/stm32f4xx_hal_tim_ex.c ****     else
 988:Drivers/STM32F4/Drivers/STM32F4xx_HAL_Driver/Src/stm32f4xx_hal_tim_ex.c ****     {
 989:Drivers/STM32F4/Drivers/STM32F4xx_HAL_Driver/Src/stm32f4xx_hal_tim_ex.c ****       __HAL_TIM_ENABLE(htim);
 990:Drivers/STM32F4/Drivers/STM32F4xx_HAL_Driver/Src/stm32f4xx_hal_tim_ex.c ****     }
 991:Drivers/STM32F4/Drivers/STM32F4xx_HAL_Driver/Src/stm32f4xx_hal_tim_ex.c ****   }
 992:Drivers/STM32F4/Drivers/STM32F4xx_HAL_Driver/Src/stm32f4xx_hal_tim_ex.c **** 
 993:Drivers/STM32F4/Drivers/STM32F4xx_HAL_Driver/Src/stm32f4xx_hal_tim_ex.c ****   /* Return function status */
 994:Drivers/STM32F4/Drivers/STM32F4xx_HAL_Driver/Src/stm32f4xx_hal_tim_ex.c ****   return status;
 995:Drivers/STM32F4/Drivers/STM32F4xx_HAL_Driver/Src/stm32f4xx_hal_tim_ex.c **** }
 996:Drivers/STM32F4/Drivers/STM32F4xx_HAL_Driver/Src/stm32f4xx_hal_tim_ex.c **** 
 997:Drivers/STM32F4/Drivers/STM32F4xx_HAL_Driver/Src/stm32f4xx_hal_tim_ex.c **** /**
 998:Drivers/STM32F4/Drivers/STM32F4xx_HAL_Driver/Src/stm32f4xx_hal_tim_ex.c ****   * @brief  Stops the TIM Output Compare signal generation in DMA mode
 999:Drivers/STM32F4/Drivers/STM32F4xx_HAL_Driver/Src/stm32f4xx_hal_tim_ex.c ****   *         on the complementary output.
ARM GAS  /tmp/ccicUsXN.s 			page 19


1000:Drivers/STM32F4/Drivers/STM32F4xx_HAL_Driver/Src/stm32f4xx_hal_tim_ex.c ****   * @param  htim TIM Output Compare handle
1001:Drivers/STM32F4/Drivers/STM32F4xx_HAL_Driver/Src/stm32f4xx_hal_tim_ex.c ****   * @param  Channel TIM Channel to be disabled
1002:Drivers/STM32F4/Drivers/STM32F4xx_HAL_Driver/Src/stm32f4xx_hal_tim_ex.c ****   *          This parameter can be one of the following values:
1003:Drivers/STM32F4/Drivers/STM32F4xx_HAL_Driver/Src/stm32f4xx_hal_tim_ex.c ****   *            @arg TIM_CHANNEL_1: TIM Channel 1 selected
1004:Drivers/STM32F4/Drivers/STM32F4xx_HAL_Driver/Src/stm32f4xx_hal_tim_ex.c ****   *            @arg TIM_CHANNEL_2: TIM Channel 2 selected
1005:Drivers/STM32F4/Drivers/STM32F4xx_HAL_Driver/Src/stm32f4xx_hal_tim_ex.c ****   *            @arg TIM_CHANNEL_3: TIM Channel 3 selected
1006:Drivers/STM32F4/Drivers/STM32F4xx_HAL_Driver/Src/stm32f4xx_hal_tim_ex.c ****   * @retval HAL status
1007:Drivers/STM32F4/Drivers/STM32F4xx_HAL_Driver/Src/stm32f4xx_hal_tim_ex.c ****   */
1008:Drivers/STM32F4/Drivers/STM32F4xx_HAL_Driver/Src/stm32f4xx_hal_tim_ex.c **** HAL_StatusTypeDef HAL_TIMEx_OCN_Stop_DMA(TIM_HandleTypeDef *htim, uint32_t Channel)
1009:Drivers/STM32F4/Drivers/STM32F4xx_HAL_Driver/Src/stm32f4xx_hal_tim_ex.c **** {
1010:Drivers/STM32F4/Drivers/STM32F4xx_HAL_Driver/Src/stm32f4xx_hal_tim_ex.c ****   HAL_StatusTypeDef status = HAL_OK;
1011:Drivers/STM32F4/Drivers/STM32F4xx_HAL_Driver/Src/stm32f4xx_hal_tim_ex.c **** 
1012:Drivers/STM32F4/Drivers/STM32F4xx_HAL_Driver/Src/stm32f4xx_hal_tim_ex.c ****   /* Check the parameters */
1013:Drivers/STM32F4/Drivers/STM32F4xx_HAL_Driver/Src/stm32f4xx_hal_tim_ex.c ****   assert_param(IS_TIM_CCXN_INSTANCE(htim->Instance, Channel));
1014:Drivers/STM32F4/Drivers/STM32F4xx_HAL_Driver/Src/stm32f4xx_hal_tim_ex.c **** 
1015:Drivers/STM32F4/Drivers/STM32F4xx_HAL_Driver/Src/stm32f4xx_hal_tim_ex.c ****   switch (Channel)
1016:Drivers/STM32F4/Drivers/STM32F4xx_HAL_Driver/Src/stm32f4xx_hal_tim_ex.c ****   {
1017:Drivers/STM32F4/Drivers/STM32F4xx_HAL_Driver/Src/stm32f4xx_hal_tim_ex.c ****     case TIM_CHANNEL_1:
1018:Drivers/STM32F4/Drivers/STM32F4xx_HAL_Driver/Src/stm32f4xx_hal_tim_ex.c ****     {
1019:Drivers/STM32F4/Drivers/STM32F4xx_HAL_Driver/Src/stm32f4xx_hal_tim_ex.c ****       /* Disable the TIM Output Compare DMA request */
1020:Drivers/STM32F4/Drivers/STM32F4xx_HAL_Driver/Src/stm32f4xx_hal_tim_ex.c ****       __HAL_TIM_DISABLE_DMA(htim, TIM_DMA_CC1);
1021:Drivers/STM32F4/Drivers/STM32F4xx_HAL_Driver/Src/stm32f4xx_hal_tim_ex.c ****       (void)HAL_DMA_Abort_IT(htim->hdma[TIM_DMA_ID_CC1]);
1022:Drivers/STM32F4/Drivers/STM32F4xx_HAL_Driver/Src/stm32f4xx_hal_tim_ex.c ****       break;
1023:Drivers/STM32F4/Drivers/STM32F4xx_HAL_Driver/Src/stm32f4xx_hal_tim_ex.c ****     }
1024:Drivers/STM32F4/Drivers/STM32F4xx_HAL_Driver/Src/stm32f4xx_hal_tim_ex.c **** 
1025:Drivers/STM32F4/Drivers/STM32F4xx_HAL_Driver/Src/stm32f4xx_hal_tim_ex.c ****     case TIM_CHANNEL_2:
1026:Drivers/STM32F4/Drivers/STM32F4xx_HAL_Driver/Src/stm32f4xx_hal_tim_ex.c ****     {
1027:Drivers/STM32F4/Drivers/STM32F4xx_HAL_Driver/Src/stm32f4xx_hal_tim_ex.c ****       /* Disable the TIM Output Compare DMA request */
1028:Drivers/STM32F4/Drivers/STM32F4xx_HAL_Driver/Src/stm32f4xx_hal_tim_ex.c ****       __HAL_TIM_DISABLE_DMA(htim, TIM_DMA_CC2);
1029:Drivers/STM32F4/Drivers/STM32F4xx_HAL_Driver/Src/stm32f4xx_hal_tim_ex.c ****       (void)HAL_DMA_Abort_IT(htim->hdma[TIM_DMA_ID_CC2]);
1030:Drivers/STM32F4/Drivers/STM32F4xx_HAL_Driver/Src/stm32f4xx_hal_tim_ex.c ****       break;
1031:Drivers/STM32F4/Drivers/STM32F4xx_HAL_Driver/Src/stm32f4xx_hal_tim_ex.c ****     }
1032:Drivers/STM32F4/Drivers/STM32F4xx_HAL_Driver/Src/stm32f4xx_hal_tim_ex.c **** 
1033:Drivers/STM32F4/Drivers/STM32F4xx_HAL_Driver/Src/stm32f4xx_hal_tim_ex.c ****     case TIM_CHANNEL_3:
1034:Drivers/STM32F4/Drivers/STM32F4xx_HAL_Driver/Src/stm32f4xx_hal_tim_ex.c ****     {
1035:Drivers/STM32F4/Drivers/STM32F4xx_HAL_Driver/Src/stm32f4xx_hal_tim_ex.c ****       /* Disable the TIM Output Compare DMA request */
1036:Drivers/STM32F4/Drivers/STM32F4xx_HAL_Driver/Src/stm32f4xx_hal_tim_ex.c ****       __HAL_TIM_DISABLE_DMA(htim, TIM_DMA_CC3);
1037:Drivers/STM32F4/Drivers/STM32F4xx_HAL_Driver/Src/stm32f4xx_hal_tim_ex.c ****       (void)HAL_DMA_Abort_IT(htim->hdma[TIM_DMA_ID_CC3]);
1038:Drivers/STM32F4/Drivers/STM32F4xx_HAL_Driver/Src/stm32f4xx_hal_tim_ex.c ****       break;
1039:Drivers/STM32F4/Drivers/STM32F4xx_HAL_Driver/Src/stm32f4xx_hal_tim_ex.c ****     }
1040:Drivers/STM32F4/Drivers/STM32F4xx_HAL_Driver/Src/stm32f4xx_hal_tim_ex.c **** 
1041:Drivers/STM32F4/Drivers/STM32F4xx_HAL_Driver/Src/stm32f4xx_hal_tim_ex.c ****     default:
1042:Drivers/STM32F4/Drivers/STM32F4xx_HAL_Driver/Src/stm32f4xx_hal_tim_ex.c ****       status = HAL_ERROR;
1043:Drivers/STM32F4/Drivers/STM32F4xx_HAL_Driver/Src/stm32f4xx_hal_tim_ex.c ****       break;
1044:Drivers/STM32F4/Drivers/STM32F4xx_HAL_Driver/Src/stm32f4xx_hal_tim_ex.c ****   }
1045:Drivers/STM32F4/Drivers/STM32F4xx_HAL_Driver/Src/stm32f4xx_hal_tim_ex.c **** 
1046:Drivers/STM32F4/Drivers/STM32F4xx_HAL_Driver/Src/stm32f4xx_hal_tim_ex.c ****   if (status == HAL_OK)
1047:Drivers/STM32F4/Drivers/STM32F4xx_HAL_Driver/Src/stm32f4xx_hal_tim_ex.c ****   {
1048:Drivers/STM32F4/Drivers/STM32F4xx_HAL_Driver/Src/stm32f4xx_hal_tim_ex.c ****     /* Disable the Capture compare channel N */
1049:Drivers/STM32F4/Drivers/STM32F4xx_HAL_Driver/Src/stm32f4xx_hal_tim_ex.c ****     TIM_CCxNChannelCmd(htim->Instance, Channel, TIM_CCxN_DISABLE);
1050:Drivers/STM32F4/Drivers/STM32F4xx_HAL_Driver/Src/stm32f4xx_hal_tim_ex.c **** 
1051:Drivers/STM32F4/Drivers/STM32F4xx_HAL_Driver/Src/stm32f4xx_hal_tim_ex.c ****     /* Disable the Main Output */
1052:Drivers/STM32F4/Drivers/STM32F4xx_HAL_Driver/Src/stm32f4xx_hal_tim_ex.c ****     __HAL_TIM_MOE_DISABLE(htim);
1053:Drivers/STM32F4/Drivers/STM32F4xx_HAL_Driver/Src/stm32f4xx_hal_tim_ex.c **** 
1054:Drivers/STM32F4/Drivers/STM32F4xx_HAL_Driver/Src/stm32f4xx_hal_tim_ex.c ****     /* Disable the Peripheral */
1055:Drivers/STM32F4/Drivers/STM32F4xx_HAL_Driver/Src/stm32f4xx_hal_tim_ex.c ****     __HAL_TIM_DISABLE(htim);
1056:Drivers/STM32F4/Drivers/STM32F4xx_HAL_Driver/Src/stm32f4xx_hal_tim_ex.c **** 
ARM GAS  /tmp/ccicUsXN.s 			page 20


1057:Drivers/STM32F4/Drivers/STM32F4xx_HAL_Driver/Src/stm32f4xx_hal_tim_ex.c ****     /* Set the TIM complementary channel state */
1058:Drivers/STM32F4/Drivers/STM32F4xx_HAL_Driver/Src/stm32f4xx_hal_tim_ex.c ****     TIM_CHANNEL_N_STATE_SET(htim, Channel, HAL_TIM_CHANNEL_STATE_READY);
1059:Drivers/STM32F4/Drivers/STM32F4xx_HAL_Driver/Src/stm32f4xx_hal_tim_ex.c ****   }
1060:Drivers/STM32F4/Drivers/STM32F4xx_HAL_Driver/Src/stm32f4xx_hal_tim_ex.c **** 
1061:Drivers/STM32F4/Drivers/STM32F4xx_HAL_Driver/Src/stm32f4xx_hal_tim_ex.c ****   /* Return function status */
1062:Drivers/STM32F4/Drivers/STM32F4xx_HAL_Driver/Src/stm32f4xx_hal_tim_ex.c ****   return status;
1063:Drivers/STM32F4/Drivers/STM32F4xx_HAL_Driver/Src/stm32f4xx_hal_tim_ex.c **** }
1064:Drivers/STM32F4/Drivers/STM32F4xx_HAL_Driver/Src/stm32f4xx_hal_tim_ex.c **** 
1065:Drivers/STM32F4/Drivers/STM32F4xx_HAL_Driver/Src/stm32f4xx_hal_tim_ex.c **** /**
1066:Drivers/STM32F4/Drivers/STM32F4xx_HAL_Driver/Src/stm32f4xx_hal_tim_ex.c ****   * @}
1067:Drivers/STM32F4/Drivers/STM32F4xx_HAL_Driver/Src/stm32f4xx_hal_tim_ex.c ****   */
1068:Drivers/STM32F4/Drivers/STM32F4xx_HAL_Driver/Src/stm32f4xx_hal_tim_ex.c **** 
1069:Drivers/STM32F4/Drivers/STM32F4xx_HAL_Driver/Src/stm32f4xx_hal_tim_ex.c **** /** @defgroup TIMEx_Exported_Functions_Group3 Extended Timer Complementary PWM functions
1070:Drivers/STM32F4/Drivers/STM32F4xx_HAL_Driver/Src/stm32f4xx_hal_tim_ex.c ****   * @brief    Timer Complementary PWM functions
1071:Drivers/STM32F4/Drivers/STM32F4xx_HAL_Driver/Src/stm32f4xx_hal_tim_ex.c ****   *
1072:Drivers/STM32F4/Drivers/STM32F4xx_HAL_Driver/Src/stm32f4xx_hal_tim_ex.c **** @verbatim
1073:Drivers/STM32F4/Drivers/STM32F4xx_HAL_Driver/Src/stm32f4xx_hal_tim_ex.c ****   ==============================================================================
1074:Drivers/STM32F4/Drivers/STM32F4xx_HAL_Driver/Src/stm32f4xx_hal_tim_ex.c ****                  ##### Timer Complementary PWM functions #####
1075:Drivers/STM32F4/Drivers/STM32F4xx_HAL_Driver/Src/stm32f4xx_hal_tim_ex.c ****   ==============================================================================
1076:Drivers/STM32F4/Drivers/STM32F4xx_HAL_Driver/Src/stm32f4xx_hal_tim_ex.c ****   [..]
1077:Drivers/STM32F4/Drivers/STM32F4xx_HAL_Driver/Src/stm32f4xx_hal_tim_ex.c ****     This section provides functions allowing to:
1078:Drivers/STM32F4/Drivers/STM32F4xx_HAL_Driver/Src/stm32f4xx_hal_tim_ex.c ****     (+) Start the Complementary PWM.
1079:Drivers/STM32F4/Drivers/STM32F4xx_HAL_Driver/Src/stm32f4xx_hal_tim_ex.c ****     (+) Stop the Complementary PWM.
1080:Drivers/STM32F4/Drivers/STM32F4xx_HAL_Driver/Src/stm32f4xx_hal_tim_ex.c ****     (+) Start the Complementary PWM and enable interrupts.
1081:Drivers/STM32F4/Drivers/STM32F4xx_HAL_Driver/Src/stm32f4xx_hal_tim_ex.c ****     (+) Stop the Complementary PWM and disable interrupts.
1082:Drivers/STM32F4/Drivers/STM32F4xx_HAL_Driver/Src/stm32f4xx_hal_tim_ex.c ****     (+) Start the Complementary PWM and enable DMA transfers.
1083:Drivers/STM32F4/Drivers/STM32F4xx_HAL_Driver/Src/stm32f4xx_hal_tim_ex.c ****     (+) Stop the Complementary PWM and disable DMA transfers.
1084:Drivers/STM32F4/Drivers/STM32F4xx_HAL_Driver/Src/stm32f4xx_hal_tim_ex.c **** @endverbatim
1085:Drivers/STM32F4/Drivers/STM32F4xx_HAL_Driver/Src/stm32f4xx_hal_tim_ex.c ****   * @{
1086:Drivers/STM32F4/Drivers/STM32F4xx_HAL_Driver/Src/stm32f4xx_hal_tim_ex.c ****   */
1087:Drivers/STM32F4/Drivers/STM32F4xx_HAL_Driver/Src/stm32f4xx_hal_tim_ex.c **** 
1088:Drivers/STM32F4/Drivers/STM32F4xx_HAL_Driver/Src/stm32f4xx_hal_tim_ex.c **** /**
1089:Drivers/STM32F4/Drivers/STM32F4xx_HAL_Driver/Src/stm32f4xx_hal_tim_ex.c ****   * @brief  Starts the PWM signal generation on the complementary output.
1090:Drivers/STM32F4/Drivers/STM32F4xx_HAL_Driver/Src/stm32f4xx_hal_tim_ex.c ****   * @param  htim TIM handle
1091:Drivers/STM32F4/Drivers/STM32F4xx_HAL_Driver/Src/stm32f4xx_hal_tim_ex.c ****   * @param  Channel TIM Channel to be enabled
1092:Drivers/STM32F4/Drivers/STM32F4xx_HAL_Driver/Src/stm32f4xx_hal_tim_ex.c ****   *          This parameter can be one of the following values:
1093:Drivers/STM32F4/Drivers/STM32F4xx_HAL_Driver/Src/stm32f4xx_hal_tim_ex.c ****   *            @arg TIM_CHANNEL_1: TIM Channel 1 selected
1094:Drivers/STM32F4/Drivers/STM32F4xx_HAL_Driver/Src/stm32f4xx_hal_tim_ex.c ****   *            @arg TIM_CHANNEL_2: TIM Channel 2 selected
1095:Drivers/STM32F4/Drivers/STM32F4xx_HAL_Driver/Src/stm32f4xx_hal_tim_ex.c ****   *            @arg TIM_CHANNEL_3: TIM Channel 3 selected
1096:Drivers/STM32F4/Drivers/STM32F4xx_HAL_Driver/Src/stm32f4xx_hal_tim_ex.c ****   * @retval HAL status
1097:Drivers/STM32F4/Drivers/STM32F4xx_HAL_Driver/Src/stm32f4xx_hal_tim_ex.c ****   */
1098:Drivers/STM32F4/Drivers/STM32F4xx_HAL_Driver/Src/stm32f4xx_hal_tim_ex.c **** HAL_StatusTypeDef HAL_TIMEx_PWMN_Start(TIM_HandleTypeDef *htim, uint32_t Channel)
1099:Drivers/STM32F4/Drivers/STM32F4xx_HAL_Driver/Src/stm32f4xx_hal_tim_ex.c **** {
1100:Drivers/STM32F4/Drivers/STM32F4xx_HAL_Driver/Src/stm32f4xx_hal_tim_ex.c ****   uint32_t tmpsmcr;
1101:Drivers/STM32F4/Drivers/STM32F4xx_HAL_Driver/Src/stm32f4xx_hal_tim_ex.c **** 
1102:Drivers/STM32F4/Drivers/STM32F4xx_HAL_Driver/Src/stm32f4xx_hal_tim_ex.c ****   /* Check the parameters */
1103:Drivers/STM32F4/Drivers/STM32F4xx_HAL_Driver/Src/stm32f4xx_hal_tim_ex.c ****   assert_param(IS_TIM_CCXN_INSTANCE(htim->Instance, Channel));
1104:Drivers/STM32F4/Drivers/STM32F4xx_HAL_Driver/Src/stm32f4xx_hal_tim_ex.c **** 
1105:Drivers/STM32F4/Drivers/STM32F4xx_HAL_Driver/Src/stm32f4xx_hal_tim_ex.c ****   /* Check the TIM complementary channel state */
1106:Drivers/STM32F4/Drivers/STM32F4xx_HAL_Driver/Src/stm32f4xx_hal_tim_ex.c ****   if (TIM_CHANNEL_N_STATE_GET(htim, Channel) != HAL_TIM_CHANNEL_STATE_READY)
1107:Drivers/STM32F4/Drivers/STM32F4xx_HAL_Driver/Src/stm32f4xx_hal_tim_ex.c ****   {
1108:Drivers/STM32F4/Drivers/STM32F4xx_HAL_Driver/Src/stm32f4xx_hal_tim_ex.c ****     return HAL_ERROR;
1109:Drivers/STM32F4/Drivers/STM32F4xx_HAL_Driver/Src/stm32f4xx_hal_tim_ex.c ****   }
1110:Drivers/STM32F4/Drivers/STM32F4xx_HAL_Driver/Src/stm32f4xx_hal_tim_ex.c **** 
1111:Drivers/STM32F4/Drivers/STM32F4xx_HAL_Driver/Src/stm32f4xx_hal_tim_ex.c ****   /* Set the TIM complementary channel state */
1112:Drivers/STM32F4/Drivers/STM32F4xx_HAL_Driver/Src/stm32f4xx_hal_tim_ex.c ****   TIM_CHANNEL_N_STATE_SET(htim, Channel, HAL_TIM_CHANNEL_STATE_BUSY);
1113:Drivers/STM32F4/Drivers/STM32F4xx_HAL_Driver/Src/stm32f4xx_hal_tim_ex.c **** 
ARM GAS  /tmp/ccicUsXN.s 			page 21


1114:Drivers/STM32F4/Drivers/STM32F4xx_HAL_Driver/Src/stm32f4xx_hal_tim_ex.c ****   /* Enable the complementary PWM output  */
1115:Drivers/STM32F4/Drivers/STM32F4xx_HAL_Driver/Src/stm32f4xx_hal_tim_ex.c ****   TIM_CCxNChannelCmd(htim->Instance, Channel, TIM_CCxN_ENABLE);
1116:Drivers/STM32F4/Drivers/STM32F4xx_HAL_Driver/Src/stm32f4xx_hal_tim_ex.c **** 
1117:Drivers/STM32F4/Drivers/STM32F4xx_HAL_Driver/Src/stm32f4xx_hal_tim_ex.c ****   /* Enable the Main Output */
1118:Drivers/STM32F4/Drivers/STM32F4xx_HAL_Driver/Src/stm32f4xx_hal_tim_ex.c ****   __HAL_TIM_MOE_ENABLE(htim);
1119:Drivers/STM32F4/Drivers/STM32F4xx_HAL_Driver/Src/stm32f4xx_hal_tim_ex.c **** 
1120:Drivers/STM32F4/Drivers/STM32F4xx_HAL_Driver/Src/stm32f4xx_hal_tim_ex.c ****   /* Enable the Peripheral, except in trigger mode where enable is automatically done with trigger 
1121:Drivers/STM32F4/Drivers/STM32F4xx_HAL_Driver/Src/stm32f4xx_hal_tim_ex.c ****   if (IS_TIM_SLAVE_INSTANCE(htim->Instance))
1122:Drivers/STM32F4/Drivers/STM32F4xx_HAL_Driver/Src/stm32f4xx_hal_tim_ex.c ****   {
1123:Drivers/STM32F4/Drivers/STM32F4xx_HAL_Driver/Src/stm32f4xx_hal_tim_ex.c ****     tmpsmcr = htim->Instance->SMCR & TIM_SMCR_SMS;
1124:Drivers/STM32F4/Drivers/STM32F4xx_HAL_Driver/Src/stm32f4xx_hal_tim_ex.c ****     if (!IS_TIM_SLAVEMODE_TRIGGER_ENABLED(tmpsmcr))
1125:Drivers/STM32F4/Drivers/STM32F4xx_HAL_Driver/Src/stm32f4xx_hal_tim_ex.c ****     {
1126:Drivers/STM32F4/Drivers/STM32F4xx_HAL_Driver/Src/stm32f4xx_hal_tim_ex.c ****       __HAL_TIM_ENABLE(htim);
1127:Drivers/STM32F4/Drivers/STM32F4xx_HAL_Driver/Src/stm32f4xx_hal_tim_ex.c ****     }
1128:Drivers/STM32F4/Drivers/STM32F4xx_HAL_Driver/Src/stm32f4xx_hal_tim_ex.c ****   }
1129:Drivers/STM32F4/Drivers/STM32F4xx_HAL_Driver/Src/stm32f4xx_hal_tim_ex.c ****   else
1130:Drivers/STM32F4/Drivers/STM32F4xx_HAL_Driver/Src/stm32f4xx_hal_tim_ex.c ****   {
1131:Drivers/STM32F4/Drivers/STM32F4xx_HAL_Driver/Src/stm32f4xx_hal_tim_ex.c ****     __HAL_TIM_ENABLE(htim);
1132:Drivers/STM32F4/Drivers/STM32F4xx_HAL_Driver/Src/stm32f4xx_hal_tim_ex.c ****   }
1133:Drivers/STM32F4/Drivers/STM32F4xx_HAL_Driver/Src/stm32f4xx_hal_tim_ex.c **** 
1134:Drivers/STM32F4/Drivers/STM32F4xx_HAL_Driver/Src/stm32f4xx_hal_tim_ex.c ****   /* Return function status */
1135:Drivers/STM32F4/Drivers/STM32F4xx_HAL_Driver/Src/stm32f4xx_hal_tim_ex.c ****   return HAL_OK;
1136:Drivers/STM32F4/Drivers/STM32F4xx_HAL_Driver/Src/stm32f4xx_hal_tim_ex.c **** }
1137:Drivers/STM32F4/Drivers/STM32F4xx_HAL_Driver/Src/stm32f4xx_hal_tim_ex.c **** 
1138:Drivers/STM32F4/Drivers/STM32F4xx_HAL_Driver/Src/stm32f4xx_hal_tim_ex.c **** /**
1139:Drivers/STM32F4/Drivers/STM32F4xx_HAL_Driver/Src/stm32f4xx_hal_tim_ex.c ****   * @brief  Stops the PWM signal generation on the complementary output.
1140:Drivers/STM32F4/Drivers/STM32F4xx_HAL_Driver/Src/stm32f4xx_hal_tim_ex.c ****   * @param  htim TIM handle
1141:Drivers/STM32F4/Drivers/STM32F4xx_HAL_Driver/Src/stm32f4xx_hal_tim_ex.c ****   * @param  Channel TIM Channel to be disabled
1142:Drivers/STM32F4/Drivers/STM32F4xx_HAL_Driver/Src/stm32f4xx_hal_tim_ex.c ****   *          This parameter can be one of the following values:
1143:Drivers/STM32F4/Drivers/STM32F4xx_HAL_Driver/Src/stm32f4xx_hal_tim_ex.c ****   *            @arg TIM_CHANNEL_1: TIM Channel 1 selected
1144:Drivers/STM32F4/Drivers/STM32F4xx_HAL_Driver/Src/stm32f4xx_hal_tim_ex.c ****   *            @arg TIM_CHANNEL_2: TIM Channel 2 selected
1145:Drivers/STM32F4/Drivers/STM32F4xx_HAL_Driver/Src/stm32f4xx_hal_tim_ex.c ****   *            @arg TIM_CHANNEL_3: TIM Channel 3 selected
1146:Drivers/STM32F4/Drivers/STM32F4xx_HAL_Driver/Src/stm32f4xx_hal_tim_ex.c ****   * @retval HAL status
1147:Drivers/STM32F4/Drivers/STM32F4xx_HAL_Driver/Src/stm32f4xx_hal_tim_ex.c ****   */
1148:Drivers/STM32F4/Drivers/STM32F4xx_HAL_Driver/Src/stm32f4xx_hal_tim_ex.c **** HAL_StatusTypeDef HAL_TIMEx_PWMN_Stop(TIM_HandleTypeDef *htim, uint32_t Channel)
1149:Drivers/STM32F4/Drivers/STM32F4xx_HAL_Driver/Src/stm32f4xx_hal_tim_ex.c **** {
1150:Drivers/STM32F4/Drivers/STM32F4xx_HAL_Driver/Src/stm32f4xx_hal_tim_ex.c ****   /* Check the parameters */
1151:Drivers/STM32F4/Drivers/STM32F4xx_HAL_Driver/Src/stm32f4xx_hal_tim_ex.c ****   assert_param(IS_TIM_CCXN_INSTANCE(htim->Instance, Channel));
1152:Drivers/STM32F4/Drivers/STM32F4xx_HAL_Driver/Src/stm32f4xx_hal_tim_ex.c **** 
1153:Drivers/STM32F4/Drivers/STM32F4xx_HAL_Driver/Src/stm32f4xx_hal_tim_ex.c ****   /* Disable the complementary PWM output  */
1154:Drivers/STM32F4/Drivers/STM32F4xx_HAL_Driver/Src/stm32f4xx_hal_tim_ex.c ****   TIM_CCxNChannelCmd(htim->Instance, Channel, TIM_CCxN_DISABLE);
1155:Drivers/STM32F4/Drivers/STM32F4xx_HAL_Driver/Src/stm32f4xx_hal_tim_ex.c **** 
1156:Drivers/STM32F4/Drivers/STM32F4xx_HAL_Driver/Src/stm32f4xx_hal_tim_ex.c ****   /* Disable the Main Output */
1157:Drivers/STM32F4/Drivers/STM32F4xx_HAL_Driver/Src/stm32f4xx_hal_tim_ex.c ****   __HAL_TIM_MOE_DISABLE(htim);
1158:Drivers/STM32F4/Drivers/STM32F4xx_HAL_Driver/Src/stm32f4xx_hal_tim_ex.c **** 
1159:Drivers/STM32F4/Drivers/STM32F4xx_HAL_Driver/Src/stm32f4xx_hal_tim_ex.c ****   /* Disable the Peripheral */
1160:Drivers/STM32F4/Drivers/STM32F4xx_HAL_Driver/Src/stm32f4xx_hal_tim_ex.c ****   __HAL_TIM_DISABLE(htim);
1161:Drivers/STM32F4/Drivers/STM32F4xx_HAL_Driver/Src/stm32f4xx_hal_tim_ex.c **** 
1162:Drivers/STM32F4/Drivers/STM32F4xx_HAL_Driver/Src/stm32f4xx_hal_tim_ex.c ****   /* Set the TIM complementary channel state */
1163:Drivers/STM32F4/Drivers/STM32F4xx_HAL_Driver/Src/stm32f4xx_hal_tim_ex.c ****   TIM_CHANNEL_N_STATE_SET(htim, Channel, HAL_TIM_CHANNEL_STATE_READY);
1164:Drivers/STM32F4/Drivers/STM32F4xx_HAL_Driver/Src/stm32f4xx_hal_tim_ex.c **** 
1165:Drivers/STM32F4/Drivers/STM32F4xx_HAL_Driver/Src/stm32f4xx_hal_tim_ex.c ****   /* Return function status */
1166:Drivers/STM32F4/Drivers/STM32F4xx_HAL_Driver/Src/stm32f4xx_hal_tim_ex.c ****   return HAL_OK;
1167:Drivers/STM32F4/Drivers/STM32F4xx_HAL_Driver/Src/stm32f4xx_hal_tim_ex.c **** }
1168:Drivers/STM32F4/Drivers/STM32F4xx_HAL_Driver/Src/stm32f4xx_hal_tim_ex.c **** 
1169:Drivers/STM32F4/Drivers/STM32F4xx_HAL_Driver/Src/stm32f4xx_hal_tim_ex.c **** /**
1170:Drivers/STM32F4/Drivers/STM32F4xx_HAL_Driver/Src/stm32f4xx_hal_tim_ex.c ****   * @brief  Starts the PWM signal generation in interrupt mode on the
ARM GAS  /tmp/ccicUsXN.s 			page 22


1171:Drivers/STM32F4/Drivers/STM32F4xx_HAL_Driver/Src/stm32f4xx_hal_tim_ex.c ****   *         complementary output.
1172:Drivers/STM32F4/Drivers/STM32F4xx_HAL_Driver/Src/stm32f4xx_hal_tim_ex.c ****   * @param  htim TIM handle
1173:Drivers/STM32F4/Drivers/STM32F4xx_HAL_Driver/Src/stm32f4xx_hal_tim_ex.c ****   * @param  Channel TIM Channel to be disabled
1174:Drivers/STM32F4/Drivers/STM32F4xx_HAL_Driver/Src/stm32f4xx_hal_tim_ex.c ****   *          This parameter can be one of the following values:
1175:Drivers/STM32F4/Drivers/STM32F4xx_HAL_Driver/Src/stm32f4xx_hal_tim_ex.c ****   *            @arg TIM_CHANNEL_1: TIM Channel 1 selected
1176:Drivers/STM32F4/Drivers/STM32F4xx_HAL_Driver/Src/stm32f4xx_hal_tim_ex.c ****   *            @arg TIM_CHANNEL_2: TIM Channel 2 selected
1177:Drivers/STM32F4/Drivers/STM32F4xx_HAL_Driver/Src/stm32f4xx_hal_tim_ex.c ****   *            @arg TIM_CHANNEL_3: TIM Channel 3 selected
1178:Drivers/STM32F4/Drivers/STM32F4xx_HAL_Driver/Src/stm32f4xx_hal_tim_ex.c ****   * @retval HAL status
1179:Drivers/STM32F4/Drivers/STM32F4xx_HAL_Driver/Src/stm32f4xx_hal_tim_ex.c ****   */
1180:Drivers/STM32F4/Drivers/STM32F4xx_HAL_Driver/Src/stm32f4xx_hal_tim_ex.c **** HAL_StatusTypeDef HAL_TIMEx_PWMN_Start_IT(TIM_HandleTypeDef *htim, uint32_t Channel)
1181:Drivers/STM32F4/Drivers/STM32F4xx_HAL_Driver/Src/stm32f4xx_hal_tim_ex.c **** {
1182:Drivers/STM32F4/Drivers/STM32F4xx_HAL_Driver/Src/stm32f4xx_hal_tim_ex.c ****   HAL_StatusTypeDef status = HAL_OK;
1183:Drivers/STM32F4/Drivers/STM32F4xx_HAL_Driver/Src/stm32f4xx_hal_tim_ex.c ****   uint32_t tmpsmcr;
1184:Drivers/STM32F4/Drivers/STM32F4xx_HAL_Driver/Src/stm32f4xx_hal_tim_ex.c **** 
1185:Drivers/STM32F4/Drivers/STM32F4xx_HAL_Driver/Src/stm32f4xx_hal_tim_ex.c ****   /* Check the parameters */
1186:Drivers/STM32F4/Drivers/STM32F4xx_HAL_Driver/Src/stm32f4xx_hal_tim_ex.c ****   assert_param(IS_TIM_CCXN_INSTANCE(htim->Instance, Channel));
1187:Drivers/STM32F4/Drivers/STM32F4xx_HAL_Driver/Src/stm32f4xx_hal_tim_ex.c **** 
1188:Drivers/STM32F4/Drivers/STM32F4xx_HAL_Driver/Src/stm32f4xx_hal_tim_ex.c ****   /* Check the TIM complementary channel state */
1189:Drivers/STM32F4/Drivers/STM32F4xx_HAL_Driver/Src/stm32f4xx_hal_tim_ex.c ****   if (TIM_CHANNEL_N_STATE_GET(htim, Channel) != HAL_TIM_CHANNEL_STATE_READY)
1190:Drivers/STM32F4/Drivers/STM32F4xx_HAL_Driver/Src/stm32f4xx_hal_tim_ex.c ****   {
1191:Drivers/STM32F4/Drivers/STM32F4xx_HAL_Driver/Src/stm32f4xx_hal_tim_ex.c ****     return HAL_ERROR;
1192:Drivers/STM32F4/Drivers/STM32F4xx_HAL_Driver/Src/stm32f4xx_hal_tim_ex.c ****   }
1193:Drivers/STM32F4/Drivers/STM32F4xx_HAL_Driver/Src/stm32f4xx_hal_tim_ex.c **** 
1194:Drivers/STM32F4/Drivers/STM32F4xx_HAL_Driver/Src/stm32f4xx_hal_tim_ex.c ****   /* Set the TIM complementary channel state */
1195:Drivers/STM32F4/Drivers/STM32F4xx_HAL_Driver/Src/stm32f4xx_hal_tim_ex.c ****   TIM_CHANNEL_N_STATE_SET(htim, Channel, HAL_TIM_CHANNEL_STATE_BUSY);
1196:Drivers/STM32F4/Drivers/STM32F4xx_HAL_Driver/Src/stm32f4xx_hal_tim_ex.c **** 
1197:Drivers/STM32F4/Drivers/STM32F4xx_HAL_Driver/Src/stm32f4xx_hal_tim_ex.c ****   switch (Channel)
1198:Drivers/STM32F4/Drivers/STM32F4xx_HAL_Driver/Src/stm32f4xx_hal_tim_ex.c ****   {
1199:Drivers/STM32F4/Drivers/STM32F4xx_HAL_Driver/Src/stm32f4xx_hal_tim_ex.c ****     case TIM_CHANNEL_1:
1200:Drivers/STM32F4/Drivers/STM32F4xx_HAL_Driver/Src/stm32f4xx_hal_tim_ex.c ****     {
1201:Drivers/STM32F4/Drivers/STM32F4xx_HAL_Driver/Src/stm32f4xx_hal_tim_ex.c ****       /* Enable the TIM Capture/Compare 1 interrupt */
1202:Drivers/STM32F4/Drivers/STM32F4xx_HAL_Driver/Src/stm32f4xx_hal_tim_ex.c ****       __HAL_TIM_ENABLE_IT(htim, TIM_IT_CC1);
1203:Drivers/STM32F4/Drivers/STM32F4xx_HAL_Driver/Src/stm32f4xx_hal_tim_ex.c ****       break;
1204:Drivers/STM32F4/Drivers/STM32F4xx_HAL_Driver/Src/stm32f4xx_hal_tim_ex.c ****     }
1205:Drivers/STM32F4/Drivers/STM32F4xx_HAL_Driver/Src/stm32f4xx_hal_tim_ex.c **** 
1206:Drivers/STM32F4/Drivers/STM32F4xx_HAL_Driver/Src/stm32f4xx_hal_tim_ex.c ****     case TIM_CHANNEL_2:
1207:Drivers/STM32F4/Drivers/STM32F4xx_HAL_Driver/Src/stm32f4xx_hal_tim_ex.c ****     {
1208:Drivers/STM32F4/Drivers/STM32F4xx_HAL_Driver/Src/stm32f4xx_hal_tim_ex.c ****       /* Enable the TIM Capture/Compare 2 interrupt */
1209:Drivers/STM32F4/Drivers/STM32F4xx_HAL_Driver/Src/stm32f4xx_hal_tim_ex.c ****       __HAL_TIM_ENABLE_IT(htim, TIM_IT_CC2);
1210:Drivers/STM32F4/Drivers/STM32F4xx_HAL_Driver/Src/stm32f4xx_hal_tim_ex.c ****       break;
1211:Drivers/STM32F4/Drivers/STM32F4xx_HAL_Driver/Src/stm32f4xx_hal_tim_ex.c ****     }
1212:Drivers/STM32F4/Drivers/STM32F4xx_HAL_Driver/Src/stm32f4xx_hal_tim_ex.c **** 
1213:Drivers/STM32F4/Drivers/STM32F4xx_HAL_Driver/Src/stm32f4xx_hal_tim_ex.c ****     case TIM_CHANNEL_3:
1214:Drivers/STM32F4/Drivers/STM32F4xx_HAL_Driver/Src/stm32f4xx_hal_tim_ex.c ****     {
1215:Drivers/STM32F4/Drivers/STM32F4xx_HAL_Driver/Src/stm32f4xx_hal_tim_ex.c ****       /* Enable the TIM Capture/Compare 3 interrupt */
1216:Drivers/STM32F4/Drivers/STM32F4xx_HAL_Driver/Src/stm32f4xx_hal_tim_ex.c ****       __HAL_TIM_ENABLE_IT(htim, TIM_IT_CC3);
1217:Drivers/STM32F4/Drivers/STM32F4xx_HAL_Driver/Src/stm32f4xx_hal_tim_ex.c ****       break;
1218:Drivers/STM32F4/Drivers/STM32F4xx_HAL_Driver/Src/stm32f4xx_hal_tim_ex.c ****     }
1219:Drivers/STM32F4/Drivers/STM32F4xx_HAL_Driver/Src/stm32f4xx_hal_tim_ex.c **** 
1220:Drivers/STM32F4/Drivers/STM32F4xx_HAL_Driver/Src/stm32f4xx_hal_tim_ex.c ****     default:
1221:Drivers/STM32F4/Drivers/STM32F4xx_HAL_Driver/Src/stm32f4xx_hal_tim_ex.c ****       status = HAL_ERROR;
1222:Drivers/STM32F4/Drivers/STM32F4xx_HAL_Driver/Src/stm32f4xx_hal_tim_ex.c ****       break;
1223:Drivers/STM32F4/Drivers/STM32F4xx_HAL_Driver/Src/stm32f4xx_hal_tim_ex.c ****   }
1224:Drivers/STM32F4/Drivers/STM32F4xx_HAL_Driver/Src/stm32f4xx_hal_tim_ex.c **** 
1225:Drivers/STM32F4/Drivers/STM32F4xx_HAL_Driver/Src/stm32f4xx_hal_tim_ex.c ****   if (status == HAL_OK)
1226:Drivers/STM32F4/Drivers/STM32F4xx_HAL_Driver/Src/stm32f4xx_hal_tim_ex.c ****   {
1227:Drivers/STM32F4/Drivers/STM32F4xx_HAL_Driver/Src/stm32f4xx_hal_tim_ex.c ****     /* Enable the TIM Break interrupt */
ARM GAS  /tmp/ccicUsXN.s 			page 23


1228:Drivers/STM32F4/Drivers/STM32F4xx_HAL_Driver/Src/stm32f4xx_hal_tim_ex.c ****     __HAL_TIM_ENABLE_IT(htim, TIM_IT_BREAK);
1229:Drivers/STM32F4/Drivers/STM32F4xx_HAL_Driver/Src/stm32f4xx_hal_tim_ex.c **** 
1230:Drivers/STM32F4/Drivers/STM32F4xx_HAL_Driver/Src/stm32f4xx_hal_tim_ex.c ****     /* Enable the complementary PWM output  */
1231:Drivers/STM32F4/Drivers/STM32F4xx_HAL_Driver/Src/stm32f4xx_hal_tim_ex.c ****     TIM_CCxNChannelCmd(htim->Instance, Channel, TIM_CCxN_ENABLE);
1232:Drivers/STM32F4/Drivers/STM32F4xx_HAL_Driver/Src/stm32f4xx_hal_tim_ex.c **** 
1233:Drivers/STM32F4/Drivers/STM32F4xx_HAL_Driver/Src/stm32f4xx_hal_tim_ex.c ****     /* Enable the Main Output */
1234:Drivers/STM32F4/Drivers/STM32F4xx_HAL_Driver/Src/stm32f4xx_hal_tim_ex.c ****     __HAL_TIM_MOE_ENABLE(htim);
1235:Drivers/STM32F4/Drivers/STM32F4xx_HAL_Driver/Src/stm32f4xx_hal_tim_ex.c **** 
1236:Drivers/STM32F4/Drivers/STM32F4xx_HAL_Driver/Src/stm32f4xx_hal_tim_ex.c ****     /* Enable the Peripheral, except in trigger mode where enable is automatically done with trigge
1237:Drivers/STM32F4/Drivers/STM32F4xx_HAL_Driver/Src/stm32f4xx_hal_tim_ex.c ****     if (IS_TIM_SLAVE_INSTANCE(htim->Instance))
1238:Drivers/STM32F4/Drivers/STM32F4xx_HAL_Driver/Src/stm32f4xx_hal_tim_ex.c ****     {
1239:Drivers/STM32F4/Drivers/STM32F4xx_HAL_Driver/Src/stm32f4xx_hal_tim_ex.c ****       tmpsmcr = htim->Instance->SMCR & TIM_SMCR_SMS;
1240:Drivers/STM32F4/Drivers/STM32F4xx_HAL_Driver/Src/stm32f4xx_hal_tim_ex.c ****       if (!IS_TIM_SLAVEMODE_TRIGGER_ENABLED(tmpsmcr))
1241:Drivers/STM32F4/Drivers/STM32F4xx_HAL_Driver/Src/stm32f4xx_hal_tim_ex.c ****       {
1242:Drivers/STM32F4/Drivers/STM32F4xx_HAL_Driver/Src/stm32f4xx_hal_tim_ex.c ****         __HAL_TIM_ENABLE(htim);
1243:Drivers/STM32F4/Drivers/STM32F4xx_HAL_Driver/Src/stm32f4xx_hal_tim_ex.c ****       }
1244:Drivers/STM32F4/Drivers/STM32F4xx_HAL_Driver/Src/stm32f4xx_hal_tim_ex.c ****     }
1245:Drivers/STM32F4/Drivers/STM32F4xx_HAL_Driver/Src/stm32f4xx_hal_tim_ex.c ****     else
1246:Drivers/STM32F4/Drivers/STM32F4xx_HAL_Driver/Src/stm32f4xx_hal_tim_ex.c ****     {
1247:Drivers/STM32F4/Drivers/STM32F4xx_HAL_Driver/Src/stm32f4xx_hal_tim_ex.c ****       __HAL_TIM_ENABLE(htim);
1248:Drivers/STM32F4/Drivers/STM32F4xx_HAL_Driver/Src/stm32f4xx_hal_tim_ex.c ****     }
1249:Drivers/STM32F4/Drivers/STM32F4xx_HAL_Driver/Src/stm32f4xx_hal_tim_ex.c ****   }
1250:Drivers/STM32F4/Drivers/STM32F4xx_HAL_Driver/Src/stm32f4xx_hal_tim_ex.c **** 
1251:Drivers/STM32F4/Drivers/STM32F4xx_HAL_Driver/Src/stm32f4xx_hal_tim_ex.c ****   /* Return function status */
1252:Drivers/STM32F4/Drivers/STM32F4xx_HAL_Driver/Src/stm32f4xx_hal_tim_ex.c ****   return status;
1253:Drivers/STM32F4/Drivers/STM32F4xx_HAL_Driver/Src/stm32f4xx_hal_tim_ex.c **** }
1254:Drivers/STM32F4/Drivers/STM32F4xx_HAL_Driver/Src/stm32f4xx_hal_tim_ex.c **** 
1255:Drivers/STM32F4/Drivers/STM32F4xx_HAL_Driver/Src/stm32f4xx_hal_tim_ex.c **** /**
1256:Drivers/STM32F4/Drivers/STM32F4xx_HAL_Driver/Src/stm32f4xx_hal_tim_ex.c ****   * @brief  Stops the PWM signal generation in interrupt mode on the
1257:Drivers/STM32F4/Drivers/STM32F4xx_HAL_Driver/Src/stm32f4xx_hal_tim_ex.c ****   *         complementary output.
1258:Drivers/STM32F4/Drivers/STM32F4xx_HAL_Driver/Src/stm32f4xx_hal_tim_ex.c ****   * @param  htim TIM handle
1259:Drivers/STM32F4/Drivers/STM32F4xx_HAL_Driver/Src/stm32f4xx_hal_tim_ex.c ****   * @param  Channel TIM Channel to be disabled
1260:Drivers/STM32F4/Drivers/STM32F4xx_HAL_Driver/Src/stm32f4xx_hal_tim_ex.c ****   *          This parameter can be one of the following values:
1261:Drivers/STM32F4/Drivers/STM32F4xx_HAL_Driver/Src/stm32f4xx_hal_tim_ex.c ****   *            @arg TIM_CHANNEL_1: TIM Channel 1 selected
1262:Drivers/STM32F4/Drivers/STM32F4xx_HAL_Driver/Src/stm32f4xx_hal_tim_ex.c ****   *            @arg TIM_CHANNEL_2: TIM Channel 2 selected
1263:Drivers/STM32F4/Drivers/STM32F4xx_HAL_Driver/Src/stm32f4xx_hal_tim_ex.c ****   *            @arg TIM_CHANNEL_3: TIM Channel 3 selected
1264:Drivers/STM32F4/Drivers/STM32F4xx_HAL_Driver/Src/stm32f4xx_hal_tim_ex.c ****   * @retval HAL status
1265:Drivers/STM32F4/Drivers/STM32F4xx_HAL_Driver/Src/stm32f4xx_hal_tim_ex.c ****   */
1266:Drivers/STM32F4/Drivers/STM32F4xx_HAL_Driver/Src/stm32f4xx_hal_tim_ex.c **** HAL_StatusTypeDef HAL_TIMEx_PWMN_Stop_IT(TIM_HandleTypeDef *htim, uint32_t Channel)
1267:Drivers/STM32F4/Drivers/STM32F4xx_HAL_Driver/Src/stm32f4xx_hal_tim_ex.c **** {
1268:Drivers/STM32F4/Drivers/STM32F4xx_HAL_Driver/Src/stm32f4xx_hal_tim_ex.c ****   HAL_StatusTypeDef status = HAL_OK;
1269:Drivers/STM32F4/Drivers/STM32F4xx_HAL_Driver/Src/stm32f4xx_hal_tim_ex.c ****   uint32_t tmpccer;
1270:Drivers/STM32F4/Drivers/STM32F4xx_HAL_Driver/Src/stm32f4xx_hal_tim_ex.c **** 
1271:Drivers/STM32F4/Drivers/STM32F4xx_HAL_Driver/Src/stm32f4xx_hal_tim_ex.c ****   /* Check the parameters */
1272:Drivers/STM32F4/Drivers/STM32F4xx_HAL_Driver/Src/stm32f4xx_hal_tim_ex.c ****   assert_param(IS_TIM_CCXN_INSTANCE(htim->Instance, Channel));
1273:Drivers/STM32F4/Drivers/STM32F4xx_HAL_Driver/Src/stm32f4xx_hal_tim_ex.c **** 
1274:Drivers/STM32F4/Drivers/STM32F4xx_HAL_Driver/Src/stm32f4xx_hal_tim_ex.c ****   switch (Channel)
1275:Drivers/STM32F4/Drivers/STM32F4xx_HAL_Driver/Src/stm32f4xx_hal_tim_ex.c ****   {
1276:Drivers/STM32F4/Drivers/STM32F4xx_HAL_Driver/Src/stm32f4xx_hal_tim_ex.c ****     case TIM_CHANNEL_1:
1277:Drivers/STM32F4/Drivers/STM32F4xx_HAL_Driver/Src/stm32f4xx_hal_tim_ex.c ****     {
1278:Drivers/STM32F4/Drivers/STM32F4xx_HAL_Driver/Src/stm32f4xx_hal_tim_ex.c ****       /* Disable the TIM Capture/Compare 1 interrupt */
1279:Drivers/STM32F4/Drivers/STM32F4xx_HAL_Driver/Src/stm32f4xx_hal_tim_ex.c ****       __HAL_TIM_DISABLE_IT(htim, TIM_IT_CC1);
1280:Drivers/STM32F4/Drivers/STM32F4xx_HAL_Driver/Src/stm32f4xx_hal_tim_ex.c ****       break;
1281:Drivers/STM32F4/Drivers/STM32F4xx_HAL_Driver/Src/stm32f4xx_hal_tim_ex.c ****     }
1282:Drivers/STM32F4/Drivers/STM32F4xx_HAL_Driver/Src/stm32f4xx_hal_tim_ex.c **** 
1283:Drivers/STM32F4/Drivers/STM32F4xx_HAL_Driver/Src/stm32f4xx_hal_tim_ex.c ****     case TIM_CHANNEL_2:
1284:Drivers/STM32F4/Drivers/STM32F4xx_HAL_Driver/Src/stm32f4xx_hal_tim_ex.c ****     {
ARM GAS  /tmp/ccicUsXN.s 			page 24


1285:Drivers/STM32F4/Drivers/STM32F4xx_HAL_Driver/Src/stm32f4xx_hal_tim_ex.c ****       /* Disable the TIM Capture/Compare 2 interrupt */
1286:Drivers/STM32F4/Drivers/STM32F4xx_HAL_Driver/Src/stm32f4xx_hal_tim_ex.c ****       __HAL_TIM_DISABLE_IT(htim, TIM_IT_CC2);
1287:Drivers/STM32F4/Drivers/STM32F4xx_HAL_Driver/Src/stm32f4xx_hal_tim_ex.c ****       break;
1288:Drivers/STM32F4/Drivers/STM32F4xx_HAL_Driver/Src/stm32f4xx_hal_tim_ex.c ****     }
1289:Drivers/STM32F4/Drivers/STM32F4xx_HAL_Driver/Src/stm32f4xx_hal_tim_ex.c **** 
1290:Drivers/STM32F4/Drivers/STM32F4xx_HAL_Driver/Src/stm32f4xx_hal_tim_ex.c ****     case TIM_CHANNEL_3:
1291:Drivers/STM32F4/Drivers/STM32F4xx_HAL_Driver/Src/stm32f4xx_hal_tim_ex.c ****     {
1292:Drivers/STM32F4/Drivers/STM32F4xx_HAL_Driver/Src/stm32f4xx_hal_tim_ex.c ****       /* Disable the TIM Capture/Compare 3 interrupt */
1293:Drivers/STM32F4/Drivers/STM32F4xx_HAL_Driver/Src/stm32f4xx_hal_tim_ex.c ****       __HAL_TIM_DISABLE_IT(htim, TIM_IT_CC3);
1294:Drivers/STM32F4/Drivers/STM32F4xx_HAL_Driver/Src/stm32f4xx_hal_tim_ex.c ****       break;
1295:Drivers/STM32F4/Drivers/STM32F4xx_HAL_Driver/Src/stm32f4xx_hal_tim_ex.c ****     }
1296:Drivers/STM32F4/Drivers/STM32F4xx_HAL_Driver/Src/stm32f4xx_hal_tim_ex.c **** 
1297:Drivers/STM32F4/Drivers/STM32F4xx_HAL_Driver/Src/stm32f4xx_hal_tim_ex.c ****     default:
1298:Drivers/STM32F4/Drivers/STM32F4xx_HAL_Driver/Src/stm32f4xx_hal_tim_ex.c ****       status = HAL_ERROR;
1299:Drivers/STM32F4/Drivers/STM32F4xx_HAL_Driver/Src/stm32f4xx_hal_tim_ex.c ****       break;
1300:Drivers/STM32F4/Drivers/STM32F4xx_HAL_Driver/Src/stm32f4xx_hal_tim_ex.c ****   }
1301:Drivers/STM32F4/Drivers/STM32F4xx_HAL_Driver/Src/stm32f4xx_hal_tim_ex.c **** 
1302:Drivers/STM32F4/Drivers/STM32F4xx_HAL_Driver/Src/stm32f4xx_hal_tim_ex.c ****   if (status == HAL_OK)
1303:Drivers/STM32F4/Drivers/STM32F4xx_HAL_Driver/Src/stm32f4xx_hal_tim_ex.c ****   {
1304:Drivers/STM32F4/Drivers/STM32F4xx_HAL_Driver/Src/stm32f4xx_hal_tim_ex.c ****     /* Disable the complementary PWM output  */
1305:Drivers/STM32F4/Drivers/STM32F4xx_HAL_Driver/Src/stm32f4xx_hal_tim_ex.c ****     TIM_CCxNChannelCmd(htim->Instance, Channel, TIM_CCxN_DISABLE);
1306:Drivers/STM32F4/Drivers/STM32F4xx_HAL_Driver/Src/stm32f4xx_hal_tim_ex.c **** 
1307:Drivers/STM32F4/Drivers/STM32F4xx_HAL_Driver/Src/stm32f4xx_hal_tim_ex.c ****     /* Disable the TIM Break interrupt (only if no more channel is active) */
1308:Drivers/STM32F4/Drivers/STM32F4xx_HAL_Driver/Src/stm32f4xx_hal_tim_ex.c ****     tmpccer = htim->Instance->CCER;
1309:Drivers/STM32F4/Drivers/STM32F4xx_HAL_Driver/Src/stm32f4xx_hal_tim_ex.c ****     if ((tmpccer & TIM_CCER_CCxNE_MASK) == (uint32_t)RESET)
1310:Drivers/STM32F4/Drivers/STM32F4xx_HAL_Driver/Src/stm32f4xx_hal_tim_ex.c ****     {
1311:Drivers/STM32F4/Drivers/STM32F4xx_HAL_Driver/Src/stm32f4xx_hal_tim_ex.c ****       __HAL_TIM_DISABLE_IT(htim, TIM_IT_BREAK);
1312:Drivers/STM32F4/Drivers/STM32F4xx_HAL_Driver/Src/stm32f4xx_hal_tim_ex.c ****     }
1313:Drivers/STM32F4/Drivers/STM32F4xx_HAL_Driver/Src/stm32f4xx_hal_tim_ex.c **** 
1314:Drivers/STM32F4/Drivers/STM32F4xx_HAL_Driver/Src/stm32f4xx_hal_tim_ex.c ****     /* Disable the Main Output */
1315:Drivers/STM32F4/Drivers/STM32F4xx_HAL_Driver/Src/stm32f4xx_hal_tim_ex.c ****     __HAL_TIM_MOE_DISABLE(htim);
1316:Drivers/STM32F4/Drivers/STM32F4xx_HAL_Driver/Src/stm32f4xx_hal_tim_ex.c **** 
1317:Drivers/STM32F4/Drivers/STM32F4xx_HAL_Driver/Src/stm32f4xx_hal_tim_ex.c ****     /* Disable the Peripheral */
1318:Drivers/STM32F4/Drivers/STM32F4xx_HAL_Driver/Src/stm32f4xx_hal_tim_ex.c ****     __HAL_TIM_DISABLE(htim);
1319:Drivers/STM32F4/Drivers/STM32F4xx_HAL_Driver/Src/stm32f4xx_hal_tim_ex.c **** 
1320:Drivers/STM32F4/Drivers/STM32F4xx_HAL_Driver/Src/stm32f4xx_hal_tim_ex.c ****     /* Set the TIM complementary channel state */
1321:Drivers/STM32F4/Drivers/STM32F4xx_HAL_Driver/Src/stm32f4xx_hal_tim_ex.c ****     TIM_CHANNEL_N_STATE_SET(htim, Channel, HAL_TIM_CHANNEL_STATE_READY);
1322:Drivers/STM32F4/Drivers/STM32F4xx_HAL_Driver/Src/stm32f4xx_hal_tim_ex.c ****   }
1323:Drivers/STM32F4/Drivers/STM32F4xx_HAL_Driver/Src/stm32f4xx_hal_tim_ex.c **** 
1324:Drivers/STM32F4/Drivers/STM32F4xx_HAL_Driver/Src/stm32f4xx_hal_tim_ex.c ****   /* Return function status */
1325:Drivers/STM32F4/Drivers/STM32F4xx_HAL_Driver/Src/stm32f4xx_hal_tim_ex.c ****   return status;
1326:Drivers/STM32F4/Drivers/STM32F4xx_HAL_Driver/Src/stm32f4xx_hal_tim_ex.c **** }
1327:Drivers/STM32F4/Drivers/STM32F4xx_HAL_Driver/Src/stm32f4xx_hal_tim_ex.c **** 
1328:Drivers/STM32F4/Drivers/STM32F4xx_HAL_Driver/Src/stm32f4xx_hal_tim_ex.c **** /**
1329:Drivers/STM32F4/Drivers/STM32F4xx_HAL_Driver/Src/stm32f4xx_hal_tim_ex.c ****   * @brief  Starts the TIM PWM signal generation in DMA mode on the
1330:Drivers/STM32F4/Drivers/STM32F4xx_HAL_Driver/Src/stm32f4xx_hal_tim_ex.c ****   *         complementary output
1331:Drivers/STM32F4/Drivers/STM32F4xx_HAL_Driver/Src/stm32f4xx_hal_tim_ex.c ****   * @param  htim TIM handle
1332:Drivers/STM32F4/Drivers/STM32F4xx_HAL_Driver/Src/stm32f4xx_hal_tim_ex.c ****   * @param  Channel TIM Channel to be enabled
1333:Drivers/STM32F4/Drivers/STM32F4xx_HAL_Driver/Src/stm32f4xx_hal_tim_ex.c ****   *          This parameter can be one of the following values:
1334:Drivers/STM32F4/Drivers/STM32F4xx_HAL_Driver/Src/stm32f4xx_hal_tim_ex.c ****   *            @arg TIM_CHANNEL_1: TIM Channel 1 selected
1335:Drivers/STM32F4/Drivers/STM32F4xx_HAL_Driver/Src/stm32f4xx_hal_tim_ex.c ****   *            @arg TIM_CHANNEL_2: TIM Channel 2 selected
1336:Drivers/STM32F4/Drivers/STM32F4xx_HAL_Driver/Src/stm32f4xx_hal_tim_ex.c ****   *            @arg TIM_CHANNEL_3: TIM Channel 3 selected
1337:Drivers/STM32F4/Drivers/STM32F4xx_HAL_Driver/Src/stm32f4xx_hal_tim_ex.c ****   * @param  pData The source Buffer address.
1338:Drivers/STM32F4/Drivers/STM32F4xx_HAL_Driver/Src/stm32f4xx_hal_tim_ex.c ****   * @param  Length The length of data to be transferred from memory to TIM peripheral
1339:Drivers/STM32F4/Drivers/STM32F4xx_HAL_Driver/Src/stm32f4xx_hal_tim_ex.c ****   * @retval HAL status
1340:Drivers/STM32F4/Drivers/STM32F4xx_HAL_Driver/Src/stm32f4xx_hal_tim_ex.c ****   */
1341:Drivers/STM32F4/Drivers/STM32F4xx_HAL_Driver/Src/stm32f4xx_hal_tim_ex.c **** HAL_StatusTypeDef HAL_TIMEx_PWMN_Start_DMA(TIM_HandleTypeDef *htim, uint32_t Channel, const uint32_
ARM GAS  /tmp/ccicUsXN.s 			page 25


1342:Drivers/STM32F4/Drivers/STM32F4xx_HAL_Driver/Src/stm32f4xx_hal_tim_ex.c ****                                            uint16_t Length)
1343:Drivers/STM32F4/Drivers/STM32F4xx_HAL_Driver/Src/stm32f4xx_hal_tim_ex.c **** {
1344:Drivers/STM32F4/Drivers/STM32F4xx_HAL_Driver/Src/stm32f4xx_hal_tim_ex.c ****   HAL_StatusTypeDef status = HAL_OK;
1345:Drivers/STM32F4/Drivers/STM32F4xx_HAL_Driver/Src/stm32f4xx_hal_tim_ex.c ****   uint32_t tmpsmcr;
1346:Drivers/STM32F4/Drivers/STM32F4xx_HAL_Driver/Src/stm32f4xx_hal_tim_ex.c **** 
1347:Drivers/STM32F4/Drivers/STM32F4xx_HAL_Driver/Src/stm32f4xx_hal_tim_ex.c ****   /* Check the parameters */
1348:Drivers/STM32F4/Drivers/STM32F4xx_HAL_Driver/Src/stm32f4xx_hal_tim_ex.c ****   assert_param(IS_TIM_CCXN_INSTANCE(htim->Instance, Channel));
1349:Drivers/STM32F4/Drivers/STM32F4xx_HAL_Driver/Src/stm32f4xx_hal_tim_ex.c **** 
1350:Drivers/STM32F4/Drivers/STM32F4xx_HAL_Driver/Src/stm32f4xx_hal_tim_ex.c ****   /* Set the TIM complementary channel state */
1351:Drivers/STM32F4/Drivers/STM32F4xx_HAL_Driver/Src/stm32f4xx_hal_tim_ex.c ****   if (TIM_CHANNEL_N_STATE_GET(htim, Channel) == HAL_TIM_CHANNEL_STATE_BUSY)
1352:Drivers/STM32F4/Drivers/STM32F4xx_HAL_Driver/Src/stm32f4xx_hal_tim_ex.c ****   {
1353:Drivers/STM32F4/Drivers/STM32F4xx_HAL_Driver/Src/stm32f4xx_hal_tim_ex.c ****     return HAL_BUSY;
1354:Drivers/STM32F4/Drivers/STM32F4xx_HAL_Driver/Src/stm32f4xx_hal_tim_ex.c ****   }
1355:Drivers/STM32F4/Drivers/STM32F4xx_HAL_Driver/Src/stm32f4xx_hal_tim_ex.c ****   else if (TIM_CHANNEL_N_STATE_GET(htim, Channel) == HAL_TIM_CHANNEL_STATE_READY)
1356:Drivers/STM32F4/Drivers/STM32F4xx_HAL_Driver/Src/stm32f4xx_hal_tim_ex.c ****   {
1357:Drivers/STM32F4/Drivers/STM32F4xx_HAL_Driver/Src/stm32f4xx_hal_tim_ex.c ****     if ((pData == NULL) || (Length == 0U))
1358:Drivers/STM32F4/Drivers/STM32F4xx_HAL_Driver/Src/stm32f4xx_hal_tim_ex.c ****     {
1359:Drivers/STM32F4/Drivers/STM32F4xx_HAL_Driver/Src/stm32f4xx_hal_tim_ex.c ****       return HAL_ERROR;
1360:Drivers/STM32F4/Drivers/STM32F4xx_HAL_Driver/Src/stm32f4xx_hal_tim_ex.c ****     }
1361:Drivers/STM32F4/Drivers/STM32F4xx_HAL_Driver/Src/stm32f4xx_hal_tim_ex.c ****     else
1362:Drivers/STM32F4/Drivers/STM32F4xx_HAL_Driver/Src/stm32f4xx_hal_tim_ex.c ****     {
1363:Drivers/STM32F4/Drivers/STM32F4xx_HAL_Driver/Src/stm32f4xx_hal_tim_ex.c ****       TIM_CHANNEL_N_STATE_SET(htim, Channel, HAL_TIM_CHANNEL_STATE_BUSY);
1364:Drivers/STM32F4/Drivers/STM32F4xx_HAL_Driver/Src/stm32f4xx_hal_tim_ex.c ****     }
1365:Drivers/STM32F4/Drivers/STM32F4xx_HAL_Driver/Src/stm32f4xx_hal_tim_ex.c ****   }
1366:Drivers/STM32F4/Drivers/STM32F4xx_HAL_Driver/Src/stm32f4xx_hal_tim_ex.c ****   else
1367:Drivers/STM32F4/Drivers/STM32F4xx_HAL_Driver/Src/stm32f4xx_hal_tim_ex.c ****   {
1368:Drivers/STM32F4/Drivers/STM32F4xx_HAL_Driver/Src/stm32f4xx_hal_tim_ex.c ****     return HAL_ERROR;
1369:Drivers/STM32F4/Drivers/STM32F4xx_HAL_Driver/Src/stm32f4xx_hal_tim_ex.c ****   }
1370:Drivers/STM32F4/Drivers/STM32F4xx_HAL_Driver/Src/stm32f4xx_hal_tim_ex.c **** 
1371:Drivers/STM32F4/Drivers/STM32F4xx_HAL_Driver/Src/stm32f4xx_hal_tim_ex.c ****   switch (Channel)
1372:Drivers/STM32F4/Drivers/STM32F4xx_HAL_Driver/Src/stm32f4xx_hal_tim_ex.c ****   {
1373:Drivers/STM32F4/Drivers/STM32F4xx_HAL_Driver/Src/stm32f4xx_hal_tim_ex.c ****     case TIM_CHANNEL_1:
1374:Drivers/STM32F4/Drivers/STM32F4xx_HAL_Driver/Src/stm32f4xx_hal_tim_ex.c ****     {
1375:Drivers/STM32F4/Drivers/STM32F4xx_HAL_Driver/Src/stm32f4xx_hal_tim_ex.c ****       /* Set the DMA compare callbacks */
1376:Drivers/STM32F4/Drivers/STM32F4xx_HAL_Driver/Src/stm32f4xx_hal_tim_ex.c ****       htim->hdma[TIM_DMA_ID_CC1]->XferCpltCallback = TIM_DMADelayPulseNCplt;
1377:Drivers/STM32F4/Drivers/STM32F4xx_HAL_Driver/Src/stm32f4xx_hal_tim_ex.c ****       htim->hdma[TIM_DMA_ID_CC1]->XferHalfCpltCallback = TIM_DMADelayPulseHalfCplt;
1378:Drivers/STM32F4/Drivers/STM32F4xx_HAL_Driver/Src/stm32f4xx_hal_tim_ex.c **** 
1379:Drivers/STM32F4/Drivers/STM32F4xx_HAL_Driver/Src/stm32f4xx_hal_tim_ex.c ****       /* Set the DMA error callback */
1380:Drivers/STM32F4/Drivers/STM32F4xx_HAL_Driver/Src/stm32f4xx_hal_tim_ex.c ****       htim->hdma[TIM_DMA_ID_CC1]->XferErrorCallback = TIM_DMAErrorCCxN ;
1381:Drivers/STM32F4/Drivers/STM32F4xx_HAL_Driver/Src/stm32f4xx_hal_tim_ex.c **** 
1382:Drivers/STM32F4/Drivers/STM32F4xx_HAL_Driver/Src/stm32f4xx_hal_tim_ex.c ****       /* Enable the DMA stream */
1383:Drivers/STM32F4/Drivers/STM32F4xx_HAL_Driver/Src/stm32f4xx_hal_tim_ex.c ****       if (HAL_DMA_Start_IT(htim->hdma[TIM_DMA_ID_CC1], (uint32_t)pData, (uint32_t)&htim->Instance->
1384:Drivers/STM32F4/Drivers/STM32F4xx_HAL_Driver/Src/stm32f4xx_hal_tim_ex.c ****                            Length) != HAL_OK)
1385:Drivers/STM32F4/Drivers/STM32F4xx_HAL_Driver/Src/stm32f4xx_hal_tim_ex.c ****       {
1386:Drivers/STM32F4/Drivers/STM32F4xx_HAL_Driver/Src/stm32f4xx_hal_tim_ex.c ****         /* Return error status */
1387:Drivers/STM32F4/Drivers/STM32F4xx_HAL_Driver/Src/stm32f4xx_hal_tim_ex.c ****         return HAL_ERROR;
1388:Drivers/STM32F4/Drivers/STM32F4xx_HAL_Driver/Src/stm32f4xx_hal_tim_ex.c ****       }
1389:Drivers/STM32F4/Drivers/STM32F4xx_HAL_Driver/Src/stm32f4xx_hal_tim_ex.c ****       /* Enable the TIM Capture/Compare 1 DMA request */
1390:Drivers/STM32F4/Drivers/STM32F4xx_HAL_Driver/Src/stm32f4xx_hal_tim_ex.c ****       __HAL_TIM_ENABLE_DMA(htim, TIM_DMA_CC1);
1391:Drivers/STM32F4/Drivers/STM32F4xx_HAL_Driver/Src/stm32f4xx_hal_tim_ex.c ****       break;
1392:Drivers/STM32F4/Drivers/STM32F4xx_HAL_Driver/Src/stm32f4xx_hal_tim_ex.c ****     }
1393:Drivers/STM32F4/Drivers/STM32F4xx_HAL_Driver/Src/stm32f4xx_hal_tim_ex.c **** 
1394:Drivers/STM32F4/Drivers/STM32F4xx_HAL_Driver/Src/stm32f4xx_hal_tim_ex.c ****     case TIM_CHANNEL_2:
1395:Drivers/STM32F4/Drivers/STM32F4xx_HAL_Driver/Src/stm32f4xx_hal_tim_ex.c ****     {
1396:Drivers/STM32F4/Drivers/STM32F4xx_HAL_Driver/Src/stm32f4xx_hal_tim_ex.c ****       /* Set the DMA compare callbacks */
1397:Drivers/STM32F4/Drivers/STM32F4xx_HAL_Driver/Src/stm32f4xx_hal_tim_ex.c ****       htim->hdma[TIM_DMA_ID_CC2]->XferCpltCallback = TIM_DMADelayPulseNCplt;
1398:Drivers/STM32F4/Drivers/STM32F4xx_HAL_Driver/Src/stm32f4xx_hal_tim_ex.c ****       htim->hdma[TIM_DMA_ID_CC2]->XferHalfCpltCallback = TIM_DMADelayPulseHalfCplt;
ARM GAS  /tmp/ccicUsXN.s 			page 26


1399:Drivers/STM32F4/Drivers/STM32F4xx_HAL_Driver/Src/stm32f4xx_hal_tim_ex.c **** 
1400:Drivers/STM32F4/Drivers/STM32F4xx_HAL_Driver/Src/stm32f4xx_hal_tim_ex.c ****       /* Set the DMA error callback */
1401:Drivers/STM32F4/Drivers/STM32F4xx_HAL_Driver/Src/stm32f4xx_hal_tim_ex.c ****       htim->hdma[TIM_DMA_ID_CC2]->XferErrorCallback = TIM_DMAErrorCCxN ;
1402:Drivers/STM32F4/Drivers/STM32F4xx_HAL_Driver/Src/stm32f4xx_hal_tim_ex.c **** 
1403:Drivers/STM32F4/Drivers/STM32F4xx_HAL_Driver/Src/stm32f4xx_hal_tim_ex.c ****       /* Enable the DMA stream */
1404:Drivers/STM32F4/Drivers/STM32F4xx_HAL_Driver/Src/stm32f4xx_hal_tim_ex.c ****       if (HAL_DMA_Start_IT(htim->hdma[TIM_DMA_ID_CC2], (uint32_t)pData, (uint32_t)&htim->Instance->
1405:Drivers/STM32F4/Drivers/STM32F4xx_HAL_Driver/Src/stm32f4xx_hal_tim_ex.c ****                            Length) != HAL_OK)
1406:Drivers/STM32F4/Drivers/STM32F4xx_HAL_Driver/Src/stm32f4xx_hal_tim_ex.c ****       {
1407:Drivers/STM32F4/Drivers/STM32F4xx_HAL_Driver/Src/stm32f4xx_hal_tim_ex.c ****         /* Return error status */
1408:Drivers/STM32F4/Drivers/STM32F4xx_HAL_Driver/Src/stm32f4xx_hal_tim_ex.c ****         return HAL_ERROR;
1409:Drivers/STM32F4/Drivers/STM32F4xx_HAL_Driver/Src/stm32f4xx_hal_tim_ex.c ****       }
1410:Drivers/STM32F4/Drivers/STM32F4xx_HAL_Driver/Src/stm32f4xx_hal_tim_ex.c ****       /* Enable the TIM Capture/Compare 2 DMA request */
1411:Drivers/STM32F4/Drivers/STM32F4xx_HAL_Driver/Src/stm32f4xx_hal_tim_ex.c ****       __HAL_TIM_ENABLE_DMA(htim, TIM_DMA_CC2);
1412:Drivers/STM32F4/Drivers/STM32F4xx_HAL_Driver/Src/stm32f4xx_hal_tim_ex.c ****       break;
1413:Drivers/STM32F4/Drivers/STM32F4xx_HAL_Driver/Src/stm32f4xx_hal_tim_ex.c ****     }
1414:Drivers/STM32F4/Drivers/STM32F4xx_HAL_Driver/Src/stm32f4xx_hal_tim_ex.c **** 
1415:Drivers/STM32F4/Drivers/STM32F4xx_HAL_Driver/Src/stm32f4xx_hal_tim_ex.c ****     case TIM_CHANNEL_3:
1416:Drivers/STM32F4/Drivers/STM32F4xx_HAL_Driver/Src/stm32f4xx_hal_tim_ex.c ****     {
1417:Drivers/STM32F4/Drivers/STM32F4xx_HAL_Driver/Src/stm32f4xx_hal_tim_ex.c ****       /* Set the DMA compare callbacks */
1418:Drivers/STM32F4/Drivers/STM32F4xx_HAL_Driver/Src/stm32f4xx_hal_tim_ex.c ****       htim->hdma[TIM_DMA_ID_CC3]->XferCpltCallback = TIM_DMADelayPulseNCplt;
1419:Drivers/STM32F4/Drivers/STM32F4xx_HAL_Driver/Src/stm32f4xx_hal_tim_ex.c ****       htim->hdma[TIM_DMA_ID_CC3]->XferHalfCpltCallback = TIM_DMADelayPulseHalfCplt;
1420:Drivers/STM32F4/Drivers/STM32F4xx_HAL_Driver/Src/stm32f4xx_hal_tim_ex.c **** 
1421:Drivers/STM32F4/Drivers/STM32F4xx_HAL_Driver/Src/stm32f4xx_hal_tim_ex.c ****       /* Set the DMA error callback */
1422:Drivers/STM32F4/Drivers/STM32F4xx_HAL_Driver/Src/stm32f4xx_hal_tim_ex.c ****       htim->hdma[TIM_DMA_ID_CC3]->XferErrorCallback = TIM_DMAErrorCCxN ;
1423:Drivers/STM32F4/Drivers/STM32F4xx_HAL_Driver/Src/stm32f4xx_hal_tim_ex.c **** 
1424:Drivers/STM32F4/Drivers/STM32F4xx_HAL_Driver/Src/stm32f4xx_hal_tim_ex.c ****       /* Enable the DMA stream */
1425:Drivers/STM32F4/Drivers/STM32F4xx_HAL_Driver/Src/stm32f4xx_hal_tim_ex.c ****       if (HAL_DMA_Start_IT(htim->hdma[TIM_DMA_ID_CC3], (uint32_t)pData, (uint32_t)&htim->Instance->
1426:Drivers/STM32F4/Drivers/STM32F4xx_HAL_Driver/Src/stm32f4xx_hal_tim_ex.c ****                            Length) != HAL_OK)
1427:Drivers/STM32F4/Drivers/STM32F4xx_HAL_Driver/Src/stm32f4xx_hal_tim_ex.c ****       {
1428:Drivers/STM32F4/Drivers/STM32F4xx_HAL_Driver/Src/stm32f4xx_hal_tim_ex.c ****         /* Return error status */
1429:Drivers/STM32F4/Drivers/STM32F4xx_HAL_Driver/Src/stm32f4xx_hal_tim_ex.c ****         return HAL_ERROR;
1430:Drivers/STM32F4/Drivers/STM32F4xx_HAL_Driver/Src/stm32f4xx_hal_tim_ex.c ****       }
1431:Drivers/STM32F4/Drivers/STM32F4xx_HAL_Driver/Src/stm32f4xx_hal_tim_ex.c ****       /* Enable the TIM Capture/Compare 3 DMA request */
1432:Drivers/STM32F4/Drivers/STM32F4xx_HAL_Driver/Src/stm32f4xx_hal_tim_ex.c ****       __HAL_TIM_ENABLE_DMA(htim, TIM_DMA_CC3);
1433:Drivers/STM32F4/Drivers/STM32F4xx_HAL_Driver/Src/stm32f4xx_hal_tim_ex.c ****       break;
1434:Drivers/STM32F4/Drivers/STM32F4xx_HAL_Driver/Src/stm32f4xx_hal_tim_ex.c ****     }
1435:Drivers/STM32F4/Drivers/STM32F4xx_HAL_Driver/Src/stm32f4xx_hal_tim_ex.c **** 
1436:Drivers/STM32F4/Drivers/STM32F4xx_HAL_Driver/Src/stm32f4xx_hal_tim_ex.c ****     default:
1437:Drivers/STM32F4/Drivers/STM32F4xx_HAL_Driver/Src/stm32f4xx_hal_tim_ex.c ****       status = HAL_ERROR;
1438:Drivers/STM32F4/Drivers/STM32F4xx_HAL_Driver/Src/stm32f4xx_hal_tim_ex.c ****       break;
1439:Drivers/STM32F4/Drivers/STM32F4xx_HAL_Driver/Src/stm32f4xx_hal_tim_ex.c ****   }
1440:Drivers/STM32F4/Drivers/STM32F4xx_HAL_Driver/Src/stm32f4xx_hal_tim_ex.c **** 
1441:Drivers/STM32F4/Drivers/STM32F4xx_HAL_Driver/Src/stm32f4xx_hal_tim_ex.c ****   if (status == HAL_OK)
1442:Drivers/STM32F4/Drivers/STM32F4xx_HAL_Driver/Src/stm32f4xx_hal_tim_ex.c ****   {
1443:Drivers/STM32F4/Drivers/STM32F4xx_HAL_Driver/Src/stm32f4xx_hal_tim_ex.c ****     /* Enable the complementary PWM output  */
1444:Drivers/STM32F4/Drivers/STM32F4xx_HAL_Driver/Src/stm32f4xx_hal_tim_ex.c ****     TIM_CCxNChannelCmd(htim->Instance, Channel, TIM_CCxN_ENABLE);
1445:Drivers/STM32F4/Drivers/STM32F4xx_HAL_Driver/Src/stm32f4xx_hal_tim_ex.c **** 
1446:Drivers/STM32F4/Drivers/STM32F4xx_HAL_Driver/Src/stm32f4xx_hal_tim_ex.c ****     /* Enable the Main Output */
1447:Drivers/STM32F4/Drivers/STM32F4xx_HAL_Driver/Src/stm32f4xx_hal_tim_ex.c ****     __HAL_TIM_MOE_ENABLE(htim);
1448:Drivers/STM32F4/Drivers/STM32F4xx_HAL_Driver/Src/stm32f4xx_hal_tim_ex.c **** 
1449:Drivers/STM32F4/Drivers/STM32F4xx_HAL_Driver/Src/stm32f4xx_hal_tim_ex.c ****     /* Enable the Peripheral, except in trigger mode where enable is automatically done with trigge
1450:Drivers/STM32F4/Drivers/STM32F4xx_HAL_Driver/Src/stm32f4xx_hal_tim_ex.c ****     if (IS_TIM_SLAVE_INSTANCE(htim->Instance))
1451:Drivers/STM32F4/Drivers/STM32F4xx_HAL_Driver/Src/stm32f4xx_hal_tim_ex.c ****     {
1452:Drivers/STM32F4/Drivers/STM32F4xx_HAL_Driver/Src/stm32f4xx_hal_tim_ex.c ****       tmpsmcr = htim->Instance->SMCR & TIM_SMCR_SMS;
1453:Drivers/STM32F4/Drivers/STM32F4xx_HAL_Driver/Src/stm32f4xx_hal_tim_ex.c ****       if (!IS_TIM_SLAVEMODE_TRIGGER_ENABLED(tmpsmcr))
1454:Drivers/STM32F4/Drivers/STM32F4xx_HAL_Driver/Src/stm32f4xx_hal_tim_ex.c ****       {
1455:Drivers/STM32F4/Drivers/STM32F4xx_HAL_Driver/Src/stm32f4xx_hal_tim_ex.c ****         __HAL_TIM_ENABLE(htim);
ARM GAS  /tmp/ccicUsXN.s 			page 27


1456:Drivers/STM32F4/Drivers/STM32F4xx_HAL_Driver/Src/stm32f4xx_hal_tim_ex.c ****       }
1457:Drivers/STM32F4/Drivers/STM32F4xx_HAL_Driver/Src/stm32f4xx_hal_tim_ex.c ****     }
1458:Drivers/STM32F4/Drivers/STM32F4xx_HAL_Driver/Src/stm32f4xx_hal_tim_ex.c ****     else
1459:Drivers/STM32F4/Drivers/STM32F4xx_HAL_Driver/Src/stm32f4xx_hal_tim_ex.c ****     {
1460:Drivers/STM32F4/Drivers/STM32F4xx_HAL_Driver/Src/stm32f4xx_hal_tim_ex.c ****       __HAL_TIM_ENABLE(htim);
1461:Drivers/STM32F4/Drivers/STM32F4xx_HAL_Driver/Src/stm32f4xx_hal_tim_ex.c ****     }
1462:Drivers/STM32F4/Drivers/STM32F4xx_HAL_Driver/Src/stm32f4xx_hal_tim_ex.c ****   }
1463:Drivers/STM32F4/Drivers/STM32F4xx_HAL_Driver/Src/stm32f4xx_hal_tim_ex.c **** 
1464:Drivers/STM32F4/Drivers/STM32F4xx_HAL_Driver/Src/stm32f4xx_hal_tim_ex.c ****   /* Return function status */
1465:Drivers/STM32F4/Drivers/STM32F4xx_HAL_Driver/Src/stm32f4xx_hal_tim_ex.c ****   return status;
1466:Drivers/STM32F4/Drivers/STM32F4xx_HAL_Driver/Src/stm32f4xx_hal_tim_ex.c **** }
1467:Drivers/STM32F4/Drivers/STM32F4xx_HAL_Driver/Src/stm32f4xx_hal_tim_ex.c **** 
1468:Drivers/STM32F4/Drivers/STM32F4xx_HAL_Driver/Src/stm32f4xx_hal_tim_ex.c **** /**
1469:Drivers/STM32F4/Drivers/STM32F4xx_HAL_Driver/Src/stm32f4xx_hal_tim_ex.c ****   * @brief  Stops the TIM PWM signal generation in DMA mode on the complementary
1470:Drivers/STM32F4/Drivers/STM32F4xx_HAL_Driver/Src/stm32f4xx_hal_tim_ex.c ****   *         output
1471:Drivers/STM32F4/Drivers/STM32F4xx_HAL_Driver/Src/stm32f4xx_hal_tim_ex.c ****   * @param  htim TIM handle
1472:Drivers/STM32F4/Drivers/STM32F4xx_HAL_Driver/Src/stm32f4xx_hal_tim_ex.c ****   * @param  Channel TIM Channel to be disabled
1473:Drivers/STM32F4/Drivers/STM32F4xx_HAL_Driver/Src/stm32f4xx_hal_tim_ex.c ****   *          This parameter can be one of the following values:
1474:Drivers/STM32F4/Drivers/STM32F4xx_HAL_Driver/Src/stm32f4xx_hal_tim_ex.c ****   *            @arg TIM_CHANNEL_1: TIM Channel 1 selected
1475:Drivers/STM32F4/Drivers/STM32F4xx_HAL_Driver/Src/stm32f4xx_hal_tim_ex.c ****   *            @arg TIM_CHANNEL_2: TIM Channel 2 selected
1476:Drivers/STM32F4/Drivers/STM32F4xx_HAL_Driver/Src/stm32f4xx_hal_tim_ex.c ****   *            @arg TIM_CHANNEL_3: TIM Channel 3 selected
1477:Drivers/STM32F4/Drivers/STM32F4xx_HAL_Driver/Src/stm32f4xx_hal_tim_ex.c ****   * @retval HAL status
1478:Drivers/STM32F4/Drivers/STM32F4xx_HAL_Driver/Src/stm32f4xx_hal_tim_ex.c ****   */
1479:Drivers/STM32F4/Drivers/STM32F4xx_HAL_Driver/Src/stm32f4xx_hal_tim_ex.c **** HAL_StatusTypeDef HAL_TIMEx_PWMN_Stop_DMA(TIM_HandleTypeDef *htim, uint32_t Channel)
1480:Drivers/STM32F4/Drivers/STM32F4xx_HAL_Driver/Src/stm32f4xx_hal_tim_ex.c **** {
1481:Drivers/STM32F4/Drivers/STM32F4xx_HAL_Driver/Src/stm32f4xx_hal_tim_ex.c ****   HAL_StatusTypeDef status = HAL_OK;
1482:Drivers/STM32F4/Drivers/STM32F4xx_HAL_Driver/Src/stm32f4xx_hal_tim_ex.c **** 
1483:Drivers/STM32F4/Drivers/STM32F4xx_HAL_Driver/Src/stm32f4xx_hal_tim_ex.c ****   /* Check the parameters */
1484:Drivers/STM32F4/Drivers/STM32F4xx_HAL_Driver/Src/stm32f4xx_hal_tim_ex.c ****   assert_param(IS_TIM_CCXN_INSTANCE(htim->Instance, Channel));
1485:Drivers/STM32F4/Drivers/STM32F4xx_HAL_Driver/Src/stm32f4xx_hal_tim_ex.c **** 
1486:Drivers/STM32F4/Drivers/STM32F4xx_HAL_Driver/Src/stm32f4xx_hal_tim_ex.c ****   switch (Channel)
1487:Drivers/STM32F4/Drivers/STM32F4xx_HAL_Driver/Src/stm32f4xx_hal_tim_ex.c ****   {
1488:Drivers/STM32F4/Drivers/STM32F4xx_HAL_Driver/Src/stm32f4xx_hal_tim_ex.c ****     case TIM_CHANNEL_1:
1489:Drivers/STM32F4/Drivers/STM32F4xx_HAL_Driver/Src/stm32f4xx_hal_tim_ex.c ****     {
1490:Drivers/STM32F4/Drivers/STM32F4xx_HAL_Driver/Src/stm32f4xx_hal_tim_ex.c ****       /* Disable the TIM Capture/Compare 1 DMA request */
1491:Drivers/STM32F4/Drivers/STM32F4xx_HAL_Driver/Src/stm32f4xx_hal_tim_ex.c ****       __HAL_TIM_DISABLE_DMA(htim, TIM_DMA_CC1);
1492:Drivers/STM32F4/Drivers/STM32F4xx_HAL_Driver/Src/stm32f4xx_hal_tim_ex.c ****       (void)HAL_DMA_Abort_IT(htim->hdma[TIM_DMA_ID_CC1]);
1493:Drivers/STM32F4/Drivers/STM32F4xx_HAL_Driver/Src/stm32f4xx_hal_tim_ex.c ****       break;
1494:Drivers/STM32F4/Drivers/STM32F4xx_HAL_Driver/Src/stm32f4xx_hal_tim_ex.c ****     }
1495:Drivers/STM32F4/Drivers/STM32F4xx_HAL_Driver/Src/stm32f4xx_hal_tim_ex.c **** 
1496:Drivers/STM32F4/Drivers/STM32F4xx_HAL_Driver/Src/stm32f4xx_hal_tim_ex.c ****     case TIM_CHANNEL_2:
1497:Drivers/STM32F4/Drivers/STM32F4xx_HAL_Driver/Src/stm32f4xx_hal_tim_ex.c ****     {
1498:Drivers/STM32F4/Drivers/STM32F4xx_HAL_Driver/Src/stm32f4xx_hal_tim_ex.c ****       /* Disable the TIM Capture/Compare 2 DMA request */
1499:Drivers/STM32F4/Drivers/STM32F4xx_HAL_Driver/Src/stm32f4xx_hal_tim_ex.c ****       __HAL_TIM_DISABLE_DMA(htim, TIM_DMA_CC2);
1500:Drivers/STM32F4/Drivers/STM32F4xx_HAL_Driver/Src/stm32f4xx_hal_tim_ex.c ****       (void)HAL_DMA_Abort_IT(htim->hdma[TIM_DMA_ID_CC2]);
1501:Drivers/STM32F4/Drivers/STM32F4xx_HAL_Driver/Src/stm32f4xx_hal_tim_ex.c ****       break;
1502:Drivers/STM32F4/Drivers/STM32F4xx_HAL_Driver/Src/stm32f4xx_hal_tim_ex.c ****     }
1503:Drivers/STM32F4/Drivers/STM32F4xx_HAL_Driver/Src/stm32f4xx_hal_tim_ex.c **** 
1504:Drivers/STM32F4/Drivers/STM32F4xx_HAL_Driver/Src/stm32f4xx_hal_tim_ex.c ****     case TIM_CHANNEL_3:
1505:Drivers/STM32F4/Drivers/STM32F4xx_HAL_Driver/Src/stm32f4xx_hal_tim_ex.c ****     {
1506:Drivers/STM32F4/Drivers/STM32F4xx_HAL_Driver/Src/stm32f4xx_hal_tim_ex.c ****       /* Disable the TIM Capture/Compare 3 DMA request */
1507:Drivers/STM32F4/Drivers/STM32F4xx_HAL_Driver/Src/stm32f4xx_hal_tim_ex.c ****       __HAL_TIM_DISABLE_DMA(htim, TIM_DMA_CC3);
1508:Drivers/STM32F4/Drivers/STM32F4xx_HAL_Driver/Src/stm32f4xx_hal_tim_ex.c ****       (void)HAL_DMA_Abort_IT(htim->hdma[TIM_DMA_ID_CC3]);
1509:Drivers/STM32F4/Drivers/STM32F4xx_HAL_Driver/Src/stm32f4xx_hal_tim_ex.c ****       break;
1510:Drivers/STM32F4/Drivers/STM32F4xx_HAL_Driver/Src/stm32f4xx_hal_tim_ex.c ****     }
1511:Drivers/STM32F4/Drivers/STM32F4xx_HAL_Driver/Src/stm32f4xx_hal_tim_ex.c **** 
1512:Drivers/STM32F4/Drivers/STM32F4xx_HAL_Driver/Src/stm32f4xx_hal_tim_ex.c ****     default:
ARM GAS  /tmp/ccicUsXN.s 			page 28


1513:Drivers/STM32F4/Drivers/STM32F4xx_HAL_Driver/Src/stm32f4xx_hal_tim_ex.c ****       status = HAL_ERROR;
1514:Drivers/STM32F4/Drivers/STM32F4xx_HAL_Driver/Src/stm32f4xx_hal_tim_ex.c ****       break;
1515:Drivers/STM32F4/Drivers/STM32F4xx_HAL_Driver/Src/stm32f4xx_hal_tim_ex.c ****   }
1516:Drivers/STM32F4/Drivers/STM32F4xx_HAL_Driver/Src/stm32f4xx_hal_tim_ex.c **** 
1517:Drivers/STM32F4/Drivers/STM32F4xx_HAL_Driver/Src/stm32f4xx_hal_tim_ex.c ****   if (status == HAL_OK)
1518:Drivers/STM32F4/Drivers/STM32F4xx_HAL_Driver/Src/stm32f4xx_hal_tim_ex.c ****   {
1519:Drivers/STM32F4/Drivers/STM32F4xx_HAL_Driver/Src/stm32f4xx_hal_tim_ex.c ****     /* Disable the complementary PWM output */
1520:Drivers/STM32F4/Drivers/STM32F4xx_HAL_Driver/Src/stm32f4xx_hal_tim_ex.c ****     TIM_CCxNChannelCmd(htim->Instance, Channel, TIM_CCxN_DISABLE);
1521:Drivers/STM32F4/Drivers/STM32F4xx_HAL_Driver/Src/stm32f4xx_hal_tim_ex.c **** 
1522:Drivers/STM32F4/Drivers/STM32F4xx_HAL_Driver/Src/stm32f4xx_hal_tim_ex.c ****     /* Disable the Main Output */
1523:Drivers/STM32F4/Drivers/STM32F4xx_HAL_Driver/Src/stm32f4xx_hal_tim_ex.c ****     __HAL_TIM_MOE_DISABLE(htim);
1524:Drivers/STM32F4/Drivers/STM32F4xx_HAL_Driver/Src/stm32f4xx_hal_tim_ex.c **** 
1525:Drivers/STM32F4/Drivers/STM32F4xx_HAL_Driver/Src/stm32f4xx_hal_tim_ex.c ****     /* Disable the Peripheral */
1526:Drivers/STM32F4/Drivers/STM32F4xx_HAL_Driver/Src/stm32f4xx_hal_tim_ex.c ****     __HAL_TIM_DISABLE(htim);
1527:Drivers/STM32F4/Drivers/STM32F4xx_HAL_Driver/Src/stm32f4xx_hal_tim_ex.c **** 
1528:Drivers/STM32F4/Drivers/STM32F4xx_HAL_Driver/Src/stm32f4xx_hal_tim_ex.c ****     /* Set the TIM complementary channel state */
1529:Drivers/STM32F4/Drivers/STM32F4xx_HAL_Driver/Src/stm32f4xx_hal_tim_ex.c ****     TIM_CHANNEL_N_STATE_SET(htim, Channel, HAL_TIM_CHANNEL_STATE_READY);
1530:Drivers/STM32F4/Drivers/STM32F4xx_HAL_Driver/Src/stm32f4xx_hal_tim_ex.c ****   }
1531:Drivers/STM32F4/Drivers/STM32F4xx_HAL_Driver/Src/stm32f4xx_hal_tim_ex.c **** 
1532:Drivers/STM32F4/Drivers/STM32F4xx_HAL_Driver/Src/stm32f4xx_hal_tim_ex.c ****   /* Return function status */
1533:Drivers/STM32F4/Drivers/STM32F4xx_HAL_Driver/Src/stm32f4xx_hal_tim_ex.c ****   return status;
1534:Drivers/STM32F4/Drivers/STM32F4xx_HAL_Driver/Src/stm32f4xx_hal_tim_ex.c **** }
1535:Drivers/STM32F4/Drivers/STM32F4xx_HAL_Driver/Src/stm32f4xx_hal_tim_ex.c **** 
1536:Drivers/STM32F4/Drivers/STM32F4xx_HAL_Driver/Src/stm32f4xx_hal_tim_ex.c **** /**
1537:Drivers/STM32F4/Drivers/STM32F4xx_HAL_Driver/Src/stm32f4xx_hal_tim_ex.c ****   * @}
1538:Drivers/STM32F4/Drivers/STM32F4xx_HAL_Driver/Src/stm32f4xx_hal_tim_ex.c ****   */
1539:Drivers/STM32F4/Drivers/STM32F4xx_HAL_Driver/Src/stm32f4xx_hal_tim_ex.c **** 
1540:Drivers/STM32F4/Drivers/STM32F4xx_HAL_Driver/Src/stm32f4xx_hal_tim_ex.c **** /** @defgroup TIMEx_Exported_Functions_Group4 Extended Timer Complementary One Pulse functions
1541:Drivers/STM32F4/Drivers/STM32F4xx_HAL_Driver/Src/stm32f4xx_hal_tim_ex.c ****   * @brief    Timer Complementary One Pulse functions
1542:Drivers/STM32F4/Drivers/STM32F4xx_HAL_Driver/Src/stm32f4xx_hal_tim_ex.c ****   *
1543:Drivers/STM32F4/Drivers/STM32F4xx_HAL_Driver/Src/stm32f4xx_hal_tim_ex.c **** @verbatim
1544:Drivers/STM32F4/Drivers/STM32F4xx_HAL_Driver/Src/stm32f4xx_hal_tim_ex.c ****   ==============================================================================
1545:Drivers/STM32F4/Drivers/STM32F4xx_HAL_Driver/Src/stm32f4xx_hal_tim_ex.c ****                 ##### Timer Complementary One Pulse functions #####
1546:Drivers/STM32F4/Drivers/STM32F4xx_HAL_Driver/Src/stm32f4xx_hal_tim_ex.c ****   ==============================================================================
1547:Drivers/STM32F4/Drivers/STM32F4xx_HAL_Driver/Src/stm32f4xx_hal_tim_ex.c ****   [..]
1548:Drivers/STM32F4/Drivers/STM32F4xx_HAL_Driver/Src/stm32f4xx_hal_tim_ex.c ****     This section provides functions allowing to:
1549:Drivers/STM32F4/Drivers/STM32F4xx_HAL_Driver/Src/stm32f4xx_hal_tim_ex.c ****     (+) Start the Complementary One Pulse generation.
1550:Drivers/STM32F4/Drivers/STM32F4xx_HAL_Driver/Src/stm32f4xx_hal_tim_ex.c ****     (+) Stop the Complementary One Pulse.
1551:Drivers/STM32F4/Drivers/STM32F4xx_HAL_Driver/Src/stm32f4xx_hal_tim_ex.c ****     (+) Start the Complementary One Pulse and enable interrupts.
1552:Drivers/STM32F4/Drivers/STM32F4xx_HAL_Driver/Src/stm32f4xx_hal_tim_ex.c ****     (+) Stop the Complementary One Pulse and disable interrupts.
1553:Drivers/STM32F4/Drivers/STM32F4xx_HAL_Driver/Src/stm32f4xx_hal_tim_ex.c **** 
1554:Drivers/STM32F4/Drivers/STM32F4xx_HAL_Driver/Src/stm32f4xx_hal_tim_ex.c **** @endverbatim
1555:Drivers/STM32F4/Drivers/STM32F4xx_HAL_Driver/Src/stm32f4xx_hal_tim_ex.c ****   * @{
1556:Drivers/STM32F4/Drivers/STM32F4xx_HAL_Driver/Src/stm32f4xx_hal_tim_ex.c ****   */
1557:Drivers/STM32F4/Drivers/STM32F4xx_HAL_Driver/Src/stm32f4xx_hal_tim_ex.c **** 
1558:Drivers/STM32F4/Drivers/STM32F4xx_HAL_Driver/Src/stm32f4xx_hal_tim_ex.c **** /**
1559:Drivers/STM32F4/Drivers/STM32F4xx_HAL_Driver/Src/stm32f4xx_hal_tim_ex.c ****   * @brief  Starts the TIM One Pulse signal generation on the complementary
1560:Drivers/STM32F4/Drivers/STM32F4xx_HAL_Driver/Src/stm32f4xx_hal_tim_ex.c ****   *         output.
1561:Drivers/STM32F4/Drivers/STM32F4xx_HAL_Driver/Src/stm32f4xx_hal_tim_ex.c ****   * @note OutputChannel must match the pulse output channel chosen when calling
1562:Drivers/STM32F4/Drivers/STM32F4xx_HAL_Driver/Src/stm32f4xx_hal_tim_ex.c ****   *       @ref HAL_TIM_OnePulse_ConfigChannel().
1563:Drivers/STM32F4/Drivers/STM32F4xx_HAL_Driver/Src/stm32f4xx_hal_tim_ex.c ****   * @param  htim TIM One Pulse handle
1564:Drivers/STM32F4/Drivers/STM32F4xx_HAL_Driver/Src/stm32f4xx_hal_tim_ex.c ****   * @param  OutputChannel pulse output channel to enable
1565:Drivers/STM32F4/Drivers/STM32F4xx_HAL_Driver/Src/stm32f4xx_hal_tim_ex.c ****   *          This parameter can be one of the following values:
1566:Drivers/STM32F4/Drivers/STM32F4xx_HAL_Driver/Src/stm32f4xx_hal_tim_ex.c ****   *            @arg TIM_CHANNEL_1: TIM Channel 1 selected
1567:Drivers/STM32F4/Drivers/STM32F4xx_HAL_Driver/Src/stm32f4xx_hal_tim_ex.c ****   *            @arg TIM_CHANNEL_2: TIM Channel 2 selected
1568:Drivers/STM32F4/Drivers/STM32F4xx_HAL_Driver/Src/stm32f4xx_hal_tim_ex.c ****   * @retval HAL status
1569:Drivers/STM32F4/Drivers/STM32F4xx_HAL_Driver/Src/stm32f4xx_hal_tim_ex.c ****   */
ARM GAS  /tmp/ccicUsXN.s 			page 29


1570:Drivers/STM32F4/Drivers/STM32F4xx_HAL_Driver/Src/stm32f4xx_hal_tim_ex.c **** HAL_StatusTypeDef HAL_TIMEx_OnePulseN_Start(TIM_HandleTypeDef *htim, uint32_t OutputChannel)
1571:Drivers/STM32F4/Drivers/STM32F4xx_HAL_Driver/Src/stm32f4xx_hal_tim_ex.c **** {
1572:Drivers/STM32F4/Drivers/STM32F4xx_HAL_Driver/Src/stm32f4xx_hal_tim_ex.c ****   uint32_t input_channel = (OutputChannel == TIM_CHANNEL_1) ? TIM_CHANNEL_2 : TIM_CHANNEL_1;
1573:Drivers/STM32F4/Drivers/STM32F4xx_HAL_Driver/Src/stm32f4xx_hal_tim_ex.c ****   HAL_TIM_ChannelStateTypeDef channel_1_state = TIM_CHANNEL_STATE_GET(htim, TIM_CHANNEL_1);
1574:Drivers/STM32F4/Drivers/STM32F4xx_HAL_Driver/Src/stm32f4xx_hal_tim_ex.c ****   HAL_TIM_ChannelStateTypeDef channel_2_state = TIM_CHANNEL_STATE_GET(htim, TIM_CHANNEL_2);
1575:Drivers/STM32F4/Drivers/STM32F4xx_HAL_Driver/Src/stm32f4xx_hal_tim_ex.c ****   HAL_TIM_ChannelStateTypeDef complementary_channel_1_state = TIM_CHANNEL_N_STATE_GET(htim, TIM_CHA
1576:Drivers/STM32F4/Drivers/STM32F4xx_HAL_Driver/Src/stm32f4xx_hal_tim_ex.c ****   HAL_TIM_ChannelStateTypeDef complementary_channel_2_state = TIM_CHANNEL_N_STATE_GET(htim, TIM_CHA
1577:Drivers/STM32F4/Drivers/STM32F4xx_HAL_Driver/Src/stm32f4xx_hal_tim_ex.c **** 
1578:Drivers/STM32F4/Drivers/STM32F4xx_HAL_Driver/Src/stm32f4xx_hal_tim_ex.c ****   /* Check the parameters */
1579:Drivers/STM32F4/Drivers/STM32F4xx_HAL_Driver/Src/stm32f4xx_hal_tim_ex.c ****   assert_param(IS_TIM_CCXN_INSTANCE(htim->Instance, OutputChannel));
1580:Drivers/STM32F4/Drivers/STM32F4xx_HAL_Driver/Src/stm32f4xx_hal_tim_ex.c **** 
1581:Drivers/STM32F4/Drivers/STM32F4xx_HAL_Driver/Src/stm32f4xx_hal_tim_ex.c ****   /* Check the TIM channels state */
1582:Drivers/STM32F4/Drivers/STM32F4xx_HAL_Driver/Src/stm32f4xx_hal_tim_ex.c ****   if ((channel_1_state != HAL_TIM_CHANNEL_STATE_READY)
1583:Drivers/STM32F4/Drivers/STM32F4xx_HAL_Driver/Src/stm32f4xx_hal_tim_ex.c ****       || (channel_2_state != HAL_TIM_CHANNEL_STATE_READY)
1584:Drivers/STM32F4/Drivers/STM32F4xx_HAL_Driver/Src/stm32f4xx_hal_tim_ex.c ****       || (complementary_channel_1_state != HAL_TIM_CHANNEL_STATE_READY)
1585:Drivers/STM32F4/Drivers/STM32F4xx_HAL_Driver/Src/stm32f4xx_hal_tim_ex.c ****       || (complementary_channel_2_state != HAL_TIM_CHANNEL_STATE_READY))
1586:Drivers/STM32F4/Drivers/STM32F4xx_HAL_Driver/Src/stm32f4xx_hal_tim_ex.c ****   {
1587:Drivers/STM32F4/Drivers/STM32F4xx_HAL_Driver/Src/stm32f4xx_hal_tim_ex.c ****     return HAL_ERROR;
1588:Drivers/STM32F4/Drivers/STM32F4xx_HAL_Driver/Src/stm32f4xx_hal_tim_ex.c ****   }
1589:Drivers/STM32F4/Drivers/STM32F4xx_HAL_Driver/Src/stm32f4xx_hal_tim_ex.c **** 
1590:Drivers/STM32F4/Drivers/STM32F4xx_HAL_Driver/Src/stm32f4xx_hal_tim_ex.c ****   /* Set the TIM channels state */
1591:Drivers/STM32F4/Drivers/STM32F4xx_HAL_Driver/Src/stm32f4xx_hal_tim_ex.c ****   TIM_CHANNEL_STATE_SET(htim, TIM_CHANNEL_1, HAL_TIM_CHANNEL_STATE_BUSY);
1592:Drivers/STM32F4/Drivers/STM32F4xx_HAL_Driver/Src/stm32f4xx_hal_tim_ex.c ****   TIM_CHANNEL_STATE_SET(htim, TIM_CHANNEL_2, HAL_TIM_CHANNEL_STATE_BUSY);
1593:Drivers/STM32F4/Drivers/STM32F4xx_HAL_Driver/Src/stm32f4xx_hal_tim_ex.c ****   TIM_CHANNEL_N_STATE_SET(htim, TIM_CHANNEL_1, HAL_TIM_CHANNEL_STATE_BUSY);
1594:Drivers/STM32F4/Drivers/STM32F4xx_HAL_Driver/Src/stm32f4xx_hal_tim_ex.c ****   TIM_CHANNEL_N_STATE_SET(htim, TIM_CHANNEL_2, HAL_TIM_CHANNEL_STATE_BUSY);
1595:Drivers/STM32F4/Drivers/STM32F4xx_HAL_Driver/Src/stm32f4xx_hal_tim_ex.c **** 
1596:Drivers/STM32F4/Drivers/STM32F4xx_HAL_Driver/Src/stm32f4xx_hal_tim_ex.c ****   /* Enable the complementary One Pulse output channel and the Input Capture channel */
1597:Drivers/STM32F4/Drivers/STM32F4xx_HAL_Driver/Src/stm32f4xx_hal_tim_ex.c ****   TIM_CCxNChannelCmd(htim->Instance, OutputChannel, TIM_CCxN_ENABLE);
1598:Drivers/STM32F4/Drivers/STM32F4xx_HAL_Driver/Src/stm32f4xx_hal_tim_ex.c ****   TIM_CCxChannelCmd(htim->Instance, input_channel, TIM_CCx_ENABLE);
1599:Drivers/STM32F4/Drivers/STM32F4xx_HAL_Driver/Src/stm32f4xx_hal_tim_ex.c **** 
1600:Drivers/STM32F4/Drivers/STM32F4xx_HAL_Driver/Src/stm32f4xx_hal_tim_ex.c ****   /* Enable the Main Output */
1601:Drivers/STM32F4/Drivers/STM32F4xx_HAL_Driver/Src/stm32f4xx_hal_tim_ex.c ****   __HAL_TIM_MOE_ENABLE(htim);
1602:Drivers/STM32F4/Drivers/STM32F4xx_HAL_Driver/Src/stm32f4xx_hal_tim_ex.c **** 
1603:Drivers/STM32F4/Drivers/STM32F4xx_HAL_Driver/Src/stm32f4xx_hal_tim_ex.c ****   /* Return function status */
1604:Drivers/STM32F4/Drivers/STM32F4xx_HAL_Driver/Src/stm32f4xx_hal_tim_ex.c ****   return HAL_OK;
1605:Drivers/STM32F4/Drivers/STM32F4xx_HAL_Driver/Src/stm32f4xx_hal_tim_ex.c **** }
1606:Drivers/STM32F4/Drivers/STM32F4xx_HAL_Driver/Src/stm32f4xx_hal_tim_ex.c **** 
1607:Drivers/STM32F4/Drivers/STM32F4xx_HAL_Driver/Src/stm32f4xx_hal_tim_ex.c **** /**
1608:Drivers/STM32F4/Drivers/STM32F4xx_HAL_Driver/Src/stm32f4xx_hal_tim_ex.c ****   * @brief  Stops the TIM One Pulse signal generation on the complementary
1609:Drivers/STM32F4/Drivers/STM32F4xx_HAL_Driver/Src/stm32f4xx_hal_tim_ex.c ****   *         output.
1610:Drivers/STM32F4/Drivers/STM32F4xx_HAL_Driver/Src/stm32f4xx_hal_tim_ex.c ****   * @note OutputChannel must match the pulse output channel chosen when calling
1611:Drivers/STM32F4/Drivers/STM32F4xx_HAL_Driver/Src/stm32f4xx_hal_tim_ex.c ****   *       @ref HAL_TIM_OnePulse_ConfigChannel().
1612:Drivers/STM32F4/Drivers/STM32F4xx_HAL_Driver/Src/stm32f4xx_hal_tim_ex.c ****   * @param  htim TIM One Pulse handle
1613:Drivers/STM32F4/Drivers/STM32F4xx_HAL_Driver/Src/stm32f4xx_hal_tim_ex.c ****   * @param  OutputChannel pulse output channel to disable
1614:Drivers/STM32F4/Drivers/STM32F4xx_HAL_Driver/Src/stm32f4xx_hal_tim_ex.c ****   *          This parameter can be one of the following values:
1615:Drivers/STM32F4/Drivers/STM32F4xx_HAL_Driver/Src/stm32f4xx_hal_tim_ex.c ****   *            @arg TIM_CHANNEL_1: TIM Channel 1 selected
1616:Drivers/STM32F4/Drivers/STM32F4xx_HAL_Driver/Src/stm32f4xx_hal_tim_ex.c ****   *            @arg TIM_CHANNEL_2: TIM Channel 2 selected
1617:Drivers/STM32F4/Drivers/STM32F4xx_HAL_Driver/Src/stm32f4xx_hal_tim_ex.c ****   * @retval HAL status
1618:Drivers/STM32F4/Drivers/STM32F4xx_HAL_Driver/Src/stm32f4xx_hal_tim_ex.c ****   */
1619:Drivers/STM32F4/Drivers/STM32F4xx_HAL_Driver/Src/stm32f4xx_hal_tim_ex.c **** HAL_StatusTypeDef HAL_TIMEx_OnePulseN_Stop(TIM_HandleTypeDef *htim, uint32_t OutputChannel)
1620:Drivers/STM32F4/Drivers/STM32F4xx_HAL_Driver/Src/stm32f4xx_hal_tim_ex.c **** {
1621:Drivers/STM32F4/Drivers/STM32F4xx_HAL_Driver/Src/stm32f4xx_hal_tim_ex.c ****   uint32_t input_channel = (OutputChannel == TIM_CHANNEL_1) ? TIM_CHANNEL_2 : TIM_CHANNEL_1;
1622:Drivers/STM32F4/Drivers/STM32F4xx_HAL_Driver/Src/stm32f4xx_hal_tim_ex.c **** 
1623:Drivers/STM32F4/Drivers/STM32F4xx_HAL_Driver/Src/stm32f4xx_hal_tim_ex.c ****   /* Check the parameters */
1624:Drivers/STM32F4/Drivers/STM32F4xx_HAL_Driver/Src/stm32f4xx_hal_tim_ex.c ****   assert_param(IS_TIM_CCXN_INSTANCE(htim->Instance, OutputChannel));
1625:Drivers/STM32F4/Drivers/STM32F4xx_HAL_Driver/Src/stm32f4xx_hal_tim_ex.c **** 
1626:Drivers/STM32F4/Drivers/STM32F4xx_HAL_Driver/Src/stm32f4xx_hal_tim_ex.c ****   /* Disable the complementary One Pulse output channel and the Input Capture channel */
ARM GAS  /tmp/ccicUsXN.s 			page 30


1627:Drivers/STM32F4/Drivers/STM32F4xx_HAL_Driver/Src/stm32f4xx_hal_tim_ex.c ****   TIM_CCxNChannelCmd(htim->Instance, OutputChannel, TIM_CCxN_DISABLE);
1628:Drivers/STM32F4/Drivers/STM32F4xx_HAL_Driver/Src/stm32f4xx_hal_tim_ex.c ****   TIM_CCxChannelCmd(htim->Instance, input_channel, TIM_CCx_DISABLE);
1629:Drivers/STM32F4/Drivers/STM32F4xx_HAL_Driver/Src/stm32f4xx_hal_tim_ex.c **** 
1630:Drivers/STM32F4/Drivers/STM32F4xx_HAL_Driver/Src/stm32f4xx_hal_tim_ex.c ****   /* Disable the Main Output */
1631:Drivers/STM32F4/Drivers/STM32F4xx_HAL_Driver/Src/stm32f4xx_hal_tim_ex.c ****   __HAL_TIM_MOE_DISABLE(htim);
1632:Drivers/STM32F4/Drivers/STM32F4xx_HAL_Driver/Src/stm32f4xx_hal_tim_ex.c **** 
1633:Drivers/STM32F4/Drivers/STM32F4xx_HAL_Driver/Src/stm32f4xx_hal_tim_ex.c ****   /* Disable the Peripheral */
1634:Drivers/STM32F4/Drivers/STM32F4xx_HAL_Driver/Src/stm32f4xx_hal_tim_ex.c ****   __HAL_TIM_DISABLE(htim);
1635:Drivers/STM32F4/Drivers/STM32F4xx_HAL_Driver/Src/stm32f4xx_hal_tim_ex.c **** 
1636:Drivers/STM32F4/Drivers/STM32F4xx_HAL_Driver/Src/stm32f4xx_hal_tim_ex.c ****   /* Set the TIM  channels state */
1637:Drivers/STM32F4/Drivers/STM32F4xx_HAL_Driver/Src/stm32f4xx_hal_tim_ex.c ****   TIM_CHANNEL_STATE_SET(htim, TIM_CHANNEL_1, HAL_TIM_CHANNEL_STATE_READY);
1638:Drivers/STM32F4/Drivers/STM32F4xx_HAL_Driver/Src/stm32f4xx_hal_tim_ex.c ****   TIM_CHANNEL_STATE_SET(htim, TIM_CHANNEL_2, HAL_TIM_CHANNEL_STATE_READY);
1639:Drivers/STM32F4/Drivers/STM32F4xx_HAL_Driver/Src/stm32f4xx_hal_tim_ex.c ****   TIM_CHANNEL_N_STATE_SET(htim, TIM_CHANNEL_1, HAL_TIM_CHANNEL_STATE_READY);
1640:Drivers/STM32F4/Drivers/STM32F4xx_HAL_Driver/Src/stm32f4xx_hal_tim_ex.c ****   TIM_CHANNEL_N_STATE_SET(htim, TIM_CHANNEL_2, HAL_TIM_CHANNEL_STATE_READY);
1641:Drivers/STM32F4/Drivers/STM32F4xx_HAL_Driver/Src/stm32f4xx_hal_tim_ex.c **** 
1642:Drivers/STM32F4/Drivers/STM32F4xx_HAL_Driver/Src/stm32f4xx_hal_tim_ex.c ****   /* Return function status */
1643:Drivers/STM32F4/Drivers/STM32F4xx_HAL_Driver/Src/stm32f4xx_hal_tim_ex.c ****   return HAL_OK;
1644:Drivers/STM32F4/Drivers/STM32F4xx_HAL_Driver/Src/stm32f4xx_hal_tim_ex.c **** }
1645:Drivers/STM32F4/Drivers/STM32F4xx_HAL_Driver/Src/stm32f4xx_hal_tim_ex.c **** 
1646:Drivers/STM32F4/Drivers/STM32F4xx_HAL_Driver/Src/stm32f4xx_hal_tim_ex.c **** /**
1647:Drivers/STM32F4/Drivers/STM32F4xx_HAL_Driver/Src/stm32f4xx_hal_tim_ex.c ****   * @brief  Starts the TIM One Pulse signal generation in interrupt mode on the
1648:Drivers/STM32F4/Drivers/STM32F4xx_HAL_Driver/Src/stm32f4xx_hal_tim_ex.c ****   *         complementary channel.
1649:Drivers/STM32F4/Drivers/STM32F4xx_HAL_Driver/Src/stm32f4xx_hal_tim_ex.c ****   * @note OutputChannel must match the pulse output channel chosen when calling
1650:Drivers/STM32F4/Drivers/STM32F4xx_HAL_Driver/Src/stm32f4xx_hal_tim_ex.c ****   *       @ref HAL_TIM_OnePulse_ConfigChannel().
1651:Drivers/STM32F4/Drivers/STM32F4xx_HAL_Driver/Src/stm32f4xx_hal_tim_ex.c ****   * @param  htim TIM One Pulse handle
1652:Drivers/STM32F4/Drivers/STM32F4xx_HAL_Driver/Src/stm32f4xx_hal_tim_ex.c ****   * @param  OutputChannel pulse output channel to enable
1653:Drivers/STM32F4/Drivers/STM32F4xx_HAL_Driver/Src/stm32f4xx_hal_tim_ex.c ****   *          This parameter can be one of the following values:
1654:Drivers/STM32F4/Drivers/STM32F4xx_HAL_Driver/Src/stm32f4xx_hal_tim_ex.c ****   *            @arg TIM_CHANNEL_1: TIM Channel 1 selected
1655:Drivers/STM32F4/Drivers/STM32F4xx_HAL_Driver/Src/stm32f4xx_hal_tim_ex.c ****   *            @arg TIM_CHANNEL_2: TIM Channel 2 selected
1656:Drivers/STM32F4/Drivers/STM32F4xx_HAL_Driver/Src/stm32f4xx_hal_tim_ex.c ****   * @retval HAL status
1657:Drivers/STM32F4/Drivers/STM32F4xx_HAL_Driver/Src/stm32f4xx_hal_tim_ex.c ****   */
1658:Drivers/STM32F4/Drivers/STM32F4xx_HAL_Driver/Src/stm32f4xx_hal_tim_ex.c **** HAL_StatusTypeDef HAL_TIMEx_OnePulseN_Start_IT(TIM_HandleTypeDef *htim, uint32_t OutputChannel)
1659:Drivers/STM32F4/Drivers/STM32F4xx_HAL_Driver/Src/stm32f4xx_hal_tim_ex.c **** {
1660:Drivers/STM32F4/Drivers/STM32F4xx_HAL_Driver/Src/stm32f4xx_hal_tim_ex.c ****   uint32_t input_channel = (OutputChannel == TIM_CHANNEL_1) ? TIM_CHANNEL_2 : TIM_CHANNEL_1;
1661:Drivers/STM32F4/Drivers/STM32F4xx_HAL_Driver/Src/stm32f4xx_hal_tim_ex.c ****   HAL_TIM_ChannelStateTypeDef channel_1_state = TIM_CHANNEL_STATE_GET(htim, TIM_CHANNEL_1);
1662:Drivers/STM32F4/Drivers/STM32F4xx_HAL_Driver/Src/stm32f4xx_hal_tim_ex.c ****   HAL_TIM_ChannelStateTypeDef channel_2_state = TIM_CHANNEL_STATE_GET(htim, TIM_CHANNEL_2);
1663:Drivers/STM32F4/Drivers/STM32F4xx_HAL_Driver/Src/stm32f4xx_hal_tim_ex.c ****   HAL_TIM_ChannelStateTypeDef complementary_channel_1_state = TIM_CHANNEL_N_STATE_GET(htim, TIM_CHA
1664:Drivers/STM32F4/Drivers/STM32F4xx_HAL_Driver/Src/stm32f4xx_hal_tim_ex.c ****   HAL_TIM_ChannelStateTypeDef complementary_channel_2_state = TIM_CHANNEL_N_STATE_GET(htim, TIM_CHA
1665:Drivers/STM32F4/Drivers/STM32F4xx_HAL_Driver/Src/stm32f4xx_hal_tim_ex.c **** 
1666:Drivers/STM32F4/Drivers/STM32F4xx_HAL_Driver/Src/stm32f4xx_hal_tim_ex.c ****   /* Check the parameters */
1667:Drivers/STM32F4/Drivers/STM32F4xx_HAL_Driver/Src/stm32f4xx_hal_tim_ex.c ****   assert_param(IS_TIM_CCXN_INSTANCE(htim->Instance, OutputChannel));
1668:Drivers/STM32F4/Drivers/STM32F4xx_HAL_Driver/Src/stm32f4xx_hal_tim_ex.c **** 
1669:Drivers/STM32F4/Drivers/STM32F4xx_HAL_Driver/Src/stm32f4xx_hal_tim_ex.c ****   /* Check the TIM channels state */
1670:Drivers/STM32F4/Drivers/STM32F4xx_HAL_Driver/Src/stm32f4xx_hal_tim_ex.c ****   if ((channel_1_state != HAL_TIM_CHANNEL_STATE_READY)
1671:Drivers/STM32F4/Drivers/STM32F4xx_HAL_Driver/Src/stm32f4xx_hal_tim_ex.c ****       || (channel_2_state != HAL_TIM_CHANNEL_STATE_READY)
1672:Drivers/STM32F4/Drivers/STM32F4xx_HAL_Driver/Src/stm32f4xx_hal_tim_ex.c ****       || (complementary_channel_1_state != HAL_TIM_CHANNEL_STATE_READY)
1673:Drivers/STM32F4/Drivers/STM32F4xx_HAL_Driver/Src/stm32f4xx_hal_tim_ex.c ****       || (complementary_channel_2_state != HAL_TIM_CHANNEL_STATE_READY))
1674:Drivers/STM32F4/Drivers/STM32F4xx_HAL_Driver/Src/stm32f4xx_hal_tim_ex.c ****   {
1675:Drivers/STM32F4/Drivers/STM32F4xx_HAL_Driver/Src/stm32f4xx_hal_tim_ex.c ****     return HAL_ERROR;
1676:Drivers/STM32F4/Drivers/STM32F4xx_HAL_Driver/Src/stm32f4xx_hal_tim_ex.c ****   }
1677:Drivers/STM32F4/Drivers/STM32F4xx_HAL_Driver/Src/stm32f4xx_hal_tim_ex.c **** 
1678:Drivers/STM32F4/Drivers/STM32F4xx_HAL_Driver/Src/stm32f4xx_hal_tim_ex.c ****   /* Set the TIM channels state */
1679:Drivers/STM32F4/Drivers/STM32F4xx_HAL_Driver/Src/stm32f4xx_hal_tim_ex.c ****   TIM_CHANNEL_STATE_SET(htim, TIM_CHANNEL_1, HAL_TIM_CHANNEL_STATE_BUSY);
1680:Drivers/STM32F4/Drivers/STM32F4xx_HAL_Driver/Src/stm32f4xx_hal_tim_ex.c ****   TIM_CHANNEL_STATE_SET(htim, TIM_CHANNEL_2, HAL_TIM_CHANNEL_STATE_BUSY);
1681:Drivers/STM32F4/Drivers/STM32F4xx_HAL_Driver/Src/stm32f4xx_hal_tim_ex.c ****   TIM_CHANNEL_N_STATE_SET(htim, TIM_CHANNEL_1, HAL_TIM_CHANNEL_STATE_BUSY);
1682:Drivers/STM32F4/Drivers/STM32F4xx_HAL_Driver/Src/stm32f4xx_hal_tim_ex.c ****   TIM_CHANNEL_N_STATE_SET(htim, TIM_CHANNEL_2, HAL_TIM_CHANNEL_STATE_BUSY);
1683:Drivers/STM32F4/Drivers/STM32F4xx_HAL_Driver/Src/stm32f4xx_hal_tim_ex.c **** 
ARM GAS  /tmp/ccicUsXN.s 			page 31


1684:Drivers/STM32F4/Drivers/STM32F4xx_HAL_Driver/Src/stm32f4xx_hal_tim_ex.c ****   /* Enable the TIM Capture/Compare 1 interrupt */
1685:Drivers/STM32F4/Drivers/STM32F4xx_HAL_Driver/Src/stm32f4xx_hal_tim_ex.c ****   __HAL_TIM_ENABLE_IT(htim, TIM_IT_CC1);
1686:Drivers/STM32F4/Drivers/STM32F4xx_HAL_Driver/Src/stm32f4xx_hal_tim_ex.c **** 
1687:Drivers/STM32F4/Drivers/STM32F4xx_HAL_Driver/Src/stm32f4xx_hal_tim_ex.c ****   /* Enable the TIM Capture/Compare 2 interrupt */
1688:Drivers/STM32F4/Drivers/STM32F4xx_HAL_Driver/Src/stm32f4xx_hal_tim_ex.c ****   __HAL_TIM_ENABLE_IT(htim, TIM_IT_CC2);
1689:Drivers/STM32F4/Drivers/STM32F4xx_HAL_Driver/Src/stm32f4xx_hal_tim_ex.c **** 
1690:Drivers/STM32F4/Drivers/STM32F4xx_HAL_Driver/Src/stm32f4xx_hal_tim_ex.c ****   /* Enable the complementary One Pulse output channel and the Input Capture channel */
1691:Drivers/STM32F4/Drivers/STM32F4xx_HAL_Driver/Src/stm32f4xx_hal_tim_ex.c ****   TIM_CCxNChannelCmd(htim->Instance, OutputChannel, TIM_CCxN_ENABLE);
1692:Drivers/STM32F4/Drivers/STM32F4xx_HAL_Driver/Src/stm32f4xx_hal_tim_ex.c ****   TIM_CCxChannelCmd(htim->Instance, input_channel, TIM_CCx_ENABLE);
1693:Drivers/STM32F4/Drivers/STM32F4xx_HAL_Driver/Src/stm32f4xx_hal_tim_ex.c **** 
1694:Drivers/STM32F4/Drivers/STM32F4xx_HAL_Driver/Src/stm32f4xx_hal_tim_ex.c ****   /* Enable the Main Output */
1695:Drivers/STM32F4/Drivers/STM32F4xx_HAL_Driver/Src/stm32f4xx_hal_tim_ex.c ****   __HAL_TIM_MOE_ENABLE(htim);
1696:Drivers/STM32F4/Drivers/STM32F4xx_HAL_Driver/Src/stm32f4xx_hal_tim_ex.c **** 
1697:Drivers/STM32F4/Drivers/STM32F4xx_HAL_Driver/Src/stm32f4xx_hal_tim_ex.c ****   /* Return function status */
1698:Drivers/STM32F4/Drivers/STM32F4xx_HAL_Driver/Src/stm32f4xx_hal_tim_ex.c ****   return HAL_OK;
1699:Drivers/STM32F4/Drivers/STM32F4xx_HAL_Driver/Src/stm32f4xx_hal_tim_ex.c **** }
1700:Drivers/STM32F4/Drivers/STM32F4xx_HAL_Driver/Src/stm32f4xx_hal_tim_ex.c **** 
1701:Drivers/STM32F4/Drivers/STM32F4xx_HAL_Driver/Src/stm32f4xx_hal_tim_ex.c **** /**
1702:Drivers/STM32F4/Drivers/STM32F4xx_HAL_Driver/Src/stm32f4xx_hal_tim_ex.c ****   * @brief  Stops the TIM One Pulse signal generation in interrupt mode on the
1703:Drivers/STM32F4/Drivers/STM32F4xx_HAL_Driver/Src/stm32f4xx_hal_tim_ex.c ****   *         complementary channel.
1704:Drivers/STM32F4/Drivers/STM32F4xx_HAL_Driver/Src/stm32f4xx_hal_tim_ex.c ****   * @note OutputChannel must match the pulse output channel chosen when calling
1705:Drivers/STM32F4/Drivers/STM32F4xx_HAL_Driver/Src/stm32f4xx_hal_tim_ex.c ****   *       @ref HAL_TIM_OnePulse_ConfigChannel().
1706:Drivers/STM32F4/Drivers/STM32F4xx_HAL_Driver/Src/stm32f4xx_hal_tim_ex.c ****   * @param  htim TIM One Pulse handle
1707:Drivers/STM32F4/Drivers/STM32F4xx_HAL_Driver/Src/stm32f4xx_hal_tim_ex.c ****   * @param  OutputChannel pulse output channel to disable
1708:Drivers/STM32F4/Drivers/STM32F4xx_HAL_Driver/Src/stm32f4xx_hal_tim_ex.c ****   *          This parameter can be one of the following values:
1709:Drivers/STM32F4/Drivers/STM32F4xx_HAL_Driver/Src/stm32f4xx_hal_tim_ex.c ****   *            @arg TIM_CHANNEL_1: TIM Channel 1 selected
1710:Drivers/STM32F4/Drivers/STM32F4xx_HAL_Driver/Src/stm32f4xx_hal_tim_ex.c ****   *            @arg TIM_CHANNEL_2: TIM Channel 2 selected
1711:Drivers/STM32F4/Drivers/STM32F4xx_HAL_Driver/Src/stm32f4xx_hal_tim_ex.c ****   * @retval HAL status
1712:Drivers/STM32F4/Drivers/STM32F4xx_HAL_Driver/Src/stm32f4xx_hal_tim_ex.c ****   */
1713:Drivers/STM32F4/Drivers/STM32F4xx_HAL_Driver/Src/stm32f4xx_hal_tim_ex.c **** HAL_StatusTypeDef HAL_TIMEx_OnePulseN_Stop_IT(TIM_HandleTypeDef *htim, uint32_t OutputChannel)
1714:Drivers/STM32F4/Drivers/STM32F4xx_HAL_Driver/Src/stm32f4xx_hal_tim_ex.c **** {
1715:Drivers/STM32F4/Drivers/STM32F4xx_HAL_Driver/Src/stm32f4xx_hal_tim_ex.c ****   uint32_t input_channel = (OutputChannel == TIM_CHANNEL_1) ? TIM_CHANNEL_2 : TIM_CHANNEL_1;
1716:Drivers/STM32F4/Drivers/STM32F4xx_HAL_Driver/Src/stm32f4xx_hal_tim_ex.c **** 
1717:Drivers/STM32F4/Drivers/STM32F4xx_HAL_Driver/Src/stm32f4xx_hal_tim_ex.c ****   /* Check the parameters */
1718:Drivers/STM32F4/Drivers/STM32F4xx_HAL_Driver/Src/stm32f4xx_hal_tim_ex.c ****   assert_param(IS_TIM_CCXN_INSTANCE(htim->Instance, OutputChannel));
1719:Drivers/STM32F4/Drivers/STM32F4xx_HAL_Driver/Src/stm32f4xx_hal_tim_ex.c **** 
1720:Drivers/STM32F4/Drivers/STM32F4xx_HAL_Driver/Src/stm32f4xx_hal_tim_ex.c ****   /* Disable the TIM Capture/Compare 1 interrupt */
1721:Drivers/STM32F4/Drivers/STM32F4xx_HAL_Driver/Src/stm32f4xx_hal_tim_ex.c ****   __HAL_TIM_DISABLE_IT(htim, TIM_IT_CC1);
1722:Drivers/STM32F4/Drivers/STM32F4xx_HAL_Driver/Src/stm32f4xx_hal_tim_ex.c **** 
1723:Drivers/STM32F4/Drivers/STM32F4xx_HAL_Driver/Src/stm32f4xx_hal_tim_ex.c ****   /* Disable the TIM Capture/Compare 2 interrupt */
1724:Drivers/STM32F4/Drivers/STM32F4xx_HAL_Driver/Src/stm32f4xx_hal_tim_ex.c ****   __HAL_TIM_DISABLE_IT(htim, TIM_IT_CC2);
1725:Drivers/STM32F4/Drivers/STM32F4xx_HAL_Driver/Src/stm32f4xx_hal_tim_ex.c **** 
1726:Drivers/STM32F4/Drivers/STM32F4xx_HAL_Driver/Src/stm32f4xx_hal_tim_ex.c ****   /* Disable the complementary One Pulse output channel and the Input Capture channel */
1727:Drivers/STM32F4/Drivers/STM32F4xx_HAL_Driver/Src/stm32f4xx_hal_tim_ex.c ****   TIM_CCxNChannelCmd(htim->Instance, OutputChannel, TIM_CCxN_DISABLE);
1728:Drivers/STM32F4/Drivers/STM32F4xx_HAL_Driver/Src/stm32f4xx_hal_tim_ex.c ****   TIM_CCxChannelCmd(htim->Instance, input_channel, TIM_CCx_DISABLE);
1729:Drivers/STM32F4/Drivers/STM32F4xx_HAL_Driver/Src/stm32f4xx_hal_tim_ex.c **** 
1730:Drivers/STM32F4/Drivers/STM32F4xx_HAL_Driver/Src/stm32f4xx_hal_tim_ex.c ****   /* Disable the Main Output */
1731:Drivers/STM32F4/Drivers/STM32F4xx_HAL_Driver/Src/stm32f4xx_hal_tim_ex.c ****   __HAL_TIM_MOE_DISABLE(htim);
1732:Drivers/STM32F4/Drivers/STM32F4xx_HAL_Driver/Src/stm32f4xx_hal_tim_ex.c **** 
1733:Drivers/STM32F4/Drivers/STM32F4xx_HAL_Driver/Src/stm32f4xx_hal_tim_ex.c ****   /* Disable the Peripheral */
1734:Drivers/STM32F4/Drivers/STM32F4xx_HAL_Driver/Src/stm32f4xx_hal_tim_ex.c ****   __HAL_TIM_DISABLE(htim);
1735:Drivers/STM32F4/Drivers/STM32F4xx_HAL_Driver/Src/stm32f4xx_hal_tim_ex.c **** 
1736:Drivers/STM32F4/Drivers/STM32F4xx_HAL_Driver/Src/stm32f4xx_hal_tim_ex.c ****   /* Set the TIM  channels state */
1737:Drivers/STM32F4/Drivers/STM32F4xx_HAL_Driver/Src/stm32f4xx_hal_tim_ex.c ****   TIM_CHANNEL_STATE_SET(htim, TIM_CHANNEL_1, HAL_TIM_CHANNEL_STATE_READY);
1738:Drivers/STM32F4/Drivers/STM32F4xx_HAL_Driver/Src/stm32f4xx_hal_tim_ex.c ****   TIM_CHANNEL_STATE_SET(htim, TIM_CHANNEL_2, HAL_TIM_CHANNEL_STATE_READY);
1739:Drivers/STM32F4/Drivers/STM32F4xx_HAL_Driver/Src/stm32f4xx_hal_tim_ex.c ****   TIM_CHANNEL_N_STATE_SET(htim, TIM_CHANNEL_1, HAL_TIM_CHANNEL_STATE_READY);
1740:Drivers/STM32F4/Drivers/STM32F4xx_HAL_Driver/Src/stm32f4xx_hal_tim_ex.c ****   TIM_CHANNEL_N_STATE_SET(htim, TIM_CHANNEL_2, HAL_TIM_CHANNEL_STATE_READY);
ARM GAS  /tmp/ccicUsXN.s 			page 32


1741:Drivers/STM32F4/Drivers/STM32F4xx_HAL_Driver/Src/stm32f4xx_hal_tim_ex.c **** 
1742:Drivers/STM32F4/Drivers/STM32F4xx_HAL_Driver/Src/stm32f4xx_hal_tim_ex.c ****   /* Return function status */
1743:Drivers/STM32F4/Drivers/STM32F4xx_HAL_Driver/Src/stm32f4xx_hal_tim_ex.c ****   return HAL_OK;
1744:Drivers/STM32F4/Drivers/STM32F4xx_HAL_Driver/Src/stm32f4xx_hal_tim_ex.c **** }
1745:Drivers/STM32F4/Drivers/STM32F4xx_HAL_Driver/Src/stm32f4xx_hal_tim_ex.c **** 
1746:Drivers/STM32F4/Drivers/STM32F4xx_HAL_Driver/Src/stm32f4xx_hal_tim_ex.c **** /**
1747:Drivers/STM32F4/Drivers/STM32F4xx_HAL_Driver/Src/stm32f4xx_hal_tim_ex.c ****   * @}
1748:Drivers/STM32F4/Drivers/STM32F4xx_HAL_Driver/Src/stm32f4xx_hal_tim_ex.c ****   */
1749:Drivers/STM32F4/Drivers/STM32F4xx_HAL_Driver/Src/stm32f4xx_hal_tim_ex.c **** 
1750:Drivers/STM32F4/Drivers/STM32F4xx_HAL_Driver/Src/stm32f4xx_hal_tim_ex.c **** /** @defgroup TIMEx_Exported_Functions_Group5 Extended Peripheral Control functions
1751:Drivers/STM32F4/Drivers/STM32F4xx_HAL_Driver/Src/stm32f4xx_hal_tim_ex.c ****   * @brief    Peripheral Control functions
1752:Drivers/STM32F4/Drivers/STM32F4xx_HAL_Driver/Src/stm32f4xx_hal_tim_ex.c ****   *
1753:Drivers/STM32F4/Drivers/STM32F4xx_HAL_Driver/Src/stm32f4xx_hal_tim_ex.c **** @verbatim
1754:Drivers/STM32F4/Drivers/STM32F4xx_HAL_Driver/Src/stm32f4xx_hal_tim_ex.c ****   ==============================================================================
1755:Drivers/STM32F4/Drivers/STM32F4xx_HAL_Driver/Src/stm32f4xx_hal_tim_ex.c ****                     ##### Peripheral Control functions #####
1756:Drivers/STM32F4/Drivers/STM32F4xx_HAL_Driver/Src/stm32f4xx_hal_tim_ex.c ****   ==============================================================================
1757:Drivers/STM32F4/Drivers/STM32F4xx_HAL_Driver/Src/stm32f4xx_hal_tim_ex.c ****   [..]
1758:Drivers/STM32F4/Drivers/STM32F4xx_HAL_Driver/Src/stm32f4xx_hal_tim_ex.c ****     This section provides functions allowing to:
1759:Drivers/STM32F4/Drivers/STM32F4xx_HAL_Driver/Src/stm32f4xx_hal_tim_ex.c ****       (+) Configure the commutation event in case of use of the Hall sensor interface.
1760:Drivers/STM32F4/Drivers/STM32F4xx_HAL_Driver/Src/stm32f4xx_hal_tim_ex.c ****       (+) Configure Output channels for OC and PWM mode.
1761:Drivers/STM32F4/Drivers/STM32F4xx_HAL_Driver/Src/stm32f4xx_hal_tim_ex.c **** 
1762:Drivers/STM32F4/Drivers/STM32F4xx_HAL_Driver/Src/stm32f4xx_hal_tim_ex.c ****       (+) Configure Complementary channels, break features and dead time.
1763:Drivers/STM32F4/Drivers/STM32F4xx_HAL_Driver/Src/stm32f4xx_hal_tim_ex.c ****       (+) Configure Master synchronization.
1764:Drivers/STM32F4/Drivers/STM32F4xx_HAL_Driver/Src/stm32f4xx_hal_tim_ex.c ****       (+) Configure timer remapping capabilities.
1765:Drivers/STM32F4/Drivers/STM32F4xx_HAL_Driver/Src/stm32f4xx_hal_tim_ex.c **** 
1766:Drivers/STM32F4/Drivers/STM32F4xx_HAL_Driver/Src/stm32f4xx_hal_tim_ex.c **** @endverbatim
1767:Drivers/STM32F4/Drivers/STM32F4xx_HAL_Driver/Src/stm32f4xx_hal_tim_ex.c ****   * @{
1768:Drivers/STM32F4/Drivers/STM32F4xx_HAL_Driver/Src/stm32f4xx_hal_tim_ex.c ****   */
1769:Drivers/STM32F4/Drivers/STM32F4xx_HAL_Driver/Src/stm32f4xx_hal_tim_ex.c **** 
1770:Drivers/STM32F4/Drivers/STM32F4xx_HAL_Driver/Src/stm32f4xx_hal_tim_ex.c **** /**
1771:Drivers/STM32F4/Drivers/STM32F4xx_HAL_Driver/Src/stm32f4xx_hal_tim_ex.c ****   * @brief  Configure the TIM commutation event sequence.
1772:Drivers/STM32F4/Drivers/STM32F4xx_HAL_Driver/Src/stm32f4xx_hal_tim_ex.c ****   * @note  This function is mandatory to use the commutation event in order to
1773:Drivers/STM32F4/Drivers/STM32F4xx_HAL_Driver/Src/stm32f4xx_hal_tim_ex.c ****   *        update the configuration at each commutation detection on the TRGI input of the Timer,
1774:Drivers/STM32F4/Drivers/STM32F4xx_HAL_Driver/Src/stm32f4xx_hal_tim_ex.c ****   *        the typical use of this feature is with the use of another Timer(interface Timer)
1775:Drivers/STM32F4/Drivers/STM32F4xx_HAL_Driver/Src/stm32f4xx_hal_tim_ex.c ****   *        configured in Hall sensor interface, this interface Timer will generate the
1776:Drivers/STM32F4/Drivers/STM32F4xx_HAL_Driver/Src/stm32f4xx_hal_tim_ex.c ****   *        commutation at its TRGO output (connected to Timer used in this function) each time
1777:Drivers/STM32F4/Drivers/STM32F4xx_HAL_Driver/Src/stm32f4xx_hal_tim_ex.c ****   *        the TI1 of the Interface Timer detect a commutation at its input TI1.
1778:Drivers/STM32F4/Drivers/STM32F4xx_HAL_Driver/Src/stm32f4xx_hal_tim_ex.c ****   * @param  htim TIM handle
1779:Drivers/STM32F4/Drivers/STM32F4xx_HAL_Driver/Src/stm32f4xx_hal_tim_ex.c ****   * @param  InputTrigger the Internal trigger corresponding to the Timer Interfacing with the Hall 
1780:Drivers/STM32F4/Drivers/STM32F4xx_HAL_Driver/Src/stm32f4xx_hal_tim_ex.c ****   *          This parameter can be one of the following values:
1781:Drivers/STM32F4/Drivers/STM32F4xx_HAL_Driver/Src/stm32f4xx_hal_tim_ex.c ****   *            @arg TIM_TS_ITR0: Internal trigger 0 selected
1782:Drivers/STM32F4/Drivers/STM32F4xx_HAL_Driver/Src/stm32f4xx_hal_tim_ex.c ****   *            @arg TIM_TS_ITR1: Internal trigger 1 selected
1783:Drivers/STM32F4/Drivers/STM32F4xx_HAL_Driver/Src/stm32f4xx_hal_tim_ex.c ****   *            @arg TIM_TS_ITR2: Internal trigger 2 selected
1784:Drivers/STM32F4/Drivers/STM32F4xx_HAL_Driver/Src/stm32f4xx_hal_tim_ex.c ****   *            @arg TIM_TS_ITR3: Internal trigger 3 selected
1785:Drivers/STM32F4/Drivers/STM32F4xx_HAL_Driver/Src/stm32f4xx_hal_tim_ex.c ****   *            @arg TIM_TS_NONE: No trigger is needed
1786:Drivers/STM32F4/Drivers/STM32F4xx_HAL_Driver/Src/stm32f4xx_hal_tim_ex.c ****   * @param  CommutationSource the Commutation Event source
1787:Drivers/STM32F4/Drivers/STM32F4xx_HAL_Driver/Src/stm32f4xx_hal_tim_ex.c ****   *          This parameter can be one of the following values:
1788:Drivers/STM32F4/Drivers/STM32F4xx_HAL_Driver/Src/stm32f4xx_hal_tim_ex.c ****   *            @arg TIM_COMMUTATION_TRGI: Commutation source is the TRGI of the Interface Timer
1789:Drivers/STM32F4/Drivers/STM32F4xx_HAL_Driver/Src/stm32f4xx_hal_tim_ex.c ****   *            @arg TIM_COMMUTATION_SOFTWARE:  Commutation source is set by software using the COMG
1790:Drivers/STM32F4/Drivers/STM32F4xx_HAL_Driver/Src/stm32f4xx_hal_tim_ex.c ****   * @retval HAL status
1791:Drivers/STM32F4/Drivers/STM32F4xx_HAL_Driver/Src/stm32f4xx_hal_tim_ex.c ****   */
1792:Drivers/STM32F4/Drivers/STM32F4xx_HAL_Driver/Src/stm32f4xx_hal_tim_ex.c **** HAL_StatusTypeDef HAL_TIMEx_ConfigCommutEvent(TIM_HandleTypeDef *htim, uint32_t  InputTrigger,
1793:Drivers/STM32F4/Drivers/STM32F4xx_HAL_Driver/Src/stm32f4xx_hal_tim_ex.c ****                                               uint32_t  CommutationSource)
1794:Drivers/STM32F4/Drivers/STM32F4xx_HAL_Driver/Src/stm32f4xx_hal_tim_ex.c **** {
1795:Drivers/STM32F4/Drivers/STM32F4xx_HAL_Driver/Src/stm32f4xx_hal_tim_ex.c ****   /* Check the parameters */
1796:Drivers/STM32F4/Drivers/STM32F4xx_HAL_Driver/Src/stm32f4xx_hal_tim_ex.c ****   assert_param(IS_TIM_COMMUTATION_EVENT_INSTANCE(htim->Instance));
1797:Drivers/STM32F4/Drivers/STM32F4xx_HAL_Driver/Src/stm32f4xx_hal_tim_ex.c ****   assert_param(IS_TIM_INTERNAL_TRIGGEREVENT_SELECTION(InputTrigger));
ARM GAS  /tmp/ccicUsXN.s 			page 33


1798:Drivers/STM32F4/Drivers/STM32F4xx_HAL_Driver/Src/stm32f4xx_hal_tim_ex.c **** 
1799:Drivers/STM32F4/Drivers/STM32F4xx_HAL_Driver/Src/stm32f4xx_hal_tim_ex.c ****   __HAL_LOCK(htim);
1800:Drivers/STM32F4/Drivers/STM32F4xx_HAL_Driver/Src/stm32f4xx_hal_tim_ex.c **** 
1801:Drivers/STM32F4/Drivers/STM32F4xx_HAL_Driver/Src/stm32f4xx_hal_tim_ex.c ****   if ((InputTrigger == TIM_TS_ITR0) || (InputTrigger == TIM_TS_ITR1) ||
1802:Drivers/STM32F4/Drivers/STM32F4xx_HAL_Driver/Src/stm32f4xx_hal_tim_ex.c ****       (InputTrigger == TIM_TS_ITR2) || (InputTrigger == TIM_TS_ITR3))
1803:Drivers/STM32F4/Drivers/STM32F4xx_HAL_Driver/Src/stm32f4xx_hal_tim_ex.c ****   {
1804:Drivers/STM32F4/Drivers/STM32F4xx_HAL_Driver/Src/stm32f4xx_hal_tim_ex.c ****     /* Select the Input trigger */
1805:Drivers/STM32F4/Drivers/STM32F4xx_HAL_Driver/Src/stm32f4xx_hal_tim_ex.c ****     htim->Instance->SMCR &= ~TIM_SMCR_TS;
1806:Drivers/STM32F4/Drivers/STM32F4xx_HAL_Driver/Src/stm32f4xx_hal_tim_ex.c ****     htim->Instance->SMCR |= InputTrigger;
1807:Drivers/STM32F4/Drivers/STM32F4xx_HAL_Driver/Src/stm32f4xx_hal_tim_ex.c ****   }
1808:Drivers/STM32F4/Drivers/STM32F4xx_HAL_Driver/Src/stm32f4xx_hal_tim_ex.c **** 
1809:Drivers/STM32F4/Drivers/STM32F4xx_HAL_Driver/Src/stm32f4xx_hal_tim_ex.c ****   /* Select the Capture Compare preload feature */
1810:Drivers/STM32F4/Drivers/STM32F4xx_HAL_Driver/Src/stm32f4xx_hal_tim_ex.c ****   htim->Instance->CR2 |= TIM_CR2_CCPC;
1811:Drivers/STM32F4/Drivers/STM32F4xx_HAL_Driver/Src/stm32f4xx_hal_tim_ex.c ****   /* Select the Commutation event source */
1812:Drivers/STM32F4/Drivers/STM32F4xx_HAL_Driver/Src/stm32f4xx_hal_tim_ex.c ****   htim->Instance->CR2 &= ~TIM_CR2_CCUS;
1813:Drivers/STM32F4/Drivers/STM32F4xx_HAL_Driver/Src/stm32f4xx_hal_tim_ex.c ****   htim->Instance->CR2 |= CommutationSource;
1814:Drivers/STM32F4/Drivers/STM32F4xx_HAL_Driver/Src/stm32f4xx_hal_tim_ex.c **** 
1815:Drivers/STM32F4/Drivers/STM32F4xx_HAL_Driver/Src/stm32f4xx_hal_tim_ex.c ****   /* Disable Commutation Interrupt */
1816:Drivers/STM32F4/Drivers/STM32F4xx_HAL_Driver/Src/stm32f4xx_hal_tim_ex.c ****   __HAL_TIM_DISABLE_IT(htim, TIM_IT_COM);
1817:Drivers/STM32F4/Drivers/STM32F4xx_HAL_Driver/Src/stm32f4xx_hal_tim_ex.c **** 
1818:Drivers/STM32F4/Drivers/STM32F4xx_HAL_Driver/Src/stm32f4xx_hal_tim_ex.c ****   /* Disable Commutation DMA request */
1819:Drivers/STM32F4/Drivers/STM32F4xx_HAL_Driver/Src/stm32f4xx_hal_tim_ex.c ****   __HAL_TIM_DISABLE_DMA(htim, TIM_DMA_COM);
1820:Drivers/STM32F4/Drivers/STM32F4xx_HAL_Driver/Src/stm32f4xx_hal_tim_ex.c **** 
1821:Drivers/STM32F4/Drivers/STM32F4xx_HAL_Driver/Src/stm32f4xx_hal_tim_ex.c ****   __HAL_UNLOCK(htim);
1822:Drivers/STM32F4/Drivers/STM32F4xx_HAL_Driver/Src/stm32f4xx_hal_tim_ex.c **** 
1823:Drivers/STM32F4/Drivers/STM32F4xx_HAL_Driver/Src/stm32f4xx_hal_tim_ex.c ****   return HAL_OK;
1824:Drivers/STM32F4/Drivers/STM32F4xx_HAL_Driver/Src/stm32f4xx_hal_tim_ex.c **** }
1825:Drivers/STM32F4/Drivers/STM32F4xx_HAL_Driver/Src/stm32f4xx_hal_tim_ex.c **** 
1826:Drivers/STM32F4/Drivers/STM32F4xx_HAL_Driver/Src/stm32f4xx_hal_tim_ex.c **** /**
1827:Drivers/STM32F4/Drivers/STM32F4xx_HAL_Driver/Src/stm32f4xx_hal_tim_ex.c ****   * @brief  Configure the TIM commutation event sequence with interrupt.
1828:Drivers/STM32F4/Drivers/STM32F4xx_HAL_Driver/Src/stm32f4xx_hal_tim_ex.c ****   * @note  This function is mandatory to use the commutation event in order to
1829:Drivers/STM32F4/Drivers/STM32F4xx_HAL_Driver/Src/stm32f4xx_hal_tim_ex.c ****   *        update the configuration at each commutation detection on the TRGI input of the Timer,
1830:Drivers/STM32F4/Drivers/STM32F4xx_HAL_Driver/Src/stm32f4xx_hal_tim_ex.c ****   *        the typical use of this feature is with the use of another Timer(interface Timer)
1831:Drivers/STM32F4/Drivers/STM32F4xx_HAL_Driver/Src/stm32f4xx_hal_tim_ex.c ****   *        configured in Hall sensor interface, this interface Timer will generate the
1832:Drivers/STM32F4/Drivers/STM32F4xx_HAL_Driver/Src/stm32f4xx_hal_tim_ex.c ****   *        commutation at its TRGO output (connected to Timer used in this function) each time
1833:Drivers/STM32F4/Drivers/STM32F4xx_HAL_Driver/Src/stm32f4xx_hal_tim_ex.c ****   *        the TI1 of the Interface Timer detect a commutation at its input TI1.
1834:Drivers/STM32F4/Drivers/STM32F4xx_HAL_Driver/Src/stm32f4xx_hal_tim_ex.c ****   * @param  htim TIM handle
1835:Drivers/STM32F4/Drivers/STM32F4xx_HAL_Driver/Src/stm32f4xx_hal_tim_ex.c ****   * @param  InputTrigger the Internal trigger corresponding to the Timer Interfacing with the Hall 
1836:Drivers/STM32F4/Drivers/STM32F4xx_HAL_Driver/Src/stm32f4xx_hal_tim_ex.c ****   *          This parameter can be one of the following values:
1837:Drivers/STM32F4/Drivers/STM32F4xx_HAL_Driver/Src/stm32f4xx_hal_tim_ex.c ****   *            @arg TIM_TS_ITR0: Internal trigger 0 selected
1838:Drivers/STM32F4/Drivers/STM32F4xx_HAL_Driver/Src/stm32f4xx_hal_tim_ex.c ****   *            @arg TIM_TS_ITR1: Internal trigger 1 selected
1839:Drivers/STM32F4/Drivers/STM32F4xx_HAL_Driver/Src/stm32f4xx_hal_tim_ex.c ****   *            @arg TIM_TS_ITR2: Internal trigger 2 selected
1840:Drivers/STM32F4/Drivers/STM32F4xx_HAL_Driver/Src/stm32f4xx_hal_tim_ex.c ****   *            @arg TIM_TS_ITR3: Internal trigger 3 selected
1841:Drivers/STM32F4/Drivers/STM32F4xx_HAL_Driver/Src/stm32f4xx_hal_tim_ex.c ****   *            @arg TIM_TS_NONE: No trigger is needed
1842:Drivers/STM32F4/Drivers/STM32F4xx_HAL_Driver/Src/stm32f4xx_hal_tim_ex.c ****   * @param  CommutationSource the Commutation Event source
1843:Drivers/STM32F4/Drivers/STM32F4xx_HAL_Driver/Src/stm32f4xx_hal_tim_ex.c ****   *          This parameter can be one of the following values:
1844:Drivers/STM32F4/Drivers/STM32F4xx_HAL_Driver/Src/stm32f4xx_hal_tim_ex.c ****   *            @arg TIM_COMMUTATION_TRGI: Commutation source is the TRGI of the Interface Timer
1845:Drivers/STM32F4/Drivers/STM32F4xx_HAL_Driver/Src/stm32f4xx_hal_tim_ex.c ****   *            @arg TIM_COMMUTATION_SOFTWARE:  Commutation source is set by software using the COMG
1846:Drivers/STM32F4/Drivers/STM32F4xx_HAL_Driver/Src/stm32f4xx_hal_tim_ex.c ****   * @retval HAL status
1847:Drivers/STM32F4/Drivers/STM32F4xx_HAL_Driver/Src/stm32f4xx_hal_tim_ex.c ****   */
1848:Drivers/STM32F4/Drivers/STM32F4xx_HAL_Driver/Src/stm32f4xx_hal_tim_ex.c **** HAL_StatusTypeDef HAL_TIMEx_ConfigCommutEvent_IT(TIM_HandleTypeDef *htim, uint32_t  InputTrigger,
1849:Drivers/STM32F4/Drivers/STM32F4xx_HAL_Driver/Src/stm32f4xx_hal_tim_ex.c ****                                                  uint32_t  CommutationSource)
1850:Drivers/STM32F4/Drivers/STM32F4xx_HAL_Driver/Src/stm32f4xx_hal_tim_ex.c **** {
1851:Drivers/STM32F4/Drivers/STM32F4xx_HAL_Driver/Src/stm32f4xx_hal_tim_ex.c ****   /* Check the parameters */
1852:Drivers/STM32F4/Drivers/STM32F4xx_HAL_Driver/Src/stm32f4xx_hal_tim_ex.c ****   assert_param(IS_TIM_COMMUTATION_EVENT_INSTANCE(htim->Instance));
1853:Drivers/STM32F4/Drivers/STM32F4xx_HAL_Driver/Src/stm32f4xx_hal_tim_ex.c ****   assert_param(IS_TIM_INTERNAL_TRIGGEREVENT_SELECTION(InputTrigger));
1854:Drivers/STM32F4/Drivers/STM32F4xx_HAL_Driver/Src/stm32f4xx_hal_tim_ex.c **** 
ARM GAS  /tmp/ccicUsXN.s 			page 34


1855:Drivers/STM32F4/Drivers/STM32F4xx_HAL_Driver/Src/stm32f4xx_hal_tim_ex.c ****   __HAL_LOCK(htim);
1856:Drivers/STM32F4/Drivers/STM32F4xx_HAL_Driver/Src/stm32f4xx_hal_tim_ex.c **** 
1857:Drivers/STM32F4/Drivers/STM32F4xx_HAL_Driver/Src/stm32f4xx_hal_tim_ex.c ****   if ((InputTrigger == TIM_TS_ITR0) || (InputTrigger == TIM_TS_ITR1) ||
1858:Drivers/STM32F4/Drivers/STM32F4xx_HAL_Driver/Src/stm32f4xx_hal_tim_ex.c ****       (InputTrigger == TIM_TS_ITR2) || (InputTrigger == TIM_TS_ITR3))
1859:Drivers/STM32F4/Drivers/STM32F4xx_HAL_Driver/Src/stm32f4xx_hal_tim_ex.c ****   {
1860:Drivers/STM32F4/Drivers/STM32F4xx_HAL_Driver/Src/stm32f4xx_hal_tim_ex.c ****     /* Select the Input trigger */
1861:Drivers/STM32F4/Drivers/STM32F4xx_HAL_Driver/Src/stm32f4xx_hal_tim_ex.c ****     htim->Instance->SMCR &= ~TIM_SMCR_TS;
1862:Drivers/STM32F4/Drivers/STM32F4xx_HAL_Driver/Src/stm32f4xx_hal_tim_ex.c ****     htim->Instance->SMCR |= InputTrigger;
1863:Drivers/STM32F4/Drivers/STM32F4xx_HAL_Driver/Src/stm32f4xx_hal_tim_ex.c ****   }
1864:Drivers/STM32F4/Drivers/STM32F4xx_HAL_Driver/Src/stm32f4xx_hal_tim_ex.c **** 
1865:Drivers/STM32F4/Drivers/STM32F4xx_HAL_Driver/Src/stm32f4xx_hal_tim_ex.c ****   /* Select the Capture Compare preload feature */
1866:Drivers/STM32F4/Drivers/STM32F4xx_HAL_Driver/Src/stm32f4xx_hal_tim_ex.c ****   htim->Instance->CR2 |= TIM_CR2_CCPC;
1867:Drivers/STM32F4/Drivers/STM32F4xx_HAL_Driver/Src/stm32f4xx_hal_tim_ex.c ****   /* Select the Commutation event source */
1868:Drivers/STM32F4/Drivers/STM32F4xx_HAL_Driver/Src/stm32f4xx_hal_tim_ex.c ****   htim->Instance->CR2 &= ~TIM_CR2_CCUS;
1869:Drivers/STM32F4/Drivers/STM32F4xx_HAL_Driver/Src/stm32f4xx_hal_tim_ex.c ****   htim->Instance->CR2 |= CommutationSource;
1870:Drivers/STM32F4/Drivers/STM32F4xx_HAL_Driver/Src/stm32f4xx_hal_tim_ex.c **** 
1871:Drivers/STM32F4/Drivers/STM32F4xx_HAL_Driver/Src/stm32f4xx_hal_tim_ex.c ****   /* Disable Commutation DMA request */
1872:Drivers/STM32F4/Drivers/STM32F4xx_HAL_Driver/Src/stm32f4xx_hal_tim_ex.c ****   __HAL_TIM_DISABLE_DMA(htim, TIM_DMA_COM);
1873:Drivers/STM32F4/Drivers/STM32F4xx_HAL_Driver/Src/stm32f4xx_hal_tim_ex.c **** 
1874:Drivers/STM32F4/Drivers/STM32F4xx_HAL_Driver/Src/stm32f4xx_hal_tim_ex.c ****   /* Enable the Commutation Interrupt */
1875:Drivers/STM32F4/Drivers/STM32F4xx_HAL_Driver/Src/stm32f4xx_hal_tim_ex.c ****   __HAL_TIM_ENABLE_IT(htim, TIM_IT_COM);
1876:Drivers/STM32F4/Drivers/STM32F4xx_HAL_Driver/Src/stm32f4xx_hal_tim_ex.c **** 
1877:Drivers/STM32F4/Drivers/STM32F4xx_HAL_Driver/Src/stm32f4xx_hal_tim_ex.c ****   __HAL_UNLOCK(htim);
1878:Drivers/STM32F4/Drivers/STM32F4xx_HAL_Driver/Src/stm32f4xx_hal_tim_ex.c **** 
1879:Drivers/STM32F4/Drivers/STM32F4xx_HAL_Driver/Src/stm32f4xx_hal_tim_ex.c ****   return HAL_OK;
1880:Drivers/STM32F4/Drivers/STM32F4xx_HAL_Driver/Src/stm32f4xx_hal_tim_ex.c **** }
1881:Drivers/STM32F4/Drivers/STM32F4xx_HAL_Driver/Src/stm32f4xx_hal_tim_ex.c **** 
1882:Drivers/STM32F4/Drivers/STM32F4xx_HAL_Driver/Src/stm32f4xx_hal_tim_ex.c **** /**
1883:Drivers/STM32F4/Drivers/STM32F4xx_HAL_Driver/Src/stm32f4xx_hal_tim_ex.c ****   * @brief  Configure the TIM commutation event sequence with DMA.
1884:Drivers/STM32F4/Drivers/STM32F4xx_HAL_Driver/Src/stm32f4xx_hal_tim_ex.c ****   * @note  This function is mandatory to use the commutation event in order to
1885:Drivers/STM32F4/Drivers/STM32F4xx_HAL_Driver/Src/stm32f4xx_hal_tim_ex.c ****   *        update the configuration at each commutation detection on the TRGI input of the Timer,
1886:Drivers/STM32F4/Drivers/STM32F4xx_HAL_Driver/Src/stm32f4xx_hal_tim_ex.c ****   *        the typical use of this feature is with the use of another Timer(interface Timer)
1887:Drivers/STM32F4/Drivers/STM32F4xx_HAL_Driver/Src/stm32f4xx_hal_tim_ex.c ****   *        configured in Hall sensor interface, this interface Timer will generate the
1888:Drivers/STM32F4/Drivers/STM32F4xx_HAL_Driver/Src/stm32f4xx_hal_tim_ex.c ****   *        commutation at its TRGO output (connected to Timer used in this function) each time
1889:Drivers/STM32F4/Drivers/STM32F4xx_HAL_Driver/Src/stm32f4xx_hal_tim_ex.c ****   *        the TI1 of the Interface Timer detect a commutation at its input TI1.
1890:Drivers/STM32F4/Drivers/STM32F4xx_HAL_Driver/Src/stm32f4xx_hal_tim_ex.c ****   * @note  The user should configure the DMA in his own software, in This function only the COMDE b
1891:Drivers/STM32F4/Drivers/STM32F4xx_HAL_Driver/Src/stm32f4xx_hal_tim_ex.c ****   * @param  htim TIM handle
1892:Drivers/STM32F4/Drivers/STM32F4xx_HAL_Driver/Src/stm32f4xx_hal_tim_ex.c ****   * @param  InputTrigger the Internal trigger corresponding to the Timer Interfacing with the Hall 
1893:Drivers/STM32F4/Drivers/STM32F4xx_HAL_Driver/Src/stm32f4xx_hal_tim_ex.c ****   *          This parameter can be one of the following values:
1894:Drivers/STM32F4/Drivers/STM32F4xx_HAL_Driver/Src/stm32f4xx_hal_tim_ex.c ****   *            @arg TIM_TS_ITR0: Internal trigger 0 selected
1895:Drivers/STM32F4/Drivers/STM32F4xx_HAL_Driver/Src/stm32f4xx_hal_tim_ex.c ****   *            @arg TIM_TS_ITR1: Internal trigger 1 selected
1896:Drivers/STM32F4/Drivers/STM32F4xx_HAL_Driver/Src/stm32f4xx_hal_tim_ex.c ****   *            @arg TIM_TS_ITR2: Internal trigger 2 selected
1897:Drivers/STM32F4/Drivers/STM32F4xx_HAL_Driver/Src/stm32f4xx_hal_tim_ex.c ****   *            @arg TIM_TS_ITR3: Internal trigger 3 selected
1898:Drivers/STM32F4/Drivers/STM32F4xx_HAL_Driver/Src/stm32f4xx_hal_tim_ex.c ****   *            @arg TIM_TS_NONE: No trigger is needed
1899:Drivers/STM32F4/Drivers/STM32F4xx_HAL_Driver/Src/stm32f4xx_hal_tim_ex.c ****   * @param  CommutationSource the Commutation Event source
1900:Drivers/STM32F4/Drivers/STM32F4xx_HAL_Driver/Src/stm32f4xx_hal_tim_ex.c ****   *          This parameter can be one of the following values:
1901:Drivers/STM32F4/Drivers/STM32F4xx_HAL_Driver/Src/stm32f4xx_hal_tim_ex.c ****   *            @arg TIM_COMMUTATION_TRGI: Commutation source is the TRGI of the Interface Timer
1902:Drivers/STM32F4/Drivers/STM32F4xx_HAL_Driver/Src/stm32f4xx_hal_tim_ex.c ****   *            @arg TIM_COMMUTATION_SOFTWARE:  Commutation source is set by software using the COMG
1903:Drivers/STM32F4/Drivers/STM32F4xx_HAL_Driver/Src/stm32f4xx_hal_tim_ex.c ****   * @retval HAL status
1904:Drivers/STM32F4/Drivers/STM32F4xx_HAL_Driver/Src/stm32f4xx_hal_tim_ex.c ****   */
1905:Drivers/STM32F4/Drivers/STM32F4xx_HAL_Driver/Src/stm32f4xx_hal_tim_ex.c **** HAL_StatusTypeDef HAL_TIMEx_ConfigCommutEvent_DMA(TIM_HandleTypeDef *htim, uint32_t  InputTrigger,
1906:Drivers/STM32F4/Drivers/STM32F4xx_HAL_Driver/Src/stm32f4xx_hal_tim_ex.c ****                                                   uint32_t  CommutationSource)
1907:Drivers/STM32F4/Drivers/STM32F4xx_HAL_Driver/Src/stm32f4xx_hal_tim_ex.c **** {
1908:Drivers/STM32F4/Drivers/STM32F4xx_HAL_Driver/Src/stm32f4xx_hal_tim_ex.c ****   /* Check the parameters */
1909:Drivers/STM32F4/Drivers/STM32F4xx_HAL_Driver/Src/stm32f4xx_hal_tim_ex.c ****   assert_param(IS_TIM_COMMUTATION_EVENT_INSTANCE(htim->Instance));
1910:Drivers/STM32F4/Drivers/STM32F4xx_HAL_Driver/Src/stm32f4xx_hal_tim_ex.c ****   assert_param(IS_TIM_INTERNAL_TRIGGEREVENT_SELECTION(InputTrigger));
1911:Drivers/STM32F4/Drivers/STM32F4xx_HAL_Driver/Src/stm32f4xx_hal_tim_ex.c **** 
ARM GAS  /tmp/ccicUsXN.s 			page 35


1912:Drivers/STM32F4/Drivers/STM32F4xx_HAL_Driver/Src/stm32f4xx_hal_tim_ex.c ****   __HAL_LOCK(htim);
1913:Drivers/STM32F4/Drivers/STM32F4xx_HAL_Driver/Src/stm32f4xx_hal_tim_ex.c **** 
1914:Drivers/STM32F4/Drivers/STM32F4xx_HAL_Driver/Src/stm32f4xx_hal_tim_ex.c ****   if ((InputTrigger == TIM_TS_ITR0) || (InputTrigger == TIM_TS_ITR1) ||
1915:Drivers/STM32F4/Drivers/STM32F4xx_HAL_Driver/Src/stm32f4xx_hal_tim_ex.c ****       (InputTrigger == TIM_TS_ITR2) || (InputTrigger == TIM_TS_ITR3))
1916:Drivers/STM32F4/Drivers/STM32F4xx_HAL_Driver/Src/stm32f4xx_hal_tim_ex.c ****   {
1917:Drivers/STM32F4/Drivers/STM32F4xx_HAL_Driver/Src/stm32f4xx_hal_tim_ex.c ****     /* Select the Input trigger */
1918:Drivers/STM32F4/Drivers/STM32F4xx_HAL_Driver/Src/stm32f4xx_hal_tim_ex.c ****     htim->Instance->SMCR &= ~TIM_SMCR_TS;
1919:Drivers/STM32F4/Drivers/STM32F4xx_HAL_Driver/Src/stm32f4xx_hal_tim_ex.c ****     htim->Instance->SMCR |= InputTrigger;
1920:Drivers/STM32F4/Drivers/STM32F4xx_HAL_Driver/Src/stm32f4xx_hal_tim_ex.c ****   }
1921:Drivers/STM32F4/Drivers/STM32F4xx_HAL_Driver/Src/stm32f4xx_hal_tim_ex.c **** 
1922:Drivers/STM32F4/Drivers/STM32F4xx_HAL_Driver/Src/stm32f4xx_hal_tim_ex.c ****   /* Select the Capture Compare preload feature */
1923:Drivers/STM32F4/Drivers/STM32F4xx_HAL_Driver/Src/stm32f4xx_hal_tim_ex.c ****   htim->Instance->CR2 |= TIM_CR2_CCPC;
1924:Drivers/STM32F4/Drivers/STM32F4xx_HAL_Driver/Src/stm32f4xx_hal_tim_ex.c ****   /* Select the Commutation event source */
1925:Drivers/STM32F4/Drivers/STM32F4xx_HAL_Driver/Src/stm32f4xx_hal_tim_ex.c ****   htim->Instance->CR2 &= ~TIM_CR2_CCUS;
1926:Drivers/STM32F4/Drivers/STM32F4xx_HAL_Driver/Src/stm32f4xx_hal_tim_ex.c ****   htim->Instance->CR2 |= CommutationSource;
1927:Drivers/STM32F4/Drivers/STM32F4xx_HAL_Driver/Src/stm32f4xx_hal_tim_ex.c **** 
1928:Drivers/STM32F4/Drivers/STM32F4xx_HAL_Driver/Src/stm32f4xx_hal_tim_ex.c ****   /* Enable the Commutation DMA Request */
1929:Drivers/STM32F4/Drivers/STM32F4xx_HAL_Driver/Src/stm32f4xx_hal_tim_ex.c ****   /* Set the DMA Commutation Callback */
1930:Drivers/STM32F4/Drivers/STM32F4xx_HAL_Driver/Src/stm32f4xx_hal_tim_ex.c ****   htim->hdma[TIM_DMA_ID_COMMUTATION]->XferCpltCallback = TIMEx_DMACommutationCplt;
1931:Drivers/STM32F4/Drivers/STM32F4xx_HAL_Driver/Src/stm32f4xx_hal_tim_ex.c ****   htim->hdma[TIM_DMA_ID_COMMUTATION]->XferHalfCpltCallback = TIMEx_DMACommutationHalfCplt;
1932:Drivers/STM32F4/Drivers/STM32F4xx_HAL_Driver/Src/stm32f4xx_hal_tim_ex.c ****   /* Set the DMA error callback */
1933:Drivers/STM32F4/Drivers/STM32F4xx_HAL_Driver/Src/stm32f4xx_hal_tim_ex.c ****   htim->hdma[TIM_DMA_ID_COMMUTATION]->XferErrorCallback = TIM_DMAError;
1934:Drivers/STM32F4/Drivers/STM32F4xx_HAL_Driver/Src/stm32f4xx_hal_tim_ex.c **** 
1935:Drivers/STM32F4/Drivers/STM32F4xx_HAL_Driver/Src/stm32f4xx_hal_tim_ex.c ****   /* Disable Commutation Interrupt */
1936:Drivers/STM32F4/Drivers/STM32F4xx_HAL_Driver/Src/stm32f4xx_hal_tim_ex.c ****   __HAL_TIM_DISABLE_IT(htim, TIM_IT_COM);
1937:Drivers/STM32F4/Drivers/STM32F4xx_HAL_Driver/Src/stm32f4xx_hal_tim_ex.c **** 
1938:Drivers/STM32F4/Drivers/STM32F4xx_HAL_Driver/Src/stm32f4xx_hal_tim_ex.c ****   /* Enable the Commutation DMA Request */
1939:Drivers/STM32F4/Drivers/STM32F4xx_HAL_Driver/Src/stm32f4xx_hal_tim_ex.c ****   __HAL_TIM_ENABLE_DMA(htim, TIM_DMA_COM);
1940:Drivers/STM32F4/Drivers/STM32F4xx_HAL_Driver/Src/stm32f4xx_hal_tim_ex.c **** 
1941:Drivers/STM32F4/Drivers/STM32F4xx_HAL_Driver/Src/stm32f4xx_hal_tim_ex.c ****   __HAL_UNLOCK(htim);
1942:Drivers/STM32F4/Drivers/STM32F4xx_HAL_Driver/Src/stm32f4xx_hal_tim_ex.c **** 
1943:Drivers/STM32F4/Drivers/STM32F4xx_HAL_Driver/Src/stm32f4xx_hal_tim_ex.c ****   return HAL_OK;
1944:Drivers/STM32F4/Drivers/STM32F4xx_HAL_Driver/Src/stm32f4xx_hal_tim_ex.c **** }
1945:Drivers/STM32F4/Drivers/STM32F4xx_HAL_Driver/Src/stm32f4xx_hal_tim_ex.c **** 
1946:Drivers/STM32F4/Drivers/STM32F4xx_HAL_Driver/Src/stm32f4xx_hal_tim_ex.c **** /**
1947:Drivers/STM32F4/Drivers/STM32F4xx_HAL_Driver/Src/stm32f4xx_hal_tim_ex.c ****   * @brief  Configures the TIM in master mode.
1948:Drivers/STM32F4/Drivers/STM32F4xx_HAL_Driver/Src/stm32f4xx_hal_tim_ex.c ****   * @param  htim TIM handle.
1949:Drivers/STM32F4/Drivers/STM32F4xx_HAL_Driver/Src/stm32f4xx_hal_tim_ex.c ****   * @param  sMasterConfig pointer to a TIM_MasterConfigTypeDef structure that
1950:Drivers/STM32F4/Drivers/STM32F4xx_HAL_Driver/Src/stm32f4xx_hal_tim_ex.c ****   *         contains the selected trigger output (TRGO) and the Master/Slave
1951:Drivers/STM32F4/Drivers/STM32F4xx_HAL_Driver/Src/stm32f4xx_hal_tim_ex.c ****   *         mode.
1952:Drivers/STM32F4/Drivers/STM32F4xx_HAL_Driver/Src/stm32f4xx_hal_tim_ex.c ****   * @retval HAL status
1953:Drivers/STM32F4/Drivers/STM32F4xx_HAL_Driver/Src/stm32f4xx_hal_tim_ex.c ****   */
1954:Drivers/STM32F4/Drivers/STM32F4xx_HAL_Driver/Src/stm32f4xx_hal_tim_ex.c **** HAL_StatusTypeDef HAL_TIMEx_MasterConfigSynchronization(TIM_HandleTypeDef *htim,
1955:Drivers/STM32F4/Drivers/STM32F4xx_HAL_Driver/Src/stm32f4xx_hal_tim_ex.c ****                                                         const TIM_MasterConfigTypeDef *sMasterConfi
1956:Drivers/STM32F4/Drivers/STM32F4xx_HAL_Driver/Src/stm32f4xx_hal_tim_ex.c **** {
1957:Drivers/STM32F4/Drivers/STM32F4xx_HAL_Driver/Src/stm32f4xx_hal_tim_ex.c ****   uint32_t tmpcr2;
1958:Drivers/STM32F4/Drivers/STM32F4xx_HAL_Driver/Src/stm32f4xx_hal_tim_ex.c ****   uint32_t tmpsmcr;
1959:Drivers/STM32F4/Drivers/STM32F4xx_HAL_Driver/Src/stm32f4xx_hal_tim_ex.c **** 
1960:Drivers/STM32F4/Drivers/STM32F4xx_HAL_Driver/Src/stm32f4xx_hal_tim_ex.c ****   /* Check the parameters */
1961:Drivers/STM32F4/Drivers/STM32F4xx_HAL_Driver/Src/stm32f4xx_hal_tim_ex.c ****   assert_param(IS_TIM_MASTER_INSTANCE(htim->Instance));
1962:Drivers/STM32F4/Drivers/STM32F4xx_HAL_Driver/Src/stm32f4xx_hal_tim_ex.c ****   assert_param(IS_TIM_TRGO_SOURCE(sMasterConfig->MasterOutputTrigger));
1963:Drivers/STM32F4/Drivers/STM32F4xx_HAL_Driver/Src/stm32f4xx_hal_tim_ex.c ****   assert_param(IS_TIM_MSM_STATE(sMasterConfig->MasterSlaveMode));
1964:Drivers/STM32F4/Drivers/STM32F4xx_HAL_Driver/Src/stm32f4xx_hal_tim_ex.c **** 
1965:Drivers/STM32F4/Drivers/STM32F4xx_HAL_Driver/Src/stm32f4xx_hal_tim_ex.c ****   /* Check input state */
1966:Drivers/STM32F4/Drivers/STM32F4xx_HAL_Driver/Src/stm32f4xx_hal_tim_ex.c ****   __HAL_LOCK(htim);
1967:Drivers/STM32F4/Drivers/STM32F4xx_HAL_Driver/Src/stm32f4xx_hal_tim_ex.c **** 
1968:Drivers/STM32F4/Drivers/STM32F4xx_HAL_Driver/Src/stm32f4xx_hal_tim_ex.c ****   /* Change the handler state */
ARM GAS  /tmp/ccicUsXN.s 			page 36


1969:Drivers/STM32F4/Drivers/STM32F4xx_HAL_Driver/Src/stm32f4xx_hal_tim_ex.c ****   htim->State = HAL_TIM_STATE_BUSY;
1970:Drivers/STM32F4/Drivers/STM32F4xx_HAL_Driver/Src/stm32f4xx_hal_tim_ex.c **** 
1971:Drivers/STM32F4/Drivers/STM32F4xx_HAL_Driver/Src/stm32f4xx_hal_tim_ex.c ****   /* Get the TIMx CR2 register value */
1972:Drivers/STM32F4/Drivers/STM32F4xx_HAL_Driver/Src/stm32f4xx_hal_tim_ex.c ****   tmpcr2 = htim->Instance->CR2;
1973:Drivers/STM32F4/Drivers/STM32F4xx_HAL_Driver/Src/stm32f4xx_hal_tim_ex.c **** 
1974:Drivers/STM32F4/Drivers/STM32F4xx_HAL_Driver/Src/stm32f4xx_hal_tim_ex.c ****   /* Get the TIMx SMCR register value */
1975:Drivers/STM32F4/Drivers/STM32F4xx_HAL_Driver/Src/stm32f4xx_hal_tim_ex.c ****   tmpsmcr = htim->Instance->SMCR;
1976:Drivers/STM32F4/Drivers/STM32F4xx_HAL_Driver/Src/stm32f4xx_hal_tim_ex.c **** 
1977:Drivers/STM32F4/Drivers/STM32F4xx_HAL_Driver/Src/stm32f4xx_hal_tim_ex.c ****   /* Reset the MMS Bits */
1978:Drivers/STM32F4/Drivers/STM32F4xx_HAL_Driver/Src/stm32f4xx_hal_tim_ex.c ****   tmpcr2 &= ~TIM_CR2_MMS;
1979:Drivers/STM32F4/Drivers/STM32F4xx_HAL_Driver/Src/stm32f4xx_hal_tim_ex.c ****   /* Select the TRGO source */
1980:Drivers/STM32F4/Drivers/STM32F4xx_HAL_Driver/Src/stm32f4xx_hal_tim_ex.c ****   tmpcr2 |=  sMasterConfig->MasterOutputTrigger;
1981:Drivers/STM32F4/Drivers/STM32F4xx_HAL_Driver/Src/stm32f4xx_hal_tim_ex.c **** 
1982:Drivers/STM32F4/Drivers/STM32F4xx_HAL_Driver/Src/stm32f4xx_hal_tim_ex.c ****   /* Update TIMx CR2 */
1983:Drivers/STM32F4/Drivers/STM32F4xx_HAL_Driver/Src/stm32f4xx_hal_tim_ex.c ****   htim->Instance->CR2 = tmpcr2;
1984:Drivers/STM32F4/Drivers/STM32F4xx_HAL_Driver/Src/stm32f4xx_hal_tim_ex.c **** 
1985:Drivers/STM32F4/Drivers/STM32F4xx_HAL_Driver/Src/stm32f4xx_hal_tim_ex.c ****   if (IS_TIM_SLAVE_INSTANCE(htim->Instance))
1986:Drivers/STM32F4/Drivers/STM32F4xx_HAL_Driver/Src/stm32f4xx_hal_tim_ex.c ****   {
1987:Drivers/STM32F4/Drivers/STM32F4xx_HAL_Driver/Src/stm32f4xx_hal_tim_ex.c ****     /* Reset the MSM Bit */
1988:Drivers/STM32F4/Drivers/STM32F4xx_HAL_Driver/Src/stm32f4xx_hal_tim_ex.c ****     tmpsmcr &= ~TIM_SMCR_MSM;
1989:Drivers/STM32F4/Drivers/STM32F4xx_HAL_Driver/Src/stm32f4xx_hal_tim_ex.c ****     /* Set master mode */
1990:Drivers/STM32F4/Drivers/STM32F4xx_HAL_Driver/Src/stm32f4xx_hal_tim_ex.c ****     tmpsmcr |= sMasterConfig->MasterSlaveMode;
1991:Drivers/STM32F4/Drivers/STM32F4xx_HAL_Driver/Src/stm32f4xx_hal_tim_ex.c **** 
1992:Drivers/STM32F4/Drivers/STM32F4xx_HAL_Driver/Src/stm32f4xx_hal_tim_ex.c ****     /* Update TIMx SMCR */
1993:Drivers/STM32F4/Drivers/STM32F4xx_HAL_Driver/Src/stm32f4xx_hal_tim_ex.c ****     htim->Instance->SMCR = tmpsmcr;
1994:Drivers/STM32F4/Drivers/STM32F4xx_HAL_Driver/Src/stm32f4xx_hal_tim_ex.c ****   }
1995:Drivers/STM32F4/Drivers/STM32F4xx_HAL_Driver/Src/stm32f4xx_hal_tim_ex.c **** 
1996:Drivers/STM32F4/Drivers/STM32F4xx_HAL_Driver/Src/stm32f4xx_hal_tim_ex.c ****   /* Change the htim state */
1997:Drivers/STM32F4/Drivers/STM32F4xx_HAL_Driver/Src/stm32f4xx_hal_tim_ex.c ****   htim->State = HAL_TIM_STATE_READY;
1998:Drivers/STM32F4/Drivers/STM32F4xx_HAL_Driver/Src/stm32f4xx_hal_tim_ex.c **** 
1999:Drivers/STM32F4/Drivers/STM32F4xx_HAL_Driver/Src/stm32f4xx_hal_tim_ex.c ****   __HAL_UNLOCK(htim);
2000:Drivers/STM32F4/Drivers/STM32F4xx_HAL_Driver/Src/stm32f4xx_hal_tim_ex.c **** 
2001:Drivers/STM32F4/Drivers/STM32F4xx_HAL_Driver/Src/stm32f4xx_hal_tim_ex.c ****   return HAL_OK;
2002:Drivers/STM32F4/Drivers/STM32F4xx_HAL_Driver/Src/stm32f4xx_hal_tim_ex.c **** }
2003:Drivers/STM32F4/Drivers/STM32F4xx_HAL_Driver/Src/stm32f4xx_hal_tim_ex.c **** 
2004:Drivers/STM32F4/Drivers/STM32F4xx_HAL_Driver/Src/stm32f4xx_hal_tim_ex.c **** /**
2005:Drivers/STM32F4/Drivers/STM32F4xx_HAL_Driver/Src/stm32f4xx_hal_tim_ex.c ****   * @brief  Configures the Break feature, dead time, Lock level, OSSI/OSSR State
2006:Drivers/STM32F4/Drivers/STM32F4xx_HAL_Driver/Src/stm32f4xx_hal_tim_ex.c ****   *         and the AOE(automatic output enable).
2007:Drivers/STM32F4/Drivers/STM32F4xx_HAL_Driver/Src/stm32f4xx_hal_tim_ex.c ****   * @param  htim TIM handle
2008:Drivers/STM32F4/Drivers/STM32F4xx_HAL_Driver/Src/stm32f4xx_hal_tim_ex.c ****   * @param  sBreakDeadTimeConfig pointer to a TIM_ConfigBreakDeadConfigTypeDef structure that
2009:Drivers/STM32F4/Drivers/STM32F4xx_HAL_Driver/Src/stm32f4xx_hal_tim_ex.c ****   *         contains the BDTR Register configuration  information for the TIM peripheral.
2010:Drivers/STM32F4/Drivers/STM32F4xx_HAL_Driver/Src/stm32f4xx_hal_tim_ex.c ****   * @note   Interrupts can be generated when an active level is detected on the
2011:Drivers/STM32F4/Drivers/STM32F4xx_HAL_Driver/Src/stm32f4xx_hal_tim_ex.c ****   *         break input, the break 2 input or the system break input. Break
2012:Drivers/STM32F4/Drivers/STM32F4xx_HAL_Driver/Src/stm32f4xx_hal_tim_ex.c ****   *         interrupt can be enabled by calling the @ref __HAL_TIM_ENABLE_IT macro.
2013:Drivers/STM32F4/Drivers/STM32F4xx_HAL_Driver/Src/stm32f4xx_hal_tim_ex.c ****   * @retval HAL status
2014:Drivers/STM32F4/Drivers/STM32F4xx_HAL_Driver/Src/stm32f4xx_hal_tim_ex.c ****   */
2015:Drivers/STM32F4/Drivers/STM32F4xx_HAL_Driver/Src/stm32f4xx_hal_tim_ex.c **** HAL_StatusTypeDef HAL_TIMEx_ConfigBreakDeadTime(TIM_HandleTypeDef *htim,
2016:Drivers/STM32F4/Drivers/STM32F4xx_HAL_Driver/Src/stm32f4xx_hal_tim_ex.c ****                                                 const TIM_BreakDeadTimeConfigTypeDef *sBreakDeadTim
2017:Drivers/STM32F4/Drivers/STM32F4xx_HAL_Driver/Src/stm32f4xx_hal_tim_ex.c **** {
2018:Drivers/STM32F4/Drivers/STM32F4xx_HAL_Driver/Src/stm32f4xx_hal_tim_ex.c ****   /* Keep this variable initialized to 0 as it is used to configure BDTR register */
2019:Drivers/STM32F4/Drivers/STM32F4xx_HAL_Driver/Src/stm32f4xx_hal_tim_ex.c ****   uint32_t tmpbdtr = 0U;
2020:Drivers/STM32F4/Drivers/STM32F4xx_HAL_Driver/Src/stm32f4xx_hal_tim_ex.c **** 
2021:Drivers/STM32F4/Drivers/STM32F4xx_HAL_Driver/Src/stm32f4xx_hal_tim_ex.c ****   /* Check the parameters */
2022:Drivers/STM32F4/Drivers/STM32F4xx_HAL_Driver/Src/stm32f4xx_hal_tim_ex.c ****   assert_param(IS_TIM_BREAK_INSTANCE(htim->Instance));
2023:Drivers/STM32F4/Drivers/STM32F4xx_HAL_Driver/Src/stm32f4xx_hal_tim_ex.c ****   assert_param(IS_TIM_OSSR_STATE(sBreakDeadTimeConfig->OffStateRunMode));
2024:Drivers/STM32F4/Drivers/STM32F4xx_HAL_Driver/Src/stm32f4xx_hal_tim_ex.c ****   assert_param(IS_TIM_OSSI_STATE(sBreakDeadTimeConfig->OffStateIDLEMode));
2025:Drivers/STM32F4/Drivers/STM32F4xx_HAL_Driver/Src/stm32f4xx_hal_tim_ex.c ****   assert_param(IS_TIM_LOCK_LEVEL(sBreakDeadTimeConfig->LockLevel));
ARM GAS  /tmp/ccicUsXN.s 			page 37


2026:Drivers/STM32F4/Drivers/STM32F4xx_HAL_Driver/Src/stm32f4xx_hal_tim_ex.c ****   assert_param(IS_TIM_DEADTIME(sBreakDeadTimeConfig->DeadTime));
2027:Drivers/STM32F4/Drivers/STM32F4xx_HAL_Driver/Src/stm32f4xx_hal_tim_ex.c ****   assert_param(IS_TIM_BREAK_STATE(sBreakDeadTimeConfig->BreakState));
2028:Drivers/STM32F4/Drivers/STM32F4xx_HAL_Driver/Src/stm32f4xx_hal_tim_ex.c ****   assert_param(IS_TIM_BREAK_POLARITY(sBreakDeadTimeConfig->BreakPolarity));
2029:Drivers/STM32F4/Drivers/STM32F4xx_HAL_Driver/Src/stm32f4xx_hal_tim_ex.c ****   assert_param(IS_TIM_AUTOMATIC_OUTPUT_STATE(sBreakDeadTimeConfig->AutomaticOutput));
2030:Drivers/STM32F4/Drivers/STM32F4xx_HAL_Driver/Src/stm32f4xx_hal_tim_ex.c **** 
2031:Drivers/STM32F4/Drivers/STM32F4xx_HAL_Driver/Src/stm32f4xx_hal_tim_ex.c ****   /* Check input state */
2032:Drivers/STM32F4/Drivers/STM32F4xx_HAL_Driver/Src/stm32f4xx_hal_tim_ex.c ****   __HAL_LOCK(htim);
2033:Drivers/STM32F4/Drivers/STM32F4xx_HAL_Driver/Src/stm32f4xx_hal_tim_ex.c **** 
2034:Drivers/STM32F4/Drivers/STM32F4xx_HAL_Driver/Src/stm32f4xx_hal_tim_ex.c ****   /* Set the Lock level, the Break enable Bit and the Polarity, the OSSR State,
2035:Drivers/STM32F4/Drivers/STM32F4xx_HAL_Driver/Src/stm32f4xx_hal_tim_ex.c ****      the OSSI State, the dead time value and the Automatic Output Enable Bit */
2036:Drivers/STM32F4/Drivers/STM32F4xx_HAL_Driver/Src/stm32f4xx_hal_tim_ex.c **** 
2037:Drivers/STM32F4/Drivers/STM32F4xx_HAL_Driver/Src/stm32f4xx_hal_tim_ex.c ****   /* Set the BDTR bits */
2038:Drivers/STM32F4/Drivers/STM32F4xx_HAL_Driver/Src/stm32f4xx_hal_tim_ex.c ****   MODIFY_REG(tmpbdtr, TIM_BDTR_DTG, sBreakDeadTimeConfig->DeadTime);
2039:Drivers/STM32F4/Drivers/STM32F4xx_HAL_Driver/Src/stm32f4xx_hal_tim_ex.c ****   MODIFY_REG(tmpbdtr, TIM_BDTR_LOCK, sBreakDeadTimeConfig->LockLevel);
2040:Drivers/STM32F4/Drivers/STM32F4xx_HAL_Driver/Src/stm32f4xx_hal_tim_ex.c ****   MODIFY_REG(tmpbdtr, TIM_BDTR_OSSI, sBreakDeadTimeConfig->OffStateIDLEMode);
2041:Drivers/STM32F4/Drivers/STM32F4xx_HAL_Driver/Src/stm32f4xx_hal_tim_ex.c ****   MODIFY_REG(tmpbdtr, TIM_BDTR_OSSR, sBreakDeadTimeConfig->OffStateRunMode);
2042:Drivers/STM32F4/Drivers/STM32F4xx_HAL_Driver/Src/stm32f4xx_hal_tim_ex.c ****   MODIFY_REG(tmpbdtr, TIM_BDTR_BKE, sBreakDeadTimeConfig->BreakState);
2043:Drivers/STM32F4/Drivers/STM32F4xx_HAL_Driver/Src/stm32f4xx_hal_tim_ex.c ****   MODIFY_REG(tmpbdtr, TIM_BDTR_BKP, sBreakDeadTimeConfig->BreakPolarity);
2044:Drivers/STM32F4/Drivers/STM32F4xx_HAL_Driver/Src/stm32f4xx_hal_tim_ex.c ****   MODIFY_REG(tmpbdtr, TIM_BDTR_AOE, sBreakDeadTimeConfig->AutomaticOutput);
2045:Drivers/STM32F4/Drivers/STM32F4xx_HAL_Driver/Src/stm32f4xx_hal_tim_ex.c **** 
2046:Drivers/STM32F4/Drivers/STM32F4xx_HAL_Driver/Src/stm32f4xx_hal_tim_ex.c **** 
2047:Drivers/STM32F4/Drivers/STM32F4xx_HAL_Driver/Src/stm32f4xx_hal_tim_ex.c ****   /* Set TIMx_BDTR */
2048:Drivers/STM32F4/Drivers/STM32F4xx_HAL_Driver/Src/stm32f4xx_hal_tim_ex.c ****   htim->Instance->BDTR = tmpbdtr;
2049:Drivers/STM32F4/Drivers/STM32F4xx_HAL_Driver/Src/stm32f4xx_hal_tim_ex.c **** 
2050:Drivers/STM32F4/Drivers/STM32F4xx_HAL_Driver/Src/stm32f4xx_hal_tim_ex.c ****   __HAL_UNLOCK(htim);
2051:Drivers/STM32F4/Drivers/STM32F4xx_HAL_Driver/Src/stm32f4xx_hal_tim_ex.c **** 
2052:Drivers/STM32F4/Drivers/STM32F4xx_HAL_Driver/Src/stm32f4xx_hal_tim_ex.c ****   return HAL_OK;
2053:Drivers/STM32F4/Drivers/STM32F4xx_HAL_Driver/Src/stm32f4xx_hal_tim_ex.c **** }
2054:Drivers/STM32F4/Drivers/STM32F4xx_HAL_Driver/Src/stm32f4xx_hal_tim_ex.c **** 
2055:Drivers/STM32F4/Drivers/STM32F4xx_HAL_Driver/Src/stm32f4xx_hal_tim_ex.c **** /**
2056:Drivers/STM32F4/Drivers/STM32F4xx_HAL_Driver/Src/stm32f4xx_hal_tim_ex.c ****   * @brief  Configures the TIMx Remapping input capabilities.
2057:Drivers/STM32F4/Drivers/STM32F4xx_HAL_Driver/Src/stm32f4xx_hal_tim_ex.c ****   * @param  htim TIM handle.
2058:Drivers/STM32F4/Drivers/STM32F4xx_HAL_Driver/Src/stm32f4xx_hal_tim_ex.c ****   * @param  Remap specifies the TIM remapping source.
2059:Drivers/STM32F4/Drivers/STM32F4xx_HAL_Driver/Src/stm32f4xx_hal_tim_ex.c ****   *         For TIM1, the parameter can have the following values:                   (**)
2060:Drivers/STM32F4/Drivers/STM32F4xx_HAL_Driver/Src/stm32f4xx_hal_tim_ex.c ****   *           @arg TIM_TIM1_TIM3_TRGO:  TIM1 ITR2 is connected to TIM3 TRGO
2061:Drivers/STM32F4/Drivers/STM32F4xx_HAL_Driver/Src/stm32f4xx_hal_tim_ex.c ****   *           @arg TIM_TIM1_LPTIM:      TIM1 ITR2 is connected to LPTIM1 output
2062:Drivers/STM32F4/Drivers/STM32F4xx_HAL_Driver/Src/stm32f4xx_hal_tim_ex.c ****   *
2063:Drivers/STM32F4/Drivers/STM32F4xx_HAL_Driver/Src/stm32f4xx_hal_tim_ex.c ****   *         For TIM2, the parameter can have the following values:                   (**)
2064:Drivers/STM32F4/Drivers/STM32F4xx_HAL_Driver/Src/stm32f4xx_hal_tim_ex.c ****   *           @arg TIM_TIM2_TIM8_TRGO:  TIM2 ITR1 is connected to TIM8 TRGO          (*)
2065:Drivers/STM32F4/Drivers/STM32F4xx_HAL_Driver/Src/stm32f4xx_hal_tim_ex.c ****   *           @arg TIM_TIM2_ETH_PTP:    TIM2 ITR1 is connected to PTP trigger output (*)
2066:Drivers/STM32F4/Drivers/STM32F4xx_HAL_Driver/Src/stm32f4xx_hal_tim_ex.c ****   *           @arg TIM_TIM2_USBFS_SOF:  TIM2 ITR1 is connected to OTG FS SOF
2067:Drivers/STM32F4/Drivers/STM32F4xx_HAL_Driver/Src/stm32f4xx_hal_tim_ex.c ****   *           @arg TIM_TIM2_USBHS_SOF:  TIM2 ITR1 is connected to OTG FS SOF
2068:Drivers/STM32F4/Drivers/STM32F4xx_HAL_Driver/Src/stm32f4xx_hal_tim_ex.c ****   *
2069:Drivers/STM32F4/Drivers/STM32F4xx_HAL_Driver/Src/stm32f4xx_hal_tim_ex.c ****   *         For TIM5, the parameter can have the following values:
2070:Drivers/STM32F4/Drivers/STM32F4xx_HAL_Driver/Src/stm32f4xx_hal_tim_ex.c ****   *           @arg TIM_TIM5_GPIO:       TIM5 TI4 is connected to GPIO
2071:Drivers/STM32F4/Drivers/STM32F4xx_HAL_Driver/Src/stm32f4xx_hal_tim_ex.c ****   *           @arg TIM_TIM5_LSI:        TIM5 TI4 is connected to LSI
2072:Drivers/STM32F4/Drivers/STM32F4xx_HAL_Driver/Src/stm32f4xx_hal_tim_ex.c ****   *           @arg TIM_TIM5_LSE:        TIM5 TI4 is connected to LSE
2073:Drivers/STM32F4/Drivers/STM32F4xx_HAL_Driver/Src/stm32f4xx_hal_tim_ex.c ****   *           @arg TIM_TIM5_RTC:        TIM5 TI4 is connected to the RTC wakeup interrupt
2074:Drivers/STM32F4/Drivers/STM32F4xx_HAL_Driver/Src/stm32f4xx_hal_tim_ex.c ****   *           @arg TIM_TIM5_TIM3_TRGO:  TIM5 ITR1 is connected to TIM3 TRGO          (*)
2075:Drivers/STM32F4/Drivers/STM32F4xx_HAL_Driver/Src/stm32f4xx_hal_tim_ex.c ****   *           @arg TIM_TIM5_LPTIM:      TIM5 ITR1 is connected to LPTIM1 output      (*)
2076:Drivers/STM32F4/Drivers/STM32F4xx_HAL_Driver/Src/stm32f4xx_hal_tim_ex.c ****   *
2077:Drivers/STM32F4/Drivers/STM32F4xx_HAL_Driver/Src/stm32f4xx_hal_tim_ex.c ****   *         For TIM9, the parameter can have the following values:                   (**)
2078:Drivers/STM32F4/Drivers/STM32F4xx_HAL_Driver/Src/stm32f4xx_hal_tim_ex.c ****   *           @arg TIM_TIM9_TIM3_TRGO:  TIM9 ITR1 is connected to TIM3 TRGO
2079:Drivers/STM32F4/Drivers/STM32F4xx_HAL_Driver/Src/stm32f4xx_hal_tim_ex.c ****   *           @arg TIM_TIM9_LPTIM:      TIM9 ITR1 is connected to LPTIM1 output
2080:Drivers/STM32F4/Drivers/STM32F4xx_HAL_Driver/Src/stm32f4xx_hal_tim_ex.c ****   *
2081:Drivers/STM32F4/Drivers/STM32F4xx_HAL_Driver/Src/stm32f4xx_hal_tim_ex.c ****   *         For TIM11, the parameter can have the following values:
2082:Drivers/STM32F4/Drivers/STM32F4xx_HAL_Driver/Src/stm32f4xx_hal_tim_ex.c ****   *           @arg TIM_TIM11_GPIO:     TIM11 TI1 is connected to GPIO
ARM GAS  /tmp/ccicUsXN.s 			page 38


2083:Drivers/STM32F4/Drivers/STM32F4xx_HAL_Driver/Src/stm32f4xx_hal_tim_ex.c ****   *           @arg TIM_TIM11_HSE:      TIM11 TI1 is connected to HSE_RTC clock
2084:Drivers/STM32F4/Drivers/STM32F4xx_HAL_Driver/Src/stm32f4xx_hal_tim_ex.c ****   *           @arg TIM_TIM11_SPDIFRX:  TIM11 TI1 is connected to SPDIFRX_FRAME_SYNC  (*)
2085:Drivers/STM32F4/Drivers/STM32F4xx_HAL_Driver/Src/stm32f4xx_hal_tim_ex.c ****   *
2086:Drivers/STM32F4/Drivers/STM32F4xx_HAL_Driver/Src/stm32f4xx_hal_tim_ex.c ****   *         (*)  Value not defined in all devices. \n
2087:Drivers/STM32F4/Drivers/STM32F4xx_HAL_Driver/Src/stm32f4xx_hal_tim_ex.c ****   *         (**) Register not available in all devices.
2088:Drivers/STM32F4/Drivers/STM32F4xx_HAL_Driver/Src/stm32f4xx_hal_tim_ex.c ****   *
2089:Drivers/STM32F4/Drivers/STM32F4xx_HAL_Driver/Src/stm32f4xx_hal_tim_ex.c ****   * @retval HAL status
2090:Drivers/STM32F4/Drivers/STM32F4xx_HAL_Driver/Src/stm32f4xx_hal_tim_ex.c ****   */
2091:Drivers/STM32F4/Drivers/STM32F4xx_HAL_Driver/Src/stm32f4xx_hal_tim_ex.c **** HAL_StatusTypeDef HAL_TIMEx_RemapConfig(TIM_HandleTypeDef *htim, uint32_t Remap)
2092:Drivers/STM32F4/Drivers/STM32F4xx_HAL_Driver/Src/stm32f4xx_hal_tim_ex.c **** {
2093:Drivers/STM32F4/Drivers/STM32F4xx_HAL_Driver/Src/stm32f4xx_hal_tim_ex.c ****   /* Check parameters */
2094:Drivers/STM32F4/Drivers/STM32F4xx_HAL_Driver/Src/stm32f4xx_hal_tim_ex.c ****   assert_param(IS_TIM_REMAP(htim->Instance, Remap));
2095:Drivers/STM32F4/Drivers/STM32F4xx_HAL_Driver/Src/stm32f4xx_hal_tim_ex.c **** 
2096:Drivers/STM32F4/Drivers/STM32F4xx_HAL_Driver/Src/stm32f4xx_hal_tim_ex.c ****   __HAL_LOCK(htim);
2097:Drivers/STM32F4/Drivers/STM32F4xx_HAL_Driver/Src/stm32f4xx_hal_tim_ex.c **** 
2098:Drivers/STM32F4/Drivers/STM32F4xx_HAL_Driver/Src/stm32f4xx_hal_tim_ex.c **** #if defined(LPTIM_OR_TIM1_ITR2_RMP) && defined(LPTIM_OR_TIM5_ITR1_RMP) && defined(LPTIM_OR_TIM9_ITR
2099:Drivers/STM32F4/Drivers/STM32F4xx_HAL_Driver/Src/stm32f4xx_hal_tim_ex.c ****   if ((Remap & LPTIM_REMAP_MASK) == LPTIM_REMAP_MASK)
2100:Drivers/STM32F4/Drivers/STM32F4xx_HAL_Driver/Src/stm32f4xx_hal_tim_ex.c ****   {
2101:Drivers/STM32F4/Drivers/STM32F4xx_HAL_Driver/Src/stm32f4xx_hal_tim_ex.c ****     /* Connect TIMx internal trigger to LPTIM1 output */
2102:Drivers/STM32F4/Drivers/STM32F4xx_HAL_Driver/Src/stm32f4xx_hal_tim_ex.c ****     __HAL_RCC_LPTIM1_CLK_ENABLE();
2103:Drivers/STM32F4/Drivers/STM32F4xx_HAL_Driver/Src/stm32f4xx_hal_tim_ex.c ****     MODIFY_REG(LPTIM1->OR,
2104:Drivers/STM32F4/Drivers/STM32F4xx_HAL_Driver/Src/stm32f4xx_hal_tim_ex.c ****                (LPTIM_OR_TIM1_ITR2_RMP | LPTIM_OR_TIM5_ITR1_RMP | LPTIM_OR_TIM9_ITR1_RMP),
2105:Drivers/STM32F4/Drivers/STM32F4xx_HAL_Driver/Src/stm32f4xx_hal_tim_ex.c ****                Remap & ~(LPTIM_REMAP_MASK));
2106:Drivers/STM32F4/Drivers/STM32F4xx_HAL_Driver/Src/stm32f4xx_hal_tim_ex.c ****   }
2107:Drivers/STM32F4/Drivers/STM32F4xx_HAL_Driver/Src/stm32f4xx_hal_tim_ex.c ****   else
2108:Drivers/STM32F4/Drivers/STM32F4xx_HAL_Driver/Src/stm32f4xx_hal_tim_ex.c ****   {
2109:Drivers/STM32F4/Drivers/STM32F4xx_HAL_Driver/Src/stm32f4xx_hal_tim_ex.c ****     /* Set the Timer remapping configuration */
2110:Drivers/STM32F4/Drivers/STM32F4xx_HAL_Driver/Src/stm32f4xx_hal_tim_ex.c ****     WRITE_REG(htim->Instance->OR, Remap);
2111:Drivers/STM32F4/Drivers/STM32F4xx_HAL_Driver/Src/stm32f4xx_hal_tim_ex.c ****   }
2112:Drivers/STM32F4/Drivers/STM32F4xx_HAL_Driver/Src/stm32f4xx_hal_tim_ex.c **** #else
2113:Drivers/STM32F4/Drivers/STM32F4xx_HAL_Driver/Src/stm32f4xx_hal_tim_ex.c ****   /* Set the Timer remapping configuration */
2114:Drivers/STM32F4/Drivers/STM32F4xx_HAL_Driver/Src/stm32f4xx_hal_tim_ex.c ****   WRITE_REG(htim->Instance->OR, Remap);
2115:Drivers/STM32F4/Drivers/STM32F4xx_HAL_Driver/Src/stm32f4xx_hal_tim_ex.c **** #endif /* LPTIM_OR_TIM1_ITR2_RMP &&  LPTIM_OR_TIM5_ITR1_RMP && LPTIM_OR_TIM9_ITR1_RMP */
2116:Drivers/STM32F4/Drivers/STM32F4xx_HAL_Driver/Src/stm32f4xx_hal_tim_ex.c **** 
2117:Drivers/STM32F4/Drivers/STM32F4xx_HAL_Driver/Src/stm32f4xx_hal_tim_ex.c ****   __HAL_UNLOCK(htim);
2118:Drivers/STM32F4/Drivers/STM32F4xx_HAL_Driver/Src/stm32f4xx_hal_tim_ex.c **** 
2119:Drivers/STM32F4/Drivers/STM32F4xx_HAL_Driver/Src/stm32f4xx_hal_tim_ex.c ****   return HAL_OK;
2120:Drivers/STM32F4/Drivers/STM32F4xx_HAL_Driver/Src/stm32f4xx_hal_tim_ex.c **** }
2121:Drivers/STM32F4/Drivers/STM32F4xx_HAL_Driver/Src/stm32f4xx_hal_tim_ex.c **** 
2122:Drivers/STM32F4/Drivers/STM32F4xx_HAL_Driver/Src/stm32f4xx_hal_tim_ex.c **** /**
2123:Drivers/STM32F4/Drivers/STM32F4xx_HAL_Driver/Src/stm32f4xx_hal_tim_ex.c ****   * @}
2124:Drivers/STM32F4/Drivers/STM32F4xx_HAL_Driver/Src/stm32f4xx_hal_tim_ex.c ****   */
2125:Drivers/STM32F4/Drivers/STM32F4xx_HAL_Driver/Src/stm32f4xx_hal_tim_ex.c **** 
2126:Drivers/STM32F4/Drivers/STM32F4xx_HAL_Driver/Src/stm32f4xx_hal_tim_ex.c **** /** @defgroup TIMEx_Exported_Functions_Group6 Extended Callbacks functions
2127:Drivers/STM32F4/Drivers/STM32F4xx_HAL_Driver/Src/stm32f4xx_hal_tim_ex.c ****   * @brief    Extended Callbacks functions
2128:Drivers/STM32F4/Drivers/STM32F4xx_HAL_Driver/Src/stm32f4xx_hal_tim_ex.c ****   *
2129:Drivers/STM32F4/Drivers/STM32F4xx_HAL_Driver/Src/stm32f4xx_hal_tim_ex.c **** @verbatim
2130:Drivers/STM32F4/Drivers/STM32F4xx_HAL_Driver/Src/stm32f4xx_hal_tim_ex.c ****   ==============================================================================
2131:Drivers/STM32F4/Drivers/STM32F4xx_HAL_Driver/Src/stm32f4xx_hal_tim_ex.c ****                     ##### Extended Callbacks functions #####
2132:Drivers/STM32F4/Drivers/STM32F4xx_HAL_Driver/Src/stm32f4xx_hal_tim_ex.c ****   ==============================================================================
2133:Drivers/STM32F4/Drivers/STM32F4xx_HAL_Driver/Src/stm32f4xx_hal_tim_ex.c ****   [..]
2134:Drivers/STM32F4/Drivers/STM32F4xx_HAL_Driver/Src/stm32f4xx_hal_tim_ex.c ****     This section provides Extended TIM callback functions:
2135:Drivers/STM32F4/Drivers/STM32F4xx_HAL_Driver/Src/stm32f4xx_hal_tim_ex.c ****     (+) Timer Commutation callback
2136:Drivers/STM32F4/Drivers/STM32F4xx_HAL_Driver/Src/stm32f4xx_hal_tim_ex.c ****     (+) Timer Break callback
2137:Drivers/STM32F4/Drivers/STM32F4xx_HAL_Driver/Src/stm32f4xx_hal_tim_ex.c **** 
2138:Drivers/STM32F4/Drivers/STM32F4xx_HAL_Driver/Src/stm32f4xx_hal_tim_ex.c **** @endverbatim
2139:Drivers/STM32F4/Drivers/STM32F4xx_HAL_Driver/Src/stm32f4xx_hal_tim_ex.c ****   * @{
ARM GAS  /tmp/ccicUsXN.s 			page 39


2140:Drivers/STM32F4/Drivers/STM32F4xx_HAL_Driver/Src/stm32f4xx_hal_tim_ex.c ****   */
2141:Drivers/STM32F4/Drivers/STM32F4xx_HAL_Driver/Src/stm32f4xx_hal_tim_ex.c **** 
2142:Drivers/STM32F4/Drivers/STM32F4xx_HAL_Driver/Src/stm32f4xx_hal_tim_ex.c **** /**
2143:Drivers/STM32F4/Drivers/STM32F4xx_HAL_Driver/Src/stm32f4xx_hal_tim_ex.c ****   * @brief  Commutation callback in non-blocking mode
2144:Drivers/STM32F4/Drivers/STM32F4xx_HAL_Driver/Src/stm32f4xx_hal_tim_ex.c ****   * @param  htim TIM handle
2145:Drivers/STM32F4/Drivers/STM32F4xx_HAL_Driver/Src/stm32f4xx_hal_tim_ex.c ****   * @retval None
2146:Drivers/STM32F4/Drivers/STM32F4xx_HAL_Driver/Src/stm32f4xx_hal_tim_ex.c ****   */
2147:Drivers/STM32F4/Drivers/STM32F4xx_HAL_Driver/Src/stm32f4xx_hal_tim_ex.c **** __weak void HAL_TIMEx_CommutCallback(TIM_HandleTypeDef *htim)
2148:Drivers/STM32F4/Drivers/STM32F4xx_HAL_Driver/Src/stm32f4xx_hal_tim_ex.c **** {
2149:Drivers/STM32F4/Drivers/STM32F4xx_HAL_Driver/Src/stm32f4xx_hal_tim_ex.c ****   /* Prevent unused argument(s) compilation warning */
2150:Drivers/STM32F4/Drivers/STM32F4xx_HAL_Driver/Src/stm32f4xx_hal_tim_ex.c ****   UNUSED(htim);
2151:Drivers/STM32F4/Drivers/STM32F4xx_HAL_Driver/Src/stm32f4xx_hal_tim_ex.c **** 
2152:Drivers/STM32F4/Drivers/STM32F4xx_HAL_Driver/Src/stm32f4xx_hal_tim_ex.c ****   /* NOTE : This function should not be modified, when the callback is needed,
2153:Drivers/STM32F4/Drivers/STM32F4xx_HAL_Driver/Src/stm32f4xx_hal_tim_ex.c ****             the HAL_TIMEx_CommutCallback could be implemented in the user file
2154:Drivers/STM32F4/Drivers/STM32F4xx_HAL_Driver/Src/stm32f4xx_hal_tim_ex.c ****    */
2155:Drivers/STM32F4/Drivers/STM32F4xx_HAL_Driver/Src/stm32f4xx_hal_tim_ex.c **** }
2156:Drivers/STM32F4/Drivers/STM32F4xx_HAL_Driver/Src/stm32f4xx_hal_tim_ex.c **** /**
2157:Drivers/STM32F4/Drivers/STM32F4xx_HAL_Driver/Src/stm32f4xx_hal_tim_ex.c ****   * @brief  Commutation half complete callback in non-blocking mode
2158:Drivers/STM32F4/Drivers/STM32F4xx_HAL_Driver/Src/stm32f4xx_hal_tim_ex.c ****   * @param  htim TIM handle
2159:Drivers/STM32F4/Drivers/STM32F4xx_HAL_Driver/Src/stm32f4xx_hal_tim_ex.c ****   * @retval None
2160:Drivers/STM32F4/Drivers/STM32F4xx_HAL_Driver/Src/stm32f4xx_hal_tim_ex.c ****   */
2161:Drivers/STM32F4/Drivers/STM32F4xx_HAL_Driver/Src/stm32f4xx_hal_tim_ex.c **** __weak void HAL_TIMEx_CommutHalfCpltCallback(TIM_HandleTypeDef *htim)
2162:Drivers/STM32F4/Drivers/STM32F4xx_HAL_Driver/Src/stm32f4xx_hal_tim_ex.c **** {
2163:Drivers/STM32F4/Drivers/STM32F4xx_HAL_Driver/Src/stm32f4xx_hal_tim_ex.c ****   /* Prevent unused argument(s) compilation warning */
2164:Drivers/STM32F4/Drivers/STM32F4xx_HAL_Driver/Src/stm32f4xx_hal_tim_ex.c ****   UNUSED(htim);
2165:Drivers/STM32F4/Drivers/STM32F4xx_HAL_Driver/Src/stm32f4xx_hal_tim_ex.c **** 
2166:Drivers/STM32F4/Drivers/STM32F4xx_HAL_Driver/Src/stm32f4xx_hal_tim_ex.c ****   /* NOTE : This function should not be modified, when the callback is needed,
2167:Drivers/STM32F4/Drivers/STM32F4xx_HAL_Driver/Src/stm32f4xx_hal_tim_ex.c ****             the HAL_TIMEx_CommutHalfCpltCallback could be implemented in the user file
2168:Drivers/STM32F4/Drivers/STM32F4xx_HAL_Driver/Src/stm32f4xx_hal_tim_ex.c ****    */
2169:Drivers/STM32F4/Drivers/STM32F4xx_HAL_Driver/Src/stm32f4xx_hal_tim_ex.c **** }
2170:Drivers/STM32F4/Drivers/STM32F4xx_HAL_Driver/Src/stm32f4xx_hal_tim_ex.c **** 
2171:Drivers/STM32F4/Drivers/STM32F4xx_HAL_Driver/Src/stm32f4xx_hal_tim_ex.c **** /**
2172:Drivers/STM32F4/Drivers/STM32F4xx_HAL_Driver/Src/stm32f4xx_hal_tim_ex.c ****   * @brief  Break detection callback in non-blocking mode
2173:Drivers/STM32F4/Drivers/STM32F4xx_HAL_Driver/Src/stm32f4xx_hal_tim_ex.c ****   * @param  htim TIM handle
2174:Drivers/STM32F4/Drivers/STM32F4xx_HAL_Driver/Src/stm32f4xx_hal_tim_ex.c ****   * @retval None
2175:Drivers/STM32F4/Drivers/STM32F4xx_HAL_Driver/Src/stm32f4xx_hal_tim_ex.c ****   */
2176:Drivers/STM32F4/Drivers/STM32F4xx_HAL_Driver/Src/stm32f4xx_hal_tim_ex.c **** __weak void HAL_TIMEx_BreakCallback(TIM_HandleTypeDef *htim)
2177:Drivers/STM32F4/Drivers/STM32F4xx_HAL_Driver/Src/stm32f4xx_hal_tim_ex.c **** {
2178:Drivers/STM32F4/Drivers/STM32F4xx_HAL_Driver/Src/stm32f4xx_hal_tim_ex.c ****   /* Prevent unused argument(s) compilation warning */
2179:Drivers/STM32F4/Drivers/STM32F4xx_HAL_Driver/Src/stm32f4xx_hal_tim_ex.c ****   UNUSED(htim);
2180:Drivers/STM32F4/Drivers/STM32F4xx_HAL_Driver/Src/stm32f4xx_hal_tim_ex.c **** 
2181:Drivers/STM32F4/Drivers/STM32F4xx_HAL_Driver/Src/stm32f4xx_hal_tim_ex.c ****   /* NOTE : This function should not be modified, when the callback is needed,
2182:Drivers/STM32F4/Drivers/STM32F4xx_HAL_Driver/Src/stm32f4xx_hal_tim_ex.c ****             the HAL_TIMEx_BreakCallback could be implemented in the user file
2183:Drivers/STM32F4/Drivers/STM32F4xx_HAL_Driver/Src/stm32f4xx_hal_tim_ex.c ****    */
2184:Drivers/STM32F4/Drivers/STM32F4xx_HAL_Driver/Src/stm32f4xx_hal_tim_ex.c **** }
2185:Drivers/STM32F4/Drivers/STM32F4xx_HAL_Driver/Src/stm32f4xx_hal_tim_ex.c **** /**
2186:Drivers/STM32F4/Drivers/STM32F4xx_HAL_Driver/Src/stm32f4xx_hal_tim_ex.c ****   * @}
2187:Drivers/STM32F4/Drivers/STM32F4xx_HAL_Driver/Src/stm32f4xx_hal_tim_ex.c ****   */
2188:Drivers/STM32F4/Drivers/STM32F4xx_HAL_Driver/Src/stm32f4xx_hal_tim_ex.c **** 
2189:Drivers/STM32F4/Drivers/STM32F4xx_HAL_Driver/Src/stm32f4xx_hal_tim_ex.c **** /** @defgroup TIMEx_Exported_Functions_Group7 Extended Peripheral State functions
2190:Drivers/STM32F4/Drivers/STM32F4xx_HAL_Driver/Src/stm32f4xx_hal_tim_ex.c ****   * @brief    Extended Peripheral State functions
2191:Drivers/STM32F4/Drivers/STM32F4xx_HAL_Driver/Src/stm32f4xx_hal_tim_ex.c ****   *
2192:Drivers/STM32F4/Drivers/STM32F4xx_HAL_Driver/Src/stm32f4xx_hal_tim_ex.c **** @verbatim
2193:Drivers/STM32F4/Drivers/STM32F4xx_HAL_Driver/Src/stm32f4xx_hal_tim_ex.c ****   ==============================================================================
2194:Drivers/STM32F4/Drivers/STM32F4xx_HAL_Driver/Src/stm32f4xx_hal_tim_ex.c ****                 ##### Extended Peripheral State functions #####
2195:Drivers/STM32F4/Drivers/STM32F4xx_HAL_Driver/Src/stm32f4xx_hal_tim_ex.c ****   ==============================================================================
2196:Drivers/STM32F4/Drivers/STM32F4xx_HAL_Driver/Src/stm32f4xx_hal_tim_ex.c ****   [..]
ARM GAS  /tmp/ccicUsXN.s 			page 40


2197:Drivers/STM32F4/Drivers/STM32F4xx_HAL_Driver/Src/stm32f4xx_hal_tim_ex.c ****     This subsection permits to get in run-time the status of the peripheral
2198:Drivers/STM32F4/Drivers/STM32F4xx_HAL_Driver/Src/stm32f4xx_hal_tim_ex.c ****     and the data flow.
2199:Drivers/STM32F4/Drivers/STM32F4xx_HAL_Driver/Src/stm32f4xx_hal_tim_ex.c **** 
2200:Drivers/STM32F4/Drivers/STM32F4xx_HAL_Driver/Src/stm32f4xx_hal_tim_ex.c **** @endverbatim
2201:Drivers/STM32F4/Drivers/STM32F4xx_HAL_Driver/Src/stm32f4xx_hal_tim_ex.c ****   * @{
2202:Drivers/STM32F4/Drivers/STM32F4xx_HAL_Driver/Src/stm32f4xx_hal_tim_ex.c ****   */
2203:Drivers/STM32F4/Drivers/STM32F4xx_HAL_Driver/Src/stm32f4xx_hal_tim_ex.c **** 
2204:Drivers/STM32F4/Drivers/STM32F4xx_HAL_Driver/Src/stm32f4xx_hal_tim_ex.c **** /**
2205:Drivers/STM32F4/Drivers/STM32F4xx_HAL_Driver/Src/stm32f4xx_hal_tim_ex.c ****   * @brief  Return the TIM Hall Sensor interface handle state.
2206:Drivers/STM32F4/Drivers/STM32F4xx_HAL_Driver/Src/stm32f4xx_hal_tim_ex.c ****   * @param  htim TIM Hall Sensor handle
2207:Drivers/STM32F4/Drivers/STM32F4xx_HAL_Driver/Src/stm32f4xx_hal_tim_ex.c ****   * @retval HAL state
2208:Drivers/STM32F4/Drivers/STM32F4xx_HAL_Driver/Src/stm32f4xx_hal_tim_ex.c ****   */
2209:Drivers/STM32F4/Drivers/STM32F4xx_HAL_Driver/Src/stm32f4xx_hal_tim_ex.c **** HAL_TIM_StateTypeDef HAL_TIMEx_HallSensor_GetState(const TIM_HandleTypeDef *htim)
2210:Drivers/STM32F4/Drivers/STM32F4xx_HAL_Driver/Src/stm32f4xx_hal_tim_ex.c **** {
2211:Drivers/STM32F4/Drivers/STM32F4xx_HAL_Driver/Src/stm32f4xx_hal_tim_ex.c ****   return htim->State;
2212:Drivers/STM32F4/Drivers/STM32F4xx_HAL_Driver/Src/stm32f4xx_hal_tim_ex.c **** }
2213:Drivers/STM32F4/Drivers/STM32F4xx_HAL_Driver/Src/stm32f4xx_hal_tim_ex.c **** 
2214:Drivers/STM32F4/Drivers/STM32F4xx_HAL_Driver/Src/stm32f4xx_hal_tim_ex.c **** /**
2215:Drivers/STM32F4/Drivers/STM32F4xx_HAL_Driver/Src/stm32f4xx_hal_tim_ex.c ****   * @brief  Return actual state of the TIM complementary channel.
2216:Drivers/STM32F4/Drivers/STM32F4xx_HAL_Driver/Src/stm32f4xx_hal_tim_ex.c ****   * @param  htim TIM handle
2217:Drivers/STM32F4/Drivers/STM32F4xx_HAL_Driver/Src/stm32f4xx_hal_tim_ex.c ****   * @param  ChannelN TIM Complementary channel
2218:Drivers/STM32F4/Drivers/STM32F4xx_HAL_Driver/Src/stm32f4xx_hal_tim_ex.c ****   *          This parameter can be one of the following values:
2219:Drivers/STM32F4/Drivers/STM32F4xx_HAL_Driver/Src/stm32f4xx_hal_tim_ex.c ****   *            @arg TIM_CHANNEL_1: TIM Channel 1 selected
2220:Drivers/STM32F4/Drivers/STM32F4xx_HAL_Driver/Src/stm32f4xx_hal_tim_ex.c ****   *            @arg TIM_CHANNEL_2: TIM Channel 2 selected
2221:Drivers/STM32F4/Drivers/STM32F4xx_HAL_Driver/Src/stm32f4xx_hal_tim_ex.c ****   *            @arg TIM_CHANNEL_3: TIM Channel 3 selected
2222:Drivers/STM32F4/Drivers/STM32F4xx_HAL_Driver/Src/stm32f4xx_hal_tim_ex.c ****   * @retval TIM Complementary channel state
2223:Drivers/STM32F4/Drivers/STM32F4xx_HAL_Driver/Src/stm32f4xx_hal_tim_ex.c ****   */
2224:Drivers/STM32F4/Drivers/STM32F4xx_HAL_Driver/Src/stm32f4xx_hal_tim_ex.c **** HAL_TIM_ChannelStateTypeDef HAL_TIMEx_GetChannelNState(const TIM_HandleTypeDef *htim,  uint32_t Cha
2225:Drivers/STM32F4/Drivers/STM32F4xx_HAL_Driver/Src/stm32f4xx_hal_tim_ex.c **** {
2226:Drivers/STM32F4/Drivers/STM32F4xx_HAL_Driver/Src/stm32f4xx_hal_tim_ex.c ****   HAL_TIM_ChannelStateTypeDef channel_state;
2227:Drivers/STM32F4/Drivers/STM32F4xx_HAL_Driver/Src/stm32f4xx_hal_tim_ex.c **** 
2228:Drivers/STM32F4/Drivers/STM32F4xx_HAL_Driver/Src/stm32f4xx_hal_tim_ex.c ****   /* Check the parameters */
2229:Drivers/STM32F4/Drivers/STM32F4xx_HAL_Driver/Src/stm32f4xx_hal_tim_ex.c ****   assert_param(IS_TIM_CCXN_INSTANCE(htim->Instance, ChannelN));
2230:Drivers/STM32F4/Drivers/STM32F4xx_HAL_Driver/Src/stm32f4xx_hal_tim_ex.c **** 
2231:Drivers/STM32F4/Drivers/STM32F4xx_HAL_Driver/Src/stm32f4xx_hal_tim_ex.c ****   channel_state = TIM_CHANNEL_N_STATE_GET(htim, ChannelN);
2232:Drivers/STM32F4/Drivers/STM32F4xx_HAL_Driver/Src/stm32f4xx_hal_tim_ex.c **** 
2233:Drivers/STM32F4/Drivers/STM32F4xx_HAL_Driver/Src/stm32f4xx_hal_tim_ex.c ****   return channel_state;
2234:Drivers/STM32F4/Drivers/STM32F4xx_HAL_Driver/Src/stm32f4xx_hal_tim_ex.c **** }
2235:Drivers/STM32F4/Drivers/STM32F4xx_HAL_Driver/Src/stm32f4xx_hal_tim_ex.c **** /**
2236:Drivers/STM32F4/Drivers/STM32F4xx_HAL_Driver/Src/stm32f4xx_hal_tim_ex.c ****   * @}
2237:Drivers/STM32F4/Drivers/STM32F4xx_HAL_Driver/Src/stm32f4xx_hal_tim_ex.c ****   */
2238:Drivers/STM32F4/Drivers/STM32F4xx_HAL_Driver/Src/stm32f4xx_hal_tim_ex.c **** 
2239:Drivers/STM32F4/Drivers/STM32F4xx_HAL_Driver/Src/stm32f4xx_hal_tim_ex.c **** /**
2240:Drivers/STM32F4/Drivers/STM32F4xx_HAL_Driver/Src/stm32f4xx_hal_tim_ex.c ****   * @}
2241:Drivers/STM32F4/Drivers/STM32F4xx_HAL_Driver/Src/stm32f4xx_hal_tim_ex.c ****   */
2242:Drivers/STM32F4/Drivers/STM32F4xx_HAL_Driver/Src/stm32f4xx_hal_tim_ex.c **** 
2243:Drivers/STM32F4/Drivers/STM32F4xx_HAL_Driver/Src/stm32f4xx_hal_tim_ex.c **** /* Private functions ---------------------------------------------------------*/
2244:Drivers/STM32F4/Drivers/STM32F4xx_HAL_Driver/Src/stm32f4xx_hal_tim_ex.c **** /** @defgroup TIMEx_Private_Functions TIM Extended Private Functions
2245:Drivers/STM32F4/Drivers/STM32F4xx_HAL_Driver/Src/stm32f4xx_hal_tim_ex.c ****   * @{
2246:Drivers/STM32F4/Drivers/STM32F4xx_HAL_Driver/Src/stm32f4xx_hal_tim_ex.c ****   */
2247:Drivers/STM32F4/Drivers/STM32F4xx_HAL_Driver/Src/stm32f4xx_hal_tim_ex.c **** 
2248:Drivers/STM32F4/Drivers/STM32F4xx_HAL_Driver/Src/stm32f4xx_hal_tim_ex.c **** /**
2249:Drivers/STM32F4/Drivers/STM32F4xx_HAL_Driver/Src/stm32f4xx_hal_tim_ex.c ****   * @brief  TIM DMA Commutation callback.
2250:Drivers/STM32F4/Drivers/STM32F4xx_HAL_Driver/Src/stm32f4xx_hal_tim_ex.c ****   * @param  hdma pointer to DMA handle.
2251:Drivers/STM32F4/Drivers/STM32F4xx_HAL_Driver/Src/stm32f4xx_hal_tim_ex.c ****   * @retval None
2252:Drivers/STM32F4/Drivers/STM32F4xx_HAL_Driver/Src/stm32f4xx_hal_tim_ex.c ****   */
2253:Drivers/STM32F4/Drivers/STM32F4xx_HAL_Driver/Src/stm32f4xx_hal_tim_ex.c **** void TIMEx_DMACommutationCplt(DMA_HandleTypeDef *hdma)
ARM GAS  /tmp/ccicUsXN.s 			page 41


2254:Drivers/STM32F4/Drivers/STM32F4xx_HAL_Driver/Src/stm32f4xx_hal_tim_ex.c **** {
2255:Drivers/STM32F4/Drivers/STM32F4xx_HAL_Driver/Src/stm32f4xx_hal_tim_ex.c ****   TIM_HandleTypeDef *htim = (TIM_HandleTypeDef *)((DMA_HandleTypeDef *)hdma)->Parent;
2256:Drivers/STM32F4/Drivers/STM32F4xx_HAL_Driver/Src/stm32f4xx_hal_tim_ex.c **** 
2257:Drivers/STM32F4/Drivers/STM32F4xx_HAL_Driver/Src/stm32f4xx_hal_tim_ex.c ****   /* Change the htim state */
2258:Drivers/STM32F4/Drivers/STM32F4xx_HAL_Driver/Src/stm32f4xx_hal_tim_ex.c ****   htim->State = HAL_TIM_STATE_READY;
2259:Drivers/STM32F4/Drivers/STM32F4xx_HAL_Driver/Src/stm32f4xx_hal_tim_ex.c **** 
2260:Drivers/STM32F4/Drivers/STM32F4xx_HAL_Driver/Src/stm32f4xx_hal_tim_ex.c **** #if (USE_HAL_TIM_REGISTER_CALLBACKS == 1)
2261:Drivers/STM32F4/Drivers/STM32F4xx_HAL_Driver/Src/stm32f4xx_hal_tim_ex.c ****   htim->CommutationCallback(htim);
2262:Drivers/STM32F4/Drivers/STM32F4xx_HAL_Driver/Src/stm32f4xx_hal_tim_ex.c **** #else
2263:Drivers/STM32F4/Drivers/STM32F4xx_HAL_Driver/Src/stm32f4xx_hal_tim_ex.c ****   HAL_TIMEx_CommutCallback(htim);
2264:Drivers/STM32F4/Drivers/STM32F4xx_HAL_Driver/Src/stm32f4xx_hal_tim_ex.c **** #endif /* USE_HAL_TIM_REGISTER_CALLBACKS */
2265:Drivers/STM32F4/Drivers/STM32F4xx_HAL_Driver/Src/stm32f4xx_hal_tim_ex.c **** }
2266:Drivers/STM32F4/Drivers/STM32F4xx_HAL_Driver/Src/stm32f4xx_hal_tim_ex.c **** 
2267:Drivers/STM32F4/Drivers/STM32F4xx_HAL_Driver/Src/stm32f4xx_hal_tim_ex.c **** /**
2268:Drivers/STM32F4/Drivers/STM32F4xx_HAL_Driver/Src/stm32f4xx_hal_tim_ex.c ****   * @brief  TIM DMA Commutation half complete callback.
2269:Drivers/STM32F4/Drivers/STM32F4xx_HAL_Driver/Src/stm32f4xx_hal_tim_ex.c ****   * @param  hdma pointer to DMA handle.
2270:Drivers/STM32F4/Drivers/STM32F4xx_HAL_Driver/Src/stm32f4xx_hal_tim_ex.c ****   * @retval None
2271:Drivers/STM32F4/Drivers/STM32F4xx_HAL_Driver/Src/stm32f4xx_hal_tim_ex.c ****   */
2272:Drivers/STM32F4/Drivers/STM32F4xx_HAL_Driver/Src/stm32f4xx_hal_tim_ex.c **** void TIMEx_DMACommutationHalfCplt(DMA_HandleTypeDef *hdma)
2273:Drivers/STM32F4/Drivers/STM32F4xx_HAL_Driver/Src/stm32f4xx_hal_tim_ex.c **** {
2274:Drivers/STM32F4/Drivers/STM32F4xx_HAL_Driver/Src/stm32f4xx_hal_tim_ex.c ****   TIM_HandleTypeDef *htim = (TIM_HandleTypeDef *)((DMA_HandleTypeDef *)hdma)->Parent;
2275:Drivers/STM32F4/Drivers/STM32F4xx_HAL_Driver/Src/stm32f4xx_hal_tim_ex.c **** 
2276:Drivers/STM32F4/Drivers/STM32F4xx_HAL_Driver/Src/stm32f4xx_hal_tim_ex.c ****   /* Change the htim state */
2277:Drivers/STM32F4/Drivers/STM32F4xx_HAL_Driver/Src/stm32f4xx_hal_tim_ex.c ****   htim->State = HAL_TIM_STATE_READY;
2278:Drivers/STM32F4/Drivers/STM32F4xx_HAL_Driver/Src/stm32f4xx_hal_tim_ex.c **** 
2279:Drivers/STM32F4/Drivers/STM32F4xx_HAL_Driver/Src/stm32f4xx_hal_tim_ex.c **** #if (USE_HAL_TIM_REGISTER_CALLBACKS == 1)
2280:Drivers/STM32F4/Drivers/STM32F4xx_HAL_Driver/Src/stm32f4xx_hal_tim_ex.c ****   htim->CommutationHalfCpltCallback(htim);
2281:Drivers/STM32F4/Drivers/STM32F4xx_HAL_Driver/Src/stm32f4xx_hal_tim_ex.c **** #else
2282:Drivers/STM32F4/Drivers/STM32F4xx_HAL_Driver/Src/stm32f4xx_hal_tim_ex.c ****   HAL_TIMEx_CommutHalfCpltCallback(htim);
2283:Drivers/STM32F4/Drivers/STM32F4xx_HAL_Driver/Src/stm32f4xx_hal_tim_ex.c **** #endif /* USE_HAL_TIM_REGISTER_CALLBACKS */
2284:Drivers/STM32F4/Drivers/STM32F4xx_HAL_Driver/Src/stm32f4xx_hal_tim_ex.c **** }
2285:Drivers/STM32F4/Drivers/STM32F4xx_HAL_Driver/Src/stm32f4xx_hal_tim_ex.c **** 
2286:Drivers/STM32F4/Drivers/STM32F4xx_HAL_Driver/Src/stm32f4xx_hal_tim_ex.c **** 
2287:Drivers/STM32F4/Drivers/STM32F4xx_HAL_Driver/Src/stm32f4xx_hal_tim_ex.c **** /**
2288:Drivers/STM32F4/Drivers/STM32F4xx_HAL_Driver/Src/stm32f4xx_hal_tim_ex.c ****   * @brief  TIM DMA Delay Pulse complete callback (complementary channel).
2289:Drivers/STM32F4/Drivers/STM32F4xx_HAL_Driver/Src/stm32f4xx_hal_tim_ex.c ****   * @param  hdma pointer to DMA handle.
2290:Drivers/STM32F4/Drivers/STM32F4xx_HAL_Driver/Src/stm32f4xx_hal_tim_ex.c ****   * @retval None
2291:Drivers/STM32F4/Drivers/STM32F4xx_HAL_Driver/Src/stm32f4xx_hal_tim_ex.c ****   */
2292:Drivers/STM32F4/Drivers/STM32F4xx_HAL_Driver/Src/stm32f4xx_hal_tim_ex.c **** static void TIM_DMADelayPulseNCplt(DMA_HandleTypeDef *hdma)
2293:Drivers/STM32F4/Drivers/STM32F4xx_HAL_Driver/Src/stm32f4xx_hal_tim_ex.c **** {
2294:Drivers/STM32F4/Drivers/STM32F4xx_HAL_Driver/Src/stm32f4xx_hal_tim_ex.c ****   TIM_HandleTypeDef *htim = (TIM_HandleTypeDef *)((DMA_HandleTypeDef *)hdma)->Parent;
2295:Drivers/STM32F4/Drivers/STM32F4xx_HAL_Driver/Src/stm32f4xx_hal_tim_ex.c **** 
2296:Drivers/STM32F4/Drivers/STM32F4xx_HAL_Driver/Src/stm32f4xx_hal_tim_ex.c ****   if (hdma == htim->hdma[TIM_DMA_ID_CC1])
2297:Drivers/STM32F4/Drivers/STM32F4xx_HAL_Driver/Src/stm32f4xx_hal_tim_ex.c ****   {
2298:Drivers/STM32F4/Drivers/STM32F4xx_HAL_Driver/Src/stm32f4xx_hal_tim_ex.c ****     htim->Channel = HAL_TIM_ACTIVE_CHANNEL_1;
2299:Drivers/STM32F4/Drivers/STM32F4xx_HAL_Driver/Src/stm32f4xx_hal_tim_ex.c **** 
2300:Drivers/STM32F4/Drivers/STM32F4xx_HAL_Driver/Src/stm32f4xx_hal_tim_ex.c ****     if (hdma->Init.Mode == DMA_NORMAL)
2301:Drivers/STM32F4/Drivers/STM32F4xx_HAL_Driver/Src/stm32f4xx_hal_tim_ex.c ****     {
2302:Drivers/STM32F4/Drivers/STM32F4xx_HAL_Driver/Src/stm32f4xx_hal_tim_ex.c ****       TIM_CHANNEL_N_STATE_SET(htim, TIM_CHANNEL_1, HAL_TIM_CHANNEL_STATE_READY);
2303:Drivers/STM32F4/Drivers/STM32F4xx_HAL_Driver/Src/stm32f4xx_hal_tim_ex.c ****     }
2304:Drivers/STM32F4/Drivers/STM32F4xx_HAL_Driver/Src/stm32f4xx_hal_tim_ex.c ****   }
2305:Drivers/STM32F4/Drivers/STM32F4xx_HAL_Driver/Src/stm32f4xx_hal_tim_ex.c ****   else if (hdma == htim->hdma[TIM_DMA_ID_CC2])
2306:Drivers/STM32F4/Drivers/STM32F4xx_HAL_Driver/Src/stm32f4xx_hal_tim_ex.c ****   {
2307:Drivers/STM32F4/Drivers/STM32F4xx_HAL_Driver/Src/stm32f4xx_hal_tim_ex.c ****     htim->Channel = HAL_TIM_ACTIVE_CHANNEL_2;
2308:Drivers/STM32F4/Drivers/STM32F4xx_HAL_Driver/Src/stm32f4xx_hal_tim_ex.c **** 
2309:Drivers/STM32F4/Drivers/STM32F4xx_HAL_Driver/Src/stm32f4xx_hal_tim_ex.c ****     if (hdma->Init.Mode == DMA_NORMAL)
2310:Drivers/STM32F4/Drivers/STM32F4xx_HAL_Driver/Src/stm32f4xx_hal_tim_ex.c ****     {
ARM GAS  /tmp/ccicUsXN.s 			page 42


2311:Drivers/STM32F4/Drivers/STM32F4xx_HAL_Driver/Src/stm32f4xx_hal_tim_ex.c ****       TIM_CHANNEL_N_STATE_SET(htim, TIM_CHANNEL_2, HAL_TIM_CHANNEL_STATE_READY);
2312:Drivers/STM32F4/Drivers/STM32F4xx_HAL_Driver/Src/stm32f4xx_hal_tim_ex.c ****     }
2313:Drivers/STM32F4/Drivers/STM32F4xx_HAL_Driver/Src/stm32f4xx_hal_tim_ex.c ****   }
2314:Drivers/STM32F4/Drivers/STM32F4xx_HAL_Driver/Src/stm32f4xx_hal_tim_ex.c ****   else if (hdma == htim->hdma[TIM_DMA_ID_CC3])
2315:Drivers/STM32F4/Drivers/STM32F4xx_HAL_Driver/Src/stm32f4xx_hal_tim_ex.c ****   {
2316:Drivers/STM32F4/Drivers/STM32F4xx_HAL_Driver/Src/stm32f4xx_hal_tim_ex.c ****     htim->Channel = HAL_TIM_ACTIVE_CHANNEL_3;
2317:Drivers/STM32F4/Drivers/STM32F4xx_HAL_Driver/Src/stm32f4xx_hal_tim_ex.c **** 
2318:Drivers/STM32F4/Drivers/STM32F4xx_HAL_Driver/Src/stm32f4xx_hal_tim_ex.c ****     if (hdma->Init.Mode == DMA_NORMAL)
2319:Drivers/STM32F4/Drivers/STM32F4xx_HAL_Driver/Src/stm32f4xx_hal_tim_ex.c ****     {
2320:Drivers/STM32F4/Drivers/STM32F4xx_HAL_Driver/Src/stm32f4xx_hal_tim_ex.c ****       TIM_CHANNEL_N_STATE_SET(htim, TIM_CHANNEL_3, HAL_TIM_CHANNEL_STATE_READY);
2321:Drivers/STM32F4/Drivers/STM32F4xx_HAL_Driver/Src/stm32f4xx_hal_tim_ex.c ****     }
2322:Drivers/STM32F4/Drivers/STM32F4xx_HAL_Driver/Src/stm32f4xx_hal_tim_ex.c ****   }
2323:Drivers/STM32F4/Drivers/STM32F4xx_HAL_Driver/Src/stm32f4xx_hal_tim_ex.c ****   else
2324:Drivers/STM32F4/Drivers/STM32F4xx_HAL_Driver/Src/stm32f4xx_hal_tim_ex.c ****   {
2325:Drivers/STM32F4/Drivers/STM32F4xx_HAL_Driver/Src/stm32f4xx_hal_tim_ex.c ****     /* nothing to do */
2326:Drivers/STM32F4/Drivers/STM32F4xx_HAL_Driver/Src/stm32f4xx_hal_tim_ex.c ****   }
2327:Drivers/STM32F4/Drivers/STM32F4xx_HAL_Driver/Src/stm32f4xx_hal_tim_ex.c **** 
2328:Drivers/STM32F4/Drivers/STM32F4xx_HAL_Driver/Src/stm32f4xx_hal_tim_ex.c **** #if (USE_HAL_TIM_REGISTER_CALLBACKS == 1)
2329:Drivers/STM32F4/Drivers/STM32F4xx_HAL_Driver/Src/stm32f4xx_hal_tim_ex.c ****   htim->PWM_PulseFinishedCallback(htim);
2330:Drivers/STM32F4/Drivers/STM32F4xx_HAL_Driver/Src/stm32f4xx_hal_tim_ex.c **** #else
2331:Drivers/STM32F4/Drivers/STM32F4xx_HAL_Driver/Src/stm32f4xx_hal_tim_ex.c ****   HAL_TIM_PWM_PulseFinishedCallback(htim);
2332:Drivers/STM32F4/Drivers/STM32F4xx_HAL_Driver/Src/stm32f4xx_hal_tim_ex.c **** #endif /* USE_HAL_TIM_REGISTER_CALLBACKS */
2333:Drivers/STM32F4/Drivers/STM32F4xx_HAL_Driver/Src/stm32f4xx_hal_tim_ex.c **** 
2334:Drivers/STM32F4/Drivers/STM32F4xx_HAL_Driver/Src/stm32f4xx_hal_tim_ex.c ****   htim->Channel = HAL_TIM_ACTIVE_CHANNEL_CLEARED;
2335:Drivers/STM32F4/Drivers/STM32F4xx_HAL_Driver/Src/stm32f4xx_hal_tim_ex.c **** }
2336:Drivers/STM32F4/Drivers/STM32F4xx_HAL_Driver/Src/stm32f4xx_hal_tim_ex.c **** 
2337:Drivers/STM32F4/Drivers/STM32F4xx_HAL_Driver/Src/stm32f4xx_hal_tim_ex.c **** /**
2338:Drivers/STM32F4/Drivers/STM32F4xx_HAL_Driver/Src/stm32f4xx_hal_tim_ex.c ****   * @brief  TIM DMA error callback (complementary channel)
2339:Drivers/STM32F4/Drivers/STM32F4xx_HAL_Driver/Src/stm32f4xx_hal_tim_ex.c ****   * @param  hdma pointer to DMA handle.
2340:Drivers/STM32F4/Drivers/STM32F4xx_HAL_Driver/Src/stm32f4xx_hal_tim_ex.c ****   * @retval None
2341:Drivers/STM32F4/Drivers/STM32F4xx_HAL_Driver/Src/stm32f4xx_hal_tim_ex.c ****   */
2342:Drivers/STM32F4/Drivers/STM32F4xx_HAL_Driver/Src/stm32f4xx_hal_tim_ex.c **** static void TIM_DMAErrorCCxN(DMA_HandleTypeDef *hdma)
2343:Drivers/STM32F4/Drivers/STM32F4xx_HAL_Driver/Src/stm32f4xx_hal_tim_ex.c **** {
2344:Drivers/STM32F4/Drivers/STM32F4xx_HAL_Driver/Src/stm32f4xx_hal_tim_ex.c ****   TIM_HandleTypeDef *htim = (TIM_HandleTypeDef *)((DMA_HandleTypeDef *)hdma)->Parent;
2345:Drivers/STM32F4/Drivers/STM32F4xx_HAL_Driver/Src/stm32f4xx_hal_tim_ex.c **** 
2346:Drivers/STM32F4/Drivers/STM32F4xx_HAL_Driver/Src/stm32f4xx_hal_tim_ex.c ****   if (hdma == htim->hdma[TIM_DMA_ID_CC1])
2347:Drivers/STM32F4/Drivers/STM32F4xx_HAL_Driver/Src/stm32f4xx_hal_tim_ex.c ****   {
2348:Drivers/STM32F4/Drivers/STM32F4xx_HAL_Driver/Src/stm32f4xx_hal_tim_ex.c ****     htim->Channel = HAL_TIM_ACTIVE_CHANNEL_1;
2349:Drivers/STM32F4/Drivers/STM32F4xx_HAL_Driver/Src/stm32f4xx_hal_tim_ex.c ****     TIM_CHANNEL_N_STATE_SET(htim, TIM_CHANNEL_1, HAL_TIM_CHANNEL_STATE_READY);
2350:Drivers/STM32F4/Drivers/STM32F4xx_HAL_Driver/Src/stm32f4xx_hal_tim_ex.c ****   }
2351:Drivers/STM32F4/Drivers/STM32F4xx_HAL_Driver/Src/stm32f4xx_hal_tim_ex.c ****   else if (hdma == htim->hdma[TIM_DMA_ID_CC2])
2352:Drivers/STM32F4/Drivers/STM32F4xx_HAL_Driver/Src/stm32f4xx_hal_tim_ex.c ****   {
2353:Drivers/STM32F4/Drivers/STM32F4xx_HAL_Driver/Src/stm32f4xx_hal_tim_ex.c ****     htim->Channel = HAL_TIM_ACTIVE_CHANNEL_2;
2354:Drivers/STM32F4/Drivers/STM32F4xx_HAL_Driver/Src/stm32f4xx_hal_tim_ex.c ****     TIM_CHANNEL_N_STATE_SET(htim, TIM_CHANNEL_2, HAL_TIM_CHANNEL_STATE_READY);
2355:Drivers/STM32F4/Drivers/STM32F4xx_HAL_Driver/Src/stm32f4xx_hal_tim_ex.c ****   }
2356:Drivers/STM32F4/Drivers/STM32F4xx_HAL_Driver/Src/stm32f4xx_hal_tim_ex.c ****   else if (hdma == htim->hdma[TIM_DMA_ID_CC3])
2357:Drivers/STM32F4/Drivers/STM32F4xx_HAL_Driver/Src/stm32f4xx_hal_tim_ex.c ****   {
2358:Drivers/STM32F4/Drivers/STM32F4xx_HAL_Driver/Src/stm32f4xx_hal_tim_ex.c ****     htim->Channel = HAL_TIM_ACTIVE_CHANNEL_3;
2359:Drivers/STM32F4/Drivers/STM32F4xx_HAL_Driver/Src/stm32f4xx_hal_tim_ex.c ****     TIM_CHANNEL_N_STATE_SET(htim, TIM_CHANNEL_3, HAL_TIM_CHANNEL_STATE_READY);
2360:Drivers/STM32F4/Drivers/STM32F4xx_HAL_Driver/Src/stm32f4xx_hal_tim_ex.c ****   }
2361:Drivers/STM32F4/Drivers/STM32F4xx_HAL_Driver/Src/stm32f4xx_hal_tim_ex.c ****   else
2362:Drivers/STM32F4/Drivers/STM32F4xx_HAL_Driver/Src/stm32f4xx_hal_tim_ex.c ****   {
2363:Drivers/STM32F4/Drivers/STM32F4xx_HAL_Driver/Src/stm32f4xx_hal_tim_ex.c ****     /* nothing to do */
2364:Drivers/STM32F4/Drivers/STM32F4xx_HAL_Driver/Src/stm32f4xx_hal_tim_ex.c ****   }
2365:Drivers/STM32F4/Drivers/STM32F4xx_HAL_Driver/Src/stm32f4xx_hal_tim_ex.c **** 
2366:Drivers/STM32F4/Drivers/STM32F4xx_HAL_Driver/Src/stm32f4xx_hal_tim_ex.c **** #if (USE_HAL_TIM_REGISTER_CALLBACKS == 1)
2367:Drivers/STM32F4/Drivers/STM32F4xx_HAL_Driver/Src/stm32f4xx_hal_tim_ex.c ****   htim->ErrorCallback(htim);
ARM GAS  /tmp/ccicUsXN.s 			page 43


2368:Drivers/STM32F4/Drivers/STM32F4xx_HAL_Driver/Src/stm32f4xx_hal_tim_ex.c **** #else
2369:Drivers/STM32F4/Drivers/STM32F4xx_HAL_Driver/Src/stm32f4xx_hal_tim_ex.c ****   HAL_TIM_ErrorCallback(htim);
2370:Drivers/STM32F4/Drivers/STM32F4xx_HAL_Driver/Src/stm32f4xx_hal_tim_ex.c **** #endif /* USE_HAL_TIM_REGISTER_CALLBACKS */
2371:Drivers/STM32F4/Drivers/STM32F4xx_HAL_Driver/Src/stm32f4xx_hal_tim_ex.c **** 
2372:Drivers/STM32F4/Drivers/STM32F4xx_HAL_Driver/Src/stm32f4xx_hal_tim_ex.c ****   htim->Channel = HAL_TIM_ACTIVE_CHANNEL_CLEARED;
2373:Drivers/STM32F4/Drivers/STM32F4xx_HAL_Driver/Src/stm32f4xx_hal_tim_ex.c **** }
2374:Drivers/STM32F4/Drivers/STM32F4xx_HAL_Driver/Src/stm32f4xx_hal_tim_ex.c **** 
2375:Drivers/STM32F4/Drivers/STM32F4xx_HAL_Driver/Src/stm32f4xx_hal_tim_ex.c **** /**
2376:Drivers/STM32F4/Drivers/STM32F4xx_HAL_Driver/Src/stm32f4xx_hal_tim_ex.c ****   * @brief  Enables or disables the TIM Capture Compare Channel xN.
2377:Drivers/STM32F4/Drivers/STM32F4xx_HAL_Driver/Src/stm32f4xx_hal_tim_ex.c ****   * @param  TIMx to select the TIM peripheral
2378:Drivers/STM32F4/Drivers/STM32F4xx_HAL_Driver/Src/stm32f4xx_hal_tim_ex.c ****   * @param  Channel specifies the TIM Channel
2379:Drivers/STM32F4/Drivers/STM32F4xx_HAL_Driver/Src/stm32f4xx_hal_tim_ex.c ****   *          This parameter can be one of the following values:
2380:Drivers/STM32F4/Drivers/STM32F4xx_HAL_Driver/Src/stm32f4xx_hal_tim_ex.c ****   *            @arg TIM_CHANNEL_1: TIM Channel 1 selected
2381:Drivers/STM32F4/Drivers/STM32F4xx_HAL_Driver/Src/stm32f4xx_hal_tim_ex.c ****   *            @arg TIM_CHANNEL_2: TIM Channel 2 selected
2382:Drivers/STM32F4/Drivers/STM32F4xx_HAL_Driver/Src/stm32f4xx_hal_tim_ex.c ****   *            @arg TIM_CHANNEL_3: TIM Channel 3 selected
2383:Drivers/STM32F4/Drivers/STM32F4xx_HAL_Driver/Src/stm32f4xx_hal_tim_ex.c ****   * @param  ChannelNState specifies the TIM Channel CCxNE bit new state.
2384:Drivers/STM32F4/Drivers/STM32F4xx_HAL_Driver/Src/stm32f4xx_hal_tim_ex.c ****   *          This parameter can be: TIM_CCxN_ENABLE or TIM_CCxN_Disable.
2385:Drivers/STM32F4/Drivers/STM32F4xx_HAL_Driver/Src/stm32f4xx_hal_tim_ex.c ****   * @retval None
2386:Drivers/STM32F4/Drivers/STM32F4xx_HAL_Driver/Src/stm32f4xx_hal_tim_ex.c ****   */
2387:Drivers/STM32F4/Drivers/STM32F4xx_HAL_Driver/Src/stm32f4xx_hal_tim_ex.c **** static void TIM_CCxNChannelCmd(TIM_TypeDef *TIMx, uint32_t Channel, uint32_t ChannelNState)
2388:Drivers/STM32F4/Drivers/STM32F4xx_HAL_Driver/Src/stm32f4xx_hal_tim_ex.c **** {
  29              		.loc 1 2388 1 view -0
  30              		.cfi_startproc
  31              		@ args = 0, pretend = 0, frame = 0
  32              		@ frame_needed = 0, uses_anonymous_args = 0
  33              		@ link register save eliminated.
2389:Drivers/STM32F4/Drivers/STM32F4xx_HAL_Driver/Src/stm32f4xx_hal_tim_ex.c ****   uint32_t tmp;
  34              		.loc 1 2389 3 view .LVU1
2390:Drivers/STM32F4/Drivers/STM32F4xx_HAL_Driver/Src/stm32f4xx_hal_tim_ex.c **** 
2391:Drivers/STM32F4/Drivers/STM32F4xx_HAL_Driver/Src/stm32f4xx_hal_tim_ex.c ****   tmp = TIM_CCER_CC1NE << (Channel & 0xFU); /* 0xFU = 15 bits max shift */
  35              		.loc 1 2391 3 view .LVU2
  36              		.loc 1 2391 36 is_stmt 0 view .LVU3
  37 0000 01F00F01 		and	r1, r1, #15
  38              	.LVL1:
  39              		.loc 1 2391 7 view .LVU4
  40 0004 4FF0040C 		mov	ip, #4
  41 0008 0CFA01FC 		lsl	ip, ip, r1
  42              	.LVL2:
2392:Drivers/STM32F4/Drivers/STM32F4xx_HAL_Driver/Src/stm32f4xx_hal_tim_ex.c **** 
2393:Drivers/STM32F4/Drivers/STM32F4xx_HAL_Driver/Src/stm32f4xx_hal_tim_ex.c ****   /* Reset the CCxNE Bit */
2394:Drivers/STM32F4/Drivers/STM32F4xx_HAL_Driver/Src/stm32f4xx_hal_tim_ex.c ****   TIMx->CCER &=  ~tmp;
  43              		.loc 1 2394 3 is_stmt 1 view .LVU5
  44              		.loc 1 2394 7 is_stmt 0 view .LVU6
  45 000c 036A     		ldr	r3, [r0, #32]
  46              		.loc 1 2394 14 view .LVU7
  47 000e 23EA0C03 		bic	r3, r3, ip
  48 0012 0362     		str	r3, [r0, #32]
2395:Drivers/STM32F4/Drivers/STM32F4xx_HAL_Driver/Src/stm32f4xx_hal_tim_ex.c **** 
2396:Drivers/STM32F4/Drivers/STM32F4xx_HAL_Driver/Src/stm32f4xx_hal_tim_ex.c ****   /* Set or reset the CCxNE Bit */
2397:Drivers/STM32F4/Drivers/STM32F4xx_HAL_Driver/Src/stm32f4xx_hal_tim_ex.c ****   TIMx->CCER |= (uint32_t)(ChannelNState << (Channel & 0xFU)); /* 0xFU = 15 bits max shift */
  49              		.loc 1 2397 3 is_stmt 1 view .LVU8
  50              		.loc 1 2397 7 is_stmt 0 view .LVU9
  51 0014 036A     		ldr	r3, [r0, #32]
  52              		.loc 1 2397 42 view .LVU10
  53 0016 8A40     		lsls	r2, r2, r1
  54              	.LVL3:
  55              		.loc 1 2397 14 view .LVU11
ARM GAS  /tmp/ccicUsXN.s 			page 44


  56 0018 1343     		orrs	r3, r3, r2
  57 001a 0362     		str	r3, [r0, #32]
2398:Drivers/STM32F4/Drivers/STM32F4xx_HAL_Driver/Src/stm32f4xx_hal_tim_ex.c **** }
  58              		.loc 1 2398 1 view .LVU12
  59 001c 7047     		bx	lr
  60              		.cfi_endproc
  61              	.LFE175:
  63              		.section	.text.TIM_DMAErrorCCxN,"ax",%progbits
  64              		.align	1
  65              		.syntax unified
  66              		.thumb
  67              		.thumb_func
  69              	TIM_DMAErrorCCxN:
  70              	.LVL4:
  71              	.LFB174:
2343:Drivers/STM32F4/Drivers/STM32F4xx_HAL_Driver/Src/stm32f4xx_hal_tim_ex.c ****   TIM_HandleTypeDef *htim = (TIM_HandleTypeDef *)((DMA_HandleTypeDef *)hdma)->Parent;
  72              		.loc 1 2343 1 is_stmt 1 view -0
  73              		.cfi_startproc
  74              		@ args = 0, pretend = 0, frame = 0
  75              		@ frame_needed = 0, uses_anonymous_args = 0
2343:Drivers/STM32F4/Drivers/STM32F4xx_HAL_Driver/Src/stm32f4xx_hal_tim_ex.c ****   TIM_HandleTypeDef *htim = (TIM_HandleTypeDef *)((DMA_HandleTypeDef *)hdma)->Parent;
  76              		.loc 1 2343 1 is_stmt 0 view .LVU14
  77 0000 10B5     		push	{r4, lr}
  78              	.LCFI0:
  79              		.cfi_def_cfa_offset 8
  80              		.cfi_offset 4, -8
  81              		.cfi_offset 14, -4
2344:Drivers/STM32F4/Drivers/STM32F4xx_HAL_Driver/Src/stm32f4xx_hal_tim_ex.c **** 
  82              		.loc 1 2344 3 is_stmt 1 view .LVU15
2344:Drivers/STM32F4/Drivers/STM32F4xx_HAL_Driver/Src/stm32f4xx_hal_tim_ex.c **** 
  83              		.loc 1 2344 22 is_stmt 0 view .LVU16
  84 0002 846B     		ldr	r4, [r0, #56]
  85              	.LVL5:
2346:Drivers/STM32F4/Drivers/STM32F4xx_HAL_Driver/Src/stm32f4xx_hal_tim_ex.c ****   {
  86              		.loc 1 2346 3 is_stmt 1 view .LVU17
2346:Drivers/STM32F4/Drivers/STM32F4xx_HAL_Driver/Src/stm32f4xx_hal_tim_ex.c ****   {
  87              		.loc 1 2346 25 is_stmt 0 view .LVU18
  88 0004 636A     		ldr	r3, [r4, #36]
2346:Drivers/STM32F4/Drivers/STM32F4xx_HAL_Driver/Src/stm32f4xx_hal_tim_ex.c ****   {
  89              		.loc 1 2346 6 view .LVU19
  90 0006 8342     		cmp	r3, r0
  91 0008 0BD0     		beq	.L7
2351:Drivers/STM32F4/Drivers/STM32F4xx_HAL_Driver/Src/stm32f4xx_hal_tim_ex.c ****   {
  92              		.loc 1 2351 8 is_stmt 1 view .LVU20
2351:Drivers/STM32F4/Drivers/STM32F4xx_HAL_Driver/Src/stm32f4xx_hal_tim_ex.c ****   {
  93              		.loc 1 2351 30 is_stmt 0 view .LVU21
  94 000a A36A     		ldr	r3, [r4, #40]
2351:Drivers/STM32F4/Drivers/STM32F4xx_HAL_Driver/Src/stm32f4xx_hal_tim_ex.c ****   {
  95              		.loc 1 2351 11 view .LVU22
  96 000c 8342     		cmp	r3, r0
  97 000e 0DD0     		beq	.L8
2356:Drivers/STM32F4/Drivers/STM32F4xx_HAL_Driver/Src/stm32f4xx_hal_tim_ex.c ****   {
  98              		.loc 1 2356 8 is_stmt 1 view .LVU23
2356:Drivers/STM32F4/Drivers/STM32F4xx_HAL_Driver/Src/stm32f4xx_hal_tim_ex.c ****   {
  99              		.loc 1 2356 30 is_stmt 0 view .LVU24
 100 0010 E36A     		ldr	r3, [r4, #44]
2356:Drivers/STM32F4/Drivers/STM32F4xx_HAL_Driver/Src/stm32f4xx_hal_tim_ex.c ****   {
ARM GAS  /tmp/ccicUsXN.s 			page 45


 101              		.loc 1 2356 11 view .LVU25
 102 0012 8342     		cmp	r3, r0
 103 0014 10D0     		beq	.L9
 104              	.L4:
2364:Drivers/STM32F4/Drivers/STM32F4xx_HAL_Driver/Src/stm32f4xx_hal_tim_ex.c **** 
 105              		.loc 1 2364 3 is_stmt 1 view .LVU26
2369:Drivers/STM32F4/Drivers/STM32F4xx_HAL_Driver/Src/stm32f4xx_hal_tim_ex.c **** #endif /* USE_HAL_TIM_REGISTER_CALLBACKS */
 106              		.loc 1 2369 3 view .LVU27
 107 0016 2046     		mov	r0, r4
 108              	.LVL6:
2369:Drivers/STM32F4/Drivers/STM32F4xx_HAL_Driver/Src/stm32f4xx_hal_tim_ex.c **** #endif /* USE_HAL_TIM_REGISTER_CALLBACKS */
 109              		.loc 1 2369 3 is_stmt 0 view .LVU28
 110 0018 FFF7FEFF 		bl	HAL_TIM_ErrorCallback
 111              	.LVL7:
2372:Drivers/STM32F4/Drivers/STM32F4xx_HAL_Driver/Src/stm32f4xx_hal_tim_ex.c **** }
 112              		.loc 1 2372 3 is_stmt 1 view .LVU29
2372:Drivers/STM32F4/Drivers/STM32F4xx_HAL_Driver/Src/stm32f4xx_hal_tim_ex.c **** }
 113              		.loc 1 2372 17 is_stmt 0 view .LVU30
 114 001c 0023     		movs	r3, #0
 115 001e 2377     		strb	r3, [r4, #28]
2373:Drivers/STM32F4/Drivers/STM32F4xx_HAL_Driver/Src/stm32f4xx_hal_tim_ex.c **** 
 116              		.loc 1 2373 1 view .LVU31
 117 0020 10BD     		pop	{r4, pc}
 118              	.LVL8:
 119              	.L7:
2348:Drivers/STM32F4/Drivers/STM32F4xx_HAL_Driver/Src/stm32f4xx_hal_tim_ex.c ****     TIM_CHANNEL_N_STATE_SET(htim, TIM_CHANNEL_1, HAL_TIM_CHANNEL_STATE_READY);
 120              		.loc 1 2348 5 is_stmt 1 view .LVU32
2348:Drivers/STM32F4/Drivers/STM32F4xx_HAL_Driver/Src/stm32f4xx_hal_tim_ex.c ****     TIM_CHANNEL_N_STATE_SET(htim, TIM_CHANNEL_1, HAL_TIM_CHANNEL_STATE_READY);
 121              		.loc 1 2348 19 is_stmt 0 view .LVU33
 122 0022 0123     		movs	r3, #1
 123 0024 2377     		strb	r3, [r4, #28]
2349:Drivers/STM32F4/Drivers/STM32F4xx_HAL_Driver/Src/stm32f4xx_hal_tim_ex.c ****   }
 124              		.loc 1 2349 5 is_stmt 1 view .LVU34
 125 0026 84F84230 		strb	r3, [r4, #66]
 126 002a F4E7     		b	.L4
 127              	.L8:
2353:Drivers/STM32F4/Drivers/STM32F4xx_HAL_Driver/Src/stm32f4xx_hal_tim_ex.c ****     TIM_CHANNEL_N_STATE_SET(htim, TIM_CHANNEL_2, HAL_TIM_CHANNEL_STATE_READY);
 128              		.loc 1 2353 5 view .LVU35
2353:Drivers/STM32F4/Drivers/STM32F4xx_HAL_Driver/Src/stm32f4xx_hal_tim_ex.c ****     TIM_CHANNEL_N_STATE_SET(htim, TIM_CHANNEL_2, HAL_TIM_CHANNEL_STATE_READY);
 129              		.loc 1 2353 19 is_stmt 0 view .LVU36
 130 002c 0223     		movs	r3, #2
 131 002e 2377     		strb	r3, [r4, #28]
2354:Drivers/STM32F4/Drivers/STM32F4xx_HAL_Driver/Src/stm32f4xx_hal_tim_ex.c ****   }
 132              		.loc 1 2354 5 is_stmt 1 view .LVU37
 133 0030 0123     		movs	r3, #1
 134 0032 84F84330 		strb	r3, [r4, #67]
 135 0036 EEE7     		b	.L4
 136              	.L9:
2358:Drivers/STM32F4/Drivers/STM32F4xx_HAL_Driver/Src/stm32f4xx_hal_tim_ex.c ****     TIM_CHANNEL_N_STATE_SET(htim, TIM_CHANNEL_3, HAL_TIM_CHANNEL_STATE_READY);
 137              		.loc 1 2358 5 view .LVU38
2358:Drivers/STM32F4/Drivers/STM32F4xx_HAL_Driver/Src/stm32f4xx_hal_tim_ex.c ****     TIM_CHANNEL_N_STATE_SET(htim, TIM_CHANNEL_3, HAL_TIM_CHANNEL_STATE_READY);
 138              		.loc 1 2358 19 is_stmt 0 view .LVU39
 139 0038 0423     		movs	r3, #4
 140 003a 2377     		strb	r3, [r4, #28]
2359:Drivers/STM32F4/Drivers/STM32F4xx_HAL_Driver/Src/stm32f4xx_hal_tim_ex.c ****   }
 141              		.loc 1 2359 5 is_stmt 1 view .LVU40
 142 003c 0123     		movs	r3, #1
ARM GAS  /tmp/ccicUsXN.s 			page 46


 143 003e 84F84430 		strb	r3, [r4, #68]
 144 0042 E8E7     		b	.L4
 145              		.cfi_endproc
 146              	.LFE174:
 148              		.section	.text.TIM_DMADelayPulseNCplt,"ax",%progbits
 149              		.align	1
 150              		.syntax unified
 151              		.thumb
 152              		.thumb_func
 154              	TIM_DMADelayPulseNCplt:
 155              	.LVL9:
 156              	.LFB173:
2293:Drivers/STM32F4/Drivers/STM32F4xx_HAL_Driver/Src/stm32f4xx_hal_tim_ex.c ****   TIM_HandleTypeDef *htim = (TIM_HandleTypeDef *)((DMA_HandleTypeDef *)hdma)->Parent;
 157              		.loc 1 2293 1 view -0
 158              		.cfi_startproc
 159              		@ args = 0, pretend = 0, frame = 0
 160              		@ frame_needed = 0, uses_anonymous_args = 0
2293:Drivers/STM32F4/Drivers/STM32F4xx_HAL_Driver/Src/stm32f4xx_hal_tim_ex.c ****   TIM_HandleTypeDef *htim = (TIM_HandleTypeDef *)((DMA_HandleTypeDef *)hdma)->Parent;
 161              		.loc 1 2293 1 is_stmt 0 view .LVU42
 162 0000 10B5     		push	{r4, lr}
 163              	.LCFI1:
 164              		.cfi_def_cfa_offset 8
 165              		.cfi_offset 4, -8
 166              		.cfi_offset 14, -4
2294:Drivers/STM32F4/Drivers/STM32F4xx_HAL_Driver/Src/stm32f4xx_hal_tim_ex.c **** 
 167              		.loc 1 2294 3 is_stmt 1 view .LVU43
2294:Drivers/STM32F4/Drivers/STM32F4xx_HAL_Driver/Src/stm32f4xx_hal_tim_ex.c **** 
 168              		.loc 1 2294 22 is_stmt 0 view .LVU44
 169 0002 846B     		ldr	r4, [r0, #56]
 170              	.LVL10:
2296:Drivers/STM32F4/Drivers/STM32F4xx_HAL_Driver/Src/stm32f4xx_hal_tim_ex.c ****   {
 171              		.loc 1 2296 3 is_stmt 1 view .LVU45
2296:Drivers/STM32F4/Drivers/STM32F4xx_HAL_Driver/Src/stm32f4xx_hal_tim_ex.c ****   {
 172              		.loc 1 2296 25 is_stmt 0 view .LVU46
 173 0004 636A     		ldr	r3, [r4, #36]
2296:Drivers/STM32F4/Drivers/STM32F4xx_HAL_Driver/Src/stm32f4xx_hal_tim_ex.c ****   {
 174              		.loc 1 2296 6 view .LVU47
 175 0006 8342     		cmp	r3, r0
 176 0008 0BD0     		beq	.L15
2305:Drivers/STM32F4/Drivers/STM32F4xx_HAL_Driver/Src/stm32f4xx_hal_tim_ex.c ****   {
 177              		.loc 1 2305 8 is_stmt 1 view .LVU48
2305:Drivers/STM32F4/Drivers/STM32F4xx_HAL_Driver/Src/stm32f4xx_hal_tim_ex.c ****   {
 178              		.loc 1 2305 30 is_stmt 0 view .LVU49
 179 000a A36A     		ldr	r3, [r4, #40]
2305:Drivers/STM32F4/Drivers/STM32F4xx_HAL_Driver/Src/stm32f4xx_hal_tim_ex.c ****   {
 180              		.loc 1 2305 11 view .LVU50
 181 000c 8342     		cmp	r3, r0
 182 000e 11D0     		beq	.L16
2314:Drivers/STM32F4/Drivers/STM32F4xx_HAL_Driver/Src/stm32f4xx_hal_tim_ex.c ****   {
 183              		.loc 1 2314 8 is_stmt 1 view .LVU51
2314:Drivers/STM32F4/Drivers/STM32F4xx_HAL_Driver/Src/stm32f4xx_hal_tim_ex.c ****   {
 184              		.loc 1 2314 30 is_stmt 0 view .LVU52
 185 0010 E36A     		ldr	r3, [r4, #44]
2314:Drivers/STM32F4/Drivers/STM32F4xx_HAL_Driver/Src/stm32f4xx_hal_tim_ex.c ****   {
 186              		.loc 1 2314 11 view .LVU53
 187 0012 8342     		cmp	r3, r0
 188 0014 17D0     		beq	.L17
ARM GAS  /tmp/ccicUsXN.s 			page 47


 189              	.L12:
2326:Drivers/STM32F4/Drivers/STM32F4xx_HAL_Driver/Src/stm32f4xx_hal_tim_ex.c **** 
 190              		.loc 1 2326 3 is_stmt 1 view .LVU54
2331:Drivers/STM32F4/Drivers/STM32F4xx_HAL_Driver/Src/stm32f4xx_hal_tim_ex.c **** #endif /* USE_HAL_TIM_REGISTER_CALLBACKS */
 191              		.loc 1 2331 3 view .LVU55
 192 0016 2046     		mov	r0, r4
 193              	.LVL11:
2331:Drivers/STM32F4/Drivers/STM32F4xx_HAL_Driver/Src/stm32f4xx_hal_tim_ex.c **** #endif /* USE_HAL_TIM_REGISTER_CALLBACKS */
 194              		.loc 1 2331 3 is_stmt 0 view .LVU56
 195 0018 FFF7FEFF 		bl	HAL_TIM_PWM_PulseFinishedCallback
 196              	.LVL12:
2334:Drivers/STM32F4/Drivers/STM32F4xx_HAL_Driver/Src/stm32f4xx_hal_tim_ex.c **** }
 197              		.loc 1 2334 3 is_stmt 1 view .LVU57
2334:Drivers/STM32F4/Drivers/STM32F4xx_HAL_Driver/Src/stm32f4xx_hal_tim_ex.c **** }
 198              		.loc 1 2334 17 is_stmt 0 view .LVU58
 199 001c 0023     		movs	r3, #0
 200 001e 2377     		strb	r3, [r4, #28]
2335:Drivers/STM32F4/Drivers/STM32F4xx_HAL_Driver/Src/stm32f4xx_hal_tim_ex.c **** 
 201              		.loc 1 2335 1 view .LVU59
 202 0020 10BD     		pop	{r4, pc}
 203              	.LVL13:
 204              	.L15:
2298:Drivers/STM32F4/Drivers/STM32F4xx_HAL_Driver/Src/stm32f4xx_hal_tim_ex.c **** 
 205              		.loc 1 2298 5 is_stmt 1 view .LVU60
2298:Drivers/STM32F4/Drivers/STM32F4xx_HAL_Driver/Src/stm32f4xx_hal_tim_ex.c **** 
 206              		.loc 1 2298 19 is_stmt 0 view .LVU61
 207 0022 0123     		movs	r3, #1
 208 0024 2377     		strb	r3, [r4, #28]
2300:Drivers/STM32F4/Drivers/STM32F4xx_HAL_Driver/Src/stm32f4xx_hal_tim_ex.c ****     {
 209              		.loc 1 2300 5 is_stmt 1 view .LVU62
2300:Drivers/STM32F4/Drivers/STM32F4xx_HAL_Driver/Src/stm32f4xx_hal_tim_ex.c ****     {
 210              		.loc 1 2300 19 is_stmt 0 view .LVU63
 211 0026 C369     		ldr	r3, [r0, #28]
2300:Drivers/STM32F4/Drivers/STM32F4xx_HAL_Driver/Src/stm32f4xx_hal_tim_ex.c ****     {
 212              		.loc 1 2300 8 view .LVU64
 213 0028 002B     		cmp	r3, #0
 214 002a F4D1     		bne	.L12
2302:Drivers/STM32F4/Drivers/STM32F4xx_HAL_Driver/Src/stm32f4xx_hal_tim_ex.c ****     }
 215              		.loc 1 2302 7 is_stmt 1 view .LVU65
 216 002c 0123     		movs	r3, #1
 217 002e 84F84230 		strb	r3, [r4, #66]
 218 0032 F0E7     		b	.L12
 219              	.L16:
2307:Drivers/STM32F4/Drivers/STM32F4xx_HAL_Driver/Src/stm32f4xx_hal_tim_ex.c **** 
 220              		.loc 1 2307 5 view .LVU66
2307:Drivers/STM32F4/Drivers/STM32F4xx_HAL_Driver/Src/stm32f4xx_hal_tim_ex.c **** 
 221              		.loc 1 2307 19 is_stmt 0 view .LVU67
 222 0034 0223     		movs	r3, #2
 223 0036 2377     		strb	r3, [r4, #28]
2309:Drivers/STM32F4/Drivers/STM32F4xx_HAL_Driver/Src/stm32f4xx_hal_tim_ex.c ****     {
 224              		.loc 1 2309 5 is_stmt 1 view .LVU68
2309:Drivers/STM32F4/Drivers/STM32F4xx_HAL_Driver/Src/stm32f4xx_hal_tim_ex.c ****     {
 225              		.loc 1 2309 19 is_stmt 0 view .LVU69
 226 0038 C369     		ldr	r3, [r0, #28]
2309:Drivers/STM32F4/Drivers/STM32F4xx_HAL_Driver/Src/stm32f4xx_hal_tim_ex.c ****     {
 227              		.loc 1 2309 8 view .LVU70
 228 003a 002B     		cmp	r3, #0
ARM GAS  /tmp/ccicUsXN.s 			page 48


 229 003c EBD1     		bne	.L12
2311:Drivers/STM32F4/Drivers/STM32F4xx_HAL_Driver/Src/stm32f4xx_hal_tim_ex.c ****     }
 230              		.loc 1 2311 7 is_stmt 1 view .LVU71
 231 003e 0123     		movs	r3, #1
 232 0040 84F84330 		strb	r3, [r4, #67]
 233 0044 E7E7     		b	.L12
 234              	.L17:
2316:Drivers/STM32F4/Drivers/STM32F4xx_HAL_Driver/Src/stm32f4xx_hal_tim_ex.c **** 
 235              		.loc 1 2316 5 view .LVU72
2316:Drivers/STM32F4/Drivers/STM32F4xx_HAL_Driver/Src/stm32f4xx_hal_tim_ex.c **** 
 236              		.loc 1 2316 19 is_stmt 0 view .LVU73
 237 0046 0423     		movs	r3, #4
 238 0048 2377     		strb	r3, [r4, #28]
2318:Drivers/STM32F4/Drivers/STM32F4xx_HAL_Driver/Src/stm32f4xx_hal_tim_ex.c ****     {
 239              		.loc 1 2318 5 is_stmt 1 view .LVU74
2318:Drivers/STM32F4/Drivers/STM32F4xx_HAL_Driver/Src/stm32f4xx_hal_tim_ex.c ****     {
 240              		.loc 1 2318 19 is_stmt 0 view .LVU75
 241 004a C369     		ldr	r3, [r0, #28]
2318:Drivers/STM32F4/Drivers/STM32F4xx_HAL_Driver/Src/stm32f4xx_hal_tim_ex.c ****     {
 242              		.loc 1 2318 8 view .LVU76
 243 004c 002B     		cmp	r3, #0
 244 004e E2D1     		bne	.L12
2320:Drivers/STM32F4/Drivers/STM32F4xx_HAL_Driver/Src/stm32f4xx_hal_tim_ex.c ****     }
 245              		.loc 1 2320 7 is_stmt 1 view .LVU77
 246 0050 0123     		movs	r3, #1
 247 0052 84F84430 		strb	r3, [r4, #68]
 248 0056 DEE7     		b	.L12
 249              		.cfi_endproc
 250              	.LFE173:
 252              		.section	.text.HAL_TIMEx_HallSensor_MspInit,"ax",%progbits
 253              		.align	1
 254              		.weak	HAL_TIMEx_HallSensor_MspInit
 255              		.syntax unified
 256              		.thumb
 257              		.thumb_func
 259              	HAL_TIMEx_HallSensor_MspInit:
 260              	.LVL14:
 261              	.LFB136:
 286:Drivers/STM32F4/Drivers/STM32F4xx_HAL_Driver/Src/stm32f4xx_hal_tim_ex.c ****   /* Prevent unused argument(s) compilation warning */
 262              		.loc 1 286 1 view -0
 263              		.cfi_startproc
 264              		@ args = 0, pretend = 0, frame = 0
 265              		@ frame_needed = 0, uses_anonymous_args = 0
 266              		@ link register save eliminated.
 288:Drivers/STM32F4/Drivers/STM32F4xx_HAL_Driver/Src/stm32f4xx_hal_tim_ex.c **** 
 267              		.loc 1 288 3 view .LVU79
 293:Drivers/STM32F4/Drivers/STM32F4xx_HAL_Driver/Src/stm32f4xx_hal_tim_ex.c **** 
 268              		.loc 1 293 1 is_stmt 0 view .LVU80
 269 0000 7047     		bx	lr
 270              		.cfi_endproc
 271              	.LFE136:
 273              		.section	.rodata.HAL_TIMEx_HallSensor_Init.str1.4,"aMS",%progbits,1
 274              		.align	2
 275              	.LC0:
 276 0000 44726976 		.ascii	"Drivers/STM32F4/Drivers/STM32F4xx_HAL_Driver/Src/st"
 276      6572732F 
 276      53544D33 
ARM GAS  /tmp/ccicUsXN.s 			page 49


 276      3246342F 
 276      44726976 
 277 0033 6D333266 		.ascii	"m32f4xx_hal_tim_ex.c\000"
 277      3478785F 
 277      68616C5F 
 277      74696D5F 
 277      65782E63 
 278              		.section	.text.HAL_TIMEx_HallSensor_Init,"ax",%progbits
 279              		.align	1
 280              		.global	HAL_TIMEx_HallSensor_Init
 281              		.syntax unified
 282              		.thumb
 283              		.thumb_func
 285              	HAL_TIMEx_HallSensor_Init:
 286              	.LVL15:
 287              	.LFB134:
 139:Drivers/STM32F4/Drivers/STM32F4xx_HAL_Driver/Src/stm32f4xx_hal_tim_ex.c ****   TIM_OC_InitTypeDef OC_Config;
 288              		.loc 1 139 1 is_stmt 1 view -0
 289              		.cfi_startproc
 290              		@ args = 0, pretend = 0, frame = 32
 291              		@ frame_needed = 0, uses_anonymous_args = 0
 140:Drivers/STM32F4/Drivers/STM32F4xx_HAL_Driver/Src/stm32f4xx_hal_tim_ex.c **** 
 292              		.loc 1 140 3 view .LVU82
 143:Drivers/STM32F4/Drivers/STM32F4xx_HAL_Driver/Src/stm32f4xx_hal_tim_ex.c ****   {
 293              		.loc 1 143 3 view .LVU83
 143:Drivers/STM32F4/Drivers/STM32F4xx_HAL_Driver/Src/stm32f4xx_hal_tim_ex.c ****   {
 294              		.loc 1 143 6 is_stmt 0 view .LVU84
 295 0000 0028     		cmp	r0, #0
 296 0002 00F0E680 		beq	.L34
 139:Drivers/STM32F4/Drivers/STM32F4xx_HAL_Driver/Src/stm32f4xx_hal_tim_ex.c ****   TIM_OC_InitTypeDef OC_Config;
 297              		.loc 1 139 1 view .LVU85
 298 0006 70B5     		push	{r4, r5, r6, lr}
 299              	.LCFI2:
 300              		.cfi_def_cfa_offset 16
 301              		.cfi_offset 4, -16
 302              		.cfi_offset 5, -12
 303              		.cfi_offset 6, -8
 304              		.cfi_offset 14, -4
 305 0008 88B0     		sub	sp, sp, #32
 306              	.LCFI3:
 307              		.cfi_def_cfa_offset 48
 308 000a 0D46     		mov	r5, r1
 309 000c 0446     		mov	r4, r0
 149:Drivers/STM32F4/Drivers/STM32F4xx_HAL_Driver/Src/stm32f4xx_hal_tim_ex.c ****   assert_param(IS_TIM_COUNTER_MODE(htim->Init.CounterMode));
 310              		.loc 1 149 3 is_stmt 1 view .LVU86
 311 000e 0368     		ldr	r3, [r0]
 312 0010 714A     		ldr	r2, .L46
 313 0012 9342     		cmp	r3, r2
 314 0014 16D0     		beq	.L21
 149:Drivers/STM32F4/Drivers/STM32F4xx_HAL_Driver/Src/stm32f4xx_hal_tim_ex.c ****   assert_param(IS_TIM_COUNTER_MODE(htim->Init.CounterMode));
 315              		.loc 1 149 3 is_stmt 0 discriminator 1 view .LVU87
 316 0016 B3F1804F 		cmp	r3, #1073741824
 317 001a 13D0     		beq	.L21
 149:Drivers/STM32F4/Drivers/STM32F4xx_HAL_Driver/Src/stm32f4xx_hal_tim_ex.c ****   assert_param(IS_TIM_COUNTER_MODE(htim->Init.CounterMode));
 318              		.loc 1 149 3 discriminator 2 view .LVU88
 319 001c A2F57C42 		sub	r2, r2, #64512
 320 0020 9342     		cmp	r3, r2
ARM GAS  /tmp/ccicUsXN.s 			page 50


 321 0022 0FD0     		beq	.L21
 149:Drivers/STM32F4/Drivers/STM32F4xx_HAL_Driver/Src/stm32f4xx_hal_tim_ex.c ****   assert_param(IS_TIM_COUNTER_MODE(htim->Init.CounterMode));
 322              		.loc 1 149 3 discriminator 3 view .LVU89
 323 0024 02F58062 		add	r2, r2, #1024
 324 0028 9342     		cmp	r3, r2
 325 002a 0BD0     		beq	.L21
 149:Drivers/STM32F4/Drivers/STM32F4xx_HAL_Driver/Src/stm32f4xx_hal_tim_ex.c ****   assert_param(IS_TIM_COUNTER_MODE(htim->Init.CounterMode));
 326              		.loc 1 149 3 discriminator 4 view .LVU90
 327 002c 02F58062 		add	r2, r2, #1024
 328 0030 9342     		cmp	r3, r2
 329 0032 07D0     		beq	.L21
 149:Drivers/STM32F4/Drivers/STM32F4xx_HAL_Driver/Src/stm32f4xx_hal_tim_ex.c ****   assert_param(IS_TIM_COUNTER_MODE(htim->Init.CounterMode));
 330              		.loc 1 149 3 discriminator 5 view .LVU91
 331 0034 02F57842 		add	r2, r2, #63488
 332 0038 9342     		cmp	r3, r2
 333 003a 03D0     		beq	.L21
 149:Drivers/STM32F4/Drivers/STM32F4xx_HAL_Driver/Src/stm32f4xx_hal_tim_ex.c ****   assert_param(IS_TIM_COUNTER_MODE(htim->Init.CounterMode));
 334              		.loc 1 149 3 discriminator 6 view .LVU92
 335 003c 9521     		movs	r1, #149
 336              	.LVL16:
 149:Drivers/STM32F4/Drivers/STM32F4xx_HAL_Driver/Src/stm32f4xx_hal_tim_ex.c ****   assert_param(IS_TIM_COUNTER_MODE(htim->Init.CounterMode));
 337              		.loc 1 149 3 discriminator 6 view .LVU93
 338 003e 6748     		ldr	r0, .L46+4
 339              	.LVL17:
 149:Drivers/STM32F4/Drivers/STM32F4xx_HAL_Driver/Src/stm32f4xx_hal_tim_ex.c ****   assert_param(IS_TIM_COUNTER_MODE(htim->Init.CounterMode));
 340              		.loc 1 149 3 discriminator 6 view .LVU94
 341 0040 FFF7FEFF 		bl	assert_failed
 342              	.LVL18:
 343              	.L21:
 150:Drivers/STM32F4/Drivers/STM32F4xx_HAL_Driver/Src/stm32f4xx_hal_tim_ex.c ****   assert_param(IS_TIM_CLOCKDIVISION_DIV(htim->Init.ClockDivision));
 344              		.loc 1 150 3 is_stmt 1 view .LVU95
 345 0044 A368     		ldr	r3, [r4, #8]
 346 0046 3BB1     		cbz	r3, .L22
 150:Drivers/STM32F4/Drivers/STM32F4xx_HAL_Driver/Src/stm32f4xx_hal_tim_ex.c ****   assert_param(IS_TIM_CLOCKDIVISION_DIV(htim->Init.ClockDivision));
 347              		.loc 1 150 3 is_stmt 0 discriminator 1 view .LVU96
 348 0048 102B     		cmp	r3, #16
 349 004a 05D0     		beq	.L22
 150:Drivers/STM32F4/Drivers/STM32F4xx_HAL_Driver/Src/stm32f4xx_hal_tim_ex.c ****   assert_param(IS_TIM_CLOCKDIVISION_DIV(htim->Init.ClockDivision));
 350              		.loc 1 150 3 discriminator 2 view .LVU97
 351 004c 202B     		cmp	r3, #32
 352 004e 03D0     		beq	.L22
 150:Drivers/STM32F4/Drivers/STM32F4xx_HAL_Driver/Src/stm32f4xx_hal_tim_ex.c ****   assert_param(IS_TIM_CLOCKDIVISION_DIV(htim->Init.ClockDivision));
 353              		.loc 1 150 3 discriminator 3 view .LVU98
 354 0050 402B     		cmp	r3, #64
 355 0052 01D0     		beq	.L22
 150:Drivers/STM32F4/Drivers/STM32F4xx_HAL_Driver/Src/stm32f4xx_hal_tim_ex.c ****   assert_param(IS_TIM_CLOCKDIVISION_DIV(htim->Init.ClockDivision));
 356              		.loc 1 150 3 discriminator 4 view .LVU99
 357 0054 602B     		cmp	r3, #96
 358 0056 21D1     		bne	.L39
 359              	.L22:
 151:Drivers/STM32F4/Drivers/STM32F4xx_HAL_Driver/Src/stm32f4xx_hal_tim_ex.c ****   assert_param(IS_TIM_AUTORELOAD_PRELOAD(htim->Init.AutoReloadPreload));
 360              		.loc 1 151 3 is_stmt 1 view .LVU100
 361 0058 2369     		ldr	r3, [r4, #16]
 362 005a 2BB1     		cbz	r3, .L23
 151:Drivers/STM32F4/Drivers/STM32F4xx_HAL_Driver/Src/stm32f4xx_hal_tim_ex.c ****   assert_param(IS_TIM_AUTORELOAD_PRELOAD(htim->Init.AutoReloadPreload));
 363              		.loc 1 151 3 is_stmt 0 discriminator 1 view .LVU101
 364 005c B3F5807F 		cmp	r3, #256
ARM GAS  /tmp/ccicUsXN.s 			page 51


 365 0060 02D0     		beq	.L23
 151:Drivers/STM32F4/Drivers/STM32F4xx_HAL_Driver/Src/stm32f4xx_hal_tim_ex.c ****   assert_param(IS_TIM_AUTORELOAD_PRELOAD(htim->Init.AutoReloadPreload));
 366              		.loc 1 151 3 discriminator 2 view .LVU102
 367 0062 B3F5007F 		cmp	r3, #512
 368 0066 1ED1     		bne	.L40
 369              	.L23:
 152:Drivers/STM32F4/Drivers/STM32F4xx_HAL_Driver/Src/stm32f4xx_hal_tim_ex.c ****   assert_param(IS_TIM_IC_POLARITY(sConfig->IC1Polarity));
 370              		.loc 1 152 3 is_stmt 1 view .LVU103
 371 0068 A369     		ldr	r3, [r4, #24]
 372 006a 0BB1     		cbz	r3, .L24
 152:Drivers/STM32F4/Drivers/STM32F4xx_HAL_Driver/Src/stm32f4xx_hal_tim_ex.c ****   assert_param(IS_TIM_IC_POLARITY(sConfig->IC1Polarity));
 373              		.loc 1 152 3 is_stmt 0 discriminator 1 view .LVU104
 374 006c 802B     		cmp	r3, #128
 375 006e 1FD1     		bne	.L41
 376              	.L24:
 153:Drivers/STM32F4/Drivers/STM32F4xx_HAL_Driver/Src/stm32f4xx_hal_tim_ex.c ****   assert_param(IS_TIM_PERIOD(htim, htim->Init.Period));
 377              		.loc 1 153 3 is_stmt 1 view .LVU105
 378 0070 2B68     		ldr	r3, [r5]
 379 0072 1BB1     		cbz	r3, .L25
 153:Drivers/STM32F4/Drivers/STM32F4xx_HAL_Driver/Src/stm32f4xx_hal_tim_ex.c ****   assert_param(IS_TIM_PERIOD(htim, htim->Init.Period));
 380              		.loc 1 153 3 is_stmt 0 discriminator 1 view .LVU106
 381 0074 022B     		cmp	r3, #2
 382 0076 01D0     		beq	.L25
 153:Drivers/STM32F4/Drivers/STM32F4xx_HAL_Driver/Src/stm32f4xx_hal_tim_ex.c ****   assert_param(IS_TIM_PERIOD(htim, htim->Init.Period));
 383              		.loc 1 153 3 discriminator 2 view .LVU107
 384 0078 0A2B     		cmp	r3, #10
 385 007a 1ED1     		bne	.L42
 386              	.L25:
 154:Drivers/STM32F4/Drivers/STM32F4xx_HAL_Driver/Src/stm32f4xx_hal_tim_ex.c ****   assert_param(IS_TIM_IC_PRESCALER(sConfig->IC1Prescaler));
 387              		.loc 1 154 3 is_stmt 1 view .LVU108
 388 007c 2368     		ldr	r3, [r4]
 389 007e B3F1804F 		cmp	r3, #1073741824
 390 0082 1FD0     		beq	.L26
 154:Drivers/STM32F4/Drivers/STM32F4xx_HAL_Driver/Src/stm32f4xx_hal_tim_ex.c ****   assert_param(IS_TIM_IC_PRESCALER(sConfig->IC1Prescaler));
 391              		.loc 1 154 3 is_stmt 0 discriminator 2 view .LVU109
 392 0084 564A     		ldr	r2, .L46+8
 393 0086 9342     		cmp	r3, r2
 394 0088 1CD0     		beq	.L26
 154:Drivers/STM32F4/Drivers/STM32F4xx_HAL_Driver/Src/stm32f4xx_hal_tim_ex.c ****   assert_param(IS_TIM_IC_PRESCALER(sConfig->IC1Prescaler));
 395              		.loc 1 154 3 discriminator 4 view .LVU110
 396 008a E368     		ldr	r3, [r4, #12]
 397 008c 013B     		subs	r3, r3, #1
 398 008e 4FF6FE72 		movw	r2, #65534
 399 0092 9342     		cmp	r3, r2
 400 0094 8CBF     		ite	hi
 401 0096 0023     		movhi	r3, #0
 402 0098 0123     		movls	r3, #1
 403 009a 17E0     		b	.L28
 404              	.L39:
 150:Drivers/STM32F4/Drivers/STM32F4xx_HAL_Driver/Src/stm32f4xx_hal_tim_ex.c ****   assert_param(IS_TIM_CLOCKDIVISION_DIV(htim->Init.ClockDivision));
 405              		.loc 1 150 3 discriminator 5 view .LVU111
 406 009c 9621     		movs	r1, #150
 407 009e 4F48     		ldr	r0, .L46+4
 408 00a0 FFF7FEFF 		bl	assert_failed
 409              	.LVL19:
 410 00a4 D8E7     		b	.L22
 411              	.L40:
ARM GAS  /tmp/ccicUsXN.s 			page 52


 151:Drivers/STM32F4/Drivers/STM32F4xx_HAL_Driver/Src/stm32f4xx_hal_tim_ex.c ****   assert_param(IS_TIM_AUTORELOAD_PRELOAD(htim->Init.AutoReloadPreload));
 412              		.loc 1 151 3 discriminator 3 view .LVU112
 413 00a6 9721     		movs	r1, #151
 414 00a8 4C48     		ldr	r0, .L46+4
 415 00aa FFF7FEFF 		bl	assert_failed
 416              	.LVL20:
 417 00ae DBE7     		b	.L23
 418              	.L41:
 152:Drivers/STM32F4/Drivers/STM32F4xx_HAL_Driver/Src/stm32f4xx_hal_tim_ex.c ****   assert_param(IS_TIM_IC_POLARITY(sConfig->IC1Polarity));
 419              		.loc 1 152 3 discriminator 2 view .LVU113
 420 00b0 9821     		movs	r1, #152
 421 00b2 4A48     		ldr	r0, .L46+4
 422 00b4 FFF7FEFF 		bl	assert_failed
 423              	.LVL21:
 424 00b8 DAE7     		b	.L24
 425              	.L42:
 153:Drivers/STM32F4/Drivers/STM32F4xx_HAL_Driver/Src/stm32f4xx_hal_tim_ex.c ****   assert_param(IS_TIM_PERIOD(htim, htim->Init.Period));
 426              		.loc 1 153 3 discriminator 3 view .LVU114
 427 00ba 9921     		movs	r1, #153
 428 00bc 4748     		ldr	r0, .L46+4
 429 00be FFF7FEFF 		bl	assert_failed
 430              	.LVL22:
 431 00c2 DBE7     		b	.L25
 432              	.L26:
 154:Drivers/STM32F4/Drivers/STM32F4xx_HAL_Driver/Src/stm32f4xx_hal_tim_ex.c ****   assert_param(IS_TIM_IC_PRESCALER(sConfig->IC1Prescaler));
 433              		.loc 1 154 3 discriminator 3 view .LVU115
 434 00c4 E368     		ldr	r3, [r4, #12]
 435 00c6 003B     		subs	r3, r3, #0
 436 00c8 18BF     		it	ne
 437 00ca 0123     		movne	r3, #1
 438              	.L28:
 154:Drivers/STM32F4/Drivers/STM32F4xx_HAL_Driver/Src/stm32f4xx_hal_tim_ex.c ****   assert_param(IS_TIM_IC_PRESCALER(sConfig->IC1Prescaler));
 439              		.loc 1 154 3 discriminator 6 view .LVU116
 440 00cc 002B     		cmp	r3, #0
 441 00ce 6BD0     		beq	.L43
 442              	.L29:
 155:Drivers/STM32F4/Drivers/STM32F4xx_HAL_Driver/Src/stm32f4xx_hal_tim_ex.c ****   assert_param(IS_TIM_IC_FILTER(sConfig->IC1Filter));
 443              		.loc 1 155 3 is_stmt 1 view .LVU117
 444 00d0 6B68     		ldr	r3, [r5, #4]
 445 00d2 4BB1     		cbz	r3, .L30
 446 00d4 043B     		subs	r3, r3, #4
 447 00d6 082B     		cmp	r3, #8
 448 00d8 6BD8     		bhi	.L31
 449 00da 40F21112 		movw	r2, #273
 450 00de 22FA03F3 		lsr	r3, r2, r3
 451 00e2 13F0010F 		tst	r3, #1
 452 00e6 64D0     		beq	.L31
 453              	.L30:
 156:Drivers/STM32F4/Drivers/STM32F4xx_HAL_Driver/Src/stm32f4xx_hal_tim_ex.c **** 
 454              		.loc 1 156 3 view .LVU118
 455 00e8 AB68     		ldr	r3, [r5, #8]
 456 00ea 0F2B     		cmp	r3, #15
 457 00ec 66D8     		bhi	.L44
 458              	.L32:
 158:Drivers/STM32F4/Drivers/STM32F4xx_HAL_Driver/Src/stm32f4xx_hal_tim_ex.c ****   {
 459              		.loc 1 158 3 view .LVU119
 158:Drivers/STM32F4/Drivers/STM32F4xx_HAL_Driver/Src/stm32f4xx_hal_tim_ex.c ****   {
ARM GAS  /tmp/ccicUsXN.s 			page 53


 460              		.loc 1 158 11 is_stmt 0 view .LVU120
 461 00ee 94F83D30 		ldrb	r3, [r4, #61]	@ zero_extendqisi2
 158:Drivers/STM32F4/Drivers/STM32F4xx_HAL_Driver/Src/stm32f4xx_hal_tim_ex.c ****   {
 462              		.loc 1 158 6 view .LVU121
 463 00f2 002B     		cmp	r3, #0
 464 00f4 67D0     		beq	.L45
 465              	.L33:
 180:Drivers/STM32F4/Drivers/STM32F4xx_HAL_Driver/Src/stm32f4xx_hal_tim_ex.c **** 
 466              		.loc 1 180 3 is_stmt 1 view .LVU122
 180:Drivers/STM32F4/Drivers/STM32F4xx_HAL_Driver/Src/stm32f4xx_hal_tim_ex.c **** 
 467              		.loc 1 180 15 is_stmt 0 view .LVU123
 468 00f6 0223     		movs	r3, #2
 469 00f8 84F83D30 		strb	r3, [r4, #61]
 183:Drivers/STM32F4/Drivers/STM32F4xx_HAL_Driver/Src/stm32f4xx_hal_tim_ex.c **** 
 470              		.loc 1 183 3 is_stmt 1 view .LVU124
 183:Drivers/STM32F4/Drivers/STM32F4xx_HAL_Driver/Src/stm32f4xx_hal_tim_ex.c **** 
 471              		.loc 1 183 38 is_stmt 0 view .LVU125
 472 00fc 2146     		mov	r1, r4
 183:Drivers/STM32F4/Drivers/STM32F4xx_HAL_Driver/Src/stm32f4xx_hal_tim_ex.c **** 
 473              		.loc 1 183 3 view .LVU126
 474 00fe 51F8040B 		ldr	r0, [r1], #4
 475 0102 FFF7FEFF 		bl	TIM_Base_SetConfig
 476              	.LVL23:
 186:Drivers/STM32F4/Drivers/STM32F4xx_HAL_Driver/Src/stm32f4xx_hal_tim_ex.c **** 
 477              		.loc 1 186 3 is_stmt 1 view .LVU127
 478 0106 AB68     		ldr	r3, [r5, #8]
 479 0108 0322     		movs	r2, #3
 480 010a 2968     		ldr	r1, [r5]
 481 010c 2068     		ldr	r0, [r4]
 482 010e FFF7FEFF 		bl	TIM_TI1_SetConfig
 483              	.LVL24:
 189:Drivers/STM32F4/Drivers/STM32F4xx_HAL_Driver/Src/stm32f4xx_hal_tim_ex.c ****   /* Set the IC1PSC value */
 484              		.loc 1 189 3 view .LVU128
 189:Drivers/STM32F4/Drivers/STM32F4xx_HAL_Driver/Src/stm32f4xx_hal_tim_ex.c ****   /* Set the IC1PSC value */
 485              		.loc 1 189 7 is_stmt 0 view .LVU129
 486 0112 2268     		ldr	r2, [r4]
 189:Drivers/STM32F4/Drivers/STM32F4xx_HAL_Driver/Src/stm32f4xx_hal_tim_ex.c ****   /* Set the IC1PSC value */
 487              		.loc 1 189 17 view .LVU130
 488 0114 9369     		ldr	r3, [r2, #24]
 189:Drivers/STM32F4/Drivers/STM32F4xx_HAL_Driver/Src/stm32f4xx_hal_tim_ex.c ****   /* Set the IC1PSC value */
 489              		.loc 1 189 25 view .LVU131
 490 0116 23F00C03 		bic	r3, r3, #12
 491 011a 9361     		str	r3, [r2, #24]
 191:Drivers/STM32F4/Drivers/STM32F4xx_HAL_Driver/Src/stm32f4xx_hal_tim_ex.c **** 
 492              		.loc 1 191 3 is_stmt 1 view .LVU132
 191:Drivers/STM32F4/Drivers/STM32F4xx_HAL_Driver/Src/stm32f4xx_hal_tim_ex.c **** 
 493              		.loc 1 191 7 is_stmt 0 view .LVU133
 494 011c 2268     		ldr	r2, [r4]
 191:Drivers/STM32F4/Drivers/STM32F4xx_HAL_Driver/Src/stm32f4xx_hal_tim_ex.c **** 
 495              		.loc 1 191 17 view .LVU134
 496 011e 9369     		ldr	r3, [r2, #24]
 191:Drivers/STM32F4/Drivers/STM32F4xx_HAL_Driver/Src/stm32f4xx_hal_tim_ex.c **** 
 497              		.loc 1 191 35 view .LVU135
 498 0120 6968     		ldr	r1, [r5, #4]
 191:Drivers/STM32F4/Drivers/STM32F4xx_HAL_Driver/Src/stm32f4xx_hal_tim_ex.c **** 
 499              		.loc 1 191 25 view .LVU136
 500 0122 0B43     		orrs	r3, r3, r1
ARM GAS  /tmp/ccicUsXN.s 			page 54


 501 0124 9361     		str	r3, [r2, #24]
 194:Drivers/STM32F4/Drivers/STM32F4xx_HAL_Driver/Src/stm32f4xx_hal_tim_ex.c **** 
 502              		.loc 1 194 3 is_stmt 1 view .LVU137
 194:Drivers/STM32F4/Drivers/STM32F4xx_HAL_Driver/Src/stm32f4xx_hal_tim_ex.c **** 
 503              		.loc 1 194 7 is_stmt 0 view .LVU138
 504 0126 2268     		ldr	r2, [r4]
 194:Drivers/STM32F4/Drivers/STM32F4xx_HAL_Driver/Src/stm32f4xx_hal_tim_ex.c **** 
 505              		.loc 1 194 17 view .LVU139
 506 0128 5368     		ldr	r3, [r2, #4]
 194:Drivers/STM32F4/Drivers/STM32F4xx_HAL_Driver/Src/stm32f4xx_hal_tim_ex.c **** 
 507              		.loc 1 194 23 view .LVU140
 508 012a 43F08003 		orr	r3, r3, #128
 509 012e 5360     		str	r3, [r2, #4]
 197:Drivers/STM32F4/Drivers/STM32F4xx_HAL_Driver/Src/stm32f4xx_hal_tim_ex.c ****   htim->Instance->SMCR |= TIM_TS_TI1F_ED;
 510              		.loc 1 197 3 is_stmt 1 view .LVU141
 197:Drivers/STM32F4/Drivers/STM32F4xx_HAL_Driver/Src/stm32f4xx_hal_tim_ex.c ****   htim->Instance->SMCR |= TIM_TS_TI1F_ED;
 511              		.loc 1 197 7 is_stmt 0 view .LVU142
 512 0130 2268     		ldr	r2, [r4]
 197:Drivers/STM32F4/Drivers/STM32F4xx_HAL_Driver/Src/stm32f4xx_hal_tim_ex.c ****   htim->Instance->SMCR |= TIM_TS_TI1F_ED;
 513              		.loc 1 197 17 view .LVU143
 514 0132 9368     		ldr	r3, [r2, #8]
 197:Drivers/STM32F4/Drivers/STM32F4xx_HAL_Driver/Src/stm32f4xx_hal_tim_ex.c ****   htim->Instance->SMCR |= TIM_TS_TI1F_ED;
 515              		.loc 1 197 24 view .LVU144
 516 0134 23F07003 		bic	r3, r3, #112
 517 0138 9360     		str	r3, [r2, #8]
 198:Drivers/STM32F4/Drivers/STM32F4xx_HAL_Driver/Src/stm32f4xx_hal_tim_ex.c **** 
 518              		.loc 1 198 3 is_stmt 1 view .LVU145
 198:Drivers/STM32F4/Drivers/STM32F4xx_HAL_Driver/Src/stm32f4xx_hal_tim_ex.c **** 
 519              		.loc 1 198 7 is_stmt 0 view .LVU146
 520 013a 2268     		ldr	r2, [r4]
 198:Drivers/STM32F4/Drivers/STM32F4xx_HAL_Driver/Src/stm32f4xx_hal_tim_ex.c **** 
 521              		.loc 1 198 17 view .LVU147
 522 013c 9368     		ldr	r3, [r2, #8]
 198:Drivers/STM32F4/Drivers/STM32F4xx_HAL_Driver/Src/stm32f4xx_hal_tim_ex.c **** 
 523              		.loc 1 198 24 view .LVU148
 524 013e 43F04003 		orr	r3, r3, #64
 525 0142 9360     		str	r3, [r2, #8]
 201:Drivers/STM32F4/Drivers/STM32F4xx_HAL_Driver/Src/stm32f4xx_hal_tim_ex.c ****   htim->Instance->SMCR |= TIM_SLAVEMODE_RESET;
 526              		.loc 1 201 3 is_stmt 1 view .LVU149
 201:Drivers/STM32F4/Drivers/STM32F4xx_HAL_Driver/Src/stm32f4xx_hal_tim_ex.c ****   htim->Instance->SMCR |= TIM_SLAVEMODE_RESET;
 527              		.loc 1 201 7 is_stmt 0 view .LVU150
 528 0144 2268     		ldr	r2, [r4]
 201:Drivers/STM32F4/Drivers/STM32F4xx_HAL_Driver/Src/stm32f4xx_hal_tim_ex.c ****   htim->Instance->SMCR |= TIM_SLAVEMODE_RESET;
 529              		.loc 1 201 17 view .LVU151
 530 0146 9368     		ldr	r3, [r2, #8]
 201:Drivers/STM32F4/Drivers/STM32F4xx_HAL_Driver/Src/stm32f4xx_hal_tim_ex.c ****   htim->Instance->SMCR |= TIM_SLAVEMODE_RESET;
 531              		.loc 1 201 24 view .LVU152
 532 0148 23F00703 		bic	r3, r3, #7
 533 014c 9360     		str	r3, [r2, #8]
 202:Drivers/STM32F4/Drivers/STM32F4xx_HAL_Driver/Src/stm32f4xx_hal_tim_ex.c **** 
 534              		.loc 1 202 3 is_stmt 1 view .LVU153
 202:Drivers/STM32F4/Drivers/STM32F4xx_HAL_Driver/Src/stm32f4xx_hal_tim_ex.c **** 
 535              		.loc 1 202 7 is_stmt 0 view .LVU154
 536 014e 2268     		ldr	r2, [r4]
 202:Drivers/STM32F4/Drivers/STM32F4xx_HAL_Driver/Src/stm32f4xx_hal_tim_ex.c **** 
 537              		.loc 1 202 17 view .LVU155
 538 0150 9368     		ldr	r3, [r2, #8]
ARM GAS  /tmp/ccicUsXN.s 			page 55


 202:Drivers/STM32F4/Drivers/STM32F4xx_HAL_Driver/Src/stm32f4xx_hal_tim_ex.c **** 
 539              		.loc 1 202 24 view .LVU156
 540 0152 43F00403 		orr	r3, r3, #4
 541 0156 9360     		str	r3, [r2, #8]
 205:Drivers/STM32F4/Drivers/STM32F4xx_HAL_Driver/Src/stm32f4xx_hal_tim_ex.c ****   OC_Config.OCIdleState = TIM_OCIDLESTATE_RESET;
 542              		.loc 1 205 3 is_stmt 1 view .LVU157
 205:Drivers/STM32F4/Drivers/STM32F4xx_HAL_Driver/Src/stm32f4xx_hal_tim_ex.c ****   OC_Config.OCIdleState = TIM_OCIDLESTATE_RESET;
 543              		.loc 1 205 24 is_stmt 0 view .LVU158
 544 0158 0026     		movs	r6, #0
 545 015a 0596     		str	r6, [sp, #20]
 206:Drivers/STM32F4/Drivers/STM32F4xx_HAL_Driver/Src/stm32f4xx_hal_tim_ex.c ****   OC_Config.OCMode = TIM_OCMODE_PWM2;
 546              		.loc 1 206 3 is_stmt 1 view .LVU159
 206:Drivers/STM32F4/Drivers/STM32F4xx_HAL_Driver/Src/stm32f4xx_hal_tim_ex.c ****   OC_Config.OCMode = TIM_OCMODE_PWM2;
 547              		.loc 1 206 25 is_stmt 0 view .LVU160
 548 015c 0696     		str	r6, [sp, #24]
 207:Drivers/STM32F4/Drivers/STM32F4xx_HAL_Driver/Src/stm32f4xx_hal_tim_ex.c ****   OC_Config.OCNIdleState = TIM_OCNIDLESTATE_RESET;
 549              		.loc 1 207 3 is_stmt 1 view .LVU161
 207:Drivers/STM32F4/Drivers/STM32F4xx_HAL_Driver/Src/stm32f4xx_hal_tim_ex.c ****   OC_Config.OCNIdleState = TIM_OCNIDLESTATE_RESET;
 550              		.loc 1 207 20 is_stmt 0 view .LVU162
 551 015e 7023     		movs	r3, #112
 552 0160 0193     		str	r3, [sp, #4]
 208:Drivers/STM32F4/Drivers/STM32F4xx_HAL_Driver/Src/stm32f4xx_hal_tim_ex.c ****   OC_Config.OCNPolarity = TIM_OCNPOLARITY_HIGH;
 553              		.loc 1 208 3 is_stmt 1 view .LVU163
 208:Drivers/STM32F4/Drivers/STM32F4xx_HAL_Driver/Src/stm32f4xx_hal_tim_ex.c ****   OC_Config.OCNPolarity = TIM_OCNPOLARITY_HIGH;
 554              		.loc 1 208 26 is_stmt 0 view .LVU164
 555 0162 0796     		str	r6, [sp, #28]
 209:Drivers/STM32F4/Drivers/STM32F4xx_HAL_Driver/Src/stm32f4xx_hal_tim_ex.c ****   OC_Config.OCPolarity = TIM_OCPOLARITY_HIGH;
 556              		.loc 1 209 3 is_stmt 1 view .LVU165
 209:Drivers/STM32F4/Drivers/STM32F4xx_HAL_Driver/Src/stm32f4xx_hal_tim_ex.c ****   OC_Config.OCPolarity = TIM_OCPOLARITY_HIGH;
 557              		.loc 1 209 25 is_stmt 0 view .LVU166
 558 0164 0496     		str	r6, [sp, #16]
 210:Drivers/STM32F4/Drivers/STM32F4xx_HAL_Driver/Src/stm32f4xx_hal_tim_ex.c ****   OC_Config.Pulse = sConfig->Commutation_Delay;
 559              		.loc 1 210 3 is_stmt 1 view .LVU167
 210:Drivers/STM32F4/Drivers/STM32F4xx_HAL_Driver/Src/stm32f4xx_hal_tim_ex.c ****   OC_Config.Pulse = sConfig->Commutation_Delay;
 560              		.loc 1 210 24 is_stmt 0 view .LVU168
 561 0166 0396     		str	r6, [sp, #12]
 211:Drivers/STM32F4/Drivers/STM32F4xx_HAL_Driver/Src/stm32f4xx_hal_tim_ex.c **** 
 562              		.loc 1 211 3 is_stmt 1 view .LVU169
 211:Drivers/STM32F4/Drivers/STM32F4xx_HAL_Driver/Src/stm32f4xx_hal_tim_ex.c **** 
 563              		.loc 1 211 28 is_stmt 0 view .LVU170
 564 0168 EB68     		ldr	r3, [r5, #12]
 211:Drivers/STM32F4/Drivers/STM32F4xx_HAL_Driver/Src/stm32f4xx_hal_tim_ex.c **** 
 565              		.loc 1 211 19 view .LVU171
 566 016a 0293     		str	r3, [sp, #8]
 213:Drivers/STM32F4/Drivers/STM32F4xx_HAL_Driver/Src/stm32f4xx_hal_tim_ex.c **** 
 567              		.loc 1 213 3 is_stmt 1 view .LVU172
 568 016c 01A9     		add	r1, sp, #4
 569 016e 2068     		ldr	r0, [r4]
 570 0170 FFF7FEFF 		bl	TIM_OC2_SetConfig
 571              	.LVL25:
 217:Drivers/STM32F4/Drivers/STM32F4xx_HAL_Driver/Src/stm32f4xx_hal_tim_ex.c ****   htim->Instance->CR2 |= TIM_TRGO_OC2REF;
 572              		.loc 1 217 3 view .LVU173
 217:Drivers/STM32F4/Drivers/STM32F4xx_HAL_Driver/Src/stm32f4xx_hal_tim_ex.c ****   htim->Instance->CR2 |= TIM_TRGO_OC2REF;
 573              		.loc 1 217 7 is_stmt 0 view .LVU174
 574 0174 2268     		ldr	r2, [r4]
 217:Drivers/STM32F4/Drivers/STM32F4xx_HAL_Driver/Src/stm32f4xx_hal_tim_ex.c ****   htim->Instance->CR2 |= TIM_TRGO_OC2REF;
 575              		.loc 1 217 17 view .LVU175
ARM GAS  /tmp/ccicUsXN.s 			page 56


 576 0176 5368     		ldr	r3, [r2, #4]
 217:Drivers/STM32F4/Drivers/STM32F4xx_HAL_Driver/Src/stm32f4xx_hal_tim_ex.c ****   htim->Instance->CR2 |= TIM_TRGO_OC2REF;
 577              		.loc 1 217 23 view .LVU176
 578 0178 23F07003 		bic	r3, r3, #112
 579 017c 5360     		str	r3, [r2, #4]
 218:Drivers/STM32F4/Drivers/STM32F4xx_HAL_Driver/Src/stm32f4xx_hal_tim_ex.c **** 
 580              		.loc 1 218 3 is_stmt 1 view .LVU177
 218:Drivers/STM32F4/Drivers/STM32F4xx_HAL_Driver/Src/stm32f4xx_hal_tim_ex.c **** 
 581              		.loc 1 218 7 is_stmt 0 view .LVU178
 582 017e 2268     		ldr	r2, [r4]
 218:Drivers/STM32F4/Drivers/STM32F4xx_HAL_Driver/Src/stm32f4xx_hal_tim_ex.c **** 
 583              		.loc 1 218 17 view .LVU179
 584 0180 5368     		ldr	r3, [r2, #4]
 218:Drivers/STM32F4/Drivers/STM32F4xx_HAL_Driver/Src/stm32f4xx_hal_tim_ex.c **** 
 585              		.loc 1 218 23 view .LVU180
 586 0182 43F05003 		orr	r3, r3, #80
 587 0186 5360     		str	r3, [r2, #4]
 221:Drivers/STM32F4/Drivers/STM32F4xx_HAL_Driver/Src/stm32f4xx_hal_tim_ex.c **** 
 588              		.loc 1 221 3 is_stmt 1 view .LVU181
 221:Drivers/STM32F4/Drivers/STM32F4xx_HAL_Driver/Src/stm32f4xx_hal_tim_ex.c **** 
 589              		.loc 1 221 23 is_stmt 0 view .LVU182
 590 0188 0123     		movs	r3, #1
 591 018a 84F84630 		strb	r3, [r4, #70]
 224:Drivers/STM32F4/Drivers/STM32F4xx_HAL_Driver/Src/stm32f4xx_hal_tim_ex.c ****   TIM_CHANNEL_STATE_SET(htim, TIM_CHANNEL_2, HAL_TIM_CHANNEL_STATE_READY);
 592              		.loc 1 224 3 is_stmt 1 view .LVU183
 593 018e 84F83E30 		strb	r3, [r4, #62]
 225:Drivers/STM32F4/Drivers/STM32F4xx_HAL_Driver/Src/stm32f4xx_hal_tim_ex.c ****   TIM_CHANNEL_N_STATE_SET(htim, TIM_CHANNEL_1, HAL_TIM_CHANNEL_STATE_READY);
 594              		.loc 1 225 3 view .LVU184
 595 0192 84F83F30 		strb	r3, [r4, #63]
 226:Drivers/STM32F4/Drivers/STM32F4xx_HAL_Driver/Src/stm32f4xx_hal_tim_ex.c ****   TIM_CHANNEL_N_STATE_SET(htim, TIM_CHANNEL_2, HAL_TIM_CHANNEL_STATE_READY);
 596              		.loc 1 226 3 view .LVU185
 597 0196 84F84230 		strb	r3, [r4, #66]
 227:Drivers/STM32F4/Drivers/STM32F4xx_HAL_Driver/Src/stm32f4xx_hal_tim_ex.c **** 
 598              		.loc 1 227 3 view .LVU186
 599 019a 84F84330 		strb	r3, [r4, #67]
 230:Drivers/STM32F4/Drivers/STM32F4xx_HAL_Driver/Src/stm32f4xx_hal_tim_ex.c **** 
 600              		.loc 1 230 3 view .LVU187
 230:Drivers/STM32F4/Drivers/STM32F4xx_HAL_Driver/Src/stm32f4xx_hal_tim_ex.c **** 
 601              		.loc 1 230 15 is_stmt 0 view .LVU188
 602 019e 84F83D30 		strb	r3, [r4, #61]
 232:Drivers/STM32F4/Drivers/STM32F4xx_HAL_Driver/Src/stm32f4xx_hal_tim_ex.c **** }
 603              		.loc 1 232 3 is_stmt 1 view .LVU189
 232:Drivers/STM32F4/Drivers/STM32F4xx_HAL_Driver/Src/stm32f4xx_hal_tim_ex.c **** }
 604              		.loc 1 232 10 is_stmt 0 view .LVU190
 605 01a2 3046     		mov	r0, r6
 233:Drivers/STM32F4/Drivers/STM32F4xx_HAL_Driver/Src/stm32f4xx_hal_tim_ex.c **** 
 606              		.loc 1 233 1 view .LVU191
 607 01a4 08B0     		add	sp, sp, #32
 608              	.LCFI4:
 609              		.cfi_remember_state
 610              		.cfi_def_cfa_offset 16
 611              		@ sp needed
 612 01a6 70BD     		pop	{r4, r5, r6, pc}
 613              	.LVL26:
 614              	.L43:
 615              	.LCFI5:
 616              		.cfi_restore_state
ARM GAS  /tmp/ccicUsXN.s 			page 57


 154:Drivers/STM32F4/Drivers/STM32F4xx_HAL_Driver/Src/stm32f4xx_hal_tim_ex.c ****   assert_param(IS_TIM_IC_PRESCALER(sConfig->IC1Prescaler));
 617              		.loc 1 154 3 discriminator 7 view .LVU192
 618 01a8 9A21     		movs	r1, #154
 619 01aa 0C48     		ldr	r0, .L46+4
 620 01ac FFF7FEFF 		bl	assert_failed
 621              	.LVL27:
 622 01b0 8EE7     		b	.L29
 623              	.L31:
 155:Drivers/STM32F4/Drivers/STM32F4xx_HAL_Driver/Src/stm32f4xx_hal_tim_ex.c ****   assert_param(IS_TIM_IC_FILTER(sConfig->IC1Filter));
 624              		.loc 1 155 3 discriminator 4 view .LVU193
 625 01b2 9B21     		movs	r1, #155
 626 01b4 0948     		ldr	r0, .L46+4
 627 01b6 FFF7FEFF 		bl	assert_failed
 628              	.LVL28:
 629 01ba 95E7     		b	.L30
 630              	.L44:
 156:Drivers/STM32F4/Drivers/STM32F4xx_HAL_Driver/Src/stm32f4xx_hal_tim_ex.c **** 
 631              		.loc 1 156 3 discriminator 1 view .LVU194
 632 01bc 9C21     		movs	r1, #156
 633 01be 0748     		ldr	r0, .L46+4
 634 01c0 FFF7FEFF 		bl	assert_failed
 635              	.LVL29:
 636 01c4 93E7     		b	.L32
 637              	.L45:
 161:Drivers/STM32F4/Drivers/STM32F4xx_HAL_Driver/Src/stm32f4xx_hal_tim_ex.c **** 
 638              		.loc 1 161 5 is_stmt 1 view .LVU195
 161:Drivers/STM32F4/Drivers/STM32F4xx_HAL_Driver/Src/stm32f4xx_hal_tim_ex.c **** 
 639              		.loc 1 161 16 is_stmt 0 view .LVU196
 640 01c6 84F83C30 		strb	r3, [r4, #60]
 175:Drivers/STM32F4/Drivers/STM32F4xx_HAL_Driver/Src/stm32f4xx_hal_tim_ex.c **** #endif /* USE_HAL_TIM_REGISTER_CALLBACKS */
 641              		.loc 1 175 5 is_stmt 1 view .LVU197
 642 01ca 2046     		mov	r0, r4
 643 01cc FFF7FEFF 		bl	HAL_TIMEx_HallSensor_MspInit
 644              	.LVL30:
 645 01d0 91E7     		b	.L33
 646              	.LVL31:
 647              	.L34:
 648              	.LCFI6:
 649              		.cfi_def_cfa_offset 0
 650              		.cfi_restore 4
 651              		.cfi_restore 5
 652              		.cfi_restore 6
 653              		.cfi_restore 14
 145:Drivers/STM32F4/Drivers/STM32F4xx_HAL_Driver/Src/stm32f4xx_hal_tim_ex.c ****   }
 654              		.loc 1 145 12 is_stmt 0 view .LVU198
 655 01d2 0120     		movs	r0, #1
 656              	.LVL32:
 233:Drivers/STM32F4/Drivers/STM32F4xx_HAL_Driver/Src/stm32f4xx_hal_tim_ex.c **** 
 657              		.loc 1 233 1 view .LVU199
 658 01d4 7047     		bx	lr
 659              	.L47:
 660 01d6 00BF     		.align	2
 661              	.L46:
 662 01d8 00000140 		.word	1073807360
 663 01dc 00000000 		.word	.LC0
 664 01e0 000C0040 		.word	1073744896
 665              		.cfi_endproc
ARM GAS  /tmp/ccicUsXN.s 			page 58


 666              	.LFE134:
 668              		.section	.text.HAL_TIMEx_HallSensor_MspDeInit,"ax",%progbits
 669              		.align	1
 670              		.weak	HAL_TIMEx_HallSensor_MspDeInit
 671              		.syntax unified
 672              		.thumb
 673              		.thumb_func
 675              	HAL_TIMEx_HallSensor_MspDeInit:
 676              	.LVL33:
 677              	.LFB137:
 301:Drivers/STM32F4/Drivers/STM32F4xx_HAL_Driver/Src/stm32f4xx_hal_tim_ex.c ****   /* Prevent unused argument(s) compilation warning */
 678              		.loc 1 301 1 is_stmt 1 view -0
 679              		.cfi_startproc
 680              		@ args = 0, pretend = 0, frame = 0
 681              		@ frame_needed = 0, uses_anonymous_args = 0
 682              		@ link register save eliminated.
 303:Drivers/STM32F4/Drivers/STM32F4xx_HAL_Driver/Src/stm32f4xx_hal_tim_ex.c **** 
 683              		.loc 1 303 3 view .LVU201
 308:Drivers/STM32F4/Drivers/STM32F4xx_HAL_Driver/Src/stm32f4xx_hal_tim_ex.c **** 
 684              		.loc 1 308 1 is_stmt 0 view .LVU202
 685 0000 7047     		bx	lr
 686              		.cfi_endproc
 687              	.LFE137:
 689              		.section	.text.HAL_TIMEx_HallSensor_DeInit,"ax",%progbits
 690              		.align	1
 691              		.global	HAL_TIMEx_HallSensor_DeInit
 692              		.syntax unified
 693              		.thumb
 694              		.thumb_func
 696              	HAL_TIMEx_HallSensor_DeInit:
 697              	.LVL34:
 698              	.LFB135:
 241:Drivers/STM32F4/Drivers/STM32F4xx_HAL_Driver/Src/stm32f4xx_hal_tim_ex.c ****   /* Check the parameters */
 699              		.loc 1 241 1 is_stmt 1 view -0
 700              		.cfi_startproc
 701              		@ args = 0, pretend = 0, frame = 0
 702              		@ frame_needed = 0, uses_anonymous_args = 0
 241:Drivers/STM32F4/Drivers/STM32F4xx_HAL_Driver/Src/stm32f4xx_hal_tim_ex.c ****   /* Check the parameters */
 703              		.loc 1 241 1 is_stmt 0 view .LVU204
 704 0000 10B5     		push	{r4, lr}
 705              	.LCFI7:
 706              		.cfi_def_cfa_offset 8
 707              		.cfi_offset 4, -8
 708              		.cfi_offset 14, -4
 709 0002 0446     		mov	r4, r0
 243:Drivers/STM32F4/Drivers/STM32F4xx_HAL_Driver/Src/stm32f4xx_hal_tim_ex.c **** 
 710              		.loc 1 243 3 is_stmt 1 view .LVU205
 711 0004 0368     		ldr	r3, [r0]
 712 0006 2F4A     		ldr	r2, .L53
 713 0008 9342     		cmp	r3, r2
 714 000a 36D0     		beq	.L50
 243:Drivers/STM32F4/Drivers/STM32F4xx_HAL_Driver/Src/stm32f4xx_hal_tim_ex.c **** 
 715              		.loc 1 243 3 is_stmt 0 discriminator 1 view .LVU206
 716 000c B3F1804F 		cmp	r3, #1073741824
 717 0010 33D0     		beq	.L50
 243:Drivers/STM32F4/Drivers/STM32F4xx_HAL_Driver/Src/stm32f4xx_hal_tim_ex.c **** 
 718              		.loc 1 243 3 discriminator 2 view .LVU207
ARM GAS  /tmp/ccicUsXN.s 			page 59


 719 0012 A2F57C42 		sub	r2, r2, #64512
 720 0016 9342     		cmp	r3, r2
 721 0018 2FD0     		beq	.L50
 243:Drivers/STM32F4/Drivers/STM32F4xx_HAL_Driver/Src/stm32f4xx_hal_tim_ex.c **** 
 722              		.loc 1 243 3 discriminator 3 view .LVU208
 723 001a 02F58062 		add	r2, r2, #1024
 724 001e 9342     		cmp	r3, r2
 725 0020 2BD0     		beq	.L50
 243:Drivers/STM32F4/Drivers/STM32F4xx_HAL_Driver/Src/stm32f4xx_hal_tim_ex.c **** 
 726              		.loc 1 243 3 discriminator 4 view .LVU209
 727 0022 02F58062 		add	r2, r2, #1024
 728 0026 9342     		cmp	r3, r2
 729 0028 27D0     		beq	.L50
 243:Drivers/STM32F4/Drivers/STM32F4xx_HAL_Driver/Src/stm32f4xx_hal_tim_ex.c **** 
 730              		.loc 1 243 3 discriminator 5 view .LVU210
 731 002a 02F58062 		add	r2, r2, #1024
 732 002e 9342     		cmp	r3, r2
 733 0030 23D0     		beq	.L50
 243:Drivers/STM32F4/Drivers/STM32F4xx_HAL_Driver/Src/stm32f4xx_hal_tim_ex.c **** 
 734              		.loc 1 243 3 discriminator 6 view .LVU211
 735 0032 02F58062 		add	r2, r2, #1024
 736 0036 9342     		cmp	r3, r2
 737 0038 1FD0     		beq	.L50
 243:Drivers/STM32F4/Drivers/STM32F4xx_HAL_Driver/Src/stm32f4xx_hal_tim_ex.c **** 
 738              		.loc 1 243 3 discriminator 7 view .LVU212
 739 003a 02F57042 		add	r2, r2, #61440
 740 003e 9342     		cmp	r3, r2
 741 0040 1BD0     		beq	.L50
 243:Drivers/STM32F4/Drivers/STM32F4xx_HAL_Driver/Src/stm32f4xx_hal_tim_ex.c **** 
 742              		.loc 1 243 3 discriminator 8 view .LVU213
 743 0042 02F57052 		add	r2, r2, #15360
 744 0046 9342     		cmp	r3, r2
 745 0048 17D0     		beq	.L50
 243:Drivers/STM32F4/Drivers/STM32F4xx_HAL_Driver/Src/stm32f4xx_hal_tim_ex.c **** 
 746              		.loc 1 243 3 discriminator 9 view .LVU214
 747 004a 02F58062 		add	r2, r2, #1024
 748 004e 9342     		cmp	r3, r2
 749 0050 13D0     		beq	.L50
 243:Drivers/STM32F4/Drivers/STM32F4xx_HAL_Driver/Src/stm32f4xx_hal_tim_ex.c **** 
 750              		.loc 1 243 3 discriminator 10 view .LVU215
 751 0052 02F58062 		add	r2, r2, #1024
 752 0056 9342     		cmp	r3, r2
 753 0058 0FD0     		beq	.L50
 243:Drivers/STM32F4/Drivers/STM32F4xx_HAL_Driver/Src/stm32f4xx_hal_tim_ex.c **** 
 754              		.loc 1 243 3 discriminator 11 view .LVU216
 755 005a A2F59832 		sub	r2, r2, #77824
 756 005e 9342     		cmp	r3, r2
 757 0060 0BD0     		beq	.L50
 243:Drivers/STM32F4/Drivers/STM32F4xx_HAL_Driver/Src/stm32f4xx_hal_tim_ex.c **** 
 758              		.loc 1 243 3 discriminator 12 view .LVU217
 759 0062 02F58062 		add	r2, r2, #1024
 760 0066 9342     		cmp	r3, r2
 761 0068 07D0     		beq	.L50
 243:Drivers/STM32F4/Drivers/STM32F4xx_HAL_Driver/Src/stm32f4xx_hal_tim_ex.c **** 
 762              		.loc 1 243 3 discriminator 13 view .LVU218
 763 006a 02F58062 		add	r2, r2, #1024
 764 006e 9342     		cmp	r3, r2
ARM GAS  /tmp/ccicUsXN.s 			page 60


 765 0070 03D0     		beq	.L50
 243:Drivers/STM32F4/Drivers/STM32F4xx_HAL_Driver/Src/stm32f4xx_hal_tim_ex.c **** 
 766              		.loc 1 243 3 discriminator 14 view .LVU219
 767 0072 F321     		movs	r1, #243
 768 0074 1448     		ldr	r0, .L53+4
 769              	.LVL35:
 243:Drivers/STM32F4/Drivers/STM32F4xx_HAL_Driver/Src/stm32f4xx_hal_tim_ex.c **** 
 770              		.loc 1 243 3 discriminator 14 view .LVU220
 771 0076 FFF7FEFF 		bl	assert_failed
 772              	.LVL36:
 773              	.L50:
 245:Drivers/STM32F4/Drivers/STM32F4xx_HAL_Driver/Src/stm32f4xx_hal_tim_ex.c **** 
 774              		.loc 1 245 3 is_stmt 1 view .LVU221
 245:Drivers/STM32F4/Drivers/STM32F4xx_HAL_Driver/Src/stm32f4xx_hal_tim_ex.c **** 
 775              		.loc 1 245 15 is_stmt 0 view .LVU222
 776 007a 0223     		movs	r3, #2
 777 007c 84F83D30 		strb	r3, [r4, #61]
 248:Drivers/STM32F4/Drivers/STM32F4xx_HAL_Driver/Src/stm32f4xx_hal_tim_ex.c **** 
 778              		.loc 1 248 3 is_stmt 1 view .LVU223
 248:Drivers/STM32F4/Drivers/STM32F4xx_HAL_Driver/Src/stm32f4xx_hal_tim_ex.c **** 
 779              		.loc 1 248 3 view .LVU224
 780 0080 2368     		ldr	r3, [r4]
 781 0082 196A     		ldr	r1, [r3, #32]
 782 0084 41F21112 		movw	r2, #4369
 783 0088 1142     		tst	r1, r2
 784 008a 08D1     		bne	.L51
 248:Drivers/STM32F4/Drivers/STM32F4xx_HAL_Driver/Src/stm32f4xx_hal_tim_ex.c **** 
 785              		.loc 1 248 3 discriminator 1 view .LVU225
 786 008c 196A     		ldr	r1, [r3, #32]
 787 008e 40F24442 		movw	r2, #1092
 788 0092 1142     		tst	r1, r2
 789 0094 03D1     		bne	.L51
 248:Drivers/STM32F4/Drivers/STM32F4xx_HAL_Driver/Src/stm32f4xx_hal_tim_ex.c **** 
 790              		.loc 1 248 3 discriminator 3 view .LVU226
 791 0096 1A68     		ldr	r2, [r3]
 792 0098 22F00102 		bic	r2, r2, #1
 793 009c 1A60     		str	r2, [r3]
 794              	.L51:
 248:Drivers/STM32F4/Drivers/STM32F4xx_HAL_Driver/Src/stm32f4xx_hal_tim_ex.c **** 
 795              		.loc 1 248 3 discriminator 5 view .LVU227
 259:Drivers/STM32F4/Drivers/STM32F4xx_HAL_Driver/Src/stm32f4xx_hal_tim_ex.c **** #endif /* USE_HAL_TIM_REGISTER_CALLBACKS */
 796              		.loc 1 259 3 view .LVU228
 797 009e 2046     		mov	r0, r4
 798 00a0 FFF7FEFF 		bl	HAL_TIMEx_HallSensor_MspDeInit
 799              	.LVL37:
 263:Drivers/STM32F4/Drivers/STM32F4xx_HAL_Driver/Src/stm32f4xx_hal_tim_ex.c **** 
 800              		.loc 1 263 3 view .LVU229
 263:Drivers/STM32F4/Drivers/STM32F4xx_HAL_Driver/Src/stm32f4xx_hal_tim_ex.c **** 
 801              		.loc 1 263 23 is_stmt 0 view .LVU230
 802 00a4 0020     		movs	r0, #0
 803 00a6 84F84600 		strb	r0, [r4, #70]
 266:Drivers/STM32F4/Drivers/STM32F4xx_HAL_Driver/Src/stm32f4xx_hal_tim_ex.c ****   TIM_CHANNEL_STATE_SET(htim, TIM_CHANNEL_2, HAL_TIM_CHANNEL_STATE_RESET);
 804              		.loc 1 266 3 is_stmt 1 view .LVU231
 805 00aa 84F83E00 		strb	r0, [r4, #62]
 267:Drivers/STM32F4/Drivers/STM32F4xx_HAL_Driver/Src/stm32f4xx_hal_tim_ex.c ****   TIM_CHANNEL_N_STATE_SET(htim, TIM_CHANNEL_1, HAL_TIM_CHANNEL_STATE_RESET);
 806              		.loc 1 267 3 view .LVU232
 807 00ae 84F83F00 		strb	r0, [r4, #63]
ARM GAS  /tmp/ccicUsXN.s 			page 61


 268:Drivers/STM32F4/Drivers/STM32F4xx_HAL_Driver/Src/stm32f4xx_hal_tim_ex.c ****   TIM_CHANNEL_N_STATE_SET(htim, TIM_CHANNEL_2, HAL_TIM_CHANNEL_STATE_RESET);
 808              		.loc 1 268 3 view .LVU233
 809 00b2 84F84200 		strb	r0, [r4, #66]
 269:Drivers/STM32F4/Drivers/STM32F4xx_HAL_Driver/Src/stm32f4xx_hal_tim_ex.c **** 
 810              		.loc 1 269 3 view .LVU234
 811 00b6 84F84300 		strb	r0, [r4, #67]
 272:Drivers/STM32F4/Drivers/STM32F4xx_HAL_Driver/Src/stm32f4xx_hal_tim_ex.c **** 
 812              		.loc 1 272 3 view .LVU235
 272:Drivers/STM32F4/Drivers/STM32F4xx_HAL_Driver/Src/stm32f4xx_hal_tim_ex.c **** 
 813              		.loc 1 272 15 is_stmt 0 view .LVU236
 814 00ba 84F83D00 		strb	r0, [r4, #61]
 275:Drivers/STM32F4/Drivers/STM32F4xx_HAL_Driver/Src/stm32f4xx_hal_tim_ex.c **** 
 815              		.loc 1 275 3 is_stmt 1 view .LVU237
 275:Drivers/STM32F4/Drivers/STM32F4xx_HAL_Driver/Src/stm32f4xx_hal_tim_ex.c **** 
 816              		.loc 1 275 3 view .LVU238
 817 00be 84F83C00 		strb	r0, [r4, #60]
 275:Drivers/STM32F4/Drivers/STM32F4xx_HAL_Driver/Src/stm32f4xx_hal_tim_ex.c **** 
 818              		.loc 1 275 3 view .LVU239
 277:Drivers/STM32F4/Drivers/STM32F4xx_HAL_Driver/Src/stm32f4xx_hal_tim_ex.c **** }
 819              		.loc 1 277 3 view .LVU240
 278:Drivers/STM32F4/Drivers/STM32F4xx_HAL_Driver/Src/stm32f4xx_hal_tim_ex.c **** 
 820              		.loc 1 278 1 is_stmt 0 view .LVU241
 821 00c2 10BD     		pop	{r4, pc}
 822              	.LVL38:
 823              	.L54:
 278:Drivers/STM32F4/Drivers/STM32F4xx_HAL_Driver/Src/stm32f4xx_hal_tim_ex.c **** 
 824              		.loc 1 278 1 view .LVU242
 825              		.align	2
 826              	.L53:
 827 00c4 00000140 		.word	1073807360
 828 00c8 00000000 		.word	.LC0
 829              		.cfi_endproc
 830              	.LFE135:
 832              		.section	.text.HAL_TIMEx_HallSensor_Start,"ax",%progbits
 833              		.align	1
 834              		.global	HAL_TIMEx_HallSensor_Start
 835              		.syntax unified
 836              		.thumb
 837              		.thumb_func
 839              	HAL_TIMEx_HallSensor_Start:
 840              	.LVL39:
 841              	.LFB138:
 316:Drivers/STM32F4/Drivers/STM32F4xx_HAL_Driver/Src/stm32f4xx_hal_tim_ex.c ****   uint32_t tmpsmcr;
 842              		.loc 1 316 1 is_stmt 1 view -0
 843              		.cfi_startproc
 844              		@ args = 0, pretend = 0, frame = 0
 845              		@ frame_needed = 0, uses_anonymous_args = 0
 316:Drivers/STM32F4/Drivers/STM32F4xx_HAL_Driver/Src/stm32f4xx_hal_tim_ex.c ****   uint32_t tmpsmcr;
 846              		.loc 1 316 1 is_stmt 0 view .LVU244
 847 0000 2DE9F041 		push	{r4, r5, r6, r7, r8, lr}
 848              	.LCFI8:
 849              		.cfi_def_cfa_offset 24
 850              		.cfi_offset 4, -24
 851              		.cfi_offset 5, -20
 852              		.cfi_offset 6, -16
 853              		.cfi_offset 7, -12
 854              		.cfi_offset 8, -8
ARM GAS  /tmp/ccicUsXN.s 			page 62


 855              		.cfi_offset 14, -4
 856 0004 0446     		mov	r4, r0
 317:Drivers/STM32F4/Drivers/STM32F4xx_HAL_Driver/Src/stm32f4xx_hal_tim_ex.c ****   HAL_TIM_ChannelStateTypeDef channel_1_state = TIM_CHANNEL_STATE_GET(htim, TIM_CHANNEL_1);
 857              		.loc 1 317 3 is_stmt 1 view .LVU245
 318:Drivers/STM32F4/Drivers/STM32F4xx_HAL_Driver/Src/stm32f4xx_hal_tim_ex.c ****   HAL_TIM_ChannelStateTypeDef channel_2_state = TIM_CHANNEL_STATE_GET(htim, TIM_CHANNEL_2);
 858              		.loc 1 318 3 view .LVU246
 318:Drivers/STM32F4/Drivers/STM32F4xx_HAL_Driver/Src/stm32f4xx_hal_tim_ex.c ****   HAL_TIM_ChannelStateTypeDef channel_2_state = TIM_CHANNEL_STATE_GET(htim, TIM_CHANNEL_2);
 859              		.loc 1 318 31 is_stmt 0 view .LVU247
 860 0006 90F83E50 		ldrb	r5, [r0, #62]	@ zero_extendqisi2
 861 000a EDB2     		uxtb	r5, r5
 862              	.LVL40:
 319:Drivers/STM32F4/Drivers/STM32F4xx_HAL_Driver/Src/stm32f4xx_hal_tim_ex.c ****   HAL_TIM_ChannelStateTypeDef complementary_channel_1_state = TIM_CHANNEL_N_STATE_GET(htim, TIM_CHA
 863              		.loc 1 319 3 is_stmt 1 view .LVU248
 319:Drivers/STM32F4/Drivers/STM32F4xx_HAL_Driver/Src/stm32f4xx_hal_tim_ex.c ****   HAL_TIM_ChannelStateTypeDef complementary_channel_1_state = TIM_CHANNEL_N_STATE_GET(htim, TIM_CHA
 864              		.loc 1 319 31 is_stmt 0 view .LVU249
 865 000c 90F83F60 		ldrb	r6, [r0, #63]	@ zero_extendqisi2
 866 0010 F6B2     		uxtb	r6, r6
 867              	.LVL41:
 320:Drivers/STM32F4/Drivers/STM32F4xx_HAL_Driver/Src/stm32f4xx_hal_tim_ex.c ****   HAL_TIM_ChannelStateTypeDef complementary_channel_2_state = TIM_CHANNEL_N_STATE_GET(htim, TIM_CHA
 868              		.loc 1 320 3 is_stmt 1 view .LVU250
 320:Drivers/STM32F4/Drivers/STM32F4xx_HAL_Driver/Src/stm32f4xx_hal_tim_ex.c ****   HAL_TIM_ChannelStateTypeDef complementary_channel_2_state = TIM_CHANNEL_N_STATE_GET(htim, TIM_CHA
 869              		.loc 1 320 31 is_stmt 0 view .LVU251
 870 0012 90F84230 		ldrb	r3, [r0, #66]	@ zero_extendqisi2
 871 0016 5FFA83F8 		uxtb	r8, r3
 872              	.LVL42:
 321:Drivers/STM32F4/Drivers/STM32F4xx_HAL_Driver/Src/stm32f4xx_hal_tim_ex.c **** 
 873              		.loc 1 321 3 is_stmt 1 view .LVU252
 321:Drivers/STM32F4/Drivers/STM32F4xx_HAL_Driver/Src/stm32f4xx_hal_tim_ex.c **** 
 874              		.loc 1 321 31 is_stmt 0 view .LVU253
 875 001a 90F84330 		ldrb	r3, [r0, #67]	@ zero_extendqisi2
 876 001e DFB2     		uxtb	r7, r3
 877              	.LVL43:
 324:Drivers/STM32F4/Drivers/STM32F4xx_HAL_Driver/Src/stm32f4xx_hal_tim_ex.c **** 
 878              		.loc 1 324 3 is_stmt 1 view .LVU254
 879 0020 0368     		ldr	r3, [r0]
 880 0022 364A     		ldr	r2, .L66
 881 0024 9342     		cmp	r3, r2
 882 0026 17D0     		beq	.L56
 324:Drivers/STM32F4/Drivers/STM32F4xx_HAL_Driver/Src/stm32f4xx_hal_tim_ex.c **** 
 883              		.loc 1 324 3 is_stmt 0 discriminator 1 view .LVU255
 884 0028 B3F1804F 		cmp	r3, #1073741824
 885 002c 14D0     		beq	.L56
 324:Drivers/STM32F4/Drivers/STM32F4xx_HAL_Driver/Src/stm32f4xx_hal_tim_ex.c **** 
 886              		.loc 1 324 3 discriminator 2 view .LVU256
 887 002e A2F57C42 		sub	r2, r2, #64512
 888 0032 9342     		cmp	r3, r2
 889 0034 10D0     		beq	.L56
 324:Drivers/STM32F4/Drivers/STM32F4xx_HAL_Driver/Src/stm32f4xx_hal_tim_ex.c **** 
 890              		.loc 1 324 3 discriminator 3 view .LVU257
 891 0036 02F58062 		add	r2, r2, #1024
 892 003a 9342     		cmp	r3, r2
 893 003c 0CD0     		beq	.L56
 324:Drivers/STM32F4/Drivers/STM32F4xx_HAL_Driver/Src/stm32f4xx_hal_tim_ex.c **** 
 894              		.loc 1 324 3 discriminator 4 view .LVU258
 895 003e 02F58062 		add	r2, r2, #1024
 896 0042 9342     		cmp	r3, r2
 897 0044 08D0     		beq	.L56
ARM GAS  /tmp/ccicUsXN.s 			page 63


 324:Drivers/STM32F4/Drivers/STM32F4xx_HAL_Driver/Src/stm32f4xx_hal_tim_ex.c **** 
 898              		.loc 1 324 3 discriminator 5 view .LVU259
 899 0046 02F57842 		add	r2, r2, #63488
 900 004a 9342     		cmp	r3, r2
 901 004c 04D0     		beq	.L56
 324:Drivers/STM32F4/Drivers/STM32F4xx_HAL_Driver/Src/stm32f4xx_hal_tim_ex.c **** 
 902              		.loc 1 324 3 discriminator 6 view .LVU260
 903 004e 4FF4A271 		mov	r1, #324
 904 0052 2B48     		ldr	r0, .L66+4
 905              	.LVL44:
 324:Drivers/STM32F4/Drivers/STM32F4xx_HAL_Driver/Src/stm32f4xx_hal_tim_ex.c **** 
 906              		.loc 1 324 3 discriminator 6 view .LVU261
 907 0054 FFF7FEFF 		bl	assert_failed
 908              	.LVL45:
 909              	.L56:
 327:Drivers/STM32F4/Drivers/STM32F4xx_HAL_Driver/Src/stm32f4xx_hal_tim_ex.c ****       || (channel_2_state != HAL_TIM_CHANNEL_STATE_READY)
 910              		.loc 1 327 3 is_stmt 1 view .LVU262
 327:Drivers/STM32F4/Drivers/STM32F4xx_HAL_Driver/Src/stm32f4xx_hal_tim_ex.c ****       || (channel_2_state != HAL_TIM_CHANNEL_STATE_READY)
 911              		.loc 1 327 6 is_stmt 0 view .LVU263
 912 0058 012D     		cmp	r5, #1
 913 005a 46D1     		bne	.L60
 328:Drivers/STM32F4/Drivers/STM32F4xx_HAL_Driver/Src/stm32f4xx_hal_tim_ex.c ****       || (complementary_channel_1_state != HAL_TIM_CHANNEL_STATE_READY)
 914              		.loc 1 328 7 view .LVU264
 915 005c 012E     		cmp	r6, #1
 916 005e 45D1     		bne	.L57
 329:Drivers/STM32F4/Drivers/STM32F4xx_HAL_Driver/Src/stm32f4xx_hal_tim_ex.c ****       || (complementary_channel_2_state != HAL_TIM_CHANNEL_STATE_READY))
 917              		.loc 1 329 7 view .LVU265
 918 0060 B8F1010F 		cmp	r8, #1
 919 0064 45D1     		bne	.L61
 330:Drivers/STM32F4/Drivers/STM32F4xx_HAL_Driver/Src/stm32f4xx_hal_tim_ex.c ****   {
 920              		.loc 1 330 7 view .LVU266
 921 0066 012F     		cmp	r7, #1
 922 0068 01D0     		beq	.L65
 332:Drivers/STM32F4/Drivers/STM32F4xx_HAL_Driver/Src/stm32f4xx_hal_tim_ex.c ****   }
 923              		.loc 1 332 12 view .LVU267
 924 006a 4546     		mov	r5, r8
 925              	.LVL46:
 332:Drivers/STM32F4/Drivers/STM32F4xx_HAL_Driver/Src/stm32f4xx_hal_tim_ex.c ****   }
 926              		.loc 1 332 12 view .LVU268
 927 006c 3EE0     		b	.L57
 928              	.LVL47:
 929              	.L65:
 336:Drivers/STM32F4/Drivers/STM32F4xx_HAL_Driver/Src/stm32f4xx_hal_tim_ex.c ****   TIM_CHANNEL_STATE_SET(htim, TIM_CHANNEL_2, HAL_TIM_CHANNEL_STATE_BUSY);
 930              		.loc 1 336 3 is_stmt 1 view .LVU269
 931 006e 0223     		movs	r3, #2
 932 0070 84F83E30 		strb	r3, [r4, #62]
 337:Drivers/STM32F4/Drivers/STM32F4xx_HAL_Driver/Src/stm32f4xx_hal_tim_ex.c ****   TIM_CHANNEL_N_STATE_SET(htim, TIM_CHANNEL_1, HAL_TIM_CHANNEL_STATE_BUSY);
 933              		.loc 1 337 3 view .LVU270
 934 0074 84F83F30 		strb	r3, [r4, #63]
 338:Drivers/STM32F4/Drivers/STM32F4xx_HAL_Driver/Src/stm32f4xx_hal_tim_ex.c ****   TIM_CHANNEL_N_STATE_SET(htim, TIM_CHANNEL_2, HAL_TIM_CHANNEL_STATE_BUSY);
 935              		.loc 1 338 3 view .LVU271
 936 0078 84F84230 		strb	r3, [r4, #66]
 339:Drivers/STM32F4/Drivers/STM32F4xx_HAL_Driver/Src/stm32f4xx_hal_tim_ex.c **** 
 937              		.loc 1 339 3 view .LVU272
 938 007c 84F84330 		strb	r3, [r4, #67]
 344:Drivers/STM32F4/Drivers/STM32F4xx_HAL_Driver/Src/stm32f4xx_hal_tim_ex.c **** 
 939              		.loc 1 344 3 view .LVU273
ARM GAS  /tmp/ccicUsXN.s 			page 64


 940 0080 0122     		movs	r2, #1
 941 0082 0021     		movs	r1, #0
 942 0084 2068     		ldr	r0, [r4]
 943 0086 FFF7FEFF 		bl	TIM_CCxChannelCmd
 944              	.LVL48:
 347:Drivers/STM32F4/Drivers/STM32F4xx_HAL_Driver/Src/stm32f4xx_hal_tim_ex.c ****   {
 945              		.loc 1 347 3 view .LVU274
 347:Drivers/STM32F4/Drivers/STM32F4xx_HAL_Driver/Src/stm32f4xx_hal_tim_ex.c ****   {
 946              		.loc 1 347 7 is_stmt 0 view .LVU275
 947 008a 2368     		ldr	r3, [r4]
 347:Drivers/STM32F4/Drivers/STM32F4xx_HAL_Driver/Src/stm32f4xx_hal_tim_ex.c ****   {
 948              		.loc 1 347 6 view .LVU276
 949 008c 1B4A     		ldr	r2, .L66
 950 008e 9342     		cmp	r3, r2
 951 0090 20D0     		beq	.L58
 347:Drivers/STM32F4/Drivers/STM32F4xx_HAL_Driver/Src/stm32f4xx_hal_tim_ex.c ****   {
 952              		.loc 1 347 7 discriminator 1 view .LVU277
 953 0092 B3F1804F 		cmp	r3, #1073741824
 954 0096 1DD0     		beq	.L58
 347:Drivers/STM32F4/Drivers/STM32F4xx_HAL_Driver/Src/stm32f4xx_hal_tim_ex.c ****   {
 955              		.loc 1 347 7 discriminator 2 view .LVU278
 956 0098 A2F57C42 		sub	r2, r2, #64512
 957 009c 9342     		cmp	r3, r2
 958 009e 19D0     		beq	.L58
 347:Drivers/STM32F4/Drivers/STM32F4xx_HAL_Driver/Src/stm32f4xx_hal_tim_ex.c ****   {
 959              		.loc 1 347 7 discriminator 3 view .LVU279
 960 00a0 02F58062 		add	r2, r2, #1024
 961 00a4 9342     		cmp	r3, r2
 962 00a6 15D0     		beq	.L58
 347:Drivers/STM32F4/Drivers/STM32F4xx_HAL_Driver/Src/stm32f4xx_hal_tim_ex.c ****   {
 963              		.loc 1 347 7 discriminator 4 view .LVU280
 964 00a8 02F58062 		add	r2, r2, #1024
 965 00ac 9342     		cmp	r3, r2
 966 00ae 11D0     		beq	.L58
 347:Drivers/STM32F4/Drivers/STM32F4xx_HAL_Driver/Src/stm32f4xx_hal_tim_ex.c ****   {
 967              		.loc 1 347 7 discriminator 5 view .LVU281
 968 00b0 02F57842 		add	r2, r2, #63488
 969 00b4 9342     		cmp	r3, r2
 970 00b6 0DD0     		beq	.L58
 347:Drivers/STM32F4/Drivers/STM32F4xx_HAL_Driver/Src/stm32f4xx_hal_tim_ex.c ****   {
 971              		.loc 1 347 7 discriminator 6 view .LVU282
 972 00b8 02F57052 		add	r2, r2, #15360
 973 00bc 9342     		cmp	r3, r2
 974 00be 09D0     		beq	.L58
 347:Drivers/STM32F4/Drivers/STM32F4xx_HAL_Driver/Src/stm32f4xx_hal_tim_ex.c ****   {
 975              		.loc 1 347 7 discriminator 7 view .LVU283
 976 00c0 A2F59432 		sub	r2, r2, #75776
 977 00c4 9342     		cmp	r3, r2
 978 00c6 05D0     		beq	.L58
 357:Drivers/STM32F4/Drivers/STM32F4xx_HAL_Driver/Src/stm32f4xx_hal_tim_ex.c ****   }
 979              		.loc 1 357 5 is_stmt 1 view .LVU284
 980 00c8 1A68     		ldr	r2, [r3]
 981 00ca 42F00102 		orr	r2, r2, #1
 982 00ce 1A60     		str	r2, [r3]
 361:Drivers/STM32F4/Drivers/STM32F4xx_HAL_Driver/Src/stm32f4xx_hal_tim_ex.c **** }
 983              		.loc 1 361 10 is_stmt 0 view .LVU285
 984 00d0 0025     		movs	r5, #0
ARM GAS  /tmp/ccicUsXN.s 			page 65


 985              	.LVL49:
 361:Drivers/STM32F4/Drivers/STM32F4xx_HAL_Driver/Src/stm32f4xx_hal_tim_ex.c **** }
 986              		.loc 1 361 10 view .LVU286
 987 00d2 0BE0     		b	.L57
 988              	.LVL50:
 989              	.L58:
 349:Drivers/STM32F4/Drivers/STM32F4xx_HAL_Driver/Src/stm32f4xx_hal_tim_ex.c ****     if (!IS_TIM_SLAVEMODE_TRIGGER_ENABLED(tmpsmcr))
 990              		.loc 1 349 5 is_stmt 1 view .LVU287
 349:Drivers/STM32F4/Drivers/STM32F4xx_HAL_Driver/Src/stm32f4xx_hal_tim_ex.c ****     if (!IS_TIM_SLAVEMODE_TRIGGER_ENABLED(tmpsmcr))
 991              		.loc 1 349 29 is_stmt 0 view .LVU288
 992 00d4 9A68     		ldr	r2, [r3, #8]
 349:Drivers/STM32F4/Drivers/STM32F4xx_HAL_Driver/Src/stm32f4xx_hal_tim_ex.c ****     if (!IS_TIM_SLAVEMODE_TRIGGER_ENABLED(tmpsmcr))
 993              		.loc 1 349 13 view .LVU289
 994 00d6 02F00702 		and	r2, r2, #7
 995              	.LVL51:
 350:Drivers/STM32F4/Drivers/STM32F4xx_HAL_Driver/Src/stm32f4xx_hal_tim_ex.c ****     {
 996              		.loc 1 350 5 is_stmt 1 view .LVU290
 350:Drivers/STM32F4/Drivers/STM32F4xx_HAL_Driver/Src/stm32f4xx_hal_tim_ex.c ****     {
 997              		.loc 1 350 8 is_stmt 0 view .LVU291
 998 00da 062A     		cmp	r2, #6
 999 00dc 0BD0     		beq	.L63
 352:Drivers/STM32F4/Drivers/STM32F4xx_HAL_Driver/Src/stm32f4xx_hal_tim_ex.c ****     }
 1000              		.loc 1 352 7 is_stmt 1 view .LVU292
 1001 00de 1A68     		ldr	r2, [r3]
 1002              	.LVL52:
 352:Drivers/STM32F4/Drivers/STM32F4xx_HAL_Driver/Src/stm32f4xx_hal_tim_ex.c ****     }
 1003              		.loc 1 352 7 is_stmt 0 view .LVU293
 1004 00e0 42F00102 		orr	r2, r2, #1
 1005 00e4 1A60     		str	r2, [r3]
 361:Drivers/STM32F4/Drivers/STM32F4xx_HAL_Driver/Src/stm32f4xx_hal_tim_ex.c **** }
 1006              		.loc 1 361 10 view .LVU294
 1007 00e6 0025     		movs	r5, #0
 1008              	.LVL53:
 361:Drivers/STM32F4/Drivers/STM32F4xx_HAL_Driver/Src/stm32f4xx_hal_tim_ex.c **** }
 1009              		.loc 1 361 10 view .LVU295
 1010 00e8 00E0     		b	.L57
 1011              	.LVL54:
 1012              	.L60:
 332:Drivers/STM32F4/Drivers/STM32F4xx_HAL_Driver/Src/stm32f4xx_hal_tim_ex.c ****   }
 1013              		.loc 1 332 12 view .LVU296
 1014 00ea 0125     		movs	r5, #1
 1015              	.LVL55:
 1016              	.L57:
 362:Drivers/STM32F4/Drivers/STM32F4xx_HAL_Driver/Src/stm32f4xx_hal_tim_ex.c **** 
 1017              		.loc 1 362 1 view .LVU297
 1018 00ec 2846     		mov	r0, r5
 1019 00ee BDE8F081 		pop	{r4, r5, r6, r7, r8, pc}
 1020              	.LVL56:
 1021              	.L61:
 332:Drivers/STM32F4/Drivers/STM32F4xx_HAL_Driver/Src/stm32f4xx_hal_tim_ex.c ****   }
 1022              		.loc 1 332 12 view .LVU298
 1023 00f2 3546     		mov	r5, r6
 1024              	.LVL57:
 332:Drivers/STM32F4/Drivers/STM32F4xx_HAL_Driver/Src/stm32f4xx_hal_tim_ex.c ****   }
 1025              		.loc 1 332 12 view .LVU299
 1026 00f4 FAE7     		b	.L57
 1027              	.LVL58:
ARM GAS  /tmp/ccicUsXN.s 			page 66


 1028              	.L63:
 361:Drivers/STM32F4/Drivers/STM32F4xx_HAL_Driver/Src/stm32f4xx_hal_tim_ex.c **** }
 1029              		.loc 1 361 10 view .LVU300
 1030 00f6 0025     		movs	r5, #0
 1031              	.LVL59:
 361:Drivers/STM32F4/Drivers/STM32F4xx_HAL_Driver/Src/stm32f4xx_hal_tim_ex.c **** }
 1032              		.loc 1 361 10 view .LVU301
 1033 00f8 F8E7     		b	.L57
 1034              	.L67:
 1035 00fa 00BF     		.align	2
 1036              	.L66:
 1037 00fc 00000140 		.word	1073807360
 1038 0100 00000000 		.word	.LC0
 1039              		.cfi_endproc
 1040              	.LFE138:
 1042              		.section	.text.HAL_TIMEx_HallSensor_Stop,"ax",%progbits
 1043              		.align	1
 1044              		.global	HAL_TIMEx_HallSensor_Stop
 1045              		.syntax unified
 1046              		.thumb
 1047              		.thumb_func
 1049              	HAL_TIMEx_HallSensor_Stop:
 1050              	.LVL60:
 1051              	.LFB139:
 370:Drivers/STM32F4/Drivers/STM32F4xx_HAL_Driver/Src/stm32f4xx_hal_tim_ex.c ****   /* Check the parameters */
 1052              		.loc 1 370 1 is_stmt 1 view -0
 1053              		.cfi_startproc
 1054              		@ args = 0, pretend = 0, frame = 0
 1055              		@ frame_needed = 0, uses_anonymous_args = 0
 370:Drivers/STM32F4/Drivers/STM32F4xx_HAL_Driver/Src/stm32f4xx_hal_tim_ex.c ****   /* Check the parameters */
 1056              		.loc 1 370 1 is_stmt 0 view .LVU303
 1057 0000 10B5     		push	{r4, lr}
 1058              	.LCFI9:
 1059              		.cfi_def_cfa_offset 8
 1060              		.cfi_offset 4, -8
 1061              		.cfi_offset 14, -4
 1062 0002 0446     		mov	r4, r0
 372:Drivers/STM32F4/Drivers/STM32F4xx_HAL_Driver/Src/stm32f4xx_hal_tim_ex.c **** 
 1063              		.loc 1 372 3 is_stmt 1 view .LVU304
 1064 0004 0368     		ldr	r3, [r0]
 1065 0006 1D4A     		ldr	r2, .L72
 1066 0008 9342     		cmp	r3, r2
 1067 000a 17D0     		beq	.L69
 372:Drivers/STM32F4/Drivers/STM32F4xx_HAL_Driver/Src/stm32f4xx_hal_tim_ex.c **** 
 1068              		.loc 1 372 3 is_stmt 0 discriminator 1 view .LVU305
 1069 000c B3F1804F 		cmp	r3, #1073741824
 1070 0010 14D0     		beq	.L69
 372:Drivers/STM32F4/Drivers/STM32F4xx_HAL_Driver/Src/stm32f4xx_hal_tim_ex.c **** 
 1071              		.loc 1 372 3 discriminator 2 view .LVU306
 1072 0012 A2F57C42 		sub	r2, r2, #64512
 1073 0016 9342     		cmp	r3, r2
 1074 0018 10D0     		beq	.L69
 372:Drivers/STM32F4/Drivers/STM32F4xx_HAL_Driver/Src/stm32f4xx_hal_tim_ex.c **** 
 1075              		.loc 1 372 3 discriminator 3 view .LVU307
 1076 001a 02F58062 		add	r2, r2, #1024
 1077 001e 9342     		cmp	r3, r2
 1078 0020 0CD0     		beq	.L69
ARM GAS  /tmp/ccicUsXN.s 			page 67


 372:Drivers/STM32F4/Drivers/STM32F4xx_HAL_Driver/Src/stm32f4xx_hal_tim_ex.c **** 
 1079              		.loc 1 372 3 discriminator 4 view .LVU308
 1080 0022 02F58062 		add	r2, r2, #1024
 1081 0026 9342     		cmp	r3, r2
 1082 0028 08D0     		beq	.L69
 372:Drivers/STM32F4/Drivers/STM32F4xx_HAL_Driver/Src/stm32f4xx_hal_tim_ex.c **** 
 1083              		.loc 1 372 3 discriminator 5 view .LVU309
 1084 002a 02F57842 		add	r2, r2, #63488
 1085 002e 9342     		cmp	r3, r2
 1086 0030 04D0     		beq	.L69
 372:Drivers/STM32F4/Drivers/STM32F4xx_HAL_Driver/Src/stm32f4xx_hal_tim_ex.c **** 
 1087              		.loc 1 372 3 discriminator 6 view .LVU310
 1088 0032 4FF4BA71 		mov	r1, #372
 1089 0036 1248     		ldr	r0, .L72+4
 1090              	.LVL61:
 372:Drivers/STM32F4/Drivers/STM32F4xx_HAL_Driver/Src/stm32f4xx_hal_tim_ex.c **** 
 1091              		.loc 1 372 3 discriminator 6 view .LVU311
 1092 0038 FFF7FEFF 		bl	assert_failed
 1093              	.LVL62:
 1094              	.L69:
 377:Drivers/STM32F4/Drivers/STM32F4xx_HAL_Driver/Src/stm32f4xx_hal_tim_ex.c **** 
 1095              		.loc 1 377 3 is_stmt 1 view .LVU312
 1096 003c 0022     		movs	r2, #0
 1097 003e 1146     		mov	r1, r2
 1098 0040 2068     		ldr	r0, [r4]
 1099 0042 FFF7FEFF 		bl	TIM_CCxChannelCmd
 1100              	.LVL63:
 380:Drivers/STM32F4/Drivers/STM32F4xx_HAL_Driver/Src/stm32f4xx_hal_tim_ex.c **** 
 1101              		.loc 1 380 3 view .LVU313
 380:Drivers/STM32F4/Drivers/STM32F4xx_HAL_Driver/Src/stm32f4xx_hal_tim_ex.c **** 
 1102              		.loc 1 380 3 view .LVU314
 1103 0046 2368     		ldr	r3, [r4]
 1104 0048 196A     		ldr	r1, [r3, #32]
 1105 004a 41F21112 		movw	r2, #4369
 1106 004e 1142     		tst	r1, r2
 1107 0050 08D1     		bne	.L70
 380:Drivers/STM32F4/Drivers/STM32F4xx_HAL_Driver/Src/stm32f4xx_hal_tim_ex.c **** 
 1108              		.loc 1 380 3 discriminator 1 view .LVU315
 1109 0052 196A     		ldr	r1, [r3, #32]
 1110 0054 40F24442 		movw	r2, #1092
 1111 0058 1142     		tst	r1, r2
 1112 005a 03D1     		bne	.L70
 380:Drivers/STM32F4/Drivers/STM32F4xx_HAL_Driver/Src/stm32f4xx_hal_tim_ex.c **** 
 1113              		.loc 1 380 3 discriminator 3 view .LVU316
 1114 005c 1A68     		ldr	r2, [r3]
 1115 005e 22F00102 		bic	r2, r2, #1
 1116 0062 1A60     		str	r2, [r3]
 1117              	.L70:
 380:Drivers/STM32F4/Drivers/STM32F4xx_HAL_Driver/Src/stm32f4xx_hal_tim_ex.c **** 
 1118              		.loc 1 380 3 discriminator 5 view .LVU317
 383:Drivers/STM32F4/Drivers/STM32F4xx_HAL_Driver/Src/stm32f4xx_hal_tim_ex.c ****   TIM_CHANNEL_STATE_SET(htim, TIM_CHANNEL_2, HAL_TIM_CHANNEL_STATE_READY);
 1119              		.loc 1 383 3 view .LVU318
 1120 0064 0123     		movs	r3, #1
 1121 0066 84F83E30 		strb	r3, [r4, #62]
 384:Drivers/STM32F4/Drivers/STM32F4xx_HAL_Driver/Src/stm32f4xx_hal_tim_ex.c ****   TIM_CHANNEL_N_STATE_SET(htim, TIM_CHANNEL_1, HAL_TIM_CHANNEL_STATE_READY);
 1122              		.loc 1 384 3 view .LVU319
 1123 006a 84F83F30 		strb	r3, [r4, #63]
ARM GAS  /tmp/ccicUsXN.s 			page 68


 385:Drivers/STM32F4/Drivers/STM32F4xx_HAL_Driver/Src/stm32f4xx_hal_tim_ex.c ****   TIM_CHANNEL_N_STATE_SET(htim, TIM_CHANNEL_2, HAL_TIM_CHANNEL_STATE_READY);
 1124              		.loc 1 385 3 view .LVU320
 1125 006e 84F84230 		strb	r3, [r4, #66]
 386:Drivers/STM32F4/Drivers/STM32F4xx_HAL_Driver/Src/stm32f4xx_hal_tim_ex.c **** 
 1126              		.loc 1 386 3 view .LVU321
 1127 0072 84F84330 		strb	r3, [r4, #67]
 389:Drivers/STM32F4/Drivers/STM32F4xx_HAL_Driver/Src/stm32f4xx_hal_tim_ex.c **** }
 1128              		.loc 1 389 3 view .LVU322
 390:Drivers/STM32F4/Drivers/STM32F4xx_HAL_Driver/Src/stm32f4xx_hal_tim_ex.c **** 
 1129              		.loc 1 390 1 is_stmt 0 view .LVU323
 1130 0076 0020     		movs	r0, #0
 1131 0078 10BD     		pop	{r4, pc}
 1132              	.LVL64:
 1133              	.L73:
 390:Drivers/STM32F4/Drivers/STM32F4xx_HAL_Driver/Src/stm32f4xx_hal_tim_ex.c **** 
 1134              		.loc 1 390 1 view .LVU324
 1135 007a 00BF     		.align	2
 1136              	.L72:
 1137 007c 00000140 		.word	1073807360
 1138 0080 00000000 		.word	.LC0
 1139              		.cfi_endproc
 1140              	.LFE139:
 1142              		.section	.text.HAL_TIMEx_HallSensor_Start_IT,"ax",%progbits
 1143              		.align	1
 1144              		.global	HAL_TIMEx_HallSensor_Start_IT
 1145              		.syntax unified
 1146              		.thumb
 1147              		.thumb_func
 1149              	HAL_TIMEx_HallSensor_Start_IT:
 1150              	.LVL65:
 1151              	.LFB140:
 398:Drivers/STM32F4/Drivers/STM32F4xx_HAL_Driver/Src/stm32f4xx_hal_tim_ex.c ****   uint32_t tmpsmcr;
 1152              		.loc 1 398 1 is_stmt 1 view -0
 1153              		.cfi_startproc
 1154              		@ args = 0, pretend = 0, frame = 0
 1155              		@ frame_needed = 0, uses_anonymous_args = 0
 398:Drivers/STM32F4/Drivers/STM32F4xx_HAL_Driver/Src/stm32f4xx_hal_tim_ex.c ****   uint32_t tmpsmcr;
 1156              		.loc 1 398 1 is_stmt 0 view .LVU326
 1157 0000 2DE9F041 		push	{r4, r5, r6, r7, r8, lr}
 1158              	.LCFI10:
 1159              		.cfi_def_cfa_offset 24
 1160              		.cfi_offset 4, -24
 1161              		.cfi_offset 5, -20
 1162              		.cfi_offset 6, -16
 1163              		.cfi_offset 7, -12
 1164              		.cfi_offset 8, -8
 1165              		.cfi_offset 14, -4
 1166 0004 0446     		mov	r4, r0
 399:Drivers/STM32F4/Drivers/STM32F4xx_HAL_Driver/Src/stm32f4xx_hal_tim_ex.c ****   HAL_TIM_ChannelStateTypeDef channel_1_state = TIM_CHANNEL_STATE_GET(htim, TIM_CHANNEL_1);
 1167              		.loc 1 399 3 is_stmt 1 view .LVU327
 400:Drivers/STM32F4/Drivers/STM32F4xx_HAL_Driver/Src/stm32f4xx_hal_tim_ex.c ****   HAL_TIM_ChannelStateTypeDef channel_2_state = TIM_CHANNEL_STATE_GET(htim, TIM_CHANNEL_2);
 1168              		.loc 1 400 3 view .LVU328
 400:Drivers/STM32F4/Drivers/STM32F4xx_HAL_Driver/Src/stm32f4xx_hal_tim_ex.c ****   HAL_TIM_ChannelStateTypeDef channel_2_state = TIM_CHANNEL_STATE_GET(htim, TIM_CHANNEL_2);
 1169              		.loc 1 400 31 is_stmt 0 view .LVU329
 1170 0006 90F83E50 		ldrb	r5, [r0, #62]	@ zero_extendqisi2
 1171 000a EDB2     		uxtb	r5, r5
 1172              	.LVL66:
ARM GAS  /tmp/ccicUsXN.s 			page 69


 401:Drivers/STM32F4/Drivers/STM32F4xx_HAL_Driver/Src/stm32f4xx_hal_tim_ex.c ****   HAL_TIM_ChannelStateTypeDef complementary_channel_1_state = TIM_CHANNEL_N_STATE_GET(htim, TIM_CHA
 1173              		.loc 1 401 3 is_stmt 1 view .LVU330
 401:Drivers/STM32F4/Drivers/STM32F4xx_HAL_Driver/Src/stm32f4xx_hal_tim_ex.c ****   HAL_TIM_ChannelStateTypeDef complementary_channel_1_state = TIM_CHANNEL_N_STATE_GET(htim, TIM_CHA
 1174              		.loc 1 401 31 is_stmt 0 view .LVU331
 1175 000c 90F83F60 		ldrb	r6, [r0, #63]	@ zero_extendqisi2
 1176 0010 F6B2     		uxtb	r6, r6
 1177              	.LVL67:
 402:Drivers/STM32F4/Drivers/STM32F4xx_HAL_Driver/Src/stm32f4xx_hal_tim_ex.c ****   HAL_TIM_ChannelStateTypeDef complementary_channel_2_state = TIM_CHANNEL_N_STATE_GET(htim, TIM_CHA
 1178              		.loc 1 402 3 is_stmt 1 view .LVU332
 402:Drivers/STM32F4/Drivers/STM32F4xx_HAL_Driver/Src/stm32f4xx_hal_tim_ex.c ****   HAL_TIM_ChannelStateTypeDef complementary_channel_2_state = TIM_CHANNEL_N_STATE_GET(htim, TIM_CHA
 1179              		.loc 1 402 31 is_stmt 0 view .LVU333
 1180 0012 90F84230 		ldrb	r3, [r0, #66]	@ zero_extendqisi2
 1181 0016 5FFA83F8 		uxtb	r8, r3
 1182              	.LVL68:
 403:Drivers/STM32F4/Drivers/STM32F4xx_HAL_Driver/Src/stm32f4xx_hal_tim_ex.c **** 
 1183              		.loc 1 403 3 is_stmt 1 view .LVU334
 403:Drivers/STM32F4/Drivers/STM32F4xx_HAL_Driver/Src/stm32f4xx_hal_tim_ex.c **** 
 1184              		.loc 1 403 31 is_stmt 0 view .LVU335
 1185 001a 90F84330 		ldrb	r3, [r0, #67]	@ zero_extendqisi2
 1186 001e DFB2     		uxtb	r7, r3
 1187              	.LVL69:
 406:Drivers/STM32F4/Drivers/STM32F4xx_HAL_Driver/Src/stm32f4xx_hal_tim_ex.c **** 
 1188              		.loc 1 406 3 is_stmt 1 view .LVU336
 1189 0020 0368     		ldr	r3, [r0]
 1190 0022 384A     		ldr	r2, .L85
 1191 0024 9342     		cmp	r3, r2
 1192 0026 17D0     		beq	.L75
 406:Drivers/STM32F4/Drivers/STM32F4xx_HAL_Driver/Src/stm32f4xx_hal_tim_ex.c **** 
 1193              		.loc 1 406 3 is_stmt 0 discriminator 1 view .LVU337
 1194 0028 B3F1804F 		cmp	r3, #1073741824
 1195 002c 14D0     		beq	.L75
 406:Drivers/STM32F4/Drivers/STM32F4xx_HAL_Driver/Src/stm32f4xx_hal_tim_ex.c **** 
 1196              		.loc 1 406 3 discriminator 2 view .LVU338
 1197 002e A2F57C42 		sub	r2, r2, #64512
 1198 0032 9342     		cmp	r3, r2
 1199 0034 10D0     		beq	.L75
 406:Drivers/STM32F4/Drivers/STM32F4xx_HAL_Driver/Src/stm32f4xx_hal_tim_ex.c **** 
 1200              		.loc 1 406 3 discriminator 3 view .LVU339
 1201 0036 02F58062 		add	r2, r2, #1024
 1202 003a 9342     		cmp	r3, r2
 1203 003c 0CD0     		beq	.L75
 406:Drivers/STM32F4/Drivers/STM32F4xx_HAL_Driver/Src/stm32f4xx_hal_tim_ex.c **** 
 1204              		.loc 1 406 3 discriminator 4 view .LVU340
 1205 003e 02F58062 		add	r2, r2, #1024
 1206 0042 9342     		cmp	r3, r2
 1207 0044 08D0     		beq	.L75
 406:Drivers/STM32F4/Drivers/STM32F4xx_HAL_Driver/Src/stm32f4xx_hal_tim_ex.c **** 
 1208              		.loc 1 406 3 discriminator 5 view .LVU341
 1209 0046 02F57842 		add	r2, r2, #63488
 1210 004a 9342     		cmp	r3, r2
 1211 004c 04D0     		beq	.L75
 406:Drivers/STM32F4/Drivers/STM32F4xx_HAL_Driver/Src/stm32f4xx_hal_tim_ex.c **** 
 1212              		.loc 1 406 3 discriminator 6 view .LVU342
 1213 004e 4FF4CB71 		mov	r1, #406
 1214 0052 2D48     		ldr	r0, .L85+4
 1215              	.LVL70:
 406:Drivers/STM32F4/Drivers/STM32F4xx_HAL_Driver/Src/stm32f4xx_hal_tim_ex.c **** 
ARM GAS  /tmp/ccicUsXN.s 			page 70


 1216              		.loc 1 406 3 discriminator 6 view .LVU343
 1217 0054 FFF7FEFF 		bl	assert_failed
 1218              	.LVL71:
 1219              	.L75:
 409:Drivers/STM32F4/Drivers/STM32F4xx_HAL_Driver/Src/stm32f4xx_hal_tim_ex.c ****       || (channel_2_state != HAL_TIM_CHANNEL_STATE_READY)
 1220              		.loc 1 409 3 is_stmt 1 view .LVU344
 409:Drivers/STM32F4/Drivers/STM32F4xx_HAL_Driver/Src/stm32f4xx_hal_tim_ex.c ****       || (channel_2_state != HAL_TIM_CHANNEL_STATE_READY)
 1221              		.loc 1 409 6 is_stmt 0 view .LVU345
 1222 0058 012D     		cmp	r5, #1
 1223 005a 4BD1     		bne	.L79
 410:Drivers/STM32F4/Drivers/STM32F4xx_HAL_Driver/Src/stm32f4xx_hal_tim_ex.c ****       || (complementary_channel_1_state != HAL_TIM_CHANNEL_STATE_READY)
 1224              		.loc 1 410 7 view .LVU346
 1225 005c 012E     		cmp	r6, #1
 1226 005e 4AD1     		bne	.L76
 411:Drivers/STM32F4/Drivers/STM32F4xx_HAL_Driver/Src/stm32f4xx_hal_tim_ex.c ****       || (complementary_channel_2_state != HAL_TIM_CHANNEL_STATE_READY))
 1227              		.loc 1 411 7 view .LVU347
 1228 0060 B8F1010F 		cmp	r8, #1
 1229 0064 4AD1     		bne	.L80
 412:Drivers/STM32F4/Drivers/STM32F4xx_HAL_Driver/Src/stm32f4xx_hal_tim_ex.c ****   {
 1230              		.loc 1 412 7 view .LVU348
 1231 0066 012F     		cmp	r7, #1
 1232 0068 01D0     		beq	.L84
 414:Drivers/STM32F4/Drivers/STM32F4xx_HAL_Driver/Src/stm32f4xx_hal_tim_ex.c ****   }
 1233              		.loc 1 414 12 view .LVU349
 1234 006a 4546     		mov	r5, r8
 1235              	.LVL72:
 414:Drivers/STM32F4/Drivers/STM32F4xx_HAL_Driver/Src/stm32f4xx_hal_tim_ex.c ****   }
 1236              		.loc 1 414 12 view .LVU350
 1237 006c 43E0     		b	.L76
 1238              	.LVL73:
 1239              	.L84:
 418:Drivers/STM32F4/Drivers/STM32F4xx_HAL_Driver/Src/stm32f4xx_hal_tim_ex.c ****   TIM_CHANNEL_STATE_SET(htim, TIM_CHANNEL_2, HAL_TIM_CHANNEL_STATE_BUSY);
 1240              		.loc 1 418 3 is_stmt 1 view .LVU351
 1241 006e 0223     		movs	r3, #2
 1242 0070 84F83E30 		strb	r3, [r4, #62]
 419:Drivers/STM32F4/Drivers/STM32F4xx_HAL_Driver/Src/stm32f4xx_hal_tim_ex.c ****   TIM_CHANNEL_N_STATE_SET(htim, TIM_CHANNEL_1, HAL_TIM_CHANNEL_STATE_BUSY);
 1243              		.loc 1 419 3 view .LVU352
 1244 0074 84F83F30 		strb	r3, [r4, #63]
 420:Drivers/STM32F4/Drivers/STM32F4xx_HAL_Driver/Src/stm32f4xx_hal_tim_ex.c ****   TIM_CHANNEL_N_STATE_SET(htim, TIM_CHANNEL_2, HAL_TIM_CHANNEL_STATE_BUSY);
 1245              		.loc 1 420 3 view .LVU353
 1246 0078 84F84230 		strb	r3, [r4, #66]
 421:Drivers/STM32F4/Drivers/STM32F4xx_HAL_Driver/Src/stm32f4xx_hal_tim_ex.c **** 
 1247              		.loc 1 421 3 view .LVU354
 1248 007c 84F84330 		strb	r3, [r4, #67]
 424:Drivers/STM32F4/Drivers/STM32F4xx_HAL_Driver/Src/stm32f4xx_hal_tim_ex.c **** 
 1249              		.loc 1 424 3 view .LVU355
 1250 0080 2268     		ldr	r2, [r4]
 1251 0082 D368     		ldr	r3, [r2, #12]
 1252 0084 43F00203 		orr	r3, r3, #2
 1253 0088 D360     		str	r3, [r2, #12]
 429:Drivers/STM32F4/Drivers/STM32F4xx_HAL_Driver/Src/stm32f4xx_hal_tim_ex.c **** 
 1254              		.loc 1 429 3 view .LVU356
 1255 008a 0122     		movs	r2, #1
 1256 008c 0021     		movs	r1, #0
 1257 008e 2068     		ldr	r0, [r4]
 1258 0090 FFF7FEFF 		bl	TIM_CCxChannelCmd
 1259              	.LVL74:
ARM GAS  /tmp/ccicUsXN.s 			page 71


 432:Drivers/STM32F4/Drivers/STM32F4xx_HAL_Driver/Src/stm32f4xx_hal_tim_ex.c ****   {
 1260              		.loc 1 432 3 view .LVU357
 432:Drivers/STM32F4/Drivers/STM32F4xx_HAL_Driver/Src/stm32f4xx_hal_tim_ex.c ****   {
 1261              		.loc 1 432 7 is_stmt 0 view .LVU358
 1262 0094 2368     		ldr	r3, [r4]
 432:Drivers/STM32F4/Drivers/STM32F4xx_HAL_Driver/Src/stm32f4xx_hal_tim_ex.c ****   {
 1263              		.loc 1 432 6 view .LVU359
 1264 0096 1B4A     		ldr	r2, .L85
 1265 0098 9342     		cmp	r3, r2
 1266 009a 20D0     		beq	.L77
 432:Drivers/STM32F4/Drivers/STM32F4xx_HAL_Driver/Src/stm32f4xx_hal_tim_ex.c ****   {
 1267              		.loc 1 432 7 discriminator 1 view .LVU360
 1268 009c B3F1804F 		cmp	r3, #1073741824
 1269 00a0 1DD0     		beq	.L77
 432:Drivers/STM32F4/Drivers/STM32F4xx_HAL_Driver/Src/stm32f4xx_hal_tim_ex.c ****   {
 1270              		.loc 1 432 7 discriminator 2 view .LVU361
 1271 00a2 A2F57C42 		sub	r2, r2, #64512
 1272 00a6 9342     		cmp	r3, r2
 1273 00a8 19D0     		beq	.L77
 432:Drivers/STM32F4/Drivers/STM32F4xx_HAL_Driver/Src/stm32f4xx_hal_tim_ex.c ****   {
 1274              		.loc 1 432 7 discriminator 3 view .LVU362
 1275 00aa 02F58062 		add	r2, r2, #1024
 1276 00ae 9342     		cmp	r3, r2
 1277 00b0 15D0     		beq	.L77
 432:Drivers/STM32F4/Drivers/STM32F4xx_HAL_Driver/Src/stm32f4xx_hal_tim_ex.c ****   {
 1278              		.loc 1 432 7 discriminator 4 view .LVU363
 1279 00b2 02F58062 		add	r2, r2, #1024
 1280 00b6 9342     		cmp	r3, r2
 1281 00b8 11D0     		beq	.L77
 432:Drivers/STM32F4/Drivers/STM32F4xx_HAL_Driver/Src/stm32f4xx_hal_tim_ex.c ****   {
 1282              		.loc 1 432 7 discriminator 5 view .LVU364
 1283 00ba 02F57842 		add	r2, r2, #63488
 1284 00be 9342     		cmp	r3, r2
 1285 00c0 0DD0     		beq	.L77
 432:Drivers/STM32F4/Drivers/STM32F4xx_HAL_Driver/Src/stm32f4xx_hal_tim_ex.c ****   {
 1286              		.loc 1 432 7 discriminator 6 view .LVU365
 1287 00c2 02F57052 		add	r2, r2, #15360
 1288 00c6 9342     		cmp	r3, r2
 1289 00c8 09D0     		beq	.L77
 432:Drivers/STM32F4/Drivers/STM32F4xx_HAL_Driver/Src/stm32f4xx_hal_tim_ex.c ****   {
 1290              		.loc 1 432 7 discriminator 7 view .LVU366
 1291 00ca A2F59432 		sub	r2, r2, #75776
 1292 00ce 9342     		cmp	r3, r2
 1293 00d0 05D0     		beq	.L77
 442:Drivers/STM32F4/Drivers/STM32F4xx_HAL_Driver/Src/stm32f4xx_hal_tim_ex.c ****   }
 1294              		.loc 1 442 5 is_stmt 1 view .LVU367
 1295 00d2 1A68     		ldr	r2, [r3]
 1296 00d4 42F00102 		orr	r2, r2, #1
 1297 00d8 1A60     		str	r2, [r3]
 446:Drivers/STM32F4/Drivers/STM32F4xx_HAL_Driver/Src/stm32f4xx_hal_tim_ex.c **** }
 1298              		.loc 1 446 10 is_stmt 0 view .LVU368
 1299 00da 0025     		movs	r5, #0
 1300              	.LVL75:
 446:Drivers/STM32F4/Drivers/STM32F4xx_HAL_Driver/Src/stm32f4xx_hal_tim_ex.c **** }
 1301              		.loc 1 446 10 view .LVU369
 1302 00dc 0BE0     		b	.L76
 1303              	.LVL76:
ARM GAS  /tmp/ccicUsXN.s 			page 72


 1304              	.L77:
 434:Drivers/STM32F4/Drivers/STM32F4xx_HAL_Driver/Src/stm32f4xx_hal_tim_ex.c ****     if (!IS_TIM_SLAVEMODE_TRIGGER_ENABLED(tmpsmcr))
 1305              		.loc 1 434 5 is_stmt 1 view .LVU370
 434:Drivers/STM32F4/Drivers/STM32F4xx_HAL_Driver/Src/stm32f4xx_hal_tim_ex.c ****     if (!IS_TIM_SLAVEMODE_TRIGGER_ENABLED(tmpsmcr))
 1306              		.loc 1 434 29 is_stmt 0 view .LVU371
 1307 00de 9A68     		ldr	r2, [r3, #8]
 434:Drivers/STM32F4/Drivers/STM32F4xx_HAL_Driver/Src/stm32f4xx_hal_tim_ex.c ****     if (!IS_TIM_SLAVEMODE_TRIGGER_ENABLED(tmpsmcr))
 1308              		.loc 1 434 13 view .LVU372
 1309 00e0 02F00702 		and	r2, r2, #7
 1310              	.LVL77:
 435:Drivers/STM32F4/Drivers/STM32F4xx_HAL_Driver/Src/stm32f4xx_hal_tim_ex.c ****     {
 1311              		.loc 1 435 5 is_stmt 1 view .LVU373
 435:Drivers/STM32F4/Drivers/STM32F4xx_HAL_Driver/Src/stm32f4xx_hal_tim_ex.c ****     {
 1312              		.loc 1 435 8 is_stmt 0 view .LVU374
 1313 00e4 062A     		cmp	r2, #6
 1314 00e6 0BD0     		beq	.L82
 437:Drivers/STM32F4/Drivers/STM32F4xx_HAL_Driver/Src/stm32f4xx_hal_tim_ex.c ****     }
 1315              		.loc 1 437 7 is_stmt 1 view .LVU375
 1316 00e8 1A68     		ldr	r2, [r3]
 1317              	.LVL78:
 437:Drivers/STM32F4/Drivers/STM32F4xx_HAL_Driver/Src/stm32f4xx_hal_tim_ex.c ****     }
 1318              		.loc 1 437 7 is_stmt 0 view .LVU376
 1319 00ea 42F00102 		orr	r2, r2, #1
 1320 00ee 1A60     		str	r2, [r3]
 446:Drivers/STM32F4/Drivers/STM32F4xx_HAL_Driver/Src/stm32f4xx_hal_tim_ex.c **** }
 1321              		.loc 1 446 10 view .LVU377
 1322 00f0 0025     		movs	r5, #0
 1323              	.LVL79:
 446:Drivers/STM32F4/Drivers/STM32F4xx_HAL_Driver/Src/stm32f4xx_hal_tim_ex.c **** }
 1324              		.loc 1 446 10 view .LVU378
 1325 00f2 00E0     		b	.L76
 1326              	.LVL80:
 1327              	.L79:
 414:Drivers/STM32F4/Drivers/STM32F4xx_HAL_Driver/Src/stm32f4xx_hal_tim_ex.c ****   }
 1328              		.loc 1 414 12 view .LVU379
 1329 00f4 0125     		movs	r5, #1
 1330              	.LVL81:
 1331              	.L76:
 447:Drivers/STM32F4/Drivers/STM32F4xx_HAL_Driver/Src/stm32f4xx_hal_tim_ex.c **** 
 1332              		.loc 1 447 1 view .LVU380
 1333 00f6 2846     		mov	r0, r5
 1334 00f8 BDE8F081 		pop	{r4, r5, r6, r7, r8, pc}
 1335              	.LVL82:
 1336              	.L80:
 414:Drivers/STM32F4/Drivers/STM32F4xx_HAL_Driver/Src/stm32f4xx_hal_tim_ex.c ****   }
 1337              		.loc 1 414 12 view .LVU381
 1338 00fc 3546     		mov	r5, r6
 1339              	.LVL83:
 414:Drivers/STM32F4/Drivers/STM32F4xx_HAL_Driver/Src/stm32f4xx_hal_tim_ex.c ****   }
 1340              		.loc 1 414 12 view .LVU382
 1341 00fe FAE7     		b	.L76
 1342              	.LVL84:
 1343              	.L82:
 446:Drivers/STM32F4/Drivers/STM32F4xx_HAL_Driver/Src/stm32f4xx_hal_tim_ex.c **** }
 1344              		.loc 1 446 10 view .LVU383
 1345 0100 0025     		movs	r5, #0
 1346              	.LVL85:
ARM GAS  /tmp/ccicUsXN.s 			page 73


 446:Drivers/STM32F4/Drivers/STM32F4xx_HAL_Driver/Src/stm32f4xx_hal_tim_ex.c **** }
 1347              		.loc 1 446 10 view .LVU384
 1348 0102 F8E7     		b	.L76
 1349              	.L86:
 1350              		.align	2
 1351              	.L85:
 1352 0104 00000140 		.word	1073807360
 1353 0108 00000000 		.word	.LC0
 1354              		.cfi_endproc
 1355              	.LFE140:
 1357              		.section	.text.HAL_TIMEx_HallSensor_Stop_IT,"ax",%progbits
 1358              		.align	1
 1359              		.global	HAL_TIMEx_HallSensor_Stop_IT
 1360              		.syntax unified
 1361              		.thumb
 1362              		.thumb_func
 1364              	HAL_TIMEx_HallSensor_Stop_IT:
 1365              	.LVL86:
 1366              	.LFB141:
 455:Drivers/STM32F4/Drivers/STM32F4xx_HAL_Driver/Src/stm32f4xx_hal_tim_ex.c ****   /* Check the parameters */
 1367              		.loc 1 455 1 is_stmt 1 view -0
 1368              		.cfi_startproc
 1369              		@ args = 0, pretend = 0, frame = 0
 1370              		@ frame_needed = 0, uses_anonymous_args = 0
 455:Drivers/STM32F4/Drivers/STM32F4xx_HAL_Driver/Src/stm32f4xx_hal_tim_ex.c ****   /* Check the parameters */
 1371              		.loc 1 455 1 is_stmt 0 view .LVU386
 1372 0000 10B5     		push	{r4, lr}
 1373              	.LCFI11:
 1374              		.cfi_def_cfa_offset 8
 1375              		.cfi_offset 4, -8
 1376              		.cfi_offset 14, -4
 1377 0002 0446     		mov	r4, r0
 457:Drivers/STM32F4/Drivers/STM32F4xx_HAL_Driver/Src/stm32f4xx_hal_tim_ex.c **** 
 1378              		.loc 1 457 3 is_stmt 1 view .LVU387
 1379 0004 0368     		ldr	r3, [r0]
 1380 0006 1F4A     		ldr	r2, .L91
 1381 0008 9342     		cmp	r3, r2
 1382 000a 17D0     		beq	.L88
 457:Drivers/STM32F4/Drivers/STM32F4xx_HAL_Driver/Src/stm32f4xx_hal_tim_ex.c **** 
 1383              		.loc 1 457 3 is_stmt 0 discriminator 1 view .LVU388
 1384 000c B3F1804F 		cmp	r3, #1073741824
 1385 0010 14D0     		beq	.L88
 457:Drivers/STM32F4/Drivers/STM32F4xx_HAL_Driver/Src/stm32f4xx_hal_tim_ex.c **** 
 1386              		.loc 1 457 3 discriminator 2 view .LVU389
 1387 0012 A2F57C42 		sub	r2, r2, #64512
 1388 0016 9342     		cmp	r3, r2
 1389 0018 10D0     		beq	.L88
 457:Drivers/STM32F4/Drivers/STM32F4xx_HAL_Driver/Src/stm32f4xx_hal_tim_ex.c **** 
 1390              		.loc 1 457 3 discriminator 3 view .LVU390
 1391 001a 02F58062 		add	r2, r2, #1024
 1392 001e 9342     		cmp	r3, r2
 1393 0020 0CD0     		beq	.L88
 457:Drivers/STM32F4/Drivers/STM32F4xx_HAL_Driver/Src/stm32f4xx_hal_tim_ex.c **** 
 1394              		.loc 1 457 3 discriminator 4 view .LVU391
 1395 0022 02F58062 		add	r2, r2, #1024
 1396 0026 9342     		cmp	r3, r2
 1397 0028 08D0     		beq	.L88
ARM GAS  /tmp/ccicUsXN.s 			page 74


 457:Drivers/STM32F4/Drivers/STM32F4xx_HAL_Driver/Src/stm32f4xx_hal_tim_ex.c **** 
 1398              		.loc 1 457 3 discriminator 5 view .LVU392
 1399 002a 02F57842 		add	r2, r2, #63488
 1400 002e 9342     		cmp	r3, r2
 1401 0030 04D0     		beq	.L88
 457:Drivers/STM32F4/Drivers/STM32F4xx_HAL_Driver/Src/stm32f4xx_hal_tim_ex.c **** 
 1402              		.loc 1 457 3 discriminator 6 view .LVU393
 1403 0032 40F2C911 		movw	r1, #457
 1404 0036 1448     		ldr	r0, .L91+4
 1405              	.LVL87:
 457:Drivers/STM32F4/Drivers/STM32F4xx_HAL_Driver/Src/stm32f4xx_hal_tim_ex.c **** 
 1406              		.loc 1 457 3 discriminator 6 view .LVU394
 1407 0038 FFF7FEFF 		bl	assert_failed
 1408              	.LVL88:
 1409              	.L88:
 462:Drivers/STM32F4/Drivers/STM32F4xx_HAL_Driver/Src/stm32f4xx_hal_tim_ex.c **** 
 1410              		.loc 1 462 3 is_stmt 1 view .LVU395
 1411 003c 0022     		movs	r2, #0
 1412 003e 1146     		mov	r1, r2
 1413 0040 2068     		ldr	r0, [r4]
 1414 0042 FFF7FEFF 		bl	TIM_CCxChannelCmd
 1415              	.LVL89:
 465:Drivers/STM32F4/Drivers/STM32F4xx_HAL_Driver/Src/stm32f4xx_hal_tim_ex.c **** 
 1416              		.loc 1 465 3 view .LVU396
 1417 0046 2268     		ldr	r2, [r4]
 1418 0048 D368     		ldr	r3, [r2, #12]
 1419 004a 23F00203 		bic	r3, r3, #2
 1420 004e D360     		str	r3, [r2, #12]
 468:Drivers/STM32F4/Drivers/STM32F4xx_HAL_Driver/Src/stm32f4xx_hal_tim_ex.c **** 
 1421              		.loc 1 468 3 view .LVU397
 468:Drivers/STM32F4/Drivers/STM32F4xx_HAL_Driver/Src/stm32f4xx_hal_tim_ex.c **** 
 1422              		.loc 1 468 3 view .LVU398
 1423 0050 2368     		ldr	r3, [r4]
 1424 0052 196A     		ldr	r1, [r3, #32]
 1425 0054 41F21112 		movw	r2, #4369
 1426 0058 1142     		tst	r1, r2
 1427 005a 08D1     		bne	.L89
 468:Drivers/STM32F4/Drivers/STM32F4xx_HAL_Driver/Src/stm32f4xx_hal_tim_ex.c **** 
 1428              		.loc 1 468 3 discriminator 1 view .LVU399
 1429 005c 196A     		ldr	r1, [r3, #32]
 1430 005e 40F24442 		movw	r2, #1092
 1431 0062 1142     		tst	r1, r2
 1432 0064 03D1     		bne	.L89
 468:Drivers/STM32F4/Drivers/STM32F4xx_HAL_Driver/Src/stm32f4xx_hal_tim_ex.c **** 
 1433              		.loc 1 468 3 discriminator 3 view .LVU400
 1434 0066 1A68     		ldr	r2, [r3]
 1435 0068 22F00102 		bic	r2, r2, #1
 1436 006c 1A60     		str	r2, [r3]
 1437              	.L89:
 468:Drivers/STM32F4/Drivers/STM32F4xx_HAL_Driver/Src/stm32f4xx_hal_tim_ex.c **** 
 1438              		.loc 1 468 3 discriminator 5 view .LVU401
 471:Drivers/STM32F4/Drivers/STM32F4xx_HAL_Driver/Src/stm32f4xx_hal_tim_ex.c ****   TIM_CHANNEL_STATE_SET(htim, TIM_CHANNEL_2, HAL_TIM_CHANNEL_STATE_READY);
 1439              		.loc 1 471 3 view .LVU402
 1440 006e 0123     		movs	r3, #1
 1441 0070 84F83E30 		strb	r3, [r4, #62]
 472:Drivers/STM32F4/Drivers/STM32F4xx_HAL_Driver/Src/stm32f4xx_hal_tim_ex.c ****   TIM_CHANNEL_N_STATE_SET(htim, TIM_CHANNEL_1, HAL_TIM_CHANNEL_STATE_READY);
 1442              		.loc 1 472 3 view .LVU403
ARM GAS  /tmp/ccicUsXN.s 			page 75


 1443 0074 84F83F30 		strb	r3, [r4, #63]
 473:Drivers/STM32F4/Drivers/STM32F4xx_HAL_Driver/Src/stm32f4xx_hal_tim_ex.c ****   TIM_CHANNEL_N_STATE_SET(htim, TIM_CHANNEL_2, HAL_TIM_CHANNEL_STATE_READY);
 1444              		.loc 1 473 3 view .LVU404
 1445 0078 84F84230 		strb	r3, [r4, #66]
 474:Drivers/STM32F4/Drivers/STM32F4xx_HAL_Driver/Src/stm32f4xx_hal_tim_ex.c **** 
 1446              		.loc 1 474 3 view .LVU405
 1447 007c 84F84330 		strb	r3, [r4, #67]
 477:Drivers/STM32F4/Drivers/STM32F4xx_HAL_Driver/Src/stm32f4xx_hal_tim_ex.c **** }
 1448              		.loc 1 477 3 view .LVU406
 478:Drivers/STM32F4/Drivers/STM32F4xx_HAL_Driver/Src/stm32f4xx_hal_tim_ex.c **** 
 1449              		.loc 1 478 1 is_stmt 0 view .LVU407
 1450 0080 0020     		movs	r0, #0
 1451 0082 10BD     		pop	{r4, pc}
 1452              	.LVL90:
 1453              	.L92:
 478:Drivers/STM32F4/Drivers/STM32F4xx_HAL_Driver/Src/stm32f4xx_hal_tim_ex.c **** 
 1454              		.loc 1 478 1 view .LVU408
 1455              		.align	2
 1456              	.L91:
 1457 0084 00000140 		.word	1073807360
 1458 0088 00000000 		.word	.LC0
 1459              		.cfi_endproc
 1460              	.LFE141:
 1462              		.section	.text.HAL_TIMEx_HallSensor_Start_DMA,"ax",%progbits
 1463              		.align	1
 1464              		.global	HAL_TIMEx_HallSensor_Start_DMA
 1465              		.syntax unified
 1466              		.thumb
 1467              		.thumb_func
 1469              	HAL_TIMEx_HallSensor_Start_DMA:
 1470              	.LVL91:
 1471              	.LFB142:
 488:Drivers/STM32F4/Drivers/STM32F4xx_HAL_Driver/Src/stm32f4xx_hal_tim_ex.c ****   uint32_t tmpsmcr;
 1472              		.loc 1 488 1 is_stmt 1 view -0
 1473              		.cfi_startproc
 1474              		@ args = 0, pretend = 0, frame = 0
 1475              		@ frame_needed = 0, uses_anonymous_args = 0
 488:Drivers/STM32F4/Drivers/STM32F4xx_HAL_Driver/Src/stm32f4xx_hal_tim_ex.c ****   uint32_t tmpsmcr;
 1476              		.loc 1 488 1 is_stmt 0 view .LVU410
 1477 0000 2DE9F041 		push	{r4, r5, r6, r7, r8, lr}
 1478              	.LCFI12:
 1479              		.cfi_def_cfa_offset 24
 1480              		.cfi_offset 4, -24
 1481              		.cfi_offset 5, -20
 1482              		.cfi_offset 6, -16
 1483              		.cfi_offset 7, -12
 1484              		.cfi_offset 8, -8
 1485              		.cfi_offset 14, -4
 1486 0004 0446     		mov	r4, r0
 1487 0006 0F46     		mov	r7, r1
 1488 0008 9046     		mov	r8, r2
 489:Drivers/STM32F4/Drivers/STM32F4xx_HAL_Driver/Src/stm32f4xx_hal_tim_ex.c ****   HAL_TIM_ChannelStateTypeDef channel_1_state = TIM_CHANNEL_STATE_GET(htim, TIM_CHANNEL_1);
 1489              		.loc 1 489 3 is_stmt 1 view .LVU411
 490:Drivers/STM32F4/Drivers/STM32F4xx_HAL_Driver/Src/stm32f4xx_hal_tim_ex.c ****   HAL_TIM_ChannelStateTypeDef complementary_channel_1_state = TIM_CHANNEL_N_STATE_GET(htim, TIM_CHA
 1490              		.loc 1 490 3 view .LVU412
 490:Drivers/STM32F4/Drivers/STM32F4xx_HAL_Driver/Src/stm32f4xx_hal_tim_ex.c ****   HAL_TIM_ChannelStateTypeDef complementary_channel_1_state = TIM_CHANNEL_N_STATE_GET(htim, TIM_CHA
 1491              		.loc 1 490 31 is_stmt 0 view .LVU413
ARM GAS  /tmp/ccicUsXN.s 			page 76


 1492 000a 90F83E50 		ldrb	r5, [r0, #62]	@ zero_extendqisi2
 1493 000e EDB2     		uxtb	r5, r5
 1494              	.LVL92:
 491:Drivers/STM32F4/Drivers/STM32F4xx_HAL_Driver/Src/stm32f4xx_hal_tim_ex.c **** 
 1495              		.loc 1 491 3 is_stmt 1 view .LVU414
 491:Drivers/STM32F4/Drivers/STM32F4xx_HAL_Driver/Src/stm32f4xx_hal_tim_ex.c **** 
 1496              		.loc 1 491 31 is_stmt 0 view .LVU415
 1497 0010 90F84260 		ldrb	r6, [r0, #66]	@ zero_extendqisi2
 1498 0014 F6B2     		uxtb	r6, r6
 1499              	.LVL93:
 494:Drivers/STM32F4/Drivers/STM32F4xx_HAL_Driver/Src/stm32f4xx_hal_tim_ex.c **** 
 1500              		.loc 1 494 3 is_stmt 1 view .LVU416
 1501 0016 0068     		ldr	r0, [r0]
 1502              	.LVL94:
 494:Drivers/STM32F4/Drivers/STM32F4xx_HAL_Driver/Src/stm32f4xx_hal_tim_ex.c **** 
 1503              		.loc 1 494 3 is_stmt 0 view .LVU417
 1504 0018 414B     		ldr	r3, .L105
 1505 001a 9842     		cmp	r0, r3
 1506 001c 17D0     		beq	.L94
 494:Drivers/STM32F4/Drivers/STM32F4xx_HAL_Driver/Src/stm32f4xx_hal_tim_ex.c **** 
 1507              		.loc 1 494 3 discriminator 1 view .LVU418
 1508 001e B0F1804F 		cmp	r0, #1073741824
 1509 0022 14D0     		beq	.L94
 494:Drivers/STM32F4/Drivers/STM32F4xx_HAL_Driver/Src/stm32f4xx_hal_tim_ex.c **** 
 1510              		.loc 1 494 3 discriminator 2 view .LVU419
 1511 0024 A3F57C43 		sub	r3, r3, #64512
 1512 0028 9842     		cmp	r0, r3
 1513 002a 10D0     		beq	.L94
 494:Drivers/STM32F4/Drivers/STM32F4xx_HAL_Driver/Src/stm32f4xx_hal_tim_ex.c **** 
 1514              		.loc 1 494 3 discriminator 3 view .LVU420
 1515 002c 03F58063 		add	r3, r3, #1024
 1516 0030 9842     		cmp	r0, r3
 1517 0032 0CD0     		beq	.L94
 494:Drivers/STM32F4/Drivers/STM32F4xx_HAL_Driver/Src/stm32f4xx_hal_tim_ex.c **** 
 1518              		.loc 1 494 3 discriminator 4 view .LVU421
 1519 0034 03F58063 		add	r3, r3, #1024
 1520 0038 9842     		cmp	r0, r3
 1521 003a 08D0     		beq	.L94
 494:Drivers/STM32F4/Drivers/STM32F4xx_HAL_Driver/Src/stm32f4xx_hal_tim_ex.c **** 
 1522              		.loc 1 494 3 discriminator 5 view .LVU422
 1523 003c 03F57843 		add	r3, r3, #63488
 1524 0040 9842     		cmp	r0, r3
 1525 0042 04D0     		beq	.L94
 494:Drivers/STM32F4/Drivers/STM32F4xx_HAL_Driver/Src/stm32f4xx_hal_tim_ex.c **** 
 1526              		.loc 1 494 3 discriminator 6 view .LVU423
 1527 0044 4FF4F771 		mov	r1, #494
 1528              	.LVL95:
 494:Drivers/STM32F4/Drivers/STM32F4xx_HAL_Driver/Src/stm32f4xx_hal_tim_ex.c **** 
 1529              		.loc 1 494 3 discriminator 6 view .LVU424
 1530 0048 3648     		ldr	r0, .L105+4
 1531 004a FFF7FEFF 		bl	assert_failed
 1532              	.LVL96:
 1533              	.L94:
 497:Drivers/STM32F4/Drivers/STM32F4xx_HAL_Driver/Src/stm32f4xx_hal_tim_ex.c ****       || (complementary_channel_1_state == HAL_TIM_CHANNEL_STATE_BUSY))
 1534              		.loc 1 497 3 is_stmt 1 view .LVU425
 497:Drivers/STM32F4/Drivers/STM32F4xx_HAL_Driver/Src/stm32f4xx_hal_tim_ex.c ****       || (complementary_channel_1_state == HAL_TIM_CHANNEL_STATE_BUSY))
 1535              		.loc 1 497 6 is_stmt 0 view .LVU426
ARM GAS  /tmp/ccicUsXN.s 			page 77


 1536 004e 022D     		cmp	r5, #2
 1537 0050 5FD0     		beq	.L95
 498:Drivers/STM32F4/Drivers/STM32F4xx_HAL_Driver/Src/stm32f4xx_hal_tim_ex.c ****   {
 1538              		.loc 1 498 7 view .LVU427
 1539 0052 022E     		cmp	r6, #2
 1540 0054 5AD0     		beq	.L98
 502:Drivers/STM32F4/Drivers/STM32F4xx_HAL_Driver/Src/stm32f4xx_hal_tim_ex.c ****            && (complementary_channel_1_state == HAL_TIM_CHANNEL_STATE_READY))
 1541              		.loc 1 502 8 is_stmt 1 view .LVU428
 502:Drivers/STM32F4/Drivers/STM32F4xx_HAL_Driver/Src/stm32f4xx_hal_tim_ex.c ****            && (complementary_channel_1_state == HAL_TIM_CHANNEL_STATE_READY))
 1542              		.loc 1 502 11 is_stmt 0 view .LVU429
 1543 0056 012D     		cmp	r5, #1
 1544 0058 5AD1     		bne	.L99
 503:Drivers/STM32F4/Drivers/STM32F4xx_HAL_Driver/Src/stm32f4xx_hal_tim_ex.c ****   {
 1545              		.loc 1 503 12 view .LVU430
 1546 005a 012E     		cmp	r6, #1
 1547 005c 59D1     		bne	.L95
 505:Drivers/STM32F4/Drivers/STM32F4xx_HAL_Driver/Src/stm32f4xx_hal_tim_ex.c ****     {
 1548              		.loc 1 505 5 is_stmt 1 view .LVU431
 505:Drivers/STM32F4/Drivers/STM32F4xx_HAL_Driver/Src/stm32f4xx_hal_tim_ex.c ****     {
 1549              		.loc 1 505 8 is_stmt 0 view .LVU432
 1550 005e 002F     		cmp	r7, #0
 1551 0060 5AD0     		beq	.L100
 505:Drivers/STM32F4/Drivers/STM32F4xx_HAL_Driver/Src/stm32f4xx_hal_tim_ex.c ****     {
 1552              		.loc 1 505 25 discriminator 1 view .LVU433
 1553 0062 B8F1000F 		cmp	r8, #0
 1554 0066 01D1     		bne	.L104
 507:Drivers/STM32F4/Drivers/STM32F4xx_HAL_Driver/Src/stm32f4xx_hal_tim_ex.c ****     }
 1555              		.loc 1 507 14 view .LVU434
 1556 0068 3546     		mov	r5, r6
 1557              	.LVL97:
 507:Drivers/STM32F4/Drivers/STM32F4xx_HAL_Driver/Src/stm32f4xx_hal_tim_ex.c ****     }
 1558              		.loc 1 507 14 view .LVU435
 1559 006a 52E0     		b	.L95
 1560              	.LVL98:
 1561              	.L104:
 511:Drivers/STM32F4/Drivers/STM32F4xx_HAL_Driver/Src/stm32f4xx_hal_tim_ex.c ****       TIM_CHANNEL_N_STATE_SET(htim, TIM_CHANNEL_1, HAL_TIM_CHANNEL_STATE_BUSY);
 1562              		.loc 1 511 7 is_stmt 1 view .LVU436
 1563 006c 0223     		movs	r3, #2
 1564 006e 84F83E30 		strb	r3, [r4, #62]
 512:Drivers/STM32F4/Drivers/STM32F4xx_HAL_Driver/Src/stm32f4xx_hal_tim_ex.c ****     }
 1565              		.loc 1 512 7 view .LVU437
 1566 0072 84F84230 		strb	r3, [r4, #66]
 523:Drivers/STM32F4/Drivers/STM32F4xx_HAL_Driver/Src/stm32f4xx_hal_tim_ex.c **** 
 1567              		.loc 1 523 3 view .LVU438
 1568 0076 0122     		movs	r2, #1
 1569 0078 0021     		movs	r1, #0
 1570 007a 2068     		ldr	r0, [r4]
 1571 007c FFF7FEFF 		bl	TIM_CCxChannelCmd
 1572              	.LVL99:
 526:Drivers/STM32F4/Drivers/STM32F4xx_HAL_Driver/Src/stm32f4xx_hal_tim_ex.c ****   htim->hdma[TIM_DMA_ID_CC1]->XferHalfCpltCallback = TIM_DMACaptureHalfCplt;
 1573              		.loc 1 526 3 view .LVU439
 526:Drivers/STM32F4/Drivers/STM32F4xx_HAL_Driver/Src/stm32f4xx_hal_tim_ex.c ****   htim->hdma[TIM_DMA_ID_CC1]->XferHalfCpltCallback = TIM_DMACaptureHalfCplt;
 1574              		.loc 1 526 13 is_stmt 0 view .LVU440
 1575 0080 636A     		ldr	r3, [r4, #36]
 526:Drivers/STM32F4/Drivers/STM32F4xx_HAL_Driver/Src/stm32f4xx_hal_tim_ex.c ****   htim->hdma[TIM_DMA_ID_CC1]->XferHalfCpltCallback = TIM_DMACaptureHalfCplt;
 1576              		.loc 1 526 48 view .LVU441
 1577 0082 294A     		ldr	r2, .L105+8
ARM GAS  /tmp/ccicUsXN.s 			page 78


 1578 0084 DA63     		str	r2, [r3, #60]
 527:Drivers/STM32F4/Drivers/STM32F4xx_HAL_Driver/Src/stm32f4xx_hal_tim_ex.c ****   /* Set the DMA error callback */
 1579              		.loc 1 527 3 is_stmt 1 view .LVU442
 527:Drivers/STM32F4/Drivers/STM32F4xx_HAL_Driver/Src/stm32f4xx_hal_tim_ex.c ****   /* Set the DMA error callback */
 1580              		.loc 1 527 13 is_stmt 0 view .LVU443
 1581 0086 636A     		ldr	r3, [r4, #36]
 527:Drivers/STM32F4/Drivers/STM32F4xx_HAL_Driver/Src/stm32f4xx_hal_tim_ex.c ****   /* Set the DMA error callback */
 1582              		.loc 1 527 52 view .LVU444
 1583 0088 284A     		ldr	r2, .L105+12
 1584 008a 1A64     		str	r2, [r3, #64]
 529:Drivers/STM32F4/Drivers/STM32F4xx_HAL_Driver/Src/stm32f4xx_hal_tim_ex.c **** 
 1585              		.loc 1 529 3 is_stmt 1 view .LVU445
 529:Drivers/STM32F4/Drivers/STM32F4xx_HAL_Driver/Src/stm32f4xx_hal_tim_ex.c **** 
 1586              		.loc 1 529 13 is_stmt 0 view .LVU446
 1587 008c 636A     		ldr	r3, [r4, #36]
 529:Drivers/STM32F4/Drivers/STM32F4xx_HAL_Driver/Src/stm32f4xx_hal_tim_ex.c **** 
 1588              		.loc 1 529 49 view .LVU447
 1589 008e 284A     		ldr	r2, .L105+16
 1590 0090 DA64     		str	r2, [r3, #76]
 532:Drivers/STM32F4/Drivers/STM32F4xx_HAL_Driver/Src/stm32f4xx_hal_tim_ex.c ****   {
 1591              		.loc 1 532 3 is_stmt 1 view .LVU448
 532:Drivers/STM32F4/Drivers/STM32F4xx_HAL_Driver/Src/stm32f4xx_hal_tim_ex.c ****   {
 1592              		.loc 1 532 67 is_stmt 0 view .LVU449
 1593 0092 2168     		ldr	r1, [r4]
 532:Drivers/STM32F4/Drivers/STM32F4xx_HAL_Driver/Src/stm32f4xx_hal_tim_ex.c ****   {
 1594              		.loc 1 532 7 view .LVU450
 1595 0094 4346     		mov	r3, r8
 1596 0096 3A46     		mov	r2, r7
 1597 0098 3431     		adds	r1, r1, #52
 1598 009a 606A     		ldr	r0, [r4, #36]
 1599 009c FFF7FEFF 		bl	HAL_DMA_Start_IT
 1600              	.LVL100:
 532:Drivers/STM32F4/Drivers/STM32F4xx_HAL_Driver/Src/stm32f4xx_hal_tim_ex.c ****   {
 1601              		.loc 1 532 6 discriminator 1 view .LVU451
 1602 00a0 0546     		mov	r5, r0
 1603              	.LVL101:
 532:Drivers/STM32F4/Drivers/STM32F4xx_HAL_Driver/Src/stm32f4xx_hal_tim_ex.c ****   {
 1604              		.loc 1 532 6 discriminator 1 view .LVU452
 1605 00a2 0028     		cmp	r0, #0
 1606 00a4 3AD1     		bne	.L102
 538:Drivers/STM32F4/Drivers/STM32F4xx_HAL_Driver/Src/stm32f4xx_hal_tim_ex.c **** 
 1607              		.loc 1 538 3 is_stmt 1 view .LVU453
 1608 00a6 2268     		ldr	r2, [r4]
 1609 00a8 D368     		ldr	r3, [r2, #12]
 1610 00aa 43F40073 		orr	r3, r3, #512
 1611 00ae D360     		str	r3, [r2, #12]
 541:Drivers/STM32F4/Drivers/STM32F4xx_HAL_Driver/Src/stm32f4xx_hal_tim_ex.c ****   {
 1612              		.loc 1 541 3 view .LVU454
 541:Drivers/STM32F4/Drivers/STM32F4xx_HAL_Driver/Src/stm32f4xx_hal_tim_ex.c ****   {
 1613              		.loc 1 541 7 is_stmt 0 view .LVU455
 1614 00b0 2368     		ldr	r3, [r4]
 541:Drivers/STM32F4/Drivers/STM32F4xx_HAL_Driver/Src/stm32f4xx_hal_tim_ex.c ****   {
 1615              		.loc 1 541 6 view .LVU456
 1616 00b2 1B4A     		ldr	r2, .L105
 1617 00b4 9342     		cmp	r3, r2
 1618 00b6 1FD0     		beq	.L96
 541:Drivers/STM32F4/Drivers/STM32F4xx_HAL_Driver/Src/stm32f4xx_hal_tim_ex.c ****   {
ARM GAS  /tmp/ccicUsXN.s 			page 79


 1619              		.loc 1 541 7 discriminator 1 view .LVU457
 1620 00b8 B3F1804F 		cmp	r3, #1073741824
 1621 00bc 1CD0     		beq	.L96
 541:Drivers/STM32F4/Drivers/STM32F4xx_HAL_Driver/Src/stm32f4xx_hal_tim_ex.c ****   {
 1622              		.loc 1 541 7 discriminator 2 view .LVU458
 1623 00be A2F57C42 		sub	r2, r2, #64512
 1624 00c2 9342     		cmp	r3, r2
 1625 00c4 18D0     		beq	.L96
 541:Drivers/STM32F4/Drivers/STM32F4xx_HAL_Driver/Src/stm32f4xx_hal_tim_ex.c ****   {
 1626              		.loc 1 541 7 discriminator 3 view .LVU459
 1627 00c6 02F58062 		add	r2, r2, #1024
 1628 00ca 9342     		cmp	r3, r2
 1629 00cc 14D0     		beq	.L96
 541:Drivers/STM32F4/Drivers/STM32F4xx_HAL_Driver/Src/stm32f4xx_hal_tim_ex.c ****   {
 1630              		.loc 1 541 7 discriminator 4 view .LVU460
 1631 00ce 02F58062 		add	r2, r2, #1024
 1632 00d2 9342     		cmp	r3, r2
 1633 00d4 10D0     		beq	.L96
 541:Drivers/STM32F4/Drivers/STM32F4xx_HAL_Driver/Src/stm32f4xx_hal_tim_ex.c ****   {
 1634              		.loc 1 541 7 discriminator 5 view .LVU461
 1635 00d6 02F57842 		add	r2, r2, #63488
 1636 00da 9342     		cmp	r3, r2
 1637 00dc 0CD0     		beq	.L96
 541:Drivers/STM32F4/Drivers/STM32F4xx_HAL_Driver/Src/stm32f4xx_hal_tim_ex.c ****   {
 1638              		.loc 1 541 7 discriminator 6 view .LVU462
 1639 00de 02F57052 		add	r2, r2, #15360
 1640 00e2 9342     		cmp	r3, r2
 1641 00e4 08D0     		beq	.L96
 541:Drivers/STM32F4/Drivers/STM32F4xx_HAL_Driver/Src/stm32f4xx_hal_tim_ex.c ****   {
 1642              		.loc 1 541 7 discriminator 7 view .LVU463
 1643 00e6 A2F59432 		sub	r2, r2, #75776
 1644 00ea 9342     		cmp	r3, r2
 1645 00ec 04D0     		beq	.L96
 551:Drivers/STM32F4/Drivers/STM32F4xx_HAL_Driver/Src/stm32f4xx_hal_tim_ex.c ****   }
 1646              		.loc 1 551 5 is_stmt 1 view .LVU464
 1647 00ee 1A68     		ldr	r2, [r3]
 1648 00f0 42F00102 		orr	r2, r2, #1
 1649 00f4 1A60     		str	r2, [r3]
 1650 00f6 0CE0     		b	.L95
 1651              	.L96:
 543:Drivers/STM32F4/Drivers/STM32F4xx_HAL_Driver/Src/stm32f4xx_hal_tim_ex.c ****     if (!IS_TIM_SLAVEMODE_TRIGGER_ENABLED(tmpsmcr))
 1652              		.loc 1 543 5 view .LVU465
 543:Drivers/STM32F4/Drivers/STM32F4xx_HAL_Driver/Src/stm32f4xx_hal_tim_ex.c ****     if (!IS_TIM_SLAVEMODE_TRIGGER_ENABLED(tmpsmcr))
 1653              		.loc 1 543 29 is_stmt 0 view .LVU466
 1654 00f8 9A68     		ldr	r2, [r3, #8]
 543:Drivers/STM32F4/Drivers/STM32F4xx_HAL_Driver/Src/stm32f4xx_hal_tim_ex.c ****     if (!IS_TIM_SLAVEMODE_TRIGGER_ENABLED(tmpsmcr))
 1655              		.loc 1 543 13 view .LVU467
 1656 00fa 02F00702 		and	r2, r2, #7
 1657              	.LVL102:
 544:Drivers/STM32F4/Drivers/STM32F4xx_HAL_Driver/Src/stm32f4xx_hal_tim_ex.c ****     {
 1658              		.loc 1 544 5 is_stmt 1 view .LVU468
 544:Drivers/STM32F4/Drivers/STM32F4xx_HAL_Driver/Src/stm32f4xx_hal_tim_ex.c ****     {
 1659              		.loc 1 544 8 is_stmt 0 view .LVU469
 1660 00fe 062A     		cmp	r2, #6
 1661 0100 07D0     		beq	.L95
 546:Drivers/STM32F4/Drivers/STM32F4xx_HAL_Driver/Src/stm32f4xx_hal_tim_ex.c ****     }
 1662              		.loc 1 546 7 is_stmt 1 view .LVU470
ARM GAS  /tmp/ccicUsXN.s 			page 80


 1663 0102 1A68     		ldr	r2, [r3]
 1664              	.LVL103:
 546:Drivers/STM32F4/Drivers/STM32F4xx_HAL_Driver/Src/stm32f4xx_hal_tim_ex.c ****     }
 1665              		.loc 1 546 7 is_stmt 0 view .LVU471
 1666 0104 42F00102 		orr	r2, r2, #1
 1667 0108 1A60     		str	r2, [r3]
 1668 010a 02E0     		b	.L95
 1669              	.LVL104:
 1670              	.L98:
 500:Drivers/STM32F4/Drivers/STM32F4xx_HAL_Driver/Src/stm32f4xx_hal_tim_ex.c ****   }
 1671              		.loc 1 500 12 view .LVU472
 1672 010c 3546     		mov	r5, r6
 1673              	.LVL105:
 500:Drivers/STM32F4/Drivers/STM32F4xx_HAL_Driver/Src/stm32f4xx_hal_tim_ex.c ****   }
 1674              		.loc 1 500 12 view .LVU473
 1675 010e 00E0     		b	.L95
 1676              	.LVL106:
 1677              	.L99:
 517:Drivers/STM32F4/Drivers/STM32F4xx_HAL_Driver/Src/stm32f4xx_hal_tim_ex.c ****   }
 1678              		.loc 1 517 12 view .LVU474
 1679 0110 0125     		movs	r5, #1
 1680              	.LVL107:
 1681              	.L95:
 556:Drivers/STM32F4/Drivers/STM32F4xx_HAL_Driver/Src/stm32f4xx_hal_tim_ex.c **** 
 1682              		.loc 1 556 1 view .LVU475
 1683 0112 2846     		mov	r0, r5
 1684 0114 BDE8F081 		pop	{r4, r5, r6, r7, r8, pc}
 1685              	.LVL108:
 1686              	.L100:
 507:Drivers/STM32F4/Drivers/STM32F4xx_HAL_Driver/Src/stm32f4xx_hal_tim_ex.c ****     }
 1687              		.loc 1 507 14 view .LVU476
 1688 0118 3546     		mov	r5, r6
 1689              	.LVL109:
 507:Drivers/STM32F4/Drivers/STM32F4xx_HAL_Driver/Src/stm32f4xx_hal_tim_ex.c ****     }
 1690              		.loc 1 507 14 view .LVU477
 1691 011a FAE7     		b	.L95
 1692              	.L102:
 535:Drivers/STM32F4/Drivers/STM32F4xx_HAL_Driver/Src/stm32f4xx_hal_tim_ex.c ****   }
 1693              		.loc 1 535 12 view .LVU478
 1694 011c 3546     		mov	r5, r6
 1695 011e F8E7     		b	.L95
 1696              	.L106:
 1697              		.align	2
 1698              	.L105:
 1699 0120 00000140 		.word	1073807360
 1700 0124 00000000 		.word	.LC0
 1701 0128 00000000 		.word	TIM_DMACaptureCplt
 1702 012c 00000000 		.word	TIM_DMACaptureHalfCplt
 1703 0130 00000000 		.word	TIM_DMAError
 1704              		.cfi_endproc
 1705              	.LFE142:
 1707              		.section	.text.HAL_TIMEx_HallSensor_Stop_DMA,"ax",%progbits
 1708              		.align	1
 1709              		.global	HAL_TIMEx_HallSensor_Stop_DMA
 1710              		.syntax unified
 1711              		.thumb
 1712              		.thumb_func
ARM GAS  /tmp/ccicUsXN.s 			page 81


 1714              	HAL_TIMEx_HallSensor_Stop_DMA:
 1715              	.LVL110:
 1716              	.LFB143:
 564:Drivers/STM32F4/Drivers/STM32F4xx_HAL_Driver/Src/stm32f4xx_hal_tim_ex.c ****   /* Check the parameters */
 1717              		.loc 1 564 1 is_stmt 1 view -0
 1718              		.cfi_startproc
 1719              		@ args = 0, pretend = 0, frame = 0
 1720              		@ frame_needed = 0, uses_anonymous_args = 0
 564:Drivers/STM32F4/Drivers/STM32F4xx_HAL_Driver/Src/stm32f4xx_hal_tim_ex.c ****   /* Check the parameters */
 1721              		.loc 1 564 1 is_stmt 0 view .LVU480
 1722 0000 10B5     		push	{r4, lr}
 1723              	.LCFI13:
 1724              		.cfi_def_cfa_offset 8
 1725              		.cfi_offset 4, -8
 1726              		.cfi_offset 14, -4
 1727 0002 0446     		mov	r4, r0
 566:Drivers/STM32F4/Drivers/STM32F4xx_HAL_Driver/Src/stm32f4xx_hal_tim_ex.c **** 
 1728              		.loc 1 566 3 is_stmt 1 view .LVU481
 1729 0004 0368     		ldr	r3, [r0]
 1730 0006 1F4A     		ldr	r2, .L111
 1731 0008 9342     		cmp	r3, r2
 1732 000a 17D0     		beq	.L108
 566:Drivers/STM32F4/Drivers/STM32F4xx_HAL_Driver/Src/stm32f4xx_hal_tim_ex.c **** 
 1733              		.loc 1 566 3 is_stmt 0 discriminator 1 view .LVU482
 1734 000c B3F1804F 		cmp	r3, #1073741824
 1735 0010 14D0     		beq	.L108
 566:Drivers/STM32F4/Drivers/STM32F4xx_HAL_Driver/Src/stm32f4xx_hal_tim_ex.c **** 
 1736              		.loc 1 566 3 discriminator 2 view .LVU483
 1737 0012 A2F57C42 		sub	r2, r2, #64512
 1738 0016 9342     		cmp	r3, r2
 1739 0018 10D0     		beq	.L108
 566:Drivers/STM32F4/Drivers/STM32F4xx_HAL_Driver/Src/stm32f4xx_hal_tim_ex.c **** 
 1740              		.loc 1 566 3 discriminator 3 view .LVU484
 1741 001a 02F58062 		add	r2, r2, #1024
 1742 001e 9342     		cmp	r3, r2
 1743 0020 0CD0     		beq	.L108
 566:Drivers/STM32F4/Drivers/STM32F4xx_HAL_Driver/Src/stm32f4xx_hal_tim_ex.c **** 
 1744              		.loc 1 566 3 discriminator 4 view .LVU485
 1745 0022 02F58062 		add	r2, r2, #1024
 1746 0026 9342     		cmp	r3, r2
 1747 0028 08D0     		beq	.L108
 566:Drivers/STM32F4/Drivers/STM32F4xx_HAL_Driver/Src/stm32f4xx_hal_tim_ex.c **** 
 1748              		.loc 1 566 3 discriminator 5 view .LVU486
 1749 002a 02F57842 		add	r2, r2, #63488
 1750 002e 9342     		cmp	r3, r2
 1751 0030 04D0     		beq	.L108
 566:Drivers/STM32F4/Drivers/STM32F4xx_HAL_Driver/Src/stm32f4xx_hal_tim_ex.c **** 
 1752              		.loc 1 566 3 discriminator 6 view .LVU487
 1753 0032 40F23621 		movw	r1, #566
 1754 0036 1448     		ldr	r0, .L111+4
 1755              	.LVL111:
 566:Drivers/STM32F4/Drivers/STM32F4xx_HAL_Driver/Src/stm32f4xx_hal_tim_ex.c **** 
 1756              		.loc 1 566 3 discriminator 6 view .LVU488
 1757 0038 FFF7FEFF 		bl	assert_failed
 1758              	.LVL112:
 1759              	.L108:
 571:Drivers/STM32F4/Drivers/STM32F4xx_HAL_Driver/Src/stm32f4xx_hal_tim_ex.c **** 
ARM GAS  /tmp/ccicUsXN.s 			page 82


 1760              		.loc 1 571 3 is_stmt 1 view .LVU489
 1761 003c 0022     		movs	r2, #0
 1762 003e 1146     		mov	r1, r2
 1763 0040 2068     		ldr	r0, [r4]
 1764 0042 FFF7FEFF 		bl	TIM_CCxChannelCmd
 1765              	.LVL113:
 575:Drivers/STM32F4/Drivers/STM32F4xx_HAL_Driver/Src/stm32f4xx_hal_tim_ex.c **** 
 1766              		.loc 1 575 3 view .LVU490
 1767 0046 2268     		ldr	r2, [r4]
 1768 0048 D368     		ldr	r3, [r2, #12]
 1769 004a 23F40073 		bic	r3, r3, #512
 1770 004e D360     		str	r3, [r2, #12]
 577:Drivers/STM32F4/Drivers/STM32F4xx_HAL_Driver/Src/stm32f4xx_hal_tim_ex.c **** 
 1771              		.loc 1 577 3 view .LVU491
 577:Drivers/STM32F4/Drivers/STM32F4xx_HAL_Driver/Src/stm32f4xx_hal_tim_ex.c **** 
 1772              		.loc 1 577 9 is_stmt 0 view .LVU492
 1773 0050 606A     		ldr	r0, [r4, #36]
 1774 0052 FFF7FEFF 		bl	HAL_DMA_Abort_IT
 1775              	.LVL114:
 580:Drivers/STM32F4/Drivers/STM32F4xx_HAL_Driver/Src/stm32f4xx_hal_tim_ex.c **** 
 1776              		.loc 1 580 3 is_stmt 1 view .LVU493
 580:Drivers/STM32F4/Drivers/STM32F4xx_HAL_Driver/Src/stm32f4xx_hal_tim_ex.c **** 
 1777              		.loc 1 580 3 view .LVU494
 1778 0056 2368     		ldr	r3, [r4]
 1779 0058 196A     		ldr	r1, [r3, #32]
 1780 005a 41F21112 		movw	r2, #4369
 1781 005e 1142     		tst	r1, r2
 1782 0060 08D1     		bne	.L109
 580:Drivers/STM32F4/Drivers/STM32F4xx_HAL_Driver/Src/stm32f4xx_hal_tim_ex.c **** 
 1783              		.loc 1 580 3 discriminator 1 view .LVU495
 1784 0062 196A     		ldr	r1, [r3, #32]
 1785 0064 40F24442 		movw	r2, #1092
 1786 0068 1142     		tst	r1, r2
 1787 006a 03D1     		bne	.L109
 580:Drivers/STM32F4/Drivers/STM32F4xx_HAL_Driver/Src/stm32f4xx_hal_tim_ex.c **** 
 1788              		.loc 1 580 3 discriminator 3 view .LVU496
 1789 006c 1A68     		ldr	r2, [r3]
 1790 006e 22F00102 		bic	r2, r2, #1
 1791 0072 1A60     		str	r2, [r3]
 1792              	.L109:
 580:Drivers/STM32F4/Drivers/STM32F4xx_HAL_Driver/Src/stm32f4xx_hal_tim_ex.c **** 
 1793              		.loc 1 580 3 discriminator 5 view .LVU497
 583:Drivers/STM32F4/Drivers/STM32F4xx_HAL_Driver/Src/stm32f4xx_hal_tim_ex.c ****   TIM_CHANNEL_N_STATE_SET(htim, TIM_CHANNEL_1, HAL_TIM_CHANNEL_STATE_READY);
 1794              		.loc 1 583 3 view .LVU498
 1795 0074 0123     		movs	r3, #1
 1796 0076 84F83E30 		strb	r3, [r4, #62]
 584:Drivers/STM32F4/Drivers/STM32F4xx_HAL_Driver/Src/stm32f4xx_hal_tim_ex.c **** 
 1797              		.loc 1 584 3 view .LVU499
 1798 007a 84F84230 		strb	r3, [r4, #66]
 587:Drivers/STM32F4/Drivers/STM32F4xx_HAL_Driver/Src/stm32f4xx_hal_tim_ex.c **** }
 1799              		.loc 1 587 3 view .LVU500
 588:Drivers/STM32F4/Drivers/STM32F4xx_HAL_Driver/Src/stm32f4xx_hal_tim_ex.c **** 
 1800              		.loc 1 588 1 is_stmt 0 view .LVU501
 1801 007e 0020     		movs	r0, #0
 1802 0080 10BD     		pop	{r4, pc}
 1803              	.LVL115:
 1804              	.L112:
ARM GAS  /tmp/ccicUsXN.s 			page 83


 588:Drivers/STM32F4/Drivers/STM32F4xx_HAL_Driver/Src/stm32f4xx_hal_tim_ex.c **** 
 1805              		.loc 1 588 1 view .LVU502
 1806 0082 00BF     		.align	2
 1807              	.L111:
 1808 0084 00000140 		.word	1073807360
 1809 0088 00000000 		.word	.LC0
 1810              		.cfi_endproc
 1811              	.LFE143:
 1813              		.section	.text.HAL_TIMEx_OCN_Start,"ax",%progbits
 1814              		.align	1
 1815              		.global	HAL_TIMEx_OCN_Start
 1816              		.syntax unified
 1817              		.thumb
 1818              		.thumb_func
 1820              	HAL_TIMEx_OCN_Start:
 1821              	.LVL116:
 1822              	.LFB144:
 626:Drivers/STM32F4/Drivers/STM32F4xx_HAL_Driver/Src/stm32f4xx_hal_tim_ex.c ****   uint32_t tmpsmcr;
 1823              		.loc 1 626 1 is_stmt 1 view -0
 1824              		.cfi_startproc
 1825              		@ args = 0, pretend = 0, frame = 0
 1826              		@ frame_needed = 0, uses_anonymous_args = 0
 626:Drivers/STM32F4/Drivers/STM32F4xx_HAL_Driver/Src/stm32f4xx_hal_tim_ex.c ****   uint32_t tmpsmcr;
 1827              		.loc 1 626 1 is_stmt 0 view .LVU504
 1828 0000 38B5     		push	{r3, r4, r5, lr}
 1829              	.LCFI14:
 1830              		.cfi_def_cfa_offset 16
 1831              		.cfi_offset 3, -16
 1832              		.cfi_offset 4, -12
 1833              		.cfi_offset 5, -8
 1834              		.cfi_offset 14, -4
 1835 0002 0446     		mov	r4, r0
 1836 0004 0D46     		mov	r5, r1
 627:Drivers/STM32F4/Drivers/STM32F4xx_HAL_Driver/Src/stm32f4xx_hal_tim_ex.c **** 
 1837              		.loc 1 627 3 is_stmt 1 view .LVU505
 630:Drivers/STM32F4/Drivers/STM32F4xx_HAL_Driver/Src/stm32f4xx_hal_tim_ex.c **** 
 1838              		.loc 1 630 3 view .LVU506
 1839 0006 0368     		ldr	r3, [r0]
 1840 0008 434A     		ldr	r2, .L135
 1841 000a 9342     		cmp	r3, r2
 1842 000c 46D0     		beq	.L114
 630:Drivers/STM32F4/Drivers/STM32F4xx_HAL_Driver/Src/stm32f4xx_hal_tim_ex.c **** 
 1843              		.loc 1 630 3 is_stmt 0 discriminator 1 view .LVU507
 1844 000e 02F58062 		add	r2, r2, #1024
 1845 0012 9342     		cmp	r3, r2
 1846 0014 42D0     		beq	.L114
 1847              	.L115:
 630:Drivers/STM32F4/Drivers/STM32F4xx_HAL_Driver/Src/stm32f4xx_hal_tim_ex.c **** 
 1848              		.loc 1 630 3 discriminator 7 view .LVU508
 1849 0016 40F27621 		movw	r1, #630
 1850              	.LVL117:
 630:Drivers/STM32F4/Drivers/STM32F4xx_HAL_Driver/Src/stm32f4xx_hal_tim_ex.c **** 
 1851              		.loc 1 630 3 discriminator 7 view .LVU509
 1852 001a 4048     		ldr	r0, .L135+4
 1853              	.LVL118:
 630:Drivers/STM32F4/Drivers/STM32F4xx_HAL_Driver/Src/stm32f4xx_hal_tim_ex.c **** 
 1854              		.loc 1 630 3 discriminator 7 view .LVU510
ARM GAS  /tmp/ccicUsXN.s 			page 84


 1855 001c FFF7FEFF 		bl	assert_failed
 1856              	.LVL119:
 633:Drivers/STM32F4/Drivers/STM32F4xx_HAL_Driver/Src/stm32f4xx_hal_tim_ex.c ****   {
 1857              		.loc 1 633 3 is_stmt 1 view .LVU511
 633:Drivers/STM32F4/Drivers/STM32F4xx_HAL_Driver/Src/stm32f4xx_hal_tim_ex.c ****   {
 1858              		.loc 1 633 46 is_stmt 0 view .LVU512
 1859 0020 002D     		cmp	r5, #0
 1860 0022 41D1     		bne	.L117
 1861              	.L116:
 633:Drivers/STM32F4/Drivers/STM32F4xx_HAL_Driver/Src/stm32f4xx_hal_tim_ex.c ****   {
 1862              		.loc 1 633 7 discriminator 1 view .LVU513
 1863 0024 94F84230 		ldrb	r3, [r4, #66]	@ zero_extendqisi2
 1864 0028 DBB2     		uxtb	r3, r3
 633:Drivers/STM32F4/Drivers/STM32F4xx_HAL_Driver/Src/stm32f4xx_hal_tim_ex.c ****   {
 1865              		.loc 1 633 46 discriminator 1 view .LVU514
 1866 002a 013B     		subs	r3, r3, #1
 1867 002c 18BF     		it	ne
 1868 002e 0123     		movne	r3, #1
 1869              	.L118:
 633:Drivers/STM32F4/Drivers/STM32F4xx_HAL_Driver/Src/stm32f4xx_hal_tim_ex.c ****   {
 1870              		.loc 1 633 6 discriminator 12 view .LVU515
 1871 0030 002B     		cmp	r3, #0
 1872 0032 6DD1     		bne	.L128
 639:Drivers/STM32F4/Drivers/STM32F4xx_HAL_Driver/Src/stm32f4xx_hal_tim_ex.c **** 
 1873              		.loc 1 639 3 is_stmt 1 view .LVU516
 1874 0034 002D     		cmp	r5, #0
 1875 0036 50D1     		bne	.L122
 639:Drivers/STM32F4/Drivers/STM32F4xx_HAL_Driver/Src/stm32f4xx_hal_tim_ex.c **** 
 1876              		.loc 1 639 3 is_stmt 0 discriminator 1 view .LVU517
 1877 0038 0223     		movs	r3, #2
 1878 003a 84F84230 		strb	r3, [r4, #66]
 1879              	.L123:
 642:Drivers/STM32F4/Drivers/STM32F4xx_HAL_Driver/Src/stm32f4xx_hal_tim_ex.c **** 
 1880              		.loc 1 642 3 is_stmt 1 view .LVU518
 1881 003e 0422     		movs	r2, #4
 1882 0040 2946     		mov	r1, r5
 1883 0042 2068     		ldr	r0, [r4]
 1884 0044 FFF7FEFF 		bl	TIM_CCxNChannelCmd
 1885              	.LVL120:
 645:Drivers/STM32F4/Drivers/STM32F4xx_HAL_Driver/Src/stm32f4xx_hal_tim_ex.c **** 
 1886              		.loc 1 645 3 view .LVU519
 1887 0048 2268     		ldr	r2, [r4]
 1888 004a 536C     		ldr	r3, [r2, #68]
 1889 004c 43F40043 		orr	r3, r3, #32768
 1890 0050 5364     		str	r3, [r2, #68]
 648:Drivers/STM32F4/Drivers/STM32F4xx_HAL_Driver/Src/stm32f4xx_hal_tim_ex.c ****   {
 1891              		.loc 1 648 3 view .LVU520
 648:Drivers/STM32F4/Drivers/STM32F4xx_HAL_Driver/Src/stm32f4xx_hal_tim_ex.c ****   {
 1892              		.loc 1 648 7 is_stmt 0 view .LVU521
 1893 0052 2368     		ldr	r3, [r4]
 648:Drivers/STM32F4/Drivers/STM32F4xx_HAL_Driver/Src/stm32f4xx_hal_tim_ex.c ****   {
 1894              		.loc 1 648 6 view .LVU522
 1895 0054 304A     		ldr	r2, .L135
 1896 0056 9342     		cmp	r3, r2
 1897 0058 4FD0     		beq	.L126
 648:Drivers/STM32F4/Drivers/STM32F4xx_HAL_Driver/Src/stm32f4xx_hal_tim_ex.c ****   {
 1898              		.loc 1 648 7 discriminator 1 view .LVU523
ARM GAS  /tmp/ccicUsXN.s 			page 85


 1899 005a B3F1804F 		cmp	r3, #1073741824
 1900 005e 4CD0     		beq	.L126
 648:Drivers/STM32F4/Drivers/STM32F4xx_HAL_Driver/Src/stm32f4xx_hal_tim_ex.c ****   {
 1901              		.loc 1 648 7 discriminator 2 view .LVU524
 1902 0060 A2F57C42 		sub	r2, r2, #64512
 1903 0064 9342     		cmp	r3, r2
 1904 0066 48D0     		beq	.L126
 648:Drivers/STM32F4/Drivers/STM32F4xx_HAL_Driver/Src/stm32f4xx_hal_tim_ex.c ****   {
 1905              		.loc 1 648 7 discriminator 3 view .LVU525
 1906 0068 02F58062 		add	r2, r2, #1024
 1907 006c 9342     		cmp	r3, r2
 1908 006e 44D0     		beq	.L126
 648:Drivers/STM32F4/Drivers/STM32F4xx_HAL_Driver/Src/stm32f4xx_hal_tim_ex.c ****   {
 1909              		.loc 1 648 7 discriminator 4 view .LVU526
 1910 0070 02F58062 		add	r2, r2, #1024
 1911 0074 9342     		cmp	r3, r2
 1912 0076 40D0     		beq	.L126
 648:Drivers/STM32F4/Drivers/STM32F4xx_HAL_Driver/Src/stm32f4xx_hal_tim_ex.c ****   {
 1913              		.loc 1 648 7 discriminator 5 view .LVU527
 1914 0078 02F57842 		add	r2, r2, #63488
 1915 007c 9342     		cmp	r3, r2
 1916 007e 3CD0     		beq	.L126
 648:Drivers/STM32F4/Drivers/STM32F4xx_HAL_Driver/Src/stm32f4xx_hal_tim_ex.c ****   {
 1917              		.loc 1 648 7 discriminator 6 view .LVU528
 1918 0080 02F57052 		add	r2, r2, #15360
 1919 0084 9342     		cmp	r3, r2
 1920 0086 38D0     		beq	.L126
 648:Drivers/STM32F4/Drivers/STM32F4xx_HAL_Driver/Src/stm32f4xx_hal_tim_ex.c ****   {
 1921              		.loc 1 648 7 discriminator 7 view .LVU529
 1922 0088 A2F59432 		sub	r2, r2, #75776
 1923 008c 9342     		cmp	r3, r2
 1924 008e 34D0     		beq	.L126
 658:Drivers/STM32F4/Drivers/STM32F4xx_HAL_Driver/Src/stm32f4xx_hal_tim_ex.c ****   }
 1925              		.loc 1 658 5 is_stmt 1 view .LVU530
 1926 0090 1A68     		ldr	r2, [r3]
 1927 0092 42F00102 		orr	r2, r2, #1
 1928 0096 1A60     		str	r2, [r3]
 662:Drivers/STM32F4/Drivers/STM32F4xx_HAL_Driver/Src/stm32f4xx_hal_tim_ex.c **** }
 1929              		.loc 1 662 10 is_stmt 0 view .LVU531
 1930 0098 0020     		movs	r0, #0
 1931 009a 38E0     		b	.L121
 1932              	.LVL121:
 1933              	.L114:
 630:Drivers/STM32F4/Drivers/STM32F4xx_HAL_Driver/Src/stm32f4xx_hal_tim_ex.c **** 
 1934              		.loc 1 630 3 discriminator 4 view .LVU532
 1935 009c 002D     		cmp	r5, #0
 1936 009e C1D0     		beq	.L116
 630:Drivers/STM32F4/Drivers/STM32F4xx_HAL_Driver/Src/stm32f4xx_hal_tim_ex.c **** 
 1937              		.loc 1 630 3 discriminator 5 view .LVU533
 1938 00a0 042D     		cmp	r5, #4
 1939 00a2 01D0     		beq	.L117
 630:Drivers/STM32F4/Drivers/STM32F4xx_HAL_Driver/Src/stm32f4xx_hal_tim_ex.c **** 
 1940              		.loc 1 630 3 discriminator 6 view .LVU534
 1941 00a4 082D     		cmp	r5, #8
 1942 00a6 B6D1     		bne	.L115
 1943              	.LVL122:
 1944              	.L117:
ARM GAS  /tmp/ccicUsXN.s 			page 86


 633:Drivers/STM32F4/Drivers/STM32F4xx_HAL_Driver/Src/stm32f4xx_hal_tim_ex.c ****   {
 1945              		.loc 1 633 46 discriminator 2 view .LVU535
 1946 00a8 042D     		cmp	r5, #4
 1947 00aa 08D0     		beq	.L131
 633:Drivers/STM32F4/Drivers/STM32F4xx_HAL_Driver/Src/stm32f4xx_hal_tim_ex.c ****   {
 1948              		.loc 1 633 46 discriminator 5 view .LVU536
 1949 00ac 082D     		cmp	r5, #8
 1950 00ae 0DD0     		beq	.L132
 633:Drivers/STM32F4/Drivers/STM32F4xx_HAL_Driver/Src/stm32f4xx_hal_tim_ex.c ****   {
 1951              		.loc 1 633 7 discriminator 8 view .LVU537
 1952 00b0 94F84530 		ldrb	r3, [r4, #69]	@ zero_extendqisi2
 1953 00b4 DBB2     		uxtb	r3, r3
 633:Drivers/STM32F4/Drivers/STM32F4xx_HAL_Driver/Src/stm32f4xx_hal_tim_ex.c ****   {
 1954              		.loc 1 633 46 discriminator 8 view .LVU538
 1955 00b6 013B     		subs	r3, r3, #1
 1956 00b8 18BF     		it	ne
 1957 00ba 0123     		movne	r3, #1
 1958 00bc B8E7     		b	.L118
 1959              	.L131:
 633:Drivers/STM32F4/Drivers/STM32F4xx_HAL_Driver/Src/stm32f4xx_hal_tim_ex.c ****   {
 1960              		.loc 1 633 7 discriminator 4 view .LVU539
 1961 00be 94F84330 		ldrb	r3, [r4, #67]	@ zero_extendqisi2
 1962 00c2 DBB2     		uxtb	r3, r3
 633:Drivers/STM32F4/Drivers/STM32F4xx_HAL_Driver/Src/stm32f4xx_hal_tim_ex.c ****   {
 1963              		.loc 1 633 46 discriminator 4 view .LVU540
 1964 00c4 013B     		subs	r3, r3, #1
 1965 00c6 18BF     		it	ne
 1966 00c8 0123     		movne	r3, #1
 1967 00ca B1E7     		b	.L118
 1968              	.L132:
 633:Drivers/STM32F4/Drivers/STM32F4xx_HAL_Driver/Src/stm32f4xx_hal_tim_ex.c ****   {
 1969              		.loc 1 633 7 discriminator 7 view .LVU541
 1970 00cc 94F84430 		ldrb	r3, [r4, #68]	@ zero_extendqisi2
 1971 00d0 DBB2     		uxtb	r3, r3
 633:Drivers/STM32F4/Drivers/STM32F4xx_HAL_Driver/Src/stm32f4xx_hal_tim_ex.c ****   {
 1972              		.loc 1 633 46 discriminator 7 view .LVU542
 1973 00d2 013B     		subs	r3, r3, #1
 1974 00d4 18BF     		it	ne
 1975 00d6 0123     		movne	r3, #1
 1976 00d8 AAE7     		b	.L118
 1977              	.L122:
 639:Drivers/STM32F4/Drivers/STM32F4xx_HAL_Driver/Src/stm32f4xx_hal_tim_ex.c **** 
 1978              		.loc 1 639 3 discriminator 2 view .LVU543
 1979 00da 042D     		cmp	r5, #4
 1980 00dc 05D0     		beq	.L133
 639:Drivers/STM32F4/Drivers/STM32F4xx_HAL_Driver/Src/stm32f4xx_hal_tim_ex.c **** 
 1981              		.loc 1 639 3 discriminator 4 view .LVU544
 1982 00de 082D     		cmp	r5, #8
 1983 00e0 07D0     		beq	.L134
 639:Drivers/STM32F4/Drivers/STM32F4xx_HAL_Driver/Src/stm32f4xx_hal_tim_ex.c **** 
 1984              		.loc 1 639 3 discriminator 7 view .LVU545
 1985 00e2 0223     		movs	r3, #2
 1986 00e4 84F84530 		strb	r3, [r4, #69]
 1987 00e8 A9E7     		b	.L123
 1988              	.L133:
 639:Drivers/STM32F4/Drivers/STM32F4xx_HAL_Driver/Src/stm32f4xx_hal_tim_ex.c **** 
 1989              		.loc 1 639 3 discriminator 3 view .LVU546
ARM GAS  /tmp/ccicUsXN.s 			page 87


 1990 00ea 0223     		movs	r3, #2
 1991 00ec 84F84330 		strb	r3, [r4, #67]
 1992 00f0 A5E7     		b	.L123
 1993              	.L134:
 639:Drivers/STM32F4/Drivers/STM32F4xx_HAL_Driver/Src/stm32f4xx_hal_tim_ex.c **** 
 1994              		.loc 1 639 3 discriminator 6 view .LVU547
 1995 00f2 0223     		movs	r3, #2
 1996 00f4 84F84430 		strb	r3, [r4, #68]
 1997 00f8 A1E7     		b	.L123
 1998              	.L126:
 650:Drivers/STM32F4/Drivers/STM32F4xx_HAL_Driver/Src/stm32f4xx_hal_tim_ex.c ****     if (!IS_TIM_SLAVEMODE_TRIGGER_ENABLED(tmpsmcr))
 1999              		.loc 1 650 5 is_stmt 1 view .LVU548
 650:Drivers/STM32F4/Drivers/STM32F4xx_HAL_Driver/Src/stm32f4xx_hal_tim_ex.c ****     if (!IS_TIM_SLAVEMODE_TRIGGER_ENABLED(tmpsmcr))
 2000              		.loc 1 650 29 is_stmt 0 view .LVU549
 2001 00fa 9A68     		ldr	r2, [r3, #8]
 650:Drivers/STM32F4/Drivers/STM32F4xx_HAL_Driver/Src/stm32f4xx_hal_tim_ex.c ****     if (!IS_TIM_SLAVEMODE_TRIGGER_ENABLED(tmpsmcr))
 2002              		.loc 1 650 13 view .LVU550
 2003 00fc 02F00702 		and	r2, r2, #7
 2004              	.LVL123:
 651:Drivers/STM32F4/Drivers/STM32F4xx_HAL_Driver/Src/stm32f4xx_hal_tim_ex.c ****     {
 2005              		.loc 1 651 5 is_stmt 1 view .LVU551
 651:Drivers/STM32F4/Drivers/STM32F4xx_HAL_Driver/Src/stm32f4xx_hal_tim_ex.c ****     {
 2006              		.loc 1 651 8 is_stmt 0 view .LVU552
 2007 0100 062A     		cmp	r2, #6
 2008 0102 07D0     		beq	.L129
 653:Drivers/STM32F4/Drivers/STM32F4xx_HAL_Driver/Src/stm32f4xx_hal_tim_ex.c ****     }
 2009              		.loc 1 653 7 is_stmt 1 view .LVU553
 2010 0104 1A68     		ldr	r2, [r3]
 2011              	.LVL124:
 653:Drivers/STM32F4/Drivers/STM32F4xx_HAL_Driver/Src/stm32f4xx_hal_tim_ex.c ****     }
 2012              		.loc 1 653 7 is_stmt 0 view .LVU554
 2013 0106 42F00102 		orr	r2, r2, #1
 2014 010a 1A60     		str	r2, [r3]
 662:Drivers/STM32F4/Drivers/STM32F4xx_HAL_Driver/Src/stm32f4xx_hal_tim_ex.c **** }
 2015              		.loc 1 662 10 view .LVU555
 2016 010c 0020     		movs	r0, #0
 2017              	.LVL125:
 2018              	.L121:
 663:Drivers/STM32F4/Drivers/STM32F4xx_HAL_Driver/Src/stm32f4xx_hal_tim_ex.c **** 
 2019              		.loc 1 663 1 view .LVU556
 2020 010e 38BD     		pop	{r3, r4, r5, pc}
 2021              	.LVL126:
 2022              	.L128:
 635:Drivers/STM32F4/Drivers/STM32F4xx_HAL_Driver/Src/stm32f4xx_hal_tim_ex.c ****   }
 2023              		.loc 1 635 12 view .LVU557
 2024 0110 0120     		movs	r0, #1
 2025 0112 FCE7     		b	.L121
 2026              	.LVL127:
 2027              	.L129:
 662:Drivers/STM32F4/Drivers/STM32F4xx_HAL_Driver/Src/stm32f4xx_hal_tim_ex.c **** }
 2028              		.loc 1 662 10 view .LVU558
 2029 0114 0020     		movs	r0, #0
 2030 0116 FAE7     		b	.L121
 2031              	.L136:
 2032              		.align	2
 2033              	.L135:
 2034 0118 00000140 		.word	1073807360
ARM GAS  /tmp/ccicUsXN.s 			page 88


 2035 011c 00000000 		.word	.LC0
 2036              		.cfi_endproc
 2037              	.LFE144:
 2039              		.section	.text.HAL_TIMEx_OCN_Stop,"ax",%progbits
 2040              		.align	1
 2041              		.global	HAL_TIMEx_OCN_Stop
 2042              		.syntax unified
 2043              		.thumb
 2044              		.thumb_func
 2046              	HAL_TIMEx_OCN_Stop:
 2047              	.LVL128:
 2048              	.LFB145:
 677:Drivers/STM32F4/Drivers/STM32F4xx_HAL_Driver/Src/stm32f4xx_hal_tim_ex.c ****   /* Check the parameters */
 2049              		.loc 1 677 1 is_stmt 1 view -0
 2050              		.cfi_startproc
 2051              		@ args = 0, pretend = 0, frame = 0
 2052              		@ frame_needed = 0, uses_anonymous_args = 0
 677:Drivers/STM32F4/Drivers/STM32F4xx_HAL_Driver/Src/stm32f4xx_hal_tim_ex.c ****   /* Check the parameters */
 2053              		.loc 1 677 1 is_stmt 0 view .LVU560
 2054 0000 38B5     		push	{r3, r4, r5, lr}
 2055              	.LCFI15:
 2056              		.cfi_def_cfa_offset 16
 2057              		.cfi_offset 3, -16
 2058              		.cfi_offset 4, -12
 2059              		.cfi_offset 5, -8
 2060              		.cfi_offset 14, -4
 2061 0002 0446     		mov	r4, r0
 2062 0004 0D46     		mov	r5, r1
 679:Drivers/STM32F4/Drivers/STM32F4xx_HAL_Driver/Src/stm32f4xx_hal_tim_ex.c **** 
 2063              		.loc 1 679 3 is_stmt 1 view .LVU561
 2064 0006 0368     		ldr	r3, [r0]
 2065 0008 264A     		ldr	r2, .L150
 2066 000a 9342     		cmp	r3, r2
 2067 000c 31D0     		beq	.L138
 679:Drivers/STM32F4/Drivers/STM32F4xx_HAL_Driver/Src/stm32f4xx_hal_tim_ex.c **** 
 2068              		.loc 1 679 3 is_stmt 0 discriminator 1 view .LVU562
 2069 000e 02F58062 		add	r2, r2, #1024
 2070 0012 9342     		cmp	r3, r2
 2071 0014 2DD0     		beq	.L138
 2072              	.L139:
 679:Drivers/STM32F4/Drivers/STM32F4xx_HAL_Driver/Src/stm32f4xx_hal_tim_ex.c **** 
 2073              		.loc 1 679 3 discriminator 7 view .LVU563
 2074 0016 40F2A721 		movw	r1, #679
 2075              	.LVL129:
 679:Drivers/STM32F4/Drivers/STM32F4xx_HAL_Driver/Src/stm32f4xx_hal_tim_ex.c **** 
 2076              		.loc 1 679 3 discriminator 7 view .LVU564
 2077 001a 2348     		ldr	r0, .L150+4
 2078              	.LVL130:
 679:Drivers/STM32F4/Drivers/STM32F4xx_HAL_Driver/Src/stm32f4xx_hal_tim_ex.c **** 
 2079              		.loc 1 679 3 discriminator 7 view .LVU565
 2080 001c FFF7FEFF 		bl	assert_failed
 2081              	.LVL131:
 2082              	.L140:
 682:Drivers/STM32F4/Drivers/STM32F4xx_HAL_Driver/Src/stm32f4xx_hal_tim_ex.c **** 
 2083              		.loc 1 682 3 is_stmt 1 view .LVU566
 2084 0020 0022     		movs	r2, #0
 2085 0022 2946     		mov	r1, r5
ARM GAS  /tmp/ccicUsXN.s 			page 89


 2086 0024 2068     		ldr	r0, [r4]
 2087 0026 FFF7FEFF 		bl	TIM_CCxNChannelCmd
 2088              	.LVL132:
 685:Drivers/STM32F4/Drivers/STM32F4xx_HAL_Driver/Src/stm32f4xx_hal_tim_ex.c **** 
 2089              		.loc 1 685 3 view .LVU567
 685:Drivers/STM32F4/Drivers/STM32F4xx_HAL_Driver/Src/stm32f4xx_hal_tim_ex.c **** 
 2090              		.loc 1 685 3 view .LVU568
 2091 002a 2368     		ldr	r3, [r4]
 2092 002c 196A     		ldr	r1, [r3, #32]
 2093 002e 41F21112 		movw	r2, #4369
 2094 0032 1142     		tst	r1, r2
 2095 0034 08D1     		bne	.L141
 685:Drivers/STM32F4/Drivers/STM32F4xx_HAL_Driver/Src/stm32f4xx_hal_tim_ex.c **** 
 2096              		.loc 1 685 3 discriminator 1 view .LVU569
 2097 0036 196A     		ldr	r1, [r3, #32]
 2098 0038 40F24442 		movw	r2, #1092
 2099 003c 1142     		tst	r1, r2
 2100 003e 03D1     		bne	.L141
 685:Drivers/STM32F4/Drivers/STM32F4xx_HAL_Driver/Src/stm32f4xx_hal_tim_ex.c **** 
 2101              		.loc 1 685 3 discriminator 3 view .LVU570
 2102 0040 5A6C     		ldr	r2, [r3, #68]
 2103 0042 22F40042 		bic	r2, r2, #32768
 2104 0046 5A64     		str	r2, [r3, #68]
 2105              	.L141:
 685:Drivers/STM32F4/Drivers/STM32F4xx_HAL_Driver/Src/stm32f4xx_hal_tim_ex.c **** 
 2106              		.loc 1 685 3 discriminator 5 view .LVU571
 688:Drivers/STM32F4/Drivers/STM32F4xx_HAL_Driver/Src/stm32f4xx_hal_tim_ex.c **** 
 2107              		.loc 1 688 3 view .LVU572
 688:Drivers/STM32F4/Drivers/STM32F4xx_HAL_Driver/Src/stm32f4xx_hal_tim_ex.c **** 
 2108              		.loc 1 688 3 view .LVU573
 2109 0048 2368     		ldr	r3, [r4]
 2110 004a 196A     		ldr	r1, [r3, #32]
 2111 004c 41F21112 		movw	r2, #4369
 2112 0050 1142     		tst	r1, r2
 2113 0052 08D1     		bne	.L142
 688:Drivers/STM32F4/Drivers/STM32F4xx_HAL_Driver/Src/stm32f4xx_hal_tim_ex.c **** 
 2114              		.loc 1 688 3 discriminator 1 view .LVU574
 2115 0054 196A     		ldr	r1, [r3, #32]
 2116 0056 40F24442 		movw	r2, #1092
 2117 005a 1142     		tst	r1, r2
 2118 005c 03D1     		bne	.L142
 688:Drivers/STM32F4/Drivers/STM32F4xx_HAL_Driver/Src/stm32f4xx_hal_tim_ex.c **** 
 2119              		.loc 1 688 3 discriminator 3 view .LVU575
 2120 005e 1A68     		ldr	r2, [r3]
 2121 0060 22F00102 		bic	r2, r2, #1
 2122 0064 1A60     		str	r2, [r3]
 2123              	.L142:
 688:Drivers/STM32F4/Drivers/STM32F4xx_HAL_Driver/Src/stm32f4xx_hal_tim_ex.c **** 
 2124              		.loc 1 688 3 discriminator 5 view .LVU576
 691:Drivers/STM32F4/Drivers/STM32F4xx_HAL_Driver/Src/stm32f4xx_hal_tim_ex.c **** 
 2125              		.loc 1 691 3 view .LVU577
 2126 0066 6DB9     		cbnz	r5, .L143
 691:Drivers/STM32F4/Drivers/STM32F4xx_HAL_Driver/Src/stm32f4xx_hal_tim_ex.c **** 
 2127              		.loc 1 691 3 is_stmt 0 discriminator 1 view .LVU578
 2128 0068 0123     		movs	r3, #1
 2129 006a 84F84230 		strb	r3, [r4, #66]
 2130              	.L144:
ARM GAS  /tmp/ccicUsXN.s 			page 90


 694:Drivers/STM32F4/Drivers/STM32F4xx_HAL_Driver/Src/stm32f4xx_hal_tim_ex.c **** }
 2131              		.loc 1 694 3 is_stmt 1 view .LVU579
 695:Drivers/STM32F4/Drivers/STM32F4xx_HAL_Driver/Src/stm32f4xx_hal_tim_ex.c **** 
 2132              		.loc 1 695 1 is_stmt 0 view .LVU580
 2133 006e 0020     		movs	r0, #0
 2134 0070 38BD     		pop	{r3, r4, r5, pc}
 2135              	.LVL133:
 2136              	.L138:
 695:Drivers/STM32F4/Drivers/STM32F4xx_HAL_Driver/Src/stm32f4xx_hal_tim_ex.c **** 
 2137              		.loc 1 695 1 view .LVU581
 2138 0072 082D     		cmp	r5, #8
 2139 0074 CFD8     		bhi	.L139
 2140 0076 40F21113 		movw	r3, #273
 2141 007a EB40     		lsrs	r3, r3, r5
 2142 007c 13F0010F 		tst	r3, #1
 2143 0080 CED1     		bne	.L140
 2144 0082 C8E7     		b	.L139
 2145              	.LVL134:
 2146              	.L143:
 691:Drivers/STM32F4/Drivers/STM32F4xx_HAL_Driver/Src/stm32f4xx_hal_tim_ex.c **** 
 2147              		.loc 1 691 3 discriminator 2 view .LVU582
 2148 0084 042D     		cmp	r5, #4
 2149 0086 05D0     		beq	.L148
 691:Drivers/STM32F4/Drivers/STM32F4xx_HAL_Driver/Src/stm32f4xx_hal_tim_ex.c **** 
 2150              		.loc 1 691 3 discriminator 4 view .LVU583
 2151 0088 082D     		cmp	r5, #8
 2152 008a 07D0     		beq	.L149
 691:Drivers/STM32F4/Drivers/STM32F4xx_HAL_Driver/Src/stm32f4xx_hal_tim_ex.c **** 
 2153              		.loc 1 691 3 discriminator 7 view .LVU584
 2154 008c 0123     		movs	r3, #1
 2155 008e 84F84530 		strb	r3, [r4, #69]
 2156 0092 ECE7     		b	.L144
 2157              	.L148:
 691:Drivers/STM32F4/Drivers/STM32F4xx_HAL_Driver/Src/stm32f4xx_hal_tim_ex.c **** 
 2158              		.loc 1 691 3 discriminator 3 view .LVU585
 2159 0094 0123     		movs	r3, #1
 2160 0096 84F84330 		strb	r3, [r4, #67]
 2161 009a E8E7     		b	.L144
 2162              	.L149:
 691:Drivers/STM32F4/Drivers/STM32F4xx_HAL_Driver/Src/stm32f4xx_hal_tim_ex.c **** 
 2163              		.loc 1 691 3 discriminator 6 view .LVU586
 2164 009c 0123     		movs	r3, #1
 2165 009e 84F84430 		strb	r3, [r4, #68]
 2166 00a2 E4E7     		b	.L144
 2167              	.L151:
 2168              		.align	2
 2169              	.L150:
 2170 00a4 00000140 		.word	1073807360
 2171 00a8 00000000 		.word	.LC0
 2172              		.cfi_endproc
 2173              	.LFE145:
 2175              		.section	.text.HAL_TIMEx_OCN_Start_IT,"ax",%progbits
 2176              		.align	1
 2177              		.global	HAL_TIMEx_OCN_Start_IT
 2178              		.syntax unified
 2179              		.thumb
 2180              		.thumb_func
ARM GAS  /tmp/ccicUsXN.s 			page 91


 2182              	HAL_TIMEx_OCN_Start_IT:
 2183              	.LVL135:
 2184              	.LFB146:
 709:Drivers/STM32F4/Drivers/STM32F4xx_HAL_Driver/Src/stm32f4xx_hal_tim_ex.c ****   HAL_StatusTypeDef status = HAL_OK;
 2185              		.loc 1 709 1 is_stmt 1 view -0
 2186              		.cfi_startproc
 2187              		@ args = 0, pretend = 0, frame = 0
 2188              		@ frame_needed = 0, uses_anonymous_args = 0
 709:Drivers/STM32F4/Drivers/STM32F4xx_HAL_Driver/Src/stm32f4xx_hal_tim_ex.c ****   HAL_StatusTypeDef status = HAL_OK;
 2189              		.loc 1 709 1 is_stmt 0 view .LVU588
 2190 0000 38B5     		push	{r3, r4, r5, lr}
 2191              	.LCFI16:
 2192              		.cfi_def_cfa_offset 16
 2193              		.cfi_offset 3, -16
 2194              		.cfi_offset 4, -12
 2195              		.cfi_offset 5, -8
 2196              		.cfi_offset 14, -4
 2197 0002 0446     		mov	r4, r0
 2198 0004 0D46     		mov	r5, r1
 710:Drivers/STM32F4/Drivers/STM32F4xx_HAL_Driver/Src/stm32f4xx_hal_tim_ex.c ****   uint32_t tmpsmcr;
 2199              		.loc 1 710 3 is_stmt 1 view .LVU589
 2200              	.LVL136:
 711:Drivers/STM32F4/Drivers/STM32F4xx_HAL_Driver/Src/stm32f4xx_hal_tim_ex.c **** 
 2201              		.loc 1 711 3 view .LVU590
 714:Drivers/STM32F4/Drivers/STM32F4xx_HAL_Driver/Src/stm32f4xx_hal_tim_ex.c **** 
 2202              		.loc 1 714 3 view .LVU591
 2203 0006 0368     		ldr	r3, [r0]
 2204 0008 514A     		ldr	r2, .L178
 2205 000a 9342     		cmp	r3, r2
 2206 000c 51D0     		beq	.L153
 714:Drivers/STM32F4/Drivers/STM32F4xx_HAL_Driver/Src/stm32f4xx_hal_tim_ex.c **** 
 2207              		.loc 1 714 3 is_stmt 0 discriminator 1 view .LVU592
 2208 000e 02F58062 		add	r2, r2, #1024
 2209 0012 9342     		cmp	r3, r2
 2210 0014 4DD0     		beq	.L153
 2211              	.L154:
 714:Drivers/STM32F4/Drivers/STM32F4xx_HAL_Driver/Src/stm32f4xx_hal_tim_ex.c **** 
 2212              		.loc 1 714 3 discriminator 7 view .LVU593
 2213 0016 40F2CA21 		movw	r1, #714
 2214              	.LVL137:
 714:Drivers/STM32F4/Drivers/STM32F4xx_HAL_Driver/Src/stm32f4xx_hal_tim_ex.c **** 
 2215              		.loc 1 714 3 discriminator 7 view .LVU594
 2216 001a 4E48     		ldr	r0, .L178+4
 2217              	.LVL138:
 714:Drivers/STM32F4/Drivers/STM32F4xx_HAL_Driver/Src/stm32f4xx_hal_tim_ex.c **** 
 2218              		.loc 1 714 3 discriminator 7 view .LVU595
 2219 001c FFF7FEFF 		bl	assert_failed
 2220              	.LVL139:
 717:Drivers/STM32F4/Drivers/STM32F4xx_HAL_Driver/Src/stm32f4xx_hal_tim_ex.c ****   {
 2221              		.loc 1 717 3 is_stmt 1 view .LVU596
 717:Drivers/STM32F4/Drivers/STM32F4xx_HAL_Driver/Src/stm32f4xx_hal_tim_ex.c ****   {
 2222              		.loc 1 717 46 is_stmt 0 view .LVU597
 2223 0020 002D     		cmp	r5, #0
 2224 0022 4CD1     		bne	.L156
 2225              	.L155:
 717:Drivers/STM32F4/Drivers/STM32F4xx_HAL_Driver/Src/stm32f4xx_hal_tim_ex.c ****   {
 2226              		.loc 1 717 7 discriminator 1 view .LVU598
ARM GAS  /tmp/ccicUsXN.s 			page 92


 2227 0024 94F84230 		ldrb	r3, [r4, #66]	@ zero_extendqisi2
 2228 0028 DBB2     		uxtb	r3, r3
 717:Drivers/STM32F4/Drivers/STM32F4xx_HAL_Driver/Src/stm32f4xx_hal_tim_ex.c ****   {
 2229              		.loc 1 717 46 discriminator 1 view .LVU599
 2230 002a 013B     		subs	r3, r3, #1
 2231 002c 18BF     		it	ne
 2232 002e 0123     		movne	r3, #1
 2233              	.L157:
 717:Drivers/STM32F4/Drivers/STM32F4xx_HAL_Driver/Src/stm32f4xx_hal_tim_ex.c ****   {
 2234              		.loc 1 717 6 discriminator 12 view .LVU600
 2235 0030 002B     		cmp	r3, #0
 2236 0032 40F08980 		bne	.L170
 723:Drivers/STM32F4/Drivers/STM32F4xx_HAL_Driver/Src/stm32f4xx_hal_tim_ex.c **** 
 2237              		.loc 1 723 3 is_stmt 1 view .LVU601
 2238 0036 002D     		cmp	r5, #0
 2239 0038 5AD1     		bne	.L161
 723:Drivers/STM32F4/Drivers/STM32F4xx_HAL_Driver/Src/stm32f4xx_hal_tim_ex.c **** 
 2240              		.loc 1 723 3 is_stmt 0 discriminator 1 view .LVU602
 2241 003a 0223     		movs	r3, #2
 2242 003c 84F84230 		strb	r3, [r4, #66]
 725:Drivers/STM32F4/Drivers/STM32F4xx_HAL_Driver/Src/stm32f4xx_hal_tim_ex.c ****   {
 2243              		.loc 1 725 3 is_stmt 1 view .LVU603
 2244              	.L162:
 730:Drivers/STM32F4/Drivers/STM32F4xx_HAL_Driver/Src/stm32f4xx_hal_tim_ex.c ****       break;
 2245              		.loc 1 730 7 view .LVU604
 2246 0040 2268     		ldr	r2, [r4]
 2247 0042 D368     		ldr	r3, [r2, #12]
 2248 0044 43F00203 		orr	r3, r3, #2
 2249 0048 D360     		str	r3, [r2, #12]
 731:Drivers/STM32F4/Drivers/STM32F4xx_HAL_Driver/Src/stm32f4xx_hal_tim_ex.c ****     }
 2250              		.loc 1 731 7 view .LVU605
 754:Drivers/STM32F4/Drivers/STM32F4xx_HAL_Driver/Src/stm32f4xx_hal_tim_ex.c ****   {
 2251              		.loc 1 754 3 view .LVU606
 2252              	.L167:
 757:Drivers/STM32F4/Drivers/STM32F4xx_HAL_Driver/Src/stm32f4xx_hal_tim_ex.c **** 
 2253              		.loc 1 757 5 view .LVU607
 2254 004a 2268     		ldr	r2, [r4]
 2255 004c D368     		ldr	r3, [r2, #12]
 2256 004e 43F08003 		orr	r3, r3, #128
 2257 0052 D360     		str	r3, [r2, #12]
 760:Drivers/STM32F4/Drivers/STM32F4xx_HAL_Driver/Src/stm32f4xx_hal_tim_ex.c **** 
 2258              		.loc 1 760 5 view .LVU608
 2259 0054 0422     		movs	r2, #4
 2260 0056 2946     		mov	r1, r5
 2261 0058 2068     		ldr	r0, [r4]
 2262 005a FFF7FEFF 		bl	TIM_CCxNChannelCmd
 2263              	.LVL140:
 763:Drivers/STM32F4/Drivers/STM32F4xx_HAL_Driver/Src/stm32f4xx_hal_tim_ex.c **** 
 2264              		.loc 1 763 5 view .LVU609
 2265 005e 2268     		ldr	r2, [r4]
 2266 0060 536C     		ldr	r3, [r2, #68]
 2267 0062 43F40043 		orr	r3, r3, #32768
 2268 0066 5364     		str	r3, [r2, #68]
 766:Drivers/STM32F4/Drivers/STM32F4xx_HAL_Driver/Src/stm32f4xx_hal_tim_ex.c ****     {
 2269              		.loc 1 766 5 view .LVU610
 766:Drivers/STM32F4/Drivers/STM32F4xx_HAL_Driver/Src/stm32f4xx_hal_tim_ex.c ****     {
 2270              		.loc 1 766 9 is_stmt 0 view .LVU611
ARM GAS  /tmp/ccicUsXN.s 			page 93


 2271 0068 2368     		ldr	r3, [r4]
 766:Drivers/STM32F4/Drivers/STM32F4xx_HAL_Driver/Src/stm32f4xx_hal_tim_ex.c ****     {
 2272              		.loc 1 766 8 view .LVU612
 2273 006a 394A     		ldr	r2, .L178
 2274 006c 9342     		cmp	r3, r2
 2275 006e 60D0     		beq	.L168
 766:Drivers/STM32F4/Drivers/STM32F4xx_HAL_Driver/Src/stm32f4xx_hal_tim_ex.c ****     {
 2276              		.loc 1 766 9 discriminator 1 view .LVU613
 2277 0070 B3F1804F 		cmp	r3, #1073741824
 2278 0074 5DD0     		beq	.L168
 766:Drivers/STM32F4/Drivers/STM32F4xx_HAL_Driver/Src/stm32f4xx_hal_tim_ex.c ****     {
 2279              		.loc 1 766 9 discriminator 2 view .LVU614
 2280 0076 A2F57C42 		sub	r2, r2, #64512
 2281 007a 9342     		cmp	r3, r2
 2282 007c 59D0     		beq	.L168
 766:Drivers/STM32F4/Drivers/STM32F4xx_HAL_Driver/Src/stm32f4xx_hal_tim_ex.c ****     {
 2283              		.loc 1 766 9 discriminator 3 view .LVU615
 2284 007e 02F58062 		add	r2, r2, #1024
 2285 0082 9342     		cmp	r3, r2
 2286 0084 55D0     		beq	.L168
 766:Drivers/STM32F4/Drivers/STM32F4xx_HAL_Driver/Src/stm32f4xx_hal_tim_ex.c ****     {
 2287              		.loc 1 766 9 discriminator 4 view .LVU616
 2288 0086 02F58062 		add	r2, r2, #1024
 2289 008a 9342     		cmp	r3, r2
 2290 008c 51D0     		beq	.L168
 766:Drivers/STM32F4/Drivers/STM32F4xx_HAL_Driver/Src/stm32f4xx_hal_tim_ex.c ****     {
 2291              		.loc 1 766 9 discriminator 5 view .LVU617
 2292 008e 02F57842 		add	r2, r2, #63488
 2293 0092 9342     		cmp	r3, r2
 2294 0094 4DD0     		beq	.L168
 766:Drivers/STM32F4/Drivers/STM32F4xx_HAL_Driver/Src/stm32f4xx_hal_tim_ex.c ****     {
 2295              		.loc 1 766 9 discriminator 6 view .LVU618
 2296 0096 02F57052 		add	r2, r2, #15360
 2297 009a 9342     		cmp	r3, r2
 2298 009c 49D0     		beq	.L168
 766:Drivers/STM32F4/Drivers/STM32F4xx_HAL_Driver/Src/stm32f4xx_hal_tim_ex.c ****     {
 2299              		.loc 1 766 9 discriminator 7 view .LVU619
 2300 009e A2F59432 		sub	r2, r2, #75776
 2301 00a2 9342     		cmp	r3, r2
 2302 00a4 45D0     		beq	.L168
 776:Drivers/STM32F4/Drivers/STM32F4xx_HAL_Driver/Src/stm32f4xx_hal_tim_ex.c ****     }
 2303              		.loc 1 776 7 is_stmt 1 view .LVU620
 2304 00a6 1A68     		ldr	r2, [r3]
 2305 00a8 42F00102 		orr	r2, r2, #1
 2306 00ac 1A60     		str	r2, [r3]
 2307 00ae 0020     		movs	r0, #0
 2308 00b0 49E0     		b	.L160
 2309              	.LVL141:
 2310              	.L153:
 714:Drivers/STM32F4/Drivers/STM32F4xx_HAL_Driver/Src/stm32f4xx_hal_tim_ex.c **** 
 2311              		.loc 1 714 3 is_stmt 0 discriminator 4 view .LVU621
 2312 00b2 002D     		cmp	r5, #0
 2313 00b4 B6D0     		beq	.L155
 714:Drivers/STM32F4/Drivers/STM32F4xx_HAL_Driver/Src/stm32f4xx_hal_tim_ex.c **** 
 2314              		.loc 1 714 3 discriminator 5 view .LVU622
 2315 00b6 042D     		cmp	r5, #4
 2316 00b8 01D0     		beq	.L156
ARM GAS  /tmp/ccicUsXN.s 			page 94


 714:Drivers/STM32F4/Drivers/STM32F4xx_HAL_Driver/Src/stm32f4xx_hal_tim_ex.c **** 
 2317              		.loc 1 714 3 discriminator 6 view .LVU623
 2318 00ba 082D     		cmp	r5, #8
 2319 00bc ABD1     		bne	.L154
 2320              	.LVL142:
 2321              	.L156:
 717:Drivers/STM32F4/Drivers/STM32F4xx_HAL_Driver/Src/stm32f4xx_hal_tim_ex.c ****   {
 2322              		.loc 1 717 46 discriminator 2 view .LVU624
 2323 00be 042D     		cmp	r5, #4
 2324 00c0 08D0     		beq	.L174
 717:Drivers/STM32F4/Drivers/STM32F4xx_HAL_Driver/Src/stm32f4xx_hal_tim_ex.c ****   {
 2325              		.loc 1 717 46 discriminator 5 view .LVU625
 2326 00c2 082D     		cmp	r5, #8
 2327 00c4 0DD0     		beq	.L175
 717:Drivers/STM32F4/Drivers/STM32F4xx_HAL_Driver/Src/stm32f4xx_hal_tim_ex.c ****   {
 2328              		.loc 1 717 7 discriminator 8 view .LVU626
 2329 00c6 94F84530 		ldrb	r3, [r4, #69]	@ zero_extendqisi2
 2330 00ca DBB2     		uxtb	r3, r3
 717:Drivers/STM32F4/Drivers/STM32F4xx_HAL_Driver/Src/stm32f4xx_hal_tim_ex.c ****   {
 2331              		.loc 1 717 46 discriminator 8 view .LVU627
 2332 00cc 013B     		subs	r3, r3, #1
 2333 00ce 18BF     		it	ne
 2334 00d0 0123     		movne	r3, #1
 2335 00d2 ADE7     		b	.L157
 2336              	.L174:
 717:Drivers/STM32F4/Drivers/STM32F4xx_HAL_Driver/Src/stm32f4xx_hal_tim_ex.c ****   {
 2337              		.loc 1 717 7 discriminator 4 view .LVU628
 2338 00d4 94F84330 		ldrb	r3, [r4, #67]	@ zero_extendqisi2
 2339 00d8 DBB2     		uxtb	r3, r3
 717:Drivers/STM32F4/Drivers/STM32F4xx_HAL_Driver/Src/stm32f4xx_hal_tim_ex.c ****   {
 2340              		.loc 1 717 46 discriminator 4 view .LVU629
 2341 00da 013B     		subs	r3, r3, #1
 2342 00dc 18BF     		it	ne
 2343 00de 0123     		movne	r3, #1
 2344 00e0 A6E7     		b	.L157
 2345              	.L175:
 717:Drivers/STM32F4/Drivers/STM32F4xx_HAL_Driver/Src/stm32f4xx_hal_tim_ex.c ****   {
 2346              		.loc 1 717 7 discriminator 7 view .LVU630
 2347 00e2 94F84430 		ldrb	r3, [r4, #68]	@ zero_extendqisi2
 2348 00e6 DBB2     		uxtb	r3, r3
 717:Drivers/STM32F4/Drivers/STM32F4xx_HAL_Driver/Src/stm32f4xx_hal_tim_ex.c ****   {
 2349              		.loc 1 717 46 discriminator 7 view .LVU631
 2350 00e8 013B     		subs	r3, r3, #1
 2351 00ea 18BF     		it	ne
 2352 00ec 0123     		movne	r3, #1
 2353 00ee 9FE7     		b	.L157
 2354              	.L161:
 723:Drivers/STM32F4/Drivers/STM32F4xx_HAL_Driver/Src/stm32f4xx_hal_tim_ex.c **** 
 2355              		.loc 1 723 3 discriminator 2 view .LVU632
 2356 00f0 042D     		cmp	r5, #4
 2357 00f2 0CD0     		beq	.L176
 723:Drivers/STM32F4/Drivers/STM32F4xx_HAL_Driver/Src/stm32f4xx_hal_tim_ex.c **** 
 2358              		.loc 1 723 3 discriminator 4 view .LVU633
 2359 00f4 082D     		cmp	r5, #8
 2360 00f6 13D0     		beq	.L177
 723:Drivers/STM32F4/Drivers/STM32F4xx_HAL_Driver/Src/stm32f4xx_hal_tim_ex.c **** 
 2361              		.loc 1 723 3 discriminator 7 view .LVU634
ARM GAS  /tmp/ccicUsXN.s 			page 95


 2362 00f8 0223     		movs	r3, #2
 2363 00fa 84F84530 		strb	r3, [r4, #69]
 725:Drivers/STM32F4/Drivers/STM32F4xx_HAL_Driver/Src/stm32f4xx_hal_tim_ex.c ****   {
 2364              		.loc 1 725 3 is_stmt 1 view .LVU635
 2365 00fe 042D     		cmp	r5, #4
 2366 0100 08D0     		beq	.L164
 2367 0102 082D     		cmp	r5, #8
 2368 0104 0FD0     		beq	.L166
 2369 0106 002D     		cmp	r5, #0
 2370 0108 9AD0     		beq	.L162
 2371 010a 0120     		movs	r0, #1
 2372 010c 1BE0     		b	.L160
 2373              	.L176:
 723:Drivers/STM32F4/Drivers/STM32F4xx_HAL_Driver/Src/stm32f4xx_hal_tim_ex.c **** 
 2374              		.loc 1 723 3 is_stmt 0 discriminator 3 view .LVU636
 2375 010e 0223     		movs	r3, #2
 2376 0110 84F84330 		strb	r3, [r4, #67]
 725:Drivers/STM32F4/Drivers/STM32F4xx_HAL_Driver/Src/stm32f4xx_hal_tim_ex.c ****   {
 2377              		.loc 1 725 3 is_stmt 1 view .LVU637
 2378              	.L164:
 737:Drivers/STM32F4/Drivers/STM32F4xx_HAL_Driver/Src/stm32f4xx_hal_tim_ex.c ****       break;
 2379              		.loc 1 737 7 view .LVU638
 2380 0114 2268     		ldr	r2, [r4]
 2381 0116 D368     		ldr	r3, [r2, #12]
 2382 0118 43F00403 		orr	r3, r3, #4
 2383 011c D360     		str	r3, [r2, #12]
 738:Drivers/STM32F4/Drivers/STM32F4xx_HAL_Driver/Src/stm32f4xx_hal_tim_ex.c ****     }
 2384              		.loc 1 738 7 view .LVU639
 754:Drivers/STM32F4/Drivers/STM32F4xx_HAL_Driver/Src/stm32f4xx_hal_tim_ex.c ****   {
 2385              		.loc 1 754 3 view .LVU640
 2386 011e 94E7     		b	.L167
 2387              	.L177:
 723:Drivers/STM32F4/Drivers/STM32F4xx_HAL_Driver/Src/stm32f4xx_hal_tim_ex.c **** 
 2388              		.loc 1 723 3 is_stmt 0 discriminator 6 view .LVU641
 2389 0120 0223     		movs	r3, #2
 2390 0122 84F84430 		strb	r3, [r4, #68]
 725:Drivers/STM32F4/Drivers/STM32F4xx_HAL_Driver/Src/stm32f4xx_hal_tim_ex.c ****   {
 2391              		.loc 1 725 3 is_stmt 1 view .LVU642
 2392              	.L166:
 744:Drivers/STM32F4/Drivers/STM32F4xx_HAL_Driver/Src/stm32f4xx_hal_tim_ex.c ****       break;
 2393              		.loc 1 744 7 view .LVU643
 2394 0126 2268     		ldr	r2, [r4]
 2395 0128 D368     		ldr	r3, [r2, #12]
 2396 012a 43F00803 		orr	r3, r3, #8
 2397 012e D360     		str	r3, [r2, #12]
 745:Drivers/STM32F4/Drivers/STM32F4xx_HAL_Driver/Src/stm32f4xx_hal_tim_ex.c ****     }
 2398              		.loc 1 745 7 view .LVU644
 754:Drivers/STM32F4/Drivers/STM32F4xx_HAL_Driver/Src/stm32f4xx_hal_tim_ex.c ****   {
 2399              		.loc 1 754 3 view .LVU645
 2400 0130 8BE7     		b	.L167
 2401              	.L168:
 768:Drivers/STM32F4/Drivers/STM32F4xx_HAL_Driver/Src/stm32f4xx_hal_tim_ex.c ****       if (!IS_TIM_SLAVEMODE_TRIGGER_ENABLED(tmpsmcr))
 2402              		.loc 1 768 7 view .LVU646
 768:Drivers/STM32F4/Drivers/STM32F4xx_HAL_Driver/Src/stm32f4xx_hal_tim_ex.c ****       if (!IS_TIM_SLAVEMODE_TRIGGER_ENABLED(tmpsmcr))
 2403              		.loc 1 768 31 is_stmt 0 view .LVU647
 2404 0132 9A68     		ldr	r2, [r3, #8]
 768:Drivers/STM32F4/Drivers/STM32F4xx_HAL_Driver/Src/stm32f4xx_hal_tim_ex.c ****       if (!IS_TIM_SLAVEMODE_TRIGGER_ENABLED(tmpsmcr))
ARM GAS  /tmp/ccicUsXN.s 			page 96


 2405              		.loc 1 768 15 view .LVU648
 2406 0134 02F00702 		and	r2, r2, #7
 2407              	.LVL143:
 769:Drivers/STM32F4/Drivers/STM32F4xx_HAL_Driver/Src/stm32f4xx_hal_tim_ex.c ****       {
 2408              		.loc 1 769 7 is_stmt 1 view .LVU649
 769:Drivers/STM32F4/Drivers/STM32F4xx_HAL_Driver/Src/stm32f4xx_hal_tim_ex.c ****       {
 2409              		.loc 1 769 10 is_stmt 0 view .LVU650
 2410 0138 062A     		cmp	r2, #6
 2411 013a 07D0     		beq	.L172
 771:Drivers/STM32F4/Drivers/STM32F4xx_HAL_Driver/Src/stm32f4xx_hal_tim_ex.c ****       }
 2412              		.loc 1 771 9 is_stmt 1 view .LVU651
 2413 013c 1A68     		ldr	r2, [r3]
 2414              	.LVL144:
 771:Drivers/STM32F4/Drivers/STM32F4xx_HAL_Driver/Src/stm32f4xx_hal_tim_ex.c ****       }
 2415              		.loc 1 771 9 is_stmt 0 view .LVU652
 2416 013e 42F00102 		orr	r2, r2, #1
 2417 0142 1A60     		str	r2, [r3]
 2418 0144 0020     		movs	r0, #0
 2419              	.LVL145:
 2420              	.L160:
 782:Drivers/STM32F4/Drivers/STM32F4xx_HAL_Driver/Src/stm32f4xx_hal_tim_ex.c **** 
 2421              		.loc 1 782 1 view .LVU653
 2422 0146 38BD     		pop	{r3, r4, r5, pc}
 2423              	.LVL146:
 2424              	.L170:
 719:Drivers/STM32F4/Drivers/STM32F4xx_HAL_Driver/Src/stm32f4xx_hal_tim_ex.c ****   }
 2425              		.loc 1 719 12 view .LVU654
 2426 0148 0120     		movs	r0, #1
 2427 014a FCE7     		b	.L160
 2428              	.LVL147:
 2429              	.L172:
 719:Drivers/STM32F4/Drivers/STM32F4xx_HAL_Driver/Src/stm32f4xx_hal_tim_ex.c ****   }
 2430              		.loc 1 719 12 view .LVU655
 2431 014c 0020     		movs	r0, #0
 2432 014e FAE7     		b	.L160
 2433              	.L179:
 2434              		.align	2
 2435              	.L178:
 2436 0150 00000140 		.word	1073807360
 2437 0154 00000000 		.word	.LC0
 2438              		.cfi_endproc
 2439              	.LFE146:
 2441              		.section	.text.HAL_TIMEx_OCN_Stop_IT,"ax",%progbits
 2442              		.align	1
 2443              		.global	HAL_TIMEx_OCN_Stop_IT
 2444              		.syntax unified
 2445              		.thumb
 2446              		.thumb_func
 2448              	HAL_TIMEx_OCN_Stop_IT:
 2449              	.LVL148:
 2450              	.LFB147:
 796:Drivers/STM32F4/Drivers/STM32F4xx_HAL_Driver/Src/stm32f4xx_hal_tim_ex.c ****   HAL_StatusTypeDef status = HAL_OK;
 2451              		.loc 1 796 1 is_stmt 1 view -0
 2452              		.cfi_startproc
 2453              		@ args = 0, pretend = 0, frame = 0
 2454              		@ frame_needed = 0, uses_anonymous_args = 0
 796:Drivers/STM32F4/Drivers/STM32F4xx_HAL_Driver/Src/stm32f4xx_hal_tim_ex.c ****   HAL_StatusTypeDef status = HAL_OK;
ARM GAS  /tmp/ccicUsXN.s 			page 97


 2455              		.loc 1 796 1 is_stmt 0 view .LVU657
 2456 0000 38B5     		push	{r3, r4, r5, lr}
 2457              	.LCFI17:
 2458              		.cfi_def_cfa_offset 16
 2459              		.cfi_offset 3, -16
 2460              		.cfi_offset 4, -12
 2461              		.cfi_offset 5, -8
 2462              		.cfi_offset 14, -4
 2463 0002 0446     		mov	r4, r0
 2464 0004 0D46     		mov	r5, r1
 797:Drivers/STM32F4/Drivers/STM32F4xx_HAL_Driver/Src/stm32f4xx_hal_tim_ex.c ****   uint32_t tmpccer;
 2465              		.loc 1 797 3 is_stmt 1 view .LVU658
 2466              	.LVL149:
 798:Drivers/STM32F4/Drivers/STM32F4xx_HAL_Driver/Src/stm32f4xx_hal_tim_ex.c **** 
 2467              		.loc 1 798 3 view .LVU659
 801:Drivers/STM32F4/Drivers/STM32F4xx_HAL_Driver/Src/stm32f4xx_hal_tim_ex.c **** 
 2468              		.loc 1 801 3 view .LVU660
 2469 0006 0368     		ldr	r3, [r0]
 2470 0008 384A     		ldr	r2, .L198
 2471 000a 9342     		cmp	r3, r2
 2472 000c 46D0     		beq	.L181
 801:Drivers/STM32F4/Drivers/STM32F4xx_HAL_Driver/Src/stm32f4xx_hal_tim_ex.c **** 
 2473              		.loc 1 801 3 is_stmt 0 discriminator 1 view .LVU661
 2474 000e 02F58062 		add	r2, r2, #1024
 2475 0012 9342     		cmp	r3, r2
 2476 0014 42D0     		beq	.L181
 2477              	.L182:
 801:Drivers/STM32F4/Drivers/STM32F4xx_HAL_Driver/Src/stm32f4xx_hal_tim_ex.c **** 
 2478              		.loc 1 801 3 discriminator 7 view .LVU662
 2479 0016 40F22131 		movw	r1, #801
 2480              	.LVL150:
 801:Drivers/STM32F4/Drivers/STM32F4xx_HAL_Driver/Src/stm32f4xx_hal_tim_ex.c **** 
 2481              		.loc 1 801 3 discriminator 7 view .LVU663
 2482 001a 3548     		ldr	r0, .L198+4
 2483              	.LVL151:
 801:Drivers/STM32F4/Drivers/STM32F4xx_HAL_Driver/Src/stm32f4xx_hal_tim_ex.c **** 
 2484              		.loc 1 801 3 discriminator 7 view .LVU664
 2485 001c FFF7FEFF 		bl	assert_failed
 2486              	.LVL152:
 803:Drivers/STM32F4/Drivers/STM32F4xx_HAL_Driver/Src/stm32f4xx_hal_tim_ex.c ****   {
 2487              		.loc 1 803 3 is_stmt 1 view .LVU665
 2488 0020 042D     		cmp	r5, #4
 2489 0022 47D0     		beq	.L184
 2490 0024 082D     		cmp	r5, #8
 2491 0026 3FD0     		beq	.L185
 2492 0028 002D     		cmp	r5, #0
 2493 002a 5CD1     		bne	.L194
 2494              	.L183:
 808:Drivers/STM32F4/Drivers/STM32F4xx_HAL_Driver/Src/stm32f4xx_hal_tim_ex.c ****       break;
 2495              		.loc 1 808 7 view .LVU666
 2496 002c 2268     		ldr	r2, [r4]
 2497 002e D368     		ldr	r3, [r2, #12]
 2498 0030 23F00203 		bic	r3, r3, #2
 2499 0034 D360     		str	r3, [r2, #12]
 809:Drivers/STM32F4/Drivers/STM32F4xx_HAL_Driver/Src/stm32f4xx_hal_tim_ex.c ****     }
 2500              		.loc 1 809 7 view .LVU667
 831:Drivers/STM32F4/Drivers/STM32F4xx_HAL_Driver/Src/stm32f4xx_hal_tim_ex.c ****   {
ARM GAS  /tmp/ccicUsXN.s 			page 98


 2501              		.loc 1 831 3 view .LVU668
 2502              	.L187:
 834:Drivers/STM32F4/Drivers/STM32F4xx_HAL_Driver/Src/stm32f4xx_hal_tim_ex.c **** 
 2503              		.loc 1 834 5 view .LVU669
 2504 0036 0022     		movs	r2, #0
 2505 0038 2946     		mov	r1, r5
 2506 003a 2068     		ldr	r0, [r4]
 2507 003c FFF7FEFF 		bl	TIM_CCxNChannelCmd
 2508              	.LVL153:
 837:Drivers/STM32F4/Drivers/STM32F4xx_HAL_Driver/Src/stm32f4xx_hal_tim_ex.c ****     if ((tmpccer & TIM_CCER_CCxNE_MASK) == (uint32_t)RESET)
 2509              		.loc 1 837 5 view .LVU670
 837:Drivers/STM32F4/Drivers/STM32F4xx_HAL_Driver/Src/stm32f4xx_hal_tim_ex.c ****     if ((tmpccer & TIM_CCER_CCxNE_MASK) == (uint32_t)RESET)
 2510              		.loc 1 837 19 is_stmt 0 view .LVU671
 2511 0040 2368     		ldr	r3, [r4]
 837:Drivers/STM32F4/Drivers/STM32F4xx_HAL_Driver/Src/stm32f4xx_hal_tim_ex.c ****     if ((tmpccer & TIM_CCER_CCxNE_MASK) == (uint32_t)RESET)
 2512              		.loc 1 837 13 view .LVU672
 2513 0042 196A     		ldr	r1, [r3, #32]
 2514              	.LVL154:
 838:Drivers/STM32F4/Drivers/STM32F4xx_HAL_Driver/Src/stm32f4xx_hal_tim_ex.c ****     {
 2515              		.loc 1 838 5 is_stmt 1 view .LVU673
 838:Drivers/STM32F4/Drivers/STM32F4xx_HAL_Driver/Src/stm32f4xx_hal_tim_ex.c ****     {
 2516              		.loc 1 838 8 is_stmt 0 view .LVU674
 2517 0044 40F24442 		movw	r2, #1092
 2518 0048 1142     		tst	r1, r2
 2519 004a 03D1     		bne	.L188
 840:Drivers/STM32F4/Drivers/STM32F4xx_HAL_Driver/Src/stm32f4xx_hal_tim_ex.c ****     }
 2520              		.loc 1 840 7 is_stmt 1 view .LVU675
 2521 004c DA68     		ldr	r2, [r3, #12]
 2522 004e 22F08002 		bic	r2, r2, #128
 2523 0052 DA60     		str	r2, [r3, #12]
 2524              	.L188:
 844:Drivers/STM32F4/Drivers/STM32F4xx_HAL_Driver/Src/stm32f4xx_hal_tim_ex.c **** 
 2525              		.loc 1 844 5 view .LVU676
 844:Drivers/STM32F4/Drivers/STM32F4xx_HAL_Driver/Src/stm32f4xx_hal_tim_ex.c **** 
 2526              		.loc 1 844 5 view .LVU677
 2527 0054 2368     		ldr	r3, [r4]
 2528 0056 196A     		ldr	r1, [r3, #32]
 2529              	.LVL155:
 844:Drivers/STM32F4/Drivers/STM32F4xx_HAL_Driver/Src/stm32f4xx_hal_tim_ex.c **** 
 2530              		.loc 1 844 5 is_stmt 0 view .LVU678
 2531 0058 41F21112 		movw	r2, #4369
 2532 005c 1142     		tst	r1, r2
 2533 005e 08D1     		bne	.L189
 844:Drivers/STM32F4/Drivers/STM32F4xx_HAL_Driver/Src/stm32f4xx_hal_tim_ex.c **** 
 2534              		.loc 1 844 5 is_stmt 1 discriminator 1 view .LVU679
 2535 0060 196A     		ldr	r1, [r3, #32]
 2536 0062 40F24442 		movw	r2, #1092
 2537 0066 1142     		tst	r1, r2
 2538 0068 03D1     		bne	.L189
 844:Drivers/STM32F4/Drivers/STM32F4xx_HAL_Driver/Src/stm32f4xx_hal_tim_ex.c **** 
 2539              		.loc 1 844 5 discriminator 3 view .LVU680
 2540 006a 5A6C     		ldr	r2, [r3, #68]
 2541 006c 22F40042 		bic	r2, r2, #32768
 2542 0070 5A64     		str	r2, [r3, #68]
 2543              	.L189:
 844:Drivers/STM32F4/Drivers/STM32F4xx_HAL_Driver/Src/stm32f4xx_hal_tim_ex.c **** 
 2544              		.loc 1 844 5 discriminator 5 view .LVU681
ARM GAS  /tmp/ccicUsXN.s 			page 99


 847:Drivers/STM32F4/Drivers/STM32F4xx_HAL_Driver/Src/stm32f4xx_hal_tim_ex.c **** 
 2545              		.loc 1 847 5 view .LVU682
 847:Drivers/STM32F4/Drivers/STM32F4xx_HAL_Driver/Src/stm32f4xx_hal_tim_ex.c **** 
 2546              		.loc 1 847 5 view .LVU683
 2547 0072 2368     		ldr	r3, [r4]
 2548 0074 196A     		ldr	r1, [r3, #32]
 2549 0076 41F21112 		movw	r2, #4369
 2550 007a 1142     		tst	r1, r2
 2551 007c 08D1     		bne	.L190
 847:Drivers/STM32F4/Drivers/STM32F4xx_HAL_Driver/Src/stm32f4xx_hal_tim_ex.c **** 
 2552              		.loc 1 847 5 discriminator 1 view .LVU684
 2553 007e 196A     		ldr	r1, [r3, #32]
 2554 0080 40F24442 		movw	r2, #1092
 2555 0084 1142     		tst	r1, r2
 2556 0086 03D1     		bne	.L190
 847:Drivers/STM32F4/Drivers/STM32F4xx_HAL_Driver/Src/stm32f4xx_hal_tim_ex.c **** 
 2557              		.loc 1 847 5 discriminator 3 view .LVU685
 2558 0088 1A68     		ldr	r2, [r3]
 2559 008a 22F00102 		bic	r2, r2, #1
 2560 008e 1A60     		str	r2, [r3]
 2561              	.L190:
 847:Drivers/STM32F4/Drivers/STM32F4xx_HAL_Driver/Src/stm32f4xx_hal_tim_ex.c **** 
 2562              		.loc 1 847 5 discriminator 5 view .LVU686
 850:Drivers/STM32F4/Drivers/STM32F4xx_HAL_Driver/Src/stm32f4xx_hal_tim_ex.c ****   }
 2563              		.loc 1 850 5 view .LVU687
 2564 0090 B5B9     		cbnz	r5, .L191
 850:Drivers/STM32F4/Drivers/STM32F4xx_HAL_Driver/Src/stm32f4xx_hal_tim_ex.c ****   }
 2565              		.loc 1 850 5 is_stmt 0 discriminator 1 view .LVU688
 2566 0092 0123     		movs	r3, #1
 2567 0094 84F84230 		strb	r3, [r4, #66]
 2568 0098 0020     		movs	r0, #0
 2569              	.LVL156:
 2570              	.L186:
 854:Drivers/STM32F4/Drivers/STM32F4xx_HAL_Driver/Src/stm32f4xx_hal_tim_ex.c **** }
 2571              		.loc 1 854 3 is_stmt 1 view .LVU689
 855:Drivers/STM32F4/Drivers/STM32F4xx_HAL_Driver/Src/stm32f4xx_hal_tim_ex.c **** 
 2572              		.loc 1 855 1 is_stmt 0 view .LVU690
 2573 009a 38BD     		pop	{r3, r4, r5, pc}
 2574              	.LVL157:
 2575              	.L181:
 801:Drivers/STM32F4/Drivers/STM32F4xx_HAL_Driver/Src/stm32f4xx_hal_tim_ex.c **** 
 2576              		.loc 1 801 3 discriminator 4 view .LVU691
 2577 009c 002D     		cmp	r5, #0
 2578 009e C5D0     		beq	.L183
 801:Drivers/STM32F4/Drivers/STM32F4xx_HAL_Driver/Src/stm32f4xx_hal_tim_ex.c **** 
 2579              		.loc 1 801 3 discriminator 5 view .LVU692
 2580 00a0 042D     		cmp	r5, #4
 2581 00a2 07D0     		beq	.L184
 801:Drivers/STM32F4/Drivers/STM32F4xx_HAL_Driver/Src/stm32f4xx_hal_tim_ex.c **** 
 2582              		.loc 1 801 3 discriminator 6 view .LVU693
 2583 00a4 082D     		cmp	r5, #8
 2584 00a6 B6D1     		bne	.L182
 2585              	.LVL158:
 2586              	.L185:
 822:Drivers/STM32F4/Drivers/STM32F4xx_HAL_Driver/Src/stm32f4xx_hal_tim_ex.c ****       break;
 2587              		.loc 1 822 7 is_stmt 1 view .LVU694
 2588 00a8 2268     		ldr	r2, [r4]
ARM GAS  /tmp/ccicUsXN.s 			page 100


 2589 00aa D368     		ldr	r3, [r2, #12]
 2590 00ac 23F00803 		bic	r3, r3, #8
 2591 00b0 D360     		str	r3, [r2, #12]
 823:Drivers/STM32F4/Drivers/STM32F4xx_HAL_Driver/Src/stm32f4xx_hal_tim_ex.c ****     }
 2592              		.loc 1 823 7 view .LVU695
 831:Drivers/STM32F4/Drivers/STM32F4xx_HAL_Driver/Src/stm32f4xx_hal_tim_ex.c ****   {
 2593              		.loc 1 831 3 view .LVU696
 2594 00b2 C0E7     		b	.L187
 2595              	.L184:
 815:Drivers/STM32F4/Drivers/STM32F4xx_HAL_Driver/Src/stm32f4xx_hal_tim_ex.c ****       break;
 2596              		.loc 1 815 7 view .LVU697
 2597 00b4 2268     		ldr	r2, [r4]
 2598 00b6 D368     		ldr	r3, [r2, #12]
 2599 00b8 23F00403 		bic	r3, r3, #4
 2600 00bc D360     		str	r3, [r2, #12]
 816:Drivers/STM32F4/Drivers/STM32F4xx_HAL_Driver/Src/stm32f4xx_hal_tim_ex.c ****     }
 2601              		.loc 1 816 7 view .LVU698
 831:Drivers/STM32F4/Drivers/STM32F4xx_HAL_Driver/Src/stm32f4xx_hal_tim_ex.c ****   {
 2602              		.loc 1 831 3 view .LVU699
 2603 00be BAE7     		b	.L187
 2604              	.LVL159:
 2605              	.L191:
 850:Drivers/STM32F4/Drivers/STM32F4xx_HAL_Driver/Src/stm32f4xx_hal_tim_ex.c ****   }
 2606              		.loc 1 850 5 is_stmt 0 discriminator 2 view .LVU700
 2607 00c0 042D     		cmp	r5, #4
 2608 00c2 06D0     		beq	.L196
 850:Drivers/STM32F4/Drivers/STM32F4xx_HAL_Driver/Src/stm32f4xx_hal_tim_ex.c ****   }
 2609              		.loc 1 850 5 discriminator 4 view .LVU701
 2610 00c4 082D     		cmp	r5, #8
 2611 00c6 09D0     		beq	.L197
 850:Drivers/STM32F4/Drivers/STM32F4xx_HAL_Driver/Src/stm32f4xx_hal_tim_ex.c ****   }
 2612              		.loc 1 850 5 discriminator 7 view .LVU702
 2613 00c8 0123     		movs	r3, #1
 2614 00ca 84F84530 		strb	r3, [r4, #69]
 2615 00ce 0020     		movs	r0, #0
 2616 00d0 E3E7     		b	.L186
 2617              	.L196:
 850:Drivers/STM32F4/Drivers/STM32F4xx_HAL_Driver/Src/stm32f4xx_hal_tim_ex.c ****   }
 2618              		.loc 1 850 5 discriminator 3 view .LVU703
 2619 00d2 0123     		movs	r3, #1
 2620 00d4 84F84330 		strb	r3, [r4, #67]
 2621 00d8 0020     		movs	r0, #0
 2622 00da DEE7     		b	.L186
 2623              	.L197:
 850:Drivers/STM32F4/Drivers/STM32F4xx_HAL_Driver/Src/stm32f4xx_hal_tim_ex.c ****   }
 2624              		.loc 1 850 5 discriminator 6 view .LVU704
 2625 00dc 0123     		movs	r3, #1
 2626 00de 84F84430 		strb	r3, [r4, #68]
 2627 00e2 0020     		movs	r0, #0
 2628 00e4 D9E7     		b	.L186
 2629              	.LVL160:
 2630              	.L194:
 803:Drivers/STM32F4/Drivers/STM32F4xx_HAL_Driver/Src/stm32f4xx_hal_tim_ex.c ****   {
 2631              		.loc 1 803 3 view .LVU705
 2632 00e6 0120     		movs	r0, #1
 2633 00e8 D7E7     		b	.L186
 2634              	.L199:
ARM GAS  /tmp/ccicUsXN.s 			page 101


 2635 00ea 00BF     		.align	2
 2636              	.L198:
 2637 00ec 00000140 		.word	1073807360
 2638 00f0 00000000 		.word	.LC0
 2639              		.cfi_endproc
 2640              	.LFE147:
 2642              		.section	.text.HAL_TIMEx_OCN_Start_DMA,"ax",%progbits
 2643              		.align	1
 2644              		.global	HAL_TIMEx_OCN_Start_DMA
 2645              		.syntax unified
 2646              		.thumb
 2647              		.thumb_func
 2649              	HAL_TIMEx_OCN_Start_DMA:
 2650              	.LVL161:
 2651              	.LFB148:
 872:Drivers/STM32F4/Drivers/STM32F4xx_HAL_Driver/Src/stm32f4xx_hal_tim_ex.c ****   HAL_StatusTypeDef status = HAL_OK;
 2652              		.loc 1 872 1 is_stmt 1 view -0
 2653              		.cfi_startproc
 2654              		@ args = 0, pretend = 0, frame = 0
 2655              		@ frame_needed = 0, uses_anonymous_args = 0
 872:Drivers/STM32F4/Drivers/STM32F4xx_HAL_Driver/Src/stm32f4xx_hal_tim_ex.c ****   HAL_StatusTypeDef status = HAL_OK;
 2656              		.loc 1 872 1 is_stmt 0 view .LVU707
 2657 0000 F8B5     		push	{r3, r4, r5, r6, r7, lr}
 2658              	.LCFI18:
 2659              		.cfi_def_cfa_offset 24
 2660              		.cfi_offset 3, -24
 2661              		.cfi_offset 4, -20
 2662              		.cfi_offset 5, -16
 2663              		.cfi_offset 6, -12
 2664              		.cfi_offset 7, -8
 2665              		.cfi_offset 14, -4
 2666 0002 0446     		mov	r4, r0
 2667 0004 0D46     		mov	r5, r1
 2668 0006 1646     		mov	r6, r2
 2669 0008 1F46     		mov	r7, r3
 873:Drivers/STM32F4/Drivers/STM32F4xx_HAL_Driver/Src/stm32f4xx_hal_tim_ex.c ****   uint32_t tmpsmcr;
 2670              		.loc 1 873 3 is_stmt 1 view .LVU708
 2671              	.LVL162:
 874:Drivers/STM32F4/Drivers/STM32F4xx_HAL_Driver/Src/stm32f4xx_hal_tim_ex.c **** 
 2672              		.loc 1 874 3 view .LVU709
 877:Drivers/STM32F4/Drivers/STM32F4xx_HAL_Driver/Src/stm32f4xx_hal_tim_ex.c **** 
 2673              		.loc 1 877 3 view .LVU710
 2674 000a 0368     		ldr	r3, [r0]
 2675              	.LVL163:
 877:Drivers/STM32F4/Drivers/STM32F4xx_HAL_Driver/Src/stm32f4xx_hal_tim_ex.c **** 
 2676              		.loc 1 877 3 is_stmt 0 view .LVU711
 2677 000c 8E4A     		ldr	r2, .L238
 2678              	.LVL164:
 877:Drivers/STM32F4/Drivers/STM32F4xx_HAL_Driver/Src/stm32f4xx_hal_tim_ex.c **** 
 2679              		.loc 1 877 3 view .LVU712
 2680 000e 9342     		cmp	r3, r2
 2681 0010 7CD0     		beq	.L201
 877:Drivers/STM32F4/Drivers/STM32F4xx_HAL_Driver/Src/stm32f4xx_hal_tim_ex.c **** 
 2682              		.loc 1 877 3 discriminator 1 view .LVU713
 2683 0012 02F58062 		add	r2, r2, #1024
 2684 0016 9342     		cmp	r3, r2
 2685 0018 78D0     		beq	.L201
ARM GAS  /tmp/ccicUsXN.s 			page 102


 2686              	.L202:
 877:Drivers/STM32F4/Drivers/STM32F4xx_HAL_Driver/Src/stm32f4xx_hal_tim_ex.c **** 
 2687              		.loc 1 877 3 discriminator 7 view .LVU714
 2688 001a 40F26D31 		movw	r1, #877
 2689              	.LVL165:
 877:Drivers/STM32F4/Drivers/STM32F4xx_HAL_Driver/Src/stm32f4xx_hal_tim_ex.c **** 
 2690              		.loc 1 877 3 discriminator 7 view .LVU715
 2691 001e 8B48     		ldr	r0, .L238+4
 2692              	.LVL166:
 877:Drivers/STM32F4/Drivers/STM32F4xx_HAL_Driver/Src/stm32f4xx_hal_tim_ex.c **** 
 2693              		.loc 1 877 3 discriminator 7 view .LVU716
 2694 0020 FFF7FEFF 		bl	assert_failed
 2695              	.LVL167:
 880:Drivers/STM32F4/Drivers/STM32F4xx_HAL_Driver/Src/stm32f4xx_hal_tim_ex.c ****   {
 2696              		.loc 1 880 3 is_stmt 1 view .LVU717
 880:Drivers/STM32F4/Drivers/STM32F4xx_HAL_Driver/Src/stm32f4xx_hal_tim_ex.c ****   {
 2697              		.loc 1 880 46 is_stmt 0 view .LVU718
 2698 0024 002D     		cmp	r5, #0
 2699 0026 77D1     		bne	.L204
 2700              	.L203:
 880:Drivers/STM32F4/Drivers/STM32F4xx_HAL_Driver/Src/stm32f4xx_hal_tim_ex.c ****   {
 2701              		.loc 1 880 7 discriminator 1 view .LVU719
 2702 0028 94F84200 		ldrb	r0, [r4, #66]	@ zero_extendqisi2
 2703 002c C0B2     		uxtb	r0, r0
 880:Drivers/STM32F4/Drivers/STM32F4xx_HAL_Driver/Src/stm32f4xx_hal_tim_ex.c ****   {
 2704              		.loc 1 880 46 discriminator 1 view .LVU720
 2705 002e 0228     		cmp	r0, #2
 2706 0030 14BF     		ite	ne
 2707 0032 0020     		movne	r0, #0
 2708 0034 0120     		moveq	r0, #1
 2709              	.L205:
 880:Drivers/STM32F4/Drivers/STM32F4xx_HAL_Driver/Src/stm32f4xx_hal_tim_ex.c ****   {
 2710              		.loc 1 880 6 discriminator 12 view .LVU721
 2711 0036 0028     		cmp	r0, #0
 2712 0038 40F0F680 		bne	.L222
 884:Drivers/STM32F4/Drivers/STM32F4xx_HAL_Driver/Src/stm32f4xx_hal_tim_ex.c ****   {
 2713              		.loc 1 884 8 is_stmt 1 view .LVU722
 884:Drivers/STM32F4/Drivers/STM32F4xx_HAL_Driver/Src/stm32f4xx_hal_tim_ex.c ****   {
 2714              		.loc 1 884 51 is_stmt 0 view .LVU723
 2715 003c 002D     		cmp	r5, #0
 2716 003e 40F08780 		bne	.L209
 884:Drivers/STM32F4/Drivers/STM32F4xx_HAL_Driver/Src/stm32f4xx_hal_tim_ex.c ****   {
 2717              		.loc 1 884 12 discriminator 1 view .LVU724
 2718 0042 94F84230 		ldrb	r3, [r4, #66]	@ zero_extendqisi2
 2719 0046 DBB2     		uxtb	r3, r3
 884:Drivers/STM32F4/Drivers/STM32F4xx_HAL_Driver/Src/stm32f4xx_hal_tim_ex.c ****   {
 2720              		.loc 1 884 51 discriminator 1 view .LVU725
 2721 0048 012B     		cmp	r3, #1
 2722 004a 14BF     		ite	ne
 2723 004c 0023     		movne	r3, #0
 2724 004e 0123     		moveq	r3, #1
 2725              	.L210:
 884:Drivers/STM32F4/Drivers/STM32F4xx_HAL_Driver/Src/stm32f4xx_hal_tim_ex.c ****   {
 2726              		.loc 1 884 11 discriminator 12 view .LVU726
 2727 0050 002B     		cmp	r3, #0
 2728 0052 00F0EB80 		beq	.L223
 886:Drivers/STM32F4/Drivers/STM32F4xx_HAL_Driver/Src/stm32f4xx_hal_tim_ex.c ****     {
ARM GAS  /tmp/ccicUsXN.s 			page 103


 2729              		.loc 1 886 5 is_stmt 1 view .LVU727
 886:Drivers/STM32F4/Drivers/STM32F4xx_HAL_Driver/Src/stm32f4xx_hal_tim_ex.c ****     {
 2730              		.loc 1 886 8 is_stmt 0 view .LVU728
 2731 0056 002E     		cmp	r6, #0
 2732 0058 00F0EA80 		beq	.L224
 886:Drivers/STM32F4/Drivers/STM32F4xx_HAL_Driver/Src/stm32f4xx_hal_tim_ex.c ****     {
 2733              		.loc 1 886 25 discriminator 1 view .LVU729
 2734 005c 002F     		cmp	r7, #0
 2735 005e 00F0E980 		beq	.L225
 892:Drivers/STM32F4/Drivers/STM32F4xx_HAL_Driver/Src/stm32f4xx_hal_tim_ex.c ****     }
 2736              		.loc 1 892 7 is_stmt 1 view .LVU730
 2737 0062 002D     		cmp	r5, #0
 2738 0064 40F09080 		bne	.L213
 892:Drivers/STM32F4/Drivers/STM32F4xx_HAL_Driver/Src/stm32f4xx_hal_tim_ex.c ****     }
 2739              		.loc 1 892 7 is_stmt 0 discriminator 1 view .LVU731
 2740 0068 0223     		movs	r3, #2
 2741 006a 84F84230 		strb	r3, [r4, #66]
 900:Drivers/STM32F4/Drivers/STM32F4xx_HAL_Driver/Src/stm32f4xx_hal_tim_ex.c ****   {
 2742              		.loc 1 900 3 is_stmt 1 view .LVU732
 2743              	.L214:
 905:Drivers/STM32F4/Drivers/STM32F4xx_HAL_Driver/Src/stm32f4xx_hal_tim_ex.c ****       htim->hdma[TIM_DMA_ID_CC1]->XferHalfCpltCallback = TIM_DMADelayPulseHalfCplt;
 2744              		.loc 1 905 7 view .LVU733
 905:Drivers/STM32F4/Drivers/STM32F4xx_HAL_Driver/Src/stm32f4xx_hal_tim_ex.c ****       htim->hdma[TIM_DMA_ID_CC1]->XferHalfCpltCallback = TIM_DMADelayPulseHalfCplt;
 2745              		.loc 1 905 17 is_stmt 0 view .LVU734
 2746 006e 636A     		ldr	r3, [r4, #36]
 905:Drivers/STM32F4/Drivers/STM32F4xx_HAL_Driver/Src/stm32f4xx_hal_tim_ex.c ****       htim->hdma[TIM_DMA_ID_CC1]->XferHalfCpltCallback = TIM_DMADelayPulseHalfCplt;
 2747              		.loc 1 905 52 view .LVU735
 2748 0070 774A     		ldr	r2, .L238+8
 2749 0072 DA63     		str	r2, [r3, #60]
 906:Drivers/STM32F4/Drivers/STM32F4xx_HAL_Driver/Src/stm32f4xx_hal_tim_ex.c **** 
 2750              		.loc 1 906 7 is_stmt 1 view .LVU736
 906:Drivers/STM32F4/Drivers/STM32F4xx_HAL_Driver/Src/stm32f4xx_hal_tim_ex.c **** 
 2751              		.loc 1 906 17 is_stmt 0 view .LVU737
 2752 0074 636A     		ldr	r3, [r4, #36]
 906:Drivers/STM32F4/Drivers/STM32F4xx_HAL_Driver/Src/stm32f4xx_hal_tim_ex.c **** 
 2753              		.loc 1 906 56 view .LVU738
 2754 0076 774A     		ldr	r2, .L238+12
 2755 0078 1A64     		str	r2, [r3, #64]
 909:Drivers/STM32F4/Drivers/STM32F4xx_HAL_Driver/Src/stm32f4xx_hal_tim_ex.c **** 
 2756              		.loc 1 909 7 is_stmt 1 view .LVU739
 909:Drivers/STM32F4/Drivers/STM32F4xx_HAL_Driver/Src/stm32f4xx_hal_tim_ex.c **** 
 2757              		.loc 1 909 17 is_stmt 0 view .LVU740
 2758 007a 636A     		ldr	r3, [r4, #36]
 909:Drivers/STM32F4/Drivers/STM32F4xx_HAL_Driver/Src/stm32f4xx_hal_tim_ex.c **** 
 2759              		.loc 1 909 53 view .LVU741
 2760 007c 764A     		ldr	r2, .L238+16
 2761 007e DA64     		str	r2, [r3, #76]
 912:Drivers/STM32F4/Drivers/STM32F4xx_HAL_Driver/Src/stm32f4xx_hal_tim_ex.c ****                            Length) != HAL_OK)
 2762              		.loc 1 912 7 is_stmt 1 view .LVU742
 912:Drivers/STM32F4/Drivers/STM32F4xx_HAL_Driver/Src/stm32f4xx_hal_tim_ex.c ****                            Length) != HAL_OK)
 2763              		.loc 1 912 88 is_stmt 0 view .LVU743
 2764 0080 2268     		ldr	r2, [r4]
 912:Drivers/STM32F4/Drivers/STM32F4xx_HAL_Driver/Src/stm32f4xx_hal_tim_ex.c ****                            Length) != HAL_OK)
 2765              		.loc 1 912 11 view .LVU744
 2766 0082 3B46     		mov	r3, r7
 2767 0084 3432     		adds	r2, r2, #52
 2768 0086 3146     		mov	r1, r6
ARM GAS  /tmp/ccicUsXN.s 			page 104


 2769 0088 606A     		ldr	r0, [r4, #36]
 2770 008a FFF7FEFF 		bl	HAL_DMA_Start_IT
 2771              	.LVL168:
 912:Drivers/STM32F4/Drivers/STM32F4xx_HAL_Driver/Src/stm32f4xx_hal_tim_ex.c ****                            Length) != HAL_OK)
 2772              		.loc 1 912 10 discriminator 1 view .LVU745
 2773 008e 0028     		cmp	r0, #0
 2774 0090 40F0D280 		bne	.L227
 919:Drivers/STM32F4/Drivers/STM32F4xx_HAL_Driver/Src/stm32f4xx_hal_tim_ex.c ****       break;
 2775              		.loc 1 919 7 is_stmt 1 view .LVU746
 2776 0094 2268     		ldr	r2, [r4]
 2777 0096 D368     		ldr	r3, [r2, #12]
 2778 0098 43F40073 		orr	r3, r3, #512
 2779 009c D360     		str	r3, [r2, #12]
 920:Drivers/STM32F4/Drivers/STM32F4xx_HAL_Driver/Src/stm32f4xx_hal_tim_ex.c ****     }
 2780              		.loc 1 920 7 view .LVU747
 970:Drivers/STM32F4/Drivers/STM32F4xx_HAL_Driver/Src/stm32f4xx_hal_tim_ex.c ****   {
 2781              		.loc 1 970 3 view .LVU748
 2782              	.L219:
 973:Drivers/STM32F4/Drivers/STM32F4xx_HAL_Driver/Src/stm32f4xx_hal_tim_ex.c **** 
 2783              		.loc 1 973 5 view .LVU749
 2784 009e 0422     		movs	r2, #4
 2785 00a0 2946     		mov	r1, r5
 2786 00a2 2068     		ldr	r0, [r4]
 2787 00a4 FFF7FEFF 		bl	TIM_CCxNChannelCmd
 2788              	.LVL169:
 976:Drivers/STM32F4/Drivers/STM32F4xx_HAL_Driver/Src/stm32f4xx_hal_tim_ex.c **** 
 2789              		.loc 1 976 5 view .LVU750
 2790 00a8 2268     		ldr	r2, [r4]
 2791 00aa 536C     		ldr	r3, [r2, #68]
 2792 00ac 43F40043 		orr	r3, r3, #32768
 2793 00b0 5364     		str	r3, [r2, #68]
 979:Drivers/STM32F4/Drivers/STM32F4xx_HAL_Driver/Src/stm32f4xx_hal_tim_ex.c ****     {
 2794              		.loc 1 979 5 view .LVU751
 979:Drivers/STM32F4/Drivers/STM32F4xx_HAL_Driver/Src/stm32f4xx_hal_tim_ex.c ****     {
 2795              		.loc 1 979 9 is_stmt 0 view .LVU752
 2796 00b2 2368     		ldr	r3, [r4]
 979:Drivers/STM32F4/Drivers/STM32F4xx_HAL_Driver/Src/stm32f4xx_hal_tim_ex.c ****     {
 2797              		.loc 1 979 8 view .LVU753
 2798 00b4 644A     		ldr	r2, .L238
 2799 00b6 9342     		cmp	r3, r2
 2800 00b8 00F0AB80 		beq	.L220
 979:Drivers/STM32F4/Drivers/STM32F4xx_HAL_Driver/Src/stm32f4xx_hal_tim_ex.c ****     {
 2801              		.loc 1 979 9 discriminator 1 view .LVU754
 2802 00bc B3F1804F 		cmp	r3, #1073741824
 2803 00c0 00F0A780 		beq	.L220
 979:Drivers/STM32F4/Drivers/STM32F4xx_HAL_Driver/Src/stm32f4xx_hal_tim_ex.c ****     {
 2804              		.loc 1 979 9 discriminator 2 view .LVU755
 2805 00c4 A2F57C42 		sub	r2, r2, #64512
 2806 00c8 9342     		cmp	r3, r2
 2807 00ca 00F0A280 		beq	.L220
 979:Drivers/STM32F4/Drivers/STM32F4xx_HAL_Driver/Src/stm32f4xx_hal_tim_ex.c ****     {
 2808              		.loc 1 979 9 discriminator 3 view .LVU756
 2809 00ce 02F58062 		add	r2, r2, #1024
 2810 00d2 9342     		cmp	r3, r2
 2811 00d4 00F09D80 		beq	.L220
 979:Drivers/STM32F4/Drivers/STM32F4xx_HAL_Driver/Src/stm32f4xx_hal_tim_ex.c ****     {
 2812              		.loc 1 979 9 discriminator 4 view .LVU757
ARM GAS  /tmp/ccicUsXN.s 			page 105


 2813 00d8 02F58062 		add	r2, r2, #1024
 2814 00dc 9342     		cmp	r3, r2
 2815 00de 00F09880 		beq	.L220
 979:Drivers/STM32F4/Drivers/STM32F4xx_HAL_Driver/Src/stm32f4xx_hal_tim_ex.c ****     {
 2816              		.loc 1 979 9 discriminator 5 view .LVU758
 2817 00e2 02F57842 		add	r2, r2, #63488
 2818 00e6 9342     		cmp	r3, r2
 2819 00e8 00F09380 		beq	.L220
 979:Drivers/STM32F4/Drivers/STM32F4xx_HAL_Driver/Src/stm32f4xx_hal_tim_ex.c ****     {
 2820              		.loc 1 979 9 discriminator 6 view .LVU759
 2821 00ec 02F57052 		add	r2, r2, #15360
 2822 00f0 9342     		cmp	r3, r2
 2823 00f2 00F08E80 		beq	.L220
 979:Drivers/STM32F4/Drivers/STM32F4xx_HAL_Driver/Src/stm32f4xx_hal_tim_ex.c ****     {
 2824              		.loc 1 979 9 discriminator 7 view .LVU760
 2825 00f6 A2F59432 		sub	r2, r2, #75776
 2826 00fa 9342     		cmp	r3, r2
 2827 00fc 00F08980 		beq	.L220
 989:Drivers/STM32F4/Drivers/STM32F4xx_HAL_Driver/Src/stm32f4xx_hal_tim_ex.c ****     }
 2828              		.loc 1 989 7 is_stmt 1 view .LVU761
 2829 0100 1A68     		ldr	r2, [r3]
 2830 0102 42F00102 		orr	r2, r2, #1
 2831 0106 1A60     		str	r2, [r3]
 2832 0108 0020     		movs	r0, #0
 2833 010a 90E0     		b	.L208
 2834              	.LVL170:
 2835              	.L201:
 877:Drivers/STM32F4/Drivers/STM32F4xx_HAL_Driver/Src/stm32f4xx_hal_tim_ex.c **** 
 2836              		.loc 1 877 3 is_stmt 0 discriminator 4 view .LVU762
 2837 010c 002D     		cmp	r5, #0
 2838 010e 8BD0     		beq	.L203
 877:Drivers/STM32F4/Drivers/STM32F4xx_HAL_Driver/Src/stm32f4xx_hal_tim_ex.c **** 
 2839              		.loc 1 877 3 discriminator 5 view .LVU763
 2840 0110 042D     		cmp	r5, #4
 2841 0112 01D0     		beq	.L204
 877:Drivers/STM32F4/Drivers/STM32F4xx_HAL_Driver/Src/stm32f4xx_hal_tim_ex.c **** 
 2842              		.loc 1 877 3 discriminator 6 view .LVU764
 2843 0114 082D     		cmp	r5, #8
 2844 0116 80D1     		bne	.L202
 2845              	.LVL171:
 2846              	.L204:
 880:Drivers/STM32F4/Drivers/STM32F4xx_HAL_Driver/Src/stm32f4xx_hal_tim_ex.c ****   {
 2847              		.loc 1 880 46 discriminator 2 view .LVU765
 2848 0118 042D     		cmp	r5, #4
 2849 011a 09D0     		beq	.L232
 880:Drivers/STM32F4/Drivers/STM32F4xx_HAL_Driver/Src/stm32f4xx_hal_tim_ex.c ****   {
 2850              		.loc 1 880 46 discriminator 5 view .LVU766
 2851 011c 082D     		cmp	r5, #8
 2852 011e 0FD0     		beq	.L233
 880:Drivers/STM32F4/Drivers/STM32F4xx_HAL_Driver/Src/stm32f4xx_hal_tim_ex.c ****   {
 2853              		.loc 1 880 7 discriminator 8 view .LVU767
 2854 0120 94F84500 		ldrb	r0, [r4, #69]	@ zero_extendqisi2
 2855 0124 C0B2     		uxtb	r0, r0
 880:Drivers/STM32F4/Drivers/STM32F4xx_HAL_Driver/Src/stm32f4xx_hal_tim_ex.c ****   {
 2856              		.loc 1 880 46 discriminator 8 view .LVU768
 2857 0126 0228     		cmp	r0, #2
 2858 0128 14BF     		ite	ne
ARM GAS  /tmp/ccicUsXN.s 			page 106


 2859 012a 0020     		movne	r0, #0
 2860 012c 0120     		moveq	r0, #1
 2861 012e 82E7     		b	.L205
 2862              	.L232:
 880:Drivers/STM32F4/Drivers/STM32F4xx_HAL_Driver/Src/stm32f4xx_hal_tim_ex.c ****   {
 2863              		.loc 1 880 7 discriminator 4 view .LVU769
 2864 0130 94F84300 		ldrb	r0, [r4, #67]	@ zero_extendqisi2
 2865 0134 C0B2     		uxtb	r0, r0
 880:Drivers/STM32F4/Drivers/STM32F4xx_HAL_Driver/Src/stm32f4xx_hal_tim_ex.c ****   {
 2866              		.loc 1 880 46 discriminator 4 view .LVU770
 2867 0136 0228     		cmp	r0, #2
 2868 0138 14BF     		ite	ne
 2869 013a 0020     		movne	r0, #0
 2870 013c 0120     		moveq	r0, #1
 2871 013e 7AE7     		b	.L205
 2872              	.L233:
 880:Drivers/STM32F4/Drivers/STM32F4xx_HAL_Driver/Src/stm32f4xx_hal_tim_ex.c ****   {
 2873              		.loc 1 880 7 discriminator 7 view .LVU771
 2874 0140 94F84400 		ldrb	r0, [r4, #68]	@ zero_extendqisi2
 2875 0144 C0B2     		uxtb	r0, r0
 880:Drivers/STM32F4/Drivers/STM32F4xx_HAL_Driver/Src/stm32f4xx_hal_tim_ex.c ****   {
 2876              		.loc 1 880 46 discriminator 7 view .LVU772
 2877 0146 0228     		cmp	r0, #2
 2878 0148 14BF     		ite	ne
 2879 014a 0020     		movne	r0, #0
 2880 014c 0120     		moveq	r0, #1
 2881 014e 72E7     		b	.L205
 2882              	.L209:
 884:Drivers/STM32F4/Drivers/STM32F4xx_HAL_Driver/Src/stm32f4xx_hal_tim_ex.c ****   {
 2883              		.loc 1 884 51 discriminator 2 view .LVU773
 2884 0150 042D     		cmp	r5, #4
 2885 0152 09D0     		beq	.L234
 884:Drivers/STM32F4/Drivers/STM32F4xx_HAL_Driver/Src/stm32f4xx_hal_tim_ex.c ****   {
 2886              		.loc 1 884 51 discriminator 5 view .LVU774
 2887 0154 082D     		cmp	r5, #8
 2888 0156 0FD0     		beq	.L235
 884:Drivers/STM32F4/Drivers/STM32F4xx_HAL_Driver/Src/stm32f4xx_hal_tim_ex.c ****   {
 2889              		.loc 1 884 12 discriminator 8 view .LVU775
 2890 0158 94F84530 		ldrb	r3, [r4, #69]	@ zero_extendqisi2
 2891 015c DBB2     		uxtb	r3, r3
 884:Drivers/STM32F4/Drivers/STM32F4xx_HAL_Driver/Src/stm32f4xx_hal_tim_ex.c ****   {
 2892              		.loc 1 884 51 discriminator 8 view .LVU776
 2893 015e 012B     		cmp	r3, #1
 2894 0160 14BF     		ite	ne
 2895 0162 0023     		movne	r3, #0
 2896 0164 0123     		moveq	r3, #1
 2897 0166 73E7     		b	.L210
 2898              	.L234:
 884:Drivers/STM32F4/Drivers/STM32F4xx_HAL_Driver/Src/stm32f4xx_hal_tim_ex.c ****   {
 2899              		.loc 1 884 12 discriminator 4 view .LVU777
 2900 0168 94F84330 		ldrb	r3, [r4, #67]	@ zero_extendqisi2
 2901 016c DBB2     		uxtb	r3, r3
 884:Drivers/STM32F4/Drivers/STM32F4xx_HAL_Driver/Src/stm32f4xx_hal_tim_ex.c ****   {
 2902              		.loc 1 884 51 discriminator 4 view .LVU778
 2903 016e 012B     		cmp	r3, #1
 2904 0170 14BF     		ite	ne
 2905 0172 0023     		movne	r3, #0
ARM GAS  /tmp/ccicUsXN.s 			page 107


 2906 0174 0123     		moveq	r3, #1
 2907 0176 6BE7     		b	.L210
 2908              	.L235:
 884:Drivers/STM32F4/Drivers/STM32F4xx_HAL_Driver/Src/stm32f4xx_hal_tim_ex.c ****   {
 2909              		.loc 1 884 12 discriminator 7 view .LVU779
 2910 0178 94F84430 		ldrb	r3, [r4, #68]	@ zero_extendqisi2
 2911 017c DBB2     		uxtb	r3, r3
 884:Drivers/STM32F4/Drivers/STM32F4xx_HAL_Driver/Src/stm32f4xx_hal_tim_ex.c ****   {
 2912              		.loc 1 884 51 discriminator 7 view .LVU780
 2913 017e 012B     		cmp	r3, #1
 2914 0180 14BF     		ite	ne
 2915 0182 0023     		movne	r3, #0
 2916 0184 0123     		moveq	r3, #1
 2917 0186 63E7     		b	.L210
 2918              	.L213:
 892:Drivers/STM32F4/Drivers/STM32F4xx_HAL_Driver/Src/stm32f4xx_hal_tim_ex.c ****     }
 2919              		.loc 1 892 7 discriminator 2 view .LVU781
 2920 0188 042D     		cmp	r5, #4
 2921 018a 0DD0     		beq	.L236
 892:Drivers/STM32F4/Drivers/STM32F4xx_HAL_Driver/Src/stm32f4xx_hal_tim_ex.c ****     }
 2922              		.loc 1 892 7 discriminator 4 view .LVU782
 2923 018c 082D     		cmp	r5, #8
 2924 018e 26D0     		beq	.L237
 892:Drivers/STM32F4/Drivers/STM32F4xx_HAL_Driver/Src/stm32f4xx_hal_tim_ex.c ****     }
 2925              		.loc 1 892 7 discriminator 7 view .LVU783
 2926 0190 0223     		movs	r3, #2
 2927 0192 84F84530 		strb	r3, [r4, #69]
 900:Drivers/STM32F4/Drivers/STM32F4xx_HAL_Driver/Src/stm32f4xx_hal_tim_ex.c ****   {
 2928              		.loc 1 900 3 is_stmt 1 view .LVU784
 2929 0196 042D     		cmp	r5, #4
 2930 0198 09D0     		beq	.L216
 2931 019a 082D     		cmp	r5, #8
 2932 019c 22D0     		beq	.L218
 2933 019e 002D     		cmp	r5, #0
 2934 01a0 3FF465AF 		beq	.L214
 2935 01a4 0120     		movs	r0, #1
 2936 01a6 42E0     		b	.L208
 2937              	.L236:
 892:Drivers/STM32F4/Drivers/STM32F4xx_HAL_Driver/Src/stm32f4xx_hal_tim_ex.c ****     }
 2938              		.loc 1 892 7 is_stmt 0 discriminator 3 view .LVU785
 2939 01a8 0223     		movs	r3, #2
 2940 01aa 84F84330 		strb	r3, [r4, #67]
 900:Drivers/STM32F4/Drivers/STM32F4xx_HAL_Driver/Src/stm32f4xx_hal_tim_ex.c ****   {
 2941              		.loc 1 900 3 is_stmt 1 view .LVU786
 2942              	.L216:
 926:Drivers/STM32F4/Drivers/STM32F4xx_HAL_Driver/Src/stm32f4xx_hal_tim_ex.c ****       htim->hdma[TIM_DMA_ID_CC2]->XferHalfCpltCallback = TIM_DMADelayPulseHalfCplt;
 2943              		.loc 1 926 7 view .LVU787
 926:Drivers/STM32F4/Drivers/STM32F4xx_HAL_Driver/Src/stm32f4xx_hal_tim_ex.c ****       htim->hdma[TIM_DMA_ID_CC2]->XferHalfCpltCallback = TIM_DMADelayPulseHalfCplt;
 2944              		.loc 1 926 17 is_stmt 0 view .LVU788
 2945 01ae A36A     		ldr	r3, [r4, #40]
 926:Drivers/STM32F4/Drivers/STM32F4xx_HAL_Driver/Src/stm32f4xx_hal_tim_ex.c ****       htim->hdma[TIM_DMA_ID_CC2]->XferHalfCpltCallback = TIM_DMADelayPulseHalfCplt;
 2946              		.loc 1 926 52 view .LVU789
 2947 01b0 274A     		ldr	r2, .L238+8
 2948 01b2 DA63     		str	r2, [r3, #60]
 927:Drivers/STM32F4/Drivers/STM32F4xx_HAL_Driver/Src/stm32f4xx_hal_tim_ex.c **** 
 2949              		.loc 1 927 7 is_stmt 1 view .LVU790
 927:Drivers/STM32F4/Drivers/STM32F4xx_HAL_Driver/Src/stm32f4xx_hal_tim_ex.c **** 
ARM GAS  /tmp/ccicUsXN.s 			page 108


 2950              		.loc 1 927 17 is_stmt 0 view .LVU791
 2951 01b4 A36A     		ldr	r3, [r4, #40]
 927:Drivers/STM32F4/Drivers/STM32F4xx_HAL_Driver/Src/stm32f4xx_hal_tim_ex.c **** 
 2952              		.loc 1 927 56 view .LVU792
 2953 01b6 274A     		ldr	r2, .L238+12
 2954 01b8 1A64     		str	r2, [r3, #64]
 930:Drivers/STM32F4/Drivers/STM32F4xx_HAL_Driver/Src/stm32f4xx_hal_tim_ex.c **** 
 2955              		.loc 1 930 7 is_stmt 1 view .LVU793
 930:Drivers/STM32F4/Drivers/STM32F4xx_HAL_Driver/Src/stm32f4xx_hal_tim_ex.c **** 
 2956              		.loc 1 930 17 is_stmt 0 view .LVU794
 2957 01ba A36A     		ldr	r3, [r4, #40]
 930:Drivers/STM32F4/Drivers/STM32F4xx_HAL_Driver/Src/stm32f4xx_hal_tim_ex.c **** 
 2958              		.loc 1 930 53 view .LVU795
 2959 01bc 264A     		ldr	r2, .L238+16
 2960 01be DA64     		str	r2, [r3, #76]
 933:Drivers/STM32F4/Drivers/STM32F4xx_HAL_Driver/Src/stm32f4xx_hal_tim_ex.c ****                            Length) != HAL_OK)
 2961              		.loc 1 933 7 is_stmt 1 view .LVU796
 933:Drivers/STM32F4/Drivers/STM32F4xx_HAL_Driver/Src/stm32f4xx_hal_tim_ex.c ****                            Length) != HAL_OK)
 2962              		.loc 1 933 88 is_stmt 0 view .LVU797
 2963 01c0 2268     		ldr	r2, [r4]
 933:Drivers/STM32F4/Drivers/STM32F4xx_HAL_Driver/Src/stm32f4xx_hal_tim_ex.c ****                            Length) != HAL_OK)
 2964              		.loc 1 933 11 view .LVU798
 2965 01c2 3B46     		mov	r3, r7
 2966 01c4 3832     		adds	r2, r2, #56
 2967 01c6 3146     		mov	r1, r6
 2968 01c8 A06A     		ldr	r0, [r4, #40]
 2969 01ca FFF7FEFF 		bl	HAL_DMA_Start_IT
 2970              	.LVL172:
 933:Drivers/STM32F4/Drivers/STM32F4xx_HAL_Driver/Src/stm32f4xx_hal_tim_ex.c ****                            Length) != HAL_OK)
 2971              		.loc 1 933 10 discriminator 1 view .LVU799
 2972 01ce 0028     		cmp	r0, #0
 2973 01d0 34D1     		bne	.L228
 940:Drivers/STM32F4/Drivers/STM32F4xx_HAL_Driver/Src/stm32f4xx_hal_tim_ex.c ****       break;
 2974              		.loc 1 940 7 is_stmt 1 view .LVU800
 2975 01d2 2268     		ldr	r2, [r4]
 2976 01d4 D368     		ldr	r3, [r2, #12]
 2977 01d6 43F48063 		orr	r3, r3, #1024
 2978 01da D360     		str	r3, [r2, #12]
 941:Drivers/STM32F4/Drivers/STM32F4xx_HAL_Driver/Src/stm32f4xx_hal_tim_ex.c ****     }
 2979              		.loc 1 941 7 view .LVU801
 970:Drivers/STM32F4/Drivers/STM32F4xx_HAL_Driver/Src/stm32f4xx_hal_tim_ex.c ****   {
 2980              		.loc 1 970 3 view .LVU802
 2981 01dc 5FE7     		b	.L219
 2982              	.L237:
 892:Drivers/STM32F4/Drivers/STM32F4xx_HAL_Driver/Src/stm32f4xx_hal_tim_ex.c ****     }
 2983              		.loc 1 892 7 is_stmt 0 discriminator 6 view .LVU803
 2984 01de 0223     		movs	r3, #2
 2985 01e0 84F84430 		strb	r3, [r4, #68]
 900:Drivers/STM32F4/Drivers/STM32F4xx_HAL_Driver/Src/stm32f4xx_hal_tim_ex.c ****   {
 2986              		.loc 1 900 3 is_stmt 1 view .LVU804
 2987              	.L218:
 947:Drivers/STM32F4/Drivers/STM32F4xx_HAL_Driver/Src/stm32f4xx_hal_tim_ex.c ****       htim->hdma[TIM_DMA_ID_CC3]->XferHalfCpltCallback = TIM_DMADelayPulseHalfCplt;
 2988              		.loc 1 947 7 view .LVU805
 947:Drivers/STM32F4/Drivers/STM32F4xx_HAL_Driver/Src/stm32f4xx_hal_tim_ex.c ****       htim->hdma[TIM_DMA_ID_CC3]->XferHalfCpltCallback = TIM_DMADelayPulseHalfCplt;
 2989              		.loc 1 947 17 is_stmt 0 view .LVU806
 2990 01e4 E36A     		ldr	r3, [r4, #44]
 947:Drivers/STM32F4/Drivers/STM32F4xx_HAL_Driver/Src/stm32f4xx_hal_tim_ex.c ****       htim->hdma[TIM_DMA_ID_CC3]->XferHalfCpltCallback = TIM_DMADelayPulseHalfCplt;
ARM GAS  /tmp/ccicUsXN.s 			page 109


 2991              		.loc 1 947 52 view .LVU807
 2992 01e6 1A4A     		ldr	r2, .L238+8
 2993 01e8 DA63     		str	r2, [r3, #60]
 948:Drivers/STM32F4/Drivers/STM32F4xx_HAL_Driver/Src/stm32f4xx_hal_tim_ex.c **** 
 2994              		.loc 1 948 7 is_stmt 1 view .LVU808
 948:Drivers/STM32F4/Drivers/STM32F4xx_HAL_Driver/Src/stm32f4xx_hal_tim_ex.c **** 
 2995              		.loc 1 948 17 is_stmt 0 view .LVU809
 2996 01ea E36A     		ldr	r3, [r4, #44]
 948:Drivers/STM32F4/Drivers/STM32F4xx_HAL_Driver/Src/stm32f4xx_hal_tim_ex.c **** 
 2997              		.loc 1 948 56 view .LVU810
 2998 01ec 194A     		ldr	r2, .L238+12
 2999 01ee 1A64     		str	r2, [r3, #64]
 951:Drivers/STM32F4/Drivers/STM32F4xx_HAL_Driver/Src/stm32f4xx_hal_tim_ex.c **** 
 3000              		.loc 1 951 7 is_stmt 1 view .LVU811
 951:Drivers/STM32F4/Drivers/STM32F4xx_HAL_Driver/Src/stm32f4xx_hal_tim_ex.c **** 
 3001              		.loc 1 951 17 is_stmt 0 view .LVU812
 3002 01f0 E36A     		ldr	r3, [r4, #44]
 951:Drivers/STM32F4/Drivers/STM32F4xx_HAL_Driver/Src/stm32f4xx_hal_tim_ex.c **** 
 3003              		.loc 1 951 53 view .LVU813
 3004 01f2 194A     		ldr	r2, .L238+16
 3005 01f4 DA64     		str	r2, [r3, #76]
 954:Drivers/STM32F4/Drivers/STM32F4xx_HAL_Driver/Src/stm32f4xx_hal_tim_ex.c ****                            Length) != HAL_OK)
 3006              		.loc 1 954 7 is_stmt 1 view .LVU814
 954:Drivers/STM32F4/Drivers/STM32F4xx_HAL_Driver/Src/stm32f4xx_hal_tim_ex.c ****                            Length) != HAL_OK)
 3007              		.loc 1 954 88 is_stmt 0 view .LVU815
 3008 01f6 2268     		ldr	r2, [r4]
 954:Drivers/STM32F4/Drivers/STM32F4xx_HAL_Driver/Src/stm32f4xx_hal_tim_ex.c ****                            Length) != HAL_OK)
 3009              		.loc 1 954 11 view .LVU816
 3010 01f8 3B46     		mov	r3, r7
 3011 01fa 3C32     		adds	r2, r2, #60
 3012 01fc 3146     		mov	r1, r6
 3013 01fe E06A     		ldr	r0, [r4, #44]
 3014 0200 FFF7FEFF 		bl	HAL_DMA_Start_IT
 3015              	.LVL173:
 954:Drivers/STM32F4/Drivers/STM32F4xx_HAL_Driver/Src/stm32f4xx_hal_tim_ex.c ****                            Length) != HAL_OK)
 3016              		.loc 1 954 10 discriminator 1 view .LVU817
 3017 0204 E0B9     		cbnz	r0, .L229
 961:Drivers/STM32F4/Drivers/STM32F4xx_HAL_Driver/Src/stm32f4xx_hal_tim_ex.c ****       break;
 3018              		.loc 1 961 7 is_stmt 1 view .LVU818
 3019 0206 2268     		ldr	r2, [r4]
 3020 0208 D368     		ldr	r3, [r2, #12]
 3021 020a 43F40063 		orr	r3, r3, #2048
 3022 020e D360     		str	r3, [r2, #12]
 962:Drivers/STM32F4/Drivers/STM32F4xx_HAL_Driver/Src/stm32f4xx_hal_tim_ex.c ****     }
 3023              		.loc 1 962 7 view .LVU819
 970:Drivers/STM32F4/Drivers/STM32F4xx_HAL_Driver/Src/stm32f4xx_hal_tim_ex.c ****   {
 3024              		.loc 1 970 3 view .LVU820
 3025 0210 45E7     		b	.L219
 3026              	.L220:
 981:Drivers/STM32F4/Drivers/STM32F4xx_HAL_Driver/Src/stm32f4xx_hal_tim_ex.c ****       if (!IS_TIM_SLAVEMODE_TRIGGER_ENABLED(tmpsmcr))
 3027              		.loc 1 981 7 view .LVU821
 981:Drivers/STM32F4/Drivers/STM32F4xx_HAL_Driver/Src/stm32f4xx_hal_tim_ex.c ****       if (!IS_TIM_SLAVEMODE_TRIGGER_ENABLED(tmpsmcr))
 3028              		.loc 1 981 31 is_stmt 0 view .LVU822
 3029 0212 9A68     		ldr	r2, [r3, #8]
 981:Drivers/STM32F4/Drivers/STM32F4xx_HAL_Driver/Src/stm32f4xx_hal_tim_ex.c ****       if (!IS_TIM_SLAVEMODE_TRIGGER_ENABLED(tmpsmcr))
 3030              		.loc 1 981 15 view .LVU823
 3031 0214 02F00702 		and	r2, r2, #7
ARM GAS  /tmp/ccicUsXN.s 			page 110


 3032              	.LVL174:
 982:Drivers/STM32F4/Drivers/STM32F4xx_HAL_Driver/Src/stm32f4xx_hal_tim_ex.c ****       {
 3033              		.loc 1 982 7 is_stmt 1 view .LVU824
 982:Drivers/STM32F4/Drivers/STM32F4xx_HAL_Driver/Src/stm32f4xx_hal_tim_ex.c ****       {
 3034              		.loc 1 982 10 is_stmt 0 view .LVU825
 3035 0218 062A     		cmp	r2, #6
 3036 021a 13D0     		beq	.L230
 984:Drivers/STM32F4/Drivers/STM32F4xx_HAL_Driver/Src/stm32f4xx_hal_tim_ex.c ****       }
 3037              		.loc 1 984 9 is_stmt 1 view .LVU826
 3038 021c 1A68     		ldr	r2, [r3]
 3039              	.LVL175:
 984:Drivers/STM32F4/Drivers/STM32F4xx_HAL_Driver/Src/stm32f4xx_hal_tim_ex.c ****       }
 3040              		.loc 1 984 9 is_stmt 0 view .LVU827
 3041 021e 42F00102 		orr	r2, r2, #1
 3042 0222 1A60     		str	r2, [r3]
 3043 0224 0020     		movs	r0, #0
 3044 0226 02E0     		b	.L208
 3045              	.LVL176:
 3046              	.L222:
 882:Drivers/STM32F4/Drivers/STM32F4xx_HAL_Driver/Src/stm32f4xx_hal_tim_ex.c ****   }
 3047              		.loc 1 882 12 view .LVU828
 3048 0228 0220     		movs	r0, #2
 3049 022a 00E0     		b	.L208
 3050              	.L223:
 897:Drivers/STM32F4/Drivers/STM32F4xx_HAL_Driver/Src/stm32f4xx_hal_tim_ex.c ****   }
 3051              		.loc 1 897 12 view .LVU829
 3052 022c 0120     		movs	r0, #1
 3053              	.L208:
 3054              	.LVL177:
 995:Drivers/STM32F4/Drivers/STM32F4xx_HAL_Driver/Src/stm32f4xx_hal_tim_ex.c **** 
 3055              		.loc 1 995 1 view .LVU830
 3056 022e F8BD     		pop	{r3, r4, r5, r6, r7, pc}
 3057              	.LVL178:
 3058              	.L224:
 888:Drivers/STM32F4/Drivers/STM32F4xx_HAL_Driver/Src/stm32f4xx_hal_tim_ex.c ****     }
 3059              		.loc 1 888 14 view .LVU831
 3060 0230 0120     		movs	r0, #1
 3061 0232 FCE7     		b	.L208
 3062              	.L225:
 3063 0234 0120     		movs	r0, #1
 3064 0236 FAE7     		b	.L208
 3065              	.L227:
 916:Drivers/STM32F4/Drivers/STM32F4xx_HAL_Driver/Src/stm32f4xx_hal_tim_ex.c ****       }
 3066              		.loc 1 916 16 view .LVU832
 3067 0238 0120     		movs	r0, #1
 3068 023a F8E7     		b	.L208
 3069              	.L228:
 937:Drivers/STM32F4/Drivers/STM32F4xx_HAL_Driver/Src/stm32f4xx_hal_tim_ex.c ****       }
 3070              		.loc 1 937 16 view .LVU833
 3071 023c 0120     		movs	r0, #1
 3072 023e F6E7     		b	.L208
 3073              	.L229:
 958:Drivers/STM32F4/Drivers/STM32F4xx_HAL_Driver/Src/stm32f4xx_hal_tim_ex.c ****       }
 3074              		.loc 1 958 16 view .LVU834
 3075 0240 0120     		movs	r0, #1
 3076 0242 F4E7     		b	.L208
 3077              	.LVL179:
ARM GAS  /tmp/ccicUsXN.s 			page 111


 3078              	.L230:
 958:Drivers/STM32F4/Drivers/STM32F4xx_HAL_Driver/Src/stm32f4xx_hal_tim_ex.c ****       }
 3079              		.loc 1 958 16 view .LVU835
 3080 0244 0020     		movs	r0, #0
 3081 0246 F2E7     		b	.L208
 3082              	.L239:
 3083              		.align	2
 3084              	.L238:
 3085 0248 00000140 		.word	1073807360
 3086 024c 00000000 		.word	.LC0
 3087 0250 00000000 		.word	TIM_DMADelayPulseNCplt
 3088 0254 00000000 		.word	TIM_DMADelayPulseHalfCplt
 3089 0258 00000000 		.word	TIM_DMAErrorCCxN
 3090              		.cfi_endproc
 3091              	.LFE148:
 3093              		.section	.text.HAL_TIMEx_OCN_Stop_DMA,"ax",%progbits
 3094              		.align	1
 3095              		.global	HAL_TIMEx_OCN_Stop_DMA
 3096              		.syntax unified
 3097              		.thumb
 3098              		.thumb_func
 3100              	HAL_TIMEx_OCN_Stop_DMA:
 3101              	.LVL180:
 3102              	.LFB149:
1009:Drivers/STM32F4/Drivers/STM32F4xx_HAL_Driver/Src/stm32f4xx_hal_tim_ex.c ****   HAL_StatusTypeDef status = HAL_OK;
 3103              		.loc 1 1009 1 is_stmt 1 view -0
 3104              		.cfi_startproc
 3105              		@ args = 0, pretend = 0, frame = 0
 3106              		@ frame_needed = 0, uses_anonymous_args = 0
1009:Drivers/STM32F4/Drivers/STM32F4xx_HAL_Driver/Src/stm32f4xx_hal_tim_ex.c ****   HAL_StatusTypeDef status = HAL_OK;
 3107              		.loc 1 1009 1 is_stmt 0 view .LVU837
 3108 0000 38B5     		push	{r3, r4, r5, lr}
 3109              	.LCFI19:
 3110              		.cfi_def_cfa_offset 16
 3111              		.cfi_offset 3, -16
 3112              		.cfi_offset 4, -12
 3113              		.cfi_offset 5, -8
 3114              		.cfi_offset 14, -4
 3115 0002 0446     		mov	r4, r0
 3116 0004 0D46     		mov	r5, r1
1010:Drivers/STM32F4/Drivers/STM32F4xx_HAL_Driver/Src/stm32f4xx_hal_tim_ex.c **** 
 3117              		.loc 1 1010 3 is_stmt 1 view .LVU838
 3118              	.LVL181:
1013:Drivers/STM32F4/Drivers/STM32F4xx_HAL_Driver/Src/stm32f4xx_hal_tim_ex.c **** 
 3119              		.loc 1 1013 3 view .LVU839
 3120 0006 0368     		ldr	r3, [r0]
 3121 0008 374A     		ldr	r2, .L257
 3122 000a 9342     		cmp	r3, r2
 3123 000c 3FD0     		beq	.L241
1013:Drivers/STM32F4/Drivers/STM32F4xx_HAL_Driver/Src/stm32f4xx_hal_tim_ex.c **** 
 3124              		.loc 1 1013 3 is_stmt 0 discriminator 1 view .LVU840
 3125 000e 02F58062 		add	r2, r2, #1024
 3126 0012 9342     		cmp	r3, r2
 3127 0014 3BD0     		beq	.L241
 3128              	.L242:
1013:Drivers/STM32F4/Drivers/STM32F4xx_HAL_Driver/Src/stm32f4xx_hal_tim_ex.c **** 
 3129              		.loc 1 1013 3 discriminator 7 view .LVU841
ARM GAS  /tmp/ccicUsXN.s 			page 112


 3130 0016 40F2F531 		movw	r1, #1013
 3131              	.LVL182:
1013:Drivers/STM32F4/Drivers/STM32F4xx_HAL_Driver/Src/stm32f4xx_hal_tim_ex.c **** 
 3132              		.loc 1 1013 3 discriminator 7 view .LVU842
 3133 001a 3448     		ldr	r0, .L257+4
 3134              	.LVL183:
1013:Drivers/STM32F4/Drivers/STM32F4xx_HAL_Driver/Src/stm32f4xx_hal_tim_ex.c **** 
 3135              		.loc 1 1013 3 discriminator 7 view .LVU843
 3136 001c FFF7FEFF 		bl	assert_failed
 3137              	.LVL184:
1015:Drivers/STM32F4/Drivers/STM32F4xx_HAL_Driver/Src/stm32f4xx_hal_tim_ex.c ****   {
 3138              		.loc 1 1015 3 is_stmt 1 view .LVU844
 3139 0020 042D     		cmp	r5, #4
 3140 0022 43D0     		beq	.L244
 3141 0024 082D     		cmp	r5, #8
 3142 0026 38D0     		beq	.L245
 3143 0028 002D     		cmp	r5, #0
 3144 002a 5BD1     		bne	.L253
 3145              	.L243:
1020:Drivers/STM32F4/Drivers/STM32F4xx_HAL_Driver/Src/stm32f4xx_hal_tim_ex.c ****       (void)HAL_DMA_Abort_IT(htim->hdma[TIM_DMA_ID_CC1]);
 3146              		.loc 1 1020 7 view .LVU845
 3147 002c 2268     		ldr	r2, [r4]
 3148 002e D368     		ldr	r3, [r2, #12]
 3149 0030 23F40073 		bic	r3, r3, #512
 3150 0034 D360     		str	r3, [r2, #12]
1021:Drivers/STM32F4/Drivers/STM32F4xx_HAL_Driver/Src/stm32f4xx_hal_tim_ex.c ****       break;
 3151              		.loc 1 1021 7 view .LVU846
1021:Drivers/STM32F4/Drivers/STM32F4xx_HAL_Driver/Src/stm32f4xx_hal_tim_ex.c ****       break;
 3152              		.loc 1 1021 13 is_stmt 0 view .LVU847
 3153 0036 606A     		ldr	r0, [r4, #36]
 3154 0038 FFF7FEFF 		bl	HAL_DMA_Abort_IT
 3155              	.LVL185:
1022:Drivers/STM32F4/Drivers/STM32F4xx_HAL_Driver/Src/stm32f4xx_hal_tim_ex.c ****     }
 3156              		.loc 1 1022 7 is_stmt 1 view .LVU848
1046:Drivers/STM32F4/Drivers/STM32F4xx_HAL_Driver/Src/stm32f4xx_hal_tim_ex.c ****   {
 3157              		.loc 1 1046 3 view .LVU849
 3158              	.L247:
1049:Drivers/STM32F4/Drivers/STM32F4xx_HAL_Driver/Src/stm32f4xx_hal_tim_ex.c **** 
 3159              		.loc 1 1049 5 view .LVU850
 3160 003c 0022     		movs	r2, #0
 3161 003e 2946     		mov	r1, r5
 3162 0040 2068     		ldr	r0, [r4]
 3163 0042 FFF7FEFF 		bl	TIM_CCxNChannelCmd
 3164              	.LVL186:
1052:Drivers/STM32F4/Drivers/STM32F4xx_HAL_Driver/Src/stm32f4xx_hal_tim_ex.c **** 
 3165              		.loc 1 1052 5 view .LVU851
1052:Drivers/STM32F4/Drivers/STM32F4xx_HAL_Driver/Src/stm32f4xx_hal_tim_ex.c **** 
 3166              		.loc 1 1052 5 view .LVU852
 3167 0046 2368     		ldr	r3, [r4]
 3168 0048 196A     		ldr	r1, [r3, #32]
 3169 004a 41F21112 		movw	r2, #4369
 3170 004e 1142     		tst	r1, r2
 3171 0050 08D1     		bne	.L248
1052:Drivers/STM32F4/Drivers/STM32F4xx_HAL_Driver/Src/stm32f4xx_hal_tim_ex.c **** 
 3172              		.loc 1 1052 5 discriminator 1 view .LVU853
 3173 0052 196A     		ldr	r1, [r3, #32]
 3174 0054 40F24442 		movw	r2, #1092
ARM GAS  /tmp/ccicUsXN.s 			page 113


 3175 0058 1142     		tst	r1, r2
 3176 005a 03D1     		bne	.L248
1052:Drivers/STM32F4/Drivers/STM32F4xx_HAL_Driver/Src/stm32f4xx_hal_tim_ex.c **** 
 3177              		.loc 1 1052 5 discriminator 3 view .LVU854
 3178 005c 5A6C     		ldr	r2, [r3, #68]
 3179 005e 22F40042 		bic	r2, r2, #32768
 3180 0062 5A64     		str	r2, [r3, #68]
 3181              	.L248:
1052:Drivers/STM32F4/Drivers/STM32F4xx_HAL_Driver/Src/stm32f4xx_hal_tim_ex.c **** 
 3182              		.loc 1 1052 5 discriminator 5 view .LVU855
1055:Drivers/STM32F4/Drivers/STM32F4xx_HAL_Driver/Src/stm32f4xx_hal_tim_ex.c **** 
 3183              		.loc 1 1055 5 view .LVU856
1055:Drivers/STM32F4/Drivers/STM32F4xx_HAL_Driver/Src/stm32f4xx_hal_tim_ex.c **** 
 3184              		.loc 1 1055 5 view .LVU857
 3185 0064 2368     		ldr	r3, [r4]
 3186 0066 196A     		ldr	r1, [r3, #32]
 3187 0068 41F21112 		movw	r2, #4369
 3188 006c 1142     		tst	r1, r2
 3189 006e 08D1     		bne	.L249
1055:Drivers/STM32F4/Drivers/STM32F4xx_HAL_Driver/Src/stm32f4xx_hal_tim_ex.c **** 
 3190              		.loc 1 1055 5 discriminator 1 view .LVU858
 3191 0070 196A     		ldr	r1, [r3, #32]
 3192 0072 40F24442 		movw	r2, #1092
 3193 0076 1142     		tst	r1, r2
 3194 0078 03D1     		bne	.L249
1055:Drivers/STM32F4/Drivers/STM32F4xx_HAL_Driver/Src/stm32f4xx_hal_tim_ex.c **** 
 3195              		.loc 1 1055 5 discriminator 3 view .LVU859
 3196 007a 1A68     		ldr	r2, [r3]
 3197 007c 22F00102 		bic	r2, r2, #1
 3198 0080 1A60     		str	r2, [r3]
 3199              	.L249:
1055:Drivers/STM32F4/Drivers/STM32F4xx_HAL_Driver/Src/stm32f4xx_hal_tim_ex.c **** 
 3200              		.loc 1 1055 5 discriminator 5 view .LVU860
1058:Drivers/STM32F4/Drivers/STM32F4xx_HAL_Driver/Src/stm32f4xx_hal_tim_ex.c ****   }
 3201              		.loc 1 1058 5 view .LVU861
 3202 0082 E5B9     		cbnz	r5, .L250
1058:Drivers/STM32F4/Drivers/STM32F4xx_HAL_Driver/Src/stm32f4xx_hal_tim_ex.c ****   }
 3203              		.loc 1 1058 5 is_stmt 0 discriminator 1 view .LVU862
 3204 0084 0123     		movs	r3, #1
 3205 0086 84F84230 		strb	r3, [r4, #66]
 3206 008a 0020     		movs	r0, #0
 3207              	.L246:
 3208              	.LVL187:
1062:Drivers/STM32F4/Drivers/STM32F4xx_HAL_Driver/Src/stm32f4xx_hal_tim_ex.c **** }
 3209              		.loc 1 1062 3 is_stmt 1 view .LVU863
1063:Drivers/STM32F4/Drivers/STM32F4xx_HAL_Driver/Src/stm32f4xx_hal_tim_ex.c **** 
 3210              		.loc 1 1063 1 is_stmt 0 view .LVU864
 3211 008c 38BD     		pop	{r3, r4, r5, pc}
 3212              	.LVL188:
 3213              	.L241:
1013:Drivers/STM32F4/Drivers/STM32F4xx_HAL_Driver/Src/stm32f4xx_hal_tim_ex.c **** 
 3214              		.loc 1 1013 3 discriminator 4 view .LVU865
 3215 008e 002D     		cmp	r5, #0
 3216 0090 CCD0     		beq	.L243
1013:Drivers/STM32F4/Drivers/STM32F4xx_HAL_Driver/Src/stm32f4xx_hal_tim_ex.c **** 
 3217              		.loc 1 1013 3 discriminator 5 view .LVU866
 3218 0092 042D     		cmp	r5, #4
ARM GAS  /tmp/ccicUsXN.s 			page 114


 3219 0094 0AD0     		beq	.L244
1013:Drivers/STM32F4/Drivers/STM32F4xx_HAL_Driver/Src/stm32f4xx_hal_tim_ex.c **** 
 3220              		.loc 1 1013 3 discriminator 6 view .LVU867
 3221 0096 082D     		cmp	r5, #8
 3222 0098 BDD1     		bne	.L242
 3223              	.LVL189:
 3224              	.L245:
1036:Drivers/STM32F4/Drivers/STM32F4xx_HAL_Driver/Src/stm32f4xx_hal_tim_ex.c ****       (void)HAL_DMA_Abort_IT(htim->hdma[TIM_DMA_ID_CC3]);
 3225              		.loc 1 1036 7 is_stmt 1 view .LVU868
 3226 009a 2268     		ldr	r2, [r4]
 3227 009c D368     		ldr	r3, [r2, #12]
 3228 009e 23F40063 		bic	r3, r3, #2048
 3229 00a2 D360     		str	r3, [r2, #12]
1037:Drivers/STM32F4/Drivers/STM32F4xx_HAL_Driver/Src/stm32f4xx_hal_tim_ex.c ****       break;
 3230              		.loc 1 1037 7 view .LVU869
1037:Drivers/STM32F4/Drivers/STM32F4xx_HAL_Driver/Src/stm32f4xx_hal_tim_ex.c ****       break;
 3231              		.loc 1 1037 13 is_stmt 0 view .LVU870
 3232 00a4 E06A     		ldr	r0, [r4, #44]
 3233 00a6 FFF7FEFF 		bl	HAL_DMA_Abort_IT
 3234              	.LVL190:
1038:Drivers/STM32F4/Drivers/STM32F4xx_HAL_Driver/Src/stm32f4xx_hal_tim_ex.c ****     }
 3235              		.loc 1 1038 7 is_stmt 1 view .LVU871
1046:Drivers/STM32F4/Drivers/STM32F4xx_HAL_Driver/Src/stm32f4xx_hal_tim_ex.c ****   {
 3236              		.loc 1 1046 3 view .LVU872
 3237 00aa C7E7     		b	.L247
 3238              	.L244:
1028:Drivers/STM32F4/Drivers/STM32F4xx_HAL_Driver/Src/stm32f4xx_hal_tim_ex.c ****       (void)HAL_DMA_Abort_IT(htim->hdma[TIM_DMA_ID_CC2]);
 3239              		.loc 1 1028 7 view .LVU873
 3240 00ac 2268     		ldr	r2, [r4]
 3241 00ae D368     		ldr	r3, [r2, #12]
 3242 00b0 23F48063 		bic	r3, r3, #1024
 3243 00b4 D360     		str	r3, [r2, #12]
1029:Drivers/STM32F4/Drivers/STM32F4xx_HAL_Driver/Src/stm32f4xx_hal_tim_ex.c ****       break;
 3244              		.loc 1 1029 7 view .LVU874
1029:Drivers/STM32F4/Drivers/STM32F4xx_HAL_Driver/Src/stm32f4xx_hal_tim_ex.c ****       break;
 3245              		.loc 1 1029 13 is_stmt 0 view .LVU875
 3246 00b6 A06A     		ldr	r0, [r4, #40]
 3247 00b8 FFF7FEFF 		bl	HAL_DMA_Abort_IT
 3248              	.LVL191:
1030:Drivers/STM32F4/Drivers/STM32F4xx_HAL_Driver/Src/stm32f4xx_hal_tim_ex.c ****     }
 3249              		.loc 1 1030 7 is_stmt 1 view .LVU876
1046:Drivers/STM32F4/Drivers/STM32F4xx_HAL_Driver/Src/stm32f4xx_hal_tim_ex.c ****   {
 3250              		.loc 1 1046 3 view .LVU877
 3251 00bc BEE7     		b	.L247
 3252              	.L250:
1058:Drivers/STM32F4/Drivers/STM32F4xx_HAL_Driver/Src/stm32f4xx_hal_tim_ex.c ****   }
 3253              		.loc 1 1058 5 is_stmt 0 discriminator 2 view .LVU878
 3254 00be 042D     		cmp	r5, #4
 3255 00c0 06D0     		beq	.L255
1058:Drivers/STM32F4/Drivers/STM32F4xx_HAL_Driver/Src/stm32f4xx_hal_tim_ex.c ****   }
 3256              		.loc 1 1058 5 discriminator 4 view .LVU879
 3257 00c2 082D     		cmp	r5, #8
 3258 00c4 09D0     		beq	.L256
1058:Drivers/STM32F4/Drivers/STM32F4xx_HAL_Driver/Src/stm32f4xx_hal_tim_ex.c ****   }
 3259              		.loc 1 1058 5 discriminator 7 view .LVU880
 3260 00c6 0123     		movs	r3, #1
 3261 00c8 84F84530 		strb	r3, [r4, #69]
ARM GAS  /tmp/ccicUsXN.s 			page 115


 3262 00cc 0020     		movs	r0, #0
 3263 00ce DDE7     		b	.L246
 3264              	.L255:
1058:Drivers/STM32F4/Drivers/STM32F4xx_HAL_Driver/Src/stm32f4xx_hal_tim_ex.c ****   }
 3265              		.loc 1 1058 5 discriminator 3 view .LVU881
 3266 00d0 0123     		movs	r3, #1
 3267 00d2 84F84330 		strb	r3, [r4, #67]
 3268 00d6 0020     		movs	r0, #0
 3269 00d8 D8E7     		b	.L246
 3270              	.L256:
1058:Drivers/STM32F4/Drivers/STM32F4xx_HAL_Driver/Src/stm32f4xx_hal_tim_ex.c ****   }
 3271              		.loc 1 1058 5 discriminator 6 view .LVU882
 3272 00da 0123     		movs	r3, #1
 3273 00dc 84F84430 		strb	r3, [r4, #68]
 3274 00e0 0020     		movs	r0, #0
 3275 00e2 D3E7     		b	.L246
 3276              	.L253:
1015:Drivers/STM32F4/Drivers/STM32F4xx_HAL_Driver/Src/stm32f4xx_hal_tim_ex.c ****   {
 3277              		.loc 1 1015 3 view .LVU883
 3278 00e4 0120     		movs	r0, #1
 3279 00e6 D1E7     		b	.L246
 3280              	.L258:
 3281              		.align	2
 3282              	.L257:
 3283 00e8 00000140 		.word	1073807360
 3284 00ec 00000000 		.word	.LC0
 3285              		.cfi_endproc
 3286              	.LFE149:
 3288              		.section	.text.HAL_TIMEx_PWMN_Start,"ax",%progbits
 3289              		.align	1
 3290              		.global	HAL_TIMEx_PWMN_Start
 3291              		.syntax unified
 3292              		.thumb
 3293              		.thumb_func
 3295              	HAL_TIMEx_PWMN_Start:
 3296              	.LVL192:
 3297              	.LFB150:
1099:Drivers/STM32F4/Drivers/STM32F4xx_HAL_Driver/Src/stm32f4xx_hal_tim_ex.c ****   uint32_t tmpsmcr;
 3298              		.loc 1 1099 1 is_stmt 1 view -0
 3299              		.cfi_startproc
 3300              		@ args = 0, pretend = 0, frame = 0
 3301              		@ frame_needed = 0, uses_anonymous_args = 0
1099:Drivers/STM32F4/Drivers/STM32F4xx_HAL_Driver/Src/stm32f4xx_hal_tim_ex.c ****   uint32_t tmpsmcr;
 3302              		.loc 1 1099 1 is_stmt 0 view .LVU885
 3303 0000 38B5     		push	{r3, r4, r5, lr}
 3304              	.LCFI20:
 3305              		.cfi_def_cfa_offset 16
 3306              		.cfi_offset 3, -16
 3307              		.cfi_offset 4, -12
 3308              		.cfi_offset 5, -8
 3309              		.cfi_offset 14, -4
 3310 0002 0446     		mov	r4, r0
 3311 0004 0D46     		mov	r5, r1
1100:Drivers/STM32F4/Drivers/STM32F4xx_HAL_Driver/Src/stm32f4xx_hal_tim_ex.c **** 
 3312              		.loc 1 1100 3 is_stmt 1 view .LVU886
1103:Drivers/STM32F4/Drivers/STM32F4xx_HAL_Driver/Src/stm32f4xx_hal_tim_ex.c **** 
 3313              		.loc 1 1103 3 view .LVU887
ARM GAS  /tmp/ccicUsXN.s 			page 116


 3314 0006 0368     		ldr	r3, [r0]
 3315 0008 434A     		ldr	r2, .L281
 3316 000a 9342     		cmp	r3, r2
 3317 000c 46D0     		beq	.L260
1103:Drivers/STM32F4/Drivers/STM32F4xx_HAL_Driver/Src/stm32f4xx_hal_tim_ex.c **** 
 3318              		.loc 1 1103 3 is_stmt 0 discriminator 1 view .LVU888
 3319 000e 02F58062 		add	r2, r2, #1024
 3320 0012 9342     		cmp	r3, r2
 3321 0014 42D0     		beq	.L260
 3322              	.L261:
1103:Drivers/STM32F4/Drivers/STM32F4xx_HAL_Driver/Src/stm32f4xx_hal_tim_ex.c **** 
 3323              		.loc 1 1103 3 discriminator 7 view .LVU889
 3324 0016 40F24F41 		movw	r1, #1103
 3325              	.LVL193:
1103:Drivers/STM32F4/Drivers/STM32F4xx_HAL_Driver/Src/stm32f4xx_hal_tim_ex.c **** 
 3326              		.loc 1 1103 3 discriminator 7 view .LVU890
 3327 001a 4048     		ldr	r0, .L281+4
 3328              	.LVL194:
1103:Drivers/STM32F4/Drivers/STM32F4xx_HAL_Driver/Src/stm32f4xx_hal_tim_ex.c **** 
 3329              		.loc 1 1103 3 discriminator 7 view .LVU891
 3330 001c FFF7FEFF 		bl	assert_failed
 3331              	.LVL195:
1106:Drivers/STM32F4/Drivers/STM32F4xx_HAL_Driver/Src/stm32f4xx_hal_tim_ex.c ****   {
 3332              		.loc 1 1106 3 is_stmt 1 view .LVU892
1106:Drivers/STM32F4/Drivers/STM32F4xx_HAL_Driver/Src/stm32f4xx_hal_tim_ex.c ****   {
 3333              		.loc 1 1106 46 is_stmt 0 view .LVU893
 3334 0020 002D     		cmp	r5, #0
 3335 0022 41D1     		bne	.L263
 3336              	.L262:
1106:Drivers/STM32F4/Drivers/STM32F4xx_HAL_Driver/Src/stm32f4xx_hal_tim_ex.c ****   {
 3337              		.loc 1 1106 7 discriminator 1 view .LVU894
 3338 0024 94F84230 		ldrb	r3, [r4, #66]	@ zero_extendqisi2
 3339 0028 DBB2     		uxtb	r3, r3
1106:Drivers/STM32F4/Drivers/STM32F4xx_HAL_Driver/Src/stm32f4xx_hal_tim_ex.c ****   {
 3340              		.loc 1 1106 46 discriminator 1 view .LVU895
 3341 002a 013B     		subs	r3, r3, #1
 3342 002c 18BF     		it	ne
 3343 002e 0123     		movne	r3, #1
 3344              	.L264:
1106:Drivers/STM32F4/Drivers/STM32F4xx_HAL_Driver/Src/stm32f4xx_hal_tim_ex.c ****   {
 3345              		.loc 1 1106 6 discriminator 12 view .LVU896
 3346 0030 002B     		cmp	r3, #0
 3347 0032 6DD1     		bne	.L274
1112:Drivers/STM32F4/Drivers/STM32F4xx_HAL_Driver/Src/stm32f4xx_hal_tim_ex.c **** 
 3348              		.loc 1 1112 3 is_stmt 1 view .LVU897
 3349 0034 002D     		cmp	r5, #0
 3350 0036 50D1     		bne	.L268
1112:Drivers/STM32F4/Drivers/STM32F4xx_HAL_Driver/Src/stm32f4xx_hal_tim_ex.c **** 
 3351              		.loc 1 1112 3 is_stmt 0 discriminator 1 view .LVU898
 3352 0038 0223     		movs	r3, #2
 3353 003a 84F84230 		strb	r3, [r4, #66]
 3354              	.L269:
1115:Drivers/STM32F4/Drivers/STM32F4xx_HAL_Driver/Src/stm32f4xx_hal_tim_ex.c **** 
 3355              		.loc 1 1115 3 is_stmt 1 view .LVU899
 3356 003e 0422     		movs	r2, #4
 3357 0040 2946     		mov	r1, r5
 3358 0042 2068     		ldr	r0, [r4]
ARM GAS  /tmp/ccicUsXN.s 			page 117


 3359 0044 FFF7FEFF 		bl	TIM_CCxNChannelCmd
 3360              	.LVL196:
1118:Drivers/STM32F4/Drivers/STM32F4xx_HAL_Driver/Src/stm32f4xx_hal_tim_ex.c **** 
 3361              		.loc 1 1118 3 view .LVU900
 3362 0048 2268     		ldr	r2, [r4]
 3363 004a 536C     		ldr	r3, [r2, #68]
 3364 004c 43F40043 		orr	r3, r3, #32768
 3365 0050 5364     		str	r3, [r2, #68]
1121:Drivers/STM32F4/Drivers/STM32F4xx_HAL_Driver/Src/stm32f4xx_hal_tim_ex.c ****   {
 3366              		.loc 1 1121 3 view .LVU901
1121:Drivers/STM32F4/Drivers/STM32F4xx_HAL_Driver/Src/stm32f4xx_hal_tim_ex.c ****   {
 3367              		.loc 1 1121 7 is_stmt 0 view .LVU902
 3368 0052 2368     		ldr	r3, [r4]
1121:Drivers/STM32F4/Drivers/STM32F4xx_HAL_Driver/Src/stm32f4xx_hal_tim_ex.c ****   {
 3369              		.loc 1 1121 6 view .LVU903
 3370 0054 304A     		ldr	r2, .L281
 3371 0056 9342     		cmp	r3, r2
 3372 0058 4FD0     		beq	.L272
1121:Drivers/STM32F4/Drivers/STM32F4xx_HAL_Driver/Src/stm32f4xx_hal_tim_ex.c ****   {
 3373              		.loc 1 1121 7 discriminator 1 view .LVU904
 3374 005a B3F1804F 		cmp	r3, #1073741824
 3375 005e 4CD0     		beq	.L272
1121:Drivers/STM32F4/Drivers/STM32F4xx_HAL_Driver/Src/stm32f4xx_hal_tim_ex.c ****   {
 3376              		.loc 1 1121 7 discriminator 2 view .LVU905
 3377 0060 A2F57C42 		sub	r2, r2, #64512
 3378 0064 9342     		cmp	r3, r2
 3379 0066 48D0     		beq	.L272
1121:Drivers/STM32F4/Drivers/STM32F4xx_HAL_Driver/Src/stm32f4xx_hal_tim_ex.c ****   {
 3380              		.loc 1 1121 7 discriminator 3 view .LVU906
 3381 0068 02F58062 		add	r2, r2, #1024
 3382 006c 9342     		cmp	r3, r2
 3383 006e 44D0     		beq	.L272
1121:Drivers/STM32F4/Drivers/STM32F4xx_HAL_Driver/Src/stm32f4xx_hal_tim_ex.c ****   {
 3384              		.loc 1 1121 7 discriminator 4 view .LVU907
 3385 0070 02F58062 		add	r2, r2, #1024
 3386 0074 9342     		cmp	r3, r2
 3387 0076 40D0     		beq	.L272
1121:Drivers/STM32F4/Drivers/STM32F4xx_HAL_Driver/Src/stm32f4xx_hal_tim_ex.c ****   {
 3388              		.loc 1 1121 7 discriminator 5 view .LVU908
 3389 0078 02F57842 		add	r2, r2, #63488
 3390 007c 9342     		cmp	r3, r2
 3391 007e 3CD0     		beq	.L272
1121:Drivers/STM32F4/Drivers/STM32F4xx_HAL_Driver/Src/stm32f4xx_hal_tim_ex.c ****   {
 3392              		.loc 1 1121 7 discriminator 6 view .LVU909
 3393 0080 02F57052 		add	r2, r2, #15360
 3394 0084 9342     		cmp	r3, r2
 3395 0086 38D0     		beq	.L272
1121:Drivers/STM32F4/Drivers/STM32F4xx_HAL_Driver/Src/stm32f4xx_hal_tim_ex.c ****   {
 3396              		.loc 1 1121 7 discriminator 7 view .LVU910
 3397 0088 A2F59432 		sub	r2, r2, #75776
 3398 008c 9342     		cmp	r3, r2
 3399 008e 34D0     		beq	.L272
1131:Drivers/STM32F4/Drivers/STM32F4xx_HAL_Driver/Src/stm32f4xx_hal_tim_ex.c ****   }
 3400              		.loc 1 1131 5 is_stmt 1 view .LVU911
 3401 0090 1A68     		ldr	r2, [r3]
 3402 0092 42F00102 		orr	r2, r2, #1
 3403 0096 1A60     		str	r2, [r3]
ARM GAS  /tmp/ccicUsXN.s 			page 118


1135:Drivers/STM32F4/Drivers/STM32F4xx_HAL_Driver/Src/stm32f4xx_hal_tim_ex.c **** }
 3404              		.loc 1 1135 10 is_stmt 0 view .LVU912
 3405 0098 0020     		movs	r0, #0
 3406 009a 38E0     		b	.L267
 3407              	.LVL197:
 3408              	.L260:
1103:Drivers/STM32F4/Drivers/STM32F4xx_HAL_Driver/Src/stm32f4xx_hal_tim_ex.c **** 
 3409              		.loc 1 1103 3 discriminator 4 view .LVU913
 3410 009c 002D     		cmp	r5, #0
 3411 009e C1D0     		beq	.L262
1103:Drivers/STM32F4/Drivers/STM32F4xx_HAL_Driver/Src/stm32f4xx_hal_tim_ex.c **** 
 3412              		.loc 1 1103 3 discriminator 5 view .LVU914
 3413 00a0 042D     		cmp	r5, #4
 3414 00a2 01D0     		beq	.L263
1103:Drivers/STM32F4/Drivers/STM32F4xx_HAL_Driver/Src/stm32f4xx_hal_tim_ex.c **** 
 3415              		.loc 1 1103 3 discriminator 6 view .LVU915
 3416 00a4 082D     		cmp	r5, #8
 3417 00a6 B6D1     		bne	.L261
 3418              	.LVL198:
 3419              	.L263:
1106:Drivers/STM32F4/Drivers/STM32F4xx_HAL_Driver/Src/stm32f4xx_hal_tim_ex.c ****   {
 3420              		.loc 1 1106 46 discriminator 2 view .LVU916
 3421 00a8 042D     		cmp	r5, #4
 3422 00aa 08D0     		beq	.L277
1106:Drivers/STM32F4/Drivers/STM32F4xx_HAL_Driver/Src/stm32f4xx_hal_tim_ex.c ****   {
 3423              		.loc 1 1106 46 discriminator 5 view .LVU917
 3424 00ac 082D     		cmp	r5, #8
 3425 00ae 0DD0     		beq	.L278
1106:Drivers/STM32F4/Drivers/STM32F4xx_HAL_Driver/Src/stm32f4xx_hal_tim_ex.c ****   {
 3426              		.loc 1 1106 7 discriminator 8 view .LVU918
 3427 00b0 94F84530 		ldrb	r3, [r4, #69]	@ zero_extendqisi2
 3428 00b4 DBB2     		uxtb	r3, r3
1106:Drivers/STM32F4/Drivers/STM32F4xx_HAL_Driver/Src/stm32f4xx_hal_tim_ex.c ****   {
 3429              		.loc 1 1106 46 discriminator 8 view .LVU919
 3430 00b6 013B     		subs	r3, r3, #1
 3431 00b8 18BF     		it	ne
 3432 00ba 0123     		movne	r3, #1
 3433 00bc B8E7     		b	.L264
 3434              	.L277:
1106:Drivers/STM32F4/Drivers/STM32F4xx_HAL_Driver/Src/stm32f4xx_hal_tim_ex.c ****   {
 3435              		.loc 1 1106 7 discriminator 4 view .LVU920
 3436 00be 94F84330 		ldrb	r3, [r4, #67]	@ zero_extendqisi2
 3437 00c2 DBB2     		uxtb	r3, r3
1106:Drivers/STM32F4/Drivers/STM32F4xx_HAL_Driver/Src/stm32f4xx_hal_tim_ex.c ****   {
 3438              		.loc 1 1106 46 discriminator 4 view .LVU921
 3439 00c4 013B     		subs	r3, r3, #1
 3440 00c6 18BF     		it	ne
 3441 00c8 0123     		movne	r3, #1
 3442 00ca B1E7     		b	.L264
 3443              	.L278:
1106:Drivers/STM32F4/Drivers/STM32F4xx_HAL_Driver/Src/stm32f4xx_hal_tim_ex.c ****   {
 3444              		.loc 1 1106 7 discriminator 7 view .LVU922
 3445 00cc 94F84430 		ldrb	r3, [r4, #68]	@ zero_extendqisi2
 3446 00d0 DBB2     		uxtb	r3, r3
1106:Drivers/STM32F4/Drivers/STM32F4xx_HAL_Driver/Src/stm32f4xx_hal_tim_ex.c ****   {
 3447              		.loc 1 1106 46 discriminator 7 view .LVU923
 3448 00d2 013B     		subs	r3, r3, #1
ARM GAS  /tmp/ccicUsXN.s 			page 119


 3449 00d4 18BF     		it	ne
 3450 00d6 0123     		movne	r3, #1
 3451 00d8 AAE7     		b	.L264
 3452              	.L268:
1112:Drivers/STM32F4/Drivers/STM32F4xx_HAL_Driver/Src/stm32f4xx_hal_tim_ex.c **** 
 3453              		.loc 1 1112 3 discriminator 2 view .LVU924
 3454 00da 042D     		cmp	r5, #4
 3455 00dc 05D0     		beq	.L279
1112:Drivers/STM32F4/Drivers/STM32F4xx_HAL_Driver/Src/stm32f4xx_hal_tim_ex.c **** 
 3456              		.loc 1 1112 3 discriminator 4 view .LVU925
 3457 00de 082D     		cmp	r5, #8
 3458 00e0 07D0     		beq	.L280
1112:Drivers/STM32F4/Drivers/STM32F4xx_HAL_Driver/Src/stm32f4xx_hal_tim_ex.c **** 
 3459              		.loc 1 1112 3 discriminator 7 view .LVU926
 3460 00e2 0223     		movs	r3, #2
 3461 00e4 84F84530 		strb	r3, [r4, #69]
 3462 00e8 A9E7     		b	.L269
 3463              	.L279:
1112:Drivers/STM32F4/Drivers/STM32F4xx_HAL_Driver/Src/stm32f4xx_hal_tim_ex.c **** 
 3464              		.loc 1 1112 3 discriminator 3 view .LVU927
 3465 00ea 0223     		movs	r3, #2
 3466 00ec 84F84330 		strb	r3, [r4, #67]
 3467 00f0 A5E7     		b	.L269
 3468              	.L280:
1112:Drivers/STM32F4/Drivers/STM32F4xx_HAL_Driver/Src/stm32f4xx_hal_tim_ex.c **** 
 3469              		.loc 1 1112 3 discriminator 6 view .LVU928
 3470 00f2 0223     		movs	r3, #2
 3471 00f4 84F84430 		strb	r3, [r4, #68]
 3472 00f8 A1E7     		b	.L269
 3473              	.L272:
1123:Drivers/STM32F4/Drivers/STM32F4xx_HAL_Driver/Src/stm32f4xx_hal_tim_ex.c ****     if (!IS_TIM_SLAVEMODE_TRIGGER_ENABLED(tmpsmcr))
 3474              		.loc 1 1123 5 is_stmt 1 view .LVU929
1123:Drivers/STM32F4/Drivers/STM32F4xx_HAL_Driver/Src/stm32f4xx_hal_tim_ex.c ****     if (!IS_TIM_SLAVEMODE_TRIGGER_ENABLED(tmpsmcr))
 3475              		.loc 1 1123 29 is_stmt 0 view .LVU930
 3476 00fa 9A68     		ldr	r2, [r3, #8]
1123:Drivers/STM32F4/Drivers/STM32F4xx_HAL_Driver/Src/stm32f4xx_hal_tim_ex.c ****     if (!IS_TIM_SLAVEMODE_TRIGGER_ENABLED(tmpsmcr))
 3477              		.loc 1 1123 13 view .LVU931
 3478 00fc 02F00702 		and	r2, r2, #7
 3479              	.LVL199:
1124:Drivers/STM32F4/Drivers/STM32F4xx_HAL_Driver/Src/stm32f4xx_hal_tim_ex.c ****     {
 3480              		.loc 1 1124 5 is_stmt 1 view .LVU932
1124:Drivers/STM32F4/Drivers/STM32F4xx_HAL_Driver/Src/stm32f4xx_hal_tim_ex.c ****     {
 3481              		.loc 1 1124 8 is_stmt 0 view .LVU933
 3482 0100 062A     		cmp	r2, #6
 3483 0102 07D0     		beq	.L275
1126:Drivers/STM32F4/Drivers/STM32F4xx_HAL_Driver/Src/stm32f4xx_hal_tim_ex.c ****     }
 3484              		.loc 1 1126 7 is_stmt 1 view .LVU934
 3485 0104 1A68     		ldr	r2, [r3]
 3486              	.LVL200:
1126:Drivers/STM32F4/Drivers/STM32F4xx_HAL_Driver/Src/stm32f4xx_hal_tim_ex.c ****     }
 3487              		.loc 1 1126 7 is_stmt 0 view .LVU935
 3488 0106 42F00102 		orr	r2, r2, #1
 3489 010a 1A60     		str	r2, [r3]
1135:Drivers/STM32F4/Drivers/STM32F4xx_HAL_Driver/Src/stm32f4xx_hal_tim_ex.c **** }
 3490              		.loc 1 1135 10 view .LVU936
 3491 010c 0020     		movs	r0, #0
 3492              	.LVL201:
ARM GAS  /tmp/ccicUsXN.s 			page 120


 3493              	.L267:
1136:Drivers/STM32F4/Drivers/STM32F4xx_HAL_Driver/Src/stm32f4xx_hal_tim_ex.c **** 
 3494              		.loc 1 1136 1 view .LVU937
 3495 010e 38BD     		pop	{r3, r4, r5, pc}
 3496              	.LVL202:
 3497              	.L274:
1108:Drivers/STM32F4/Drivers/STM32F4xx_HAL_Driver/Src/stm32f4xx_hal_tim_ex.c ****   }
 3498              		.loc 1 1108 12 view .LVU938
 3499 0110 0120     		movs	r0, #1
 3500 0112 FCE7     		b	.L267
 3501              	.LVL203:
 3502              	.L275:
1135:Drivers/STM32F4/Drivers/STM32F4xx_HAL_Driver/Src/stm32f4xx_hal_tim_ex.c **** }
 3503              		.loc 1 1135 10 view .LVU939
 3504 0114 0020     		movs	r0, #0
 3505 0116 FAE7     		b	.L267
 3506              	.L282:
 3507              		.align	2
 3508              	.L281:
 3509 0118 00000140 		.word	1073807360
 3510 011c 00000000 		.word	.LC0
 3511              		.cfi_endproc
 3512              	.LFE150:
 3514              		.section	.text.HAL_TIMEx_PWMN_Stop,"ax",%progbits
 3515              		.align	1
 3516              		.global	HAL_TIMEx_PWMN_Stop
 3517              		.syntax unified
 3518              		.thumb
 3519              		.thumb_func
 3521              	HAL_TIMEx_PWMN_Stop:
 3522              	.LVL204:
 3523              	.LFB151:
1149:Drivers/STM32F4/Drivers/STM32F4xx_HAL_Driver/Src/stm32f4xx_hal_tim_ex.c ****   /* Check the parameters */
 3524              		.loc 1 1149 1 is_stmt 1 view -0
 3525              		.cfi_startproc
 3526              		@ args = 0, pretend = 0, frame = 0
 3527              		@ frame_needed = 0, uses_anonymous_args = 0
1149:Drivers/STM32F4/Drivers/STM32F4xx_HAL_Driver/Src/stm32f4xx_hal_tim_ex.c ****   /* Check the parameters */
 3528              		.loc 1 1149 1 is_stmt 0 view .LVU941
 3529 0000 38B5     		push	{r3, r4, r5, lr}
 3530              	.LCFI21:
 3531              		.cfi_def_cfa_offset 16
 3532              		.cfi_offset 3, -16
 3533              		.cfi_offset 4, -12
 3534              		.cfi_offset 5, -8
 3535              		.cfi_offset 14, -4
 3536 0002 0446     		mov	r4, r0
 3537 0004 0D46     		mov	r5, r1
1151:Drivers/STM32F4/Drivers/STM32F4xx_HAL_Driver/Src/stm32f4xx_hal_tim_ex.c **** 
 3538              		.loc 1 1151 3 is_stmt 1 view .LVU942
 3539 0006 0368     		ldr	r3, [r0]
 3540 0008 264A     		ldr	r2, .L296
 3541 000a 9342     		cmp	r3, r2
 3542 000c 31D0     		beq	.L284
1151:Drivers/STM32F4/Drivers/STM32F4xx_HAL_Driver/Src/stm32f4xx_hal_tim_ex.c **** 
 3543              		.loc 1 1151 3 is_stmt 0 discriminator 1 view .LVU943
 3544 000e 02F58062 		add	r2, r2, #1024
ARM GAS  /tmp/ccicUsXN.s 			page 121


 3545 0012 9342     		cmp	r3, r2
 3546 0014 2DD0     		beq	.L284
 3547              	.L285:
1151:Drivers/STM32F4/Drivers/STM32F4xx_HAL_Driver/Src/stm32f4xx_hal_tim_ex.c **** 
 3548              		.loc 1 1151 3 discriminator 7 view .LVU944
 3549 0016 40F27F41 		movw	r1, #1151
 3550              	.LVL205:
1151:Drivers/STM32F4/Drivers/STM32F4xx_HAL_Driver/Src/stm32f4xx_hal_tim_ex.c **** 
 3551              		.loc 1 1151 3 discriminator 7 view .LVU945
 3552 001a 2348     		ldr	r0, .L296+4
 3553              	.LVL206:
1151:Drivers/STM32F4/Drivers/STM32F4xx_HAL_Driver/Src/stm32f4xx_hal_tim_ex.c **** 
 3554              		.loc 1 1151 3 discriminator 7 view .LVU946
 3555 001c FFF7FEFF 		bl	assert_failed
 3556              	.LVL207:
 3557              	.L286:
1154:Drivers/STM32F4/Drivers/STM32F4xx_HAL_Driver/Src/stm32f4xx_hal_tim_ex.c **** 
 3558              		.loc 1 1154 3 is_stmt 1 view .LVU947
 3559 0020 0022     		movs	r2, #0
 3560 0022 2946     		mov	r1, r5
 3561 0024 2068     		ldr	r0, [r4]
 3562 0026 FFF7FEFF 		bl	TIM_CCxNChannelCmd
 3563              	.LVL208:
1157:Drivers/STM32F4/Drivers/STM32F4xx_HAL_Driver/Src/stm32f4xx_hal_tim_ex.c **** 
 3564              		.loc 1 1157 3 view .LVU948
1157:Drivers/STM32F4/Drivers/STM32F4xx_HAL_Driver/Src/stm32f4xx_hal_tim_ex.c **** 
 3565              		.loc 1 1157 3 view .LVU949
 3566 002a 2368     		ldr	r3, [r4]
 3567 002c 196A     		ldr	r1, [r3, #32]
 3568 002e 41F21112 		movw	r2, #4369
 3569 0032 1142     		tst	r1, r2
 3570 0034 08D1     		bne	.L287
1157:Drivers/STM32F4/Drivers/STM32F4xx_HAL_Driver/Src/stm32f4xx_hal_tim_ex.c **** 
 3571              		.loc 1 1157 3 discriminator 1 view .LVU950
 3572 0036 196A     		ldr	r1, [r3, #32]
 3573 0038 40F24442 		movw	r2, #1092
 3574 003c 1142     		tst	r1, r2
 3575 003e 03D1     		bne	.L287
1157:Drivers/STM32F4/Drivers/STM32F4xx_HAL_Driver/Src/stm32f4xx_hal_tim_ex.c **** 
 3576              		.loc 1 1157 3 discriminator 3 view .LVU951
 3577 0040 5A6C     		ldr	r2, [r3, #68]
 3578 0042 22F40042 		bic	r2, r2, #32768
 3579 0046 5A64     		str	r2, [r3, #68]
 3580              	.L287:
1157:Drivers/STM32F4/Drivers/STM32F4xx_HAL_Driver/Src/stm32f4xx_hal_tim_ex.c **** 
 3581              		.loc 1 1157 3 discriminator 5 view .LVU952
1160:Drivers/STM32F4/Drivers/STM32F4xx_HAL_Driver/Src/stm32f4xx_hal_tim_ex.c **** 
 3582              		.loc 1 1160 3 view .LVU953
1160:Drivers/STM32F4/Drivers/STM32F4xx_HAL_Driver/Src/stm32f4xx_hal_tim_ex.c **** 
 3583              		.loc 1 1160 3 view .LVU954
 3584 0048 2368     		ldr	r3, [r4]
 3585 004a 196A     		ldr	r1, [r3, #32]
 3586 004c 41F21112 		movw	r2, #4369
 3587 0050 1142     		tst	r1, r2
 3588 0052 08D1     		bne	.L288
1160:Drivers/STM32F4/Drivers/STM32F4xx_HAL_Driver/Src/stm32f4xx_hal_tim_ex.c **** 
 3589              		.loc 1 1160 3 discriminator 1 view .LVU955
ARM GAS  /tmp/ccicUsXN.s 			page 122


 3590 0054 196A     		ldr	r1, [r3, #32]
 3591 0056 40F24442 		movw	r2, #1092
 3592 005a 1142     		tst	r1, r2
 3593 005c 03D1     		bne	.L288
1160:Drivers/STM32F4/Drivers/STM32F4xx_HAL_Driver/Src/stm32f4xx_hal_tim_ex.c **** 
 3594              		.loc 1 1160 3 discriminator 3 view .LVU956
 3595 005e 1A68     		ldr	r2, [r3]
 3596 0060 22F00102 		bic	r2, r2, #1
 3597 0064 1A60     		str	r2, [r3]
 3598              	.L288:
1160:Drivers/STM32F4/Drivers/STM32F4xx_HAL_Driver/Src/stm32f4xx_hal_tim_ex.c **** 
 3599              		.loc 1 1160 3 discriminator 5 view .LVU957
1163:Drivers/STM32F4/Drivers/STM32F4xx_HAL_Driver/Src/stm32f4xx_hal_tim_ex.c **** 
 3600              		.loc 1 1163 3 view .LVU958
 3601 0066 6DB9     		cbnz	r5, .L289
1163:Drivers/STM32F4/Drivers/STM32F4xx_HAL_Driver/Src/stm32f4xx_hal_tim_ex.c **** 
 3602              		.loc 1 1163 3 is_stmt 0 discriminator 1 view .LVU959
 3603 0068 0123     		movs	r3, #1
 3604 006a 84F84230 		strb	r3, [r4, #66]
 3605              	.L290:
1166:Drivers/STM32F4/Drivers/STM32F4xx_HAL_Driver/Src/stm32f4xx_hal_tim_ex.c **** }
 3606              		.loc 1 1166 3 is_stmt 1 view .LVU960
1167:Drivers/STM32F4/Drivers/STM32F4xx_HAL_Driver/Src/stm32f4xx_hal_tim_ex.c **** 
 3607              		.loc 1 1167 1 is_stmt 0 view .LVU961
 3608 006e 0020     		movs	r0, #0
 3609 0070 38BD     		pop	{r3, r4, r5, pc}
 3610              	.LVL209:
 3611              	.L284:
1167:Drivers/STM32F4/Drivers/STM32F4xx_HAL_Driver/Src/stm32f4xx_hal_tim_ex.c **** 
 3612              		.loc 1 1167 1 view .LVU962
 3613 0072 082D     		cmp	r5, #8
 3614 0074 CFD8     		bhi	.L285
 3615 0076 40F21113 		movw	r3, #273
 3616 007a EB40     		lsrs	r3, r3, r5
 3617 007c 13F0010F 		tst	r3, #1
 3618 0080 CED1     		bne	.L286
 3619 0082 C8E7     		b	.L285
 3620              	.LVL210:
 3621              	.L289:
1163:Drivers/STM32F4/Drivers/STM32F4xx_HAL_Driver/Src/stm32f4xx_hal_tim_ex.c **** 
 3622              		.loc 1 1163 3 discriminator 2 view .LVU963
 3623 0084 042D     		cmp	r5, #4
 3624 0086 05D0     		beq	.L294
1163:Drivers/STM32F4/Drivers/STM32F4xx_HAL_Driver/Src/stm32f4xx_hal_tim_ex.c **** 
 3625              		.loc 1 1163 3 discriminator 4 view .LVU964
 3626 0088 082D     		cmp	r5, #8
 3627 008a 07D0     		beq	.L295
1163:Drivers/STM32F4/Drivers/STM32F4xx_HAL_Driver/Src/stm32f4xx_hal_tim_ex.c **** 
 3628              		.loc 1 1163 3 discriminator 7 view .LVU965
 3629 008c 0123     		movs	r3, #1
 3630 008e 84F84530 		strb	r3, [r4, #69]
 3631 0092 ECE7     		b	.L290
 3632              	.L294:
1163:Drivers/STM32F4/Drivers/STM32F4xx_HAL_Driver/Src/stm32f4xx_hal_tim_ex.c **** 
 3633              		.loc 1 1163 3 discriminator 3 view .LVU966
 3634 0094 0123     		movs	r3, #1
 3635 0096 84F84330 		strb	r3, [r4, #67]
ARM GAS  /tmp/ccicUsXN.s 			page 123


 3636 009a E8E7     		b	.L290
 3637              	.L295:
1163:Drivers/STM32F4/Drivers/STM32F4xx_HAL_Driver/Src/stm32f4xx_hal_tim_ex.c **** 
 3638              		.loc 1 1163 3 discriminator 6 view .LVU967
 3639 009c 0123     		movs	r3, #1
 3640 009e 84F84430 		strb	r3, [r4, #68]
 3641 00a2 E4E7     		b	.L290
 3642              	.L297:
 3643              		.align	2
 3644              	.L296:
 3645 00a4 00000140 		.word	1073807360
 3646 00a8 00000000 		.word	.LC0
 3647              		.cfi_endproc
 3648              	.LFE151:
 3650              		.section	.text.HAL_TIMEx_PWMN_Start_IT,"ax",%progbits
 3651              		.align	1
 3652              		.global	HAL_TIMEx_PWMN_Start_IT
 3653              		.syntax unified
 3654              		.thumb
 3655              		.thumb_func
 3657              	HAL_TIMEx_PWMN_Start_IT:
 3658              	.LVL211:
 3659              	.LFB152:
1181:Drivers/STM32F4/Drivers/STM32F4xx_HAL_Driver/Src/stm32f4xx_hal_tim_ex.c ****   HAL_StatusTypeDef status = HAL_OK;
 3660              		.loc 1 1181 1 is_stmt 1 view -0
 3661              		.cfi_startproc
 3662              		@ args = 0, pretend = 0, frame = 0
 3663              		@ frame_needed = 0, uses_anonymous_args = 0
1181:Drivers/STM32F4/Drivers/STM32F4xx_HAL_Driver/Src/stm32f4xx_hal_tim_ex.c ****   HAL_StatusTypeDef status = HAL_OK;
 3664              		.loc 1 1181 1 is_stmt 0 view .LVU969
 3665 0000 38B5     		push	{r3, r4, r5, lr}
 3666              	.LCFI22:
 3667              		.cfi_def_cfa_offset 16
 3668              		.cfi_offset 3, -16
 3669              		.cfi_offset 4, -12
 3670              		.cfi_offset 5, -8
 3671              		.cfi_offset 14, -4
 3672 0002 0446     		mov	r4, r0
 3673 0004 0D46     		mov	r5, r1
1182:Drivers/STM32F4/Drivers/STM32F4xx_HAL_Driver/Src/stm32f4xx_hal_tim_ex.c ****   uint32_t tmpsmcr;
 3674              		.loc 1 1182 3 is_stmt 1 view .LVU970
 3675              	.LVL212:
1183:Drivers/STM32F4/Drivers/STM32F4xx_HAL_Driver/Src/stm32f4xx_hal_tim_ex.c **** 
 3676              		.loc 1 1183 3 view .LVU971
1186:Drivers/STM32F4/Drivers/STM32F4xx_HAL_Driver/Src/stm32f4xx_hal_tim_ex.c **** 
 3677              		.loc 1 1186 3 view .LVU972
 3678 0006 0368     		ldr	r3, [r0]
 3679 0008 514A     		ldr	r2, .L324
 3680 000a 9342     		cmp	r3, r2
 3681 000c 51D0     		beq	.L299
1186:Drivers/STM32F4/Drivers/STM32F4xx_HAL_Driver/Src/stm32f4xx_hal_tim_ex.c **** 
 3682              		.loc 1 1186 3 is_stmt 0 discriminator 1 view .LVU973
 3683 000e 02F58062 		add	r2, r2, #1024
 3684 0012 9342     		cmp	r3, r2
 3685 0014 4DD0     		beq	.L299
 3686              	.L300:
1186:Drivers/STM32F4/Drivers/STM32F4xx_HAL_Driver/Src/stm32f4xx_hal_tim_ex.c **** 
ARM GAS  /tmp/ccicUsXN.s 			page 124


 3687              		.loc 1 1186 3 discriminator 7 view .LVU974
 3688 0016 40F2A241 		movw	r1, #1186
 3689              	.LVL213:
1186:Drivers/STM32F4/Drivers/STM32F4xx_HAL_Driver/Src/stm32f4xx_hal_tim_ex.c **** 
 3690              		.loc 1 1186 3 discriminator 7 view .LVU975
 3691 001a 4E48     		ldr	r0, .L324+4
 3692              	.LVL214:
1186:Drivers/STM32F4/Drivers/STM32F4xx_HAL_Driver/Src/stm32f4xx_hal_tim_ex.c **** 
 3693              		.loc 1 1186 3 discriminator 7 view .LVU976
 3694 001c FFF7FEFF 		bl	assert_failed
 3695              	.LVL215:
1189:Drivers/STM32F4/Drivers/STM32F4xx_HAL_Driver/Src/stm32f4xx_hal_tim_ex.c ****   {
 3696              		.loc 1 1189 3 is_stmt 1 view .LVU977
1189:Drivers/STM32F4/Drivers/STM32F4xx_HAL_Driver/Src/stm32f4xx_hal_tim_ex.c ****   {
 3697              		.loc 1 1189 46 is_stmt 0 view .LVU978
 3698 0020 002D     		cmp	r5, #0
 3699 0022 4CD1     		bne	.L302
 3700              	.L301:
1189:Drivers/STM32F4/Drivers/STM32F4xx_HAL_Driver/Src/stm32f4xx_hal_tim_ex.c ****   {
 3701              		.loc 1 1189 7 discriminator 1 view .LVU979
 3702 0024 94F84230 		ldrb	r3, [r4, #66]	@ zero_extendqisi2
 3703 0028 DBB2     		uxtb	r3, r3
1189:Drivers/STM32F4/Drivers/STM32F4xx_HAL_Driver/Src/stm32f4xx_hal_tim_ex.c ****   {
 3704              		.loc 1 1189 46 discriminator 1 view .LVU980
 3705 002a 013B     		subs	r3, r3, #1
 3706 002c 18BF     		it	ne
 3707 002e 0123     		movne	r3, #1
 3708              	.L303:
1189:Drivers/STM32F4/Drivers/STM32F4xx_HAL_Driver/Src/stm32f4xx_hal_tim_ex.c ****   {
 3709              		.loc 1 1189 6 discriminator 12 view .LVU981
 3710 0030 002B     		cmp	r3, #0
 3711 0032 40F08980 		bne	.L316
1195:Drivers/STM32F4/Drivers/STM32F4xx_HAL_Driver/Src/stm32f4xx_hal_tim_ex.c **** 
 3712              		.loc 1 1195 3 is_stmt 1 view .LVU982
 3713 0036 002D     		cmp	r5, #0
 3714 0038 5AD1     		bne	.L307
1195:Drivers/STM32F4/Drivers/STM32F4xx_HAL_Driver/Src/stm32f4xx_hal_tim_ex.c **** 
 3715              		.loc 1 1195 3 is_stmt 0 discriminator 1 view .LVU983
 3716 003a 0223     		movs	r3, #2
 3717 003c 84F84230 		strb	r3, [r4, #66]
1197:Drivers/STM32F4/Drivers/STM32F4xx_HAL_Driver/Src/stm32f4xx_hal_tim_ex.c ****   {
 3718              		.loc 1 1197 3 is_stmt 1 view .LVU984
 3719              	.L308:
1202:Drivers/STM32F4/Drivers/STM32F4xx_HAL_Driver/Src/stm32f4xx_hal_tim_ex.c ****       break;
 3720              		.loc 1 1202 7 view .LVU985
 3721 0040 2268     		ldr	r2, [r4]
 3722 0042 D368     		ldr	r3, [r2, #12]
 3723 0044 43F00203 		orr	r3, r3, #2
 3724 0048 D360     		str	r3, [r2, #12]
1203:Drivers/STM32F4/Drivers/STM32F4xx_HAL_Driver/Src/stm32f4xx_hal_tim_ex.c ****     }
 3725              		.loc 1 1203 7 view .LVU986
1225:Drivers/STM32F4/Drivers/STM32F4xx_HAL_Driver/Src/stm32f4xx_hal_tim_ex.c ****   {
 3726              		.loc 1 1225 3 view .LVU987
 3727              	.L313:
1228:Drivers/STM32F4/Drivers/STM32F4xx_HAL_Driver/Src/stm32f4xx_hal_tim_ex.c **** 
 3728              		.loc 1 1228 5 view .LVU988
 3729 004a 2268     		ldr	r2, [r4]
ARM GAS  /tmp/ccicUsXN.s 			page 125


 3730 004c D368     		ldr	r3, [r2, #12]
 3731 004e 43F08003 		orr	r3, r3, #128
 3732 0052 D360     		str	r3, [r2, #12]
1231:Drivers/STM32F4/Drivers/STM32F4xx_HAL_Driver/Src/stm32f4xx_hal_tim_ex.c **** 
 3733              		.loc 1 1231 5 view .LVU989
 3734 0054 0422     		movs	r2, #4
 3735 0056 2946     		mov	r1, r5
 3736 0058 2068     		ldr	r0, [r4]
 3737 005a FFF7FEFF 		bl	TIM_CCxNChannelCmd
 3738              	.LVL216:
1234:Drivers/STM32F4/Drivers/STM32F4xx_HAL_Driver/Src/stm32f4xx_hal_tim_ex.c **** 
 3739              		.loc 1 1234 5 view .LVU990
 3740 005e 2268     		ldr	r2, [r4]
 3741 0060 536C     		ldr	r3, [r2, #68]
 3742 0062 43F40043 		orr	r3, r3, #32768
 3743 0066 5364     		str	r3, [r2, #68]
1237:Drivers/STM32F4/Drivers/STM32F4xx_HAL_Driver/Src/stm32f4xx_hal_tim_ex.c ****     {
 3744              		.loc 1 1237 5 view .LVU991
1237:Drivers/STM32F4/Drivers/STM32F4xx_HAL_Driver/Src/stm32f4xx_hal_tim_ex.c ****     {
 3745              		.loc 1 1237 9 is_stmt 0 view .LVU992
 3746 0068 2368     		ldr	r3, [r4]
1237:Drivers/STM32F4/Drivers/STM32F4xx_HAL_Driver/Src/stm32f4xx_hal_tim_ex.c ****     {
 3747              		.loc 1 1237 8 view .LVU993
 3748 006a 394A     		ldr	r2, .L324
 3749 006c 9342     		cmp	r3, r2
 3750 006e 60D0     		beq	.L314
1237:Drivers/STM32F4/Drivers/STM32F4xx_HAL_Driver/Src/stm32f4xx_hal_tim_ex.c ****     {
 3751              		.loc 1 1237 9 discriminator 1 view .LVU994
 3752 0070 B3F1804F 		cmp	r3, #1073741824
 3753 0074 5DD0     		beq	.L314
1237:Drivers/STM32F4/Drivers/STM32F4xx_HAL_Driver/Src/stm32f4xx_hal_tim_ex.c ****     {
 3754              		.loc 1 1237 9 discriminator 2 view .LVU995
 3755 0076 A2F57C42 		sub	r2, r2, #64512
 3756 007a 9342     		cmp	r3, r2
 3757 007c 59D0     		beq	.L314
1237:Drivers/STM32F4/Drivers/STM32F4xx_HAL_Driver/Src/stm32f4xx_hal_tim_ex.c ****     {
 3758              		.loc 1 1237 9 discriminator 3 view .LVU996
 3759 007e 02F58062 		add	r2, r2, #1024
 3760 0082 9342     		cmp	r3, r2
 3761 0084 55D0     		beq	.L314
1237:Drivers/STM32F4/Drivers/STM32F4xx_HAL_Driver/Src/stm32f4xx_hal_tim_ex.c ****     {
 3762              		.loc 1 1237 9 discriminator 4 view .LVU997
 3763 0086 02F58062 		add	r2, r2, #1024
 3764 008a 9342     		cmp	r3, r2
 3765 008c 51D0     		beq	.L314
1237:Drivers/STM32F4/Drivers/STM32F4xx_HAL_Driver/Src/stm32f4xx_hal_tim_ex.c ****     {
 3766              		.loc 1 1237 9 discriminator 5 view .LVU998
 3767 008e 02F57842 		add	r2, r2, #63488
 3768 0092 9342     		cmp	r3, r2
 3769 0094 4DD0     		beq	.L314
1237:Drivers/STM32F4/Drivers/STM32F4xx_HAL_Driver/Src/stm32f4xx_hal_tim_ex.c ****     {
 3770              		.loc 1 1237 9 discriminator 6 view .LVU999
 3771 0096 02F57052 		add	r2, r2, #15360
 3772 009a 9342     		cmp	r3, r2
 3773 009c 49D0     		beq	.L314
1237:Drivers/STM32F4/Drivers/STM32F4xx_HAL_Driver/Src/stm32f4xx_hal_tim_ex.c ****     {
 3774              		.loc 1 1237 9 discriminator 7 view .LVU1000
ARM GAS  /tmp/ccicUsXN.s 			page 126


 3775 009e A2F59432 		sub	r2, r2, #75776
 3776 00a2 9342     		cmp	r3, r2
 3777 00a4 45D0     		beq	.L314
1247:Drivers/STM32F4/Drivers/STM32F4xx_HAL_Driver/Src/stm32f4xx_hal_tim_ex.c ****     }
 3778              		.loc 1 1247 7 is_stmt 1 view .LVU1001
 3779 00a6 1A68     		ldr	r2, [r3]
 3780 00a8 42F00102 		orr	r2, r2, #1
 3781 00ac 1A60     		str	r2, [r3]
 3782 00ae 0020     		movs	r0, #0
 3783 00b0 49E0     		b	.L306
 3784              	.LVL217:
 3785              	.L299:
1186:Drivers/STM32F4/Drivers/STM32F4xx_HAL_Driver/Src/stm32f4xx_hal_tim_ex.c **** 
 3786              		.loc 1 1186 3 is_stmt 0 discriminator 4 view .LVU1002
 3787 00b2 002D     		cmp	r5, #0
 3788 00b4 B6D0     		beq	.L301
1186:Drivers/STM32F4/Drivers/STM32F4xx_HAL_Driver/Src/stm32f4xx_hal_tim_ex.c **** 
 3789              		.loc 1 1186 3 discriminator 5 view .LVU1003
 3790 00b6 042D     		cmp	r5, #4
 3791 00b8 01D0     		beq	.L302
1186:Drivers/STM32F4/Drivers/STM32F4xx_HAL_Driver/Src/stm32f4xx_hal_tim_ex.c **** 
 3792              		.loc 1 1186 3 discriminator 6 view .LVU1004
 3793 00ba 082D     		cmp	r5, #8
 3794 00bc ABD1     		bne	.L300
 3795              	.LVL218:
 3796              	.L302:
1189:Drivers/STM32F4/Drivers/STM32F4xx_HAL_Driver/Src/stm32f4xx_hal_tim_ex.c ****   {
 3797              		.loc 1 1189 46 discriminator 2 view .LVU1005
 3798 00be 042D     		cmp	r5, #4
 3799 00c0 08D0     		beq	.L320
1189:Drivers/STM32F4/Drivers/STM32F4xx_HAL_Driver/Src/stm32f4xx_hal_tim_ex.c ****   {
 3800              		.loc 1 1189 46 discriminator 5 view .LVU1006
 3801 00c2 082D     		cmp	r5, #8
 3802 00c4 0DD0     		beq	.L321
1189:Drivers/STM32F4/Drivers/STM32F4xx_HAL_Driver/Src/stm32f4xx_hal_tim_ex.c ****   {
 3803              		.loc 1 1189 7 discriminator 8 view .LVU1007
 3804 00c6 94F84530 		ldrb	r3, [r4, #69]	@ zero_extendqisi2
 3805 00ca DBB2     		uxtb	r3, r3
1189:Drivers/STM32F4/Drivers/STM32F4xx_HAL_Driver/Src/stm32f4xx_hal_tim_ex.c ****   {
 3806              		.loc 1 1189 46 discriminator 8 view .LVU1008
 3807 00cc 013B     		subs	r3, r3, #1
 3808 00ce 18BF     		it	ne
 3809 00d0 0123     		movne	r3, #1
 3810 00d2 ADE7     		b	.L303
 3811              	.L320:
1189:Drivers/STM32F4/Drivers/STM32F4xx_HAL_Driver/Src/stm32f4xx_hal_tim_ex.c ****   {
 3812              		.loc 1 1189 7 discriminator 4 view .LVU1009
 3813 00d4 94F84330 		ldrb	r3, [r4, #67]	@ zero_extendqisi2
 3814 00d8 DBB2     		uxtb	r3, r3
1189:Drivers/STM32F4/Drivers/STM32F4xx_HAL_Driver/Src/stm32f4xx_hal_tim_ex.c ****   {
 3815              		.loc 1 1189 46 discriminator 4 view .LVU1010
 3816 00da 013B     		subs	r3, r3, #1
 3817 00dc 18BF     		it	ne
 3818 00de 0123     		movne	r3, #1
 3819 00e0 A6E7     		b	.L303
 3820              	.L321:
1189:Drivers/STM32F4/Drivers/STM32F4xx_HAL_Driver/Src/stm32f4xx_hal_tim_ex.c ****   {
ARM GAS  /tmp/ccicUsXN.s 			page 127


 3821              		.loc 1 1189 7 discriminator 7 view .LVU1011
 3822 00e2 94F84430 		ldrb	r3, [r4, #68]	@ zero_extendqisi2
 3823 00e6 DBB2     		uxtb	r3, r3
1189:Drivers/STM32F4/Drivers/STM32F4xx_HAL_Driver/Src/stm32f4xx_hal_tim_ex.c ****   {
 3824              		.loc 1 1189 46 discriminator 7 view .LVU1012
 3825 00e8 013B     		subs	r3, r3, #1
 3826 00ea 18BF     		it	ne
 3827 00ec 0123     		movne	r3, #1
 3828 00ee 9FE7     		b	.L303
 3829              	.L307:
1195:Drivers/STM32F4/Drivers/STM32F4xx_HAL_Driver/Src/stm32f4xx_hal_tim_ex.c **** 
 3830              		.loc 1 1195 3 discriminator 2 view .LVU1013
 3831 00f0 042D     		cmp	r5, #4
 3832 00f2 0CD0     		beq	.L322
1195:Drivers/STM32F4/Drivers/STM32F4xx_HAL_Driver/Src/stm32f4xx_hal_tim_ex.c **** 
 3833              		.loc 1 1195 3 discriminator 4 view .LVU1014
 3834 00f4 082D     		cmp	r5, #8
 3835 00f6 13D0     		beq	.L323
1195:Drivers/STM32F4/Drivers/STM32F4xx_HAL_Driver/Src/stm32f4xx_hal_tim_ex.c **** 
 3836              		.loc 1 1195 3 discriminator 7 view .LVU1015
 3837 00f8 0223     		movs	r3, #2
 3838 00fa 84F84530 		strb	r3, [r4, #69]
1197:Drivers/STM32F4/Drivers/STM32F4xx_HAL_Driver/Src/stm32f4xx_hal_tim_ex.c ****   {
 3839              		.loc 1 1197 3 is_stmt 1 view .LVU1016
 3840 00fe 042D     		cmp	r5, #4
 3841 0100 08D0     		beq	.L310
 3842 0102 082D     		cmp	r5, #8
 3843 0104 0FD0     		beq	.L312
 3844 0106 002D     		cmp	r5, #0
 3845 0108 9AD0     		beq	.L308
 3846 010a 0120     		movs	r0, #1
 3847 010c 1BE0     		b	.L306
 3848              	.L322:
1195:Drivers/STM32F4/Drivers/STM32F4xx_HAL_Driver/Src/stm32f4xx_hal_tim_ex.c **** 
 3849              		.loc 1 1195 3 is_stmt 0 discriminator 3 view .LVU1017
 3850 010e 0223     		movs	r3, #2
 3851 0110 84F84330 		strb	r3, [r4, #67]
1197:Drivers/STM32F4/Drivers/STM32F4xx_HAL_Driver/Src/stm32f4xx_hal_tim_ex.c ****   {
 3852              		.loc 1 1197 3 is_stmt 1 view .LVU1018
 3853              	.L310:
1209:Drivers/STM32F4/Drivers/STM32F4xx_HAL_Driver/Src/stm32f4xx_hal_tim_ex.c ****       break;
 3854              		.loc 1 1209 7 view .LVU1019
 3855 0114 2268     		ldr	r2, [r4]
 3856 0116 D368     		ldr	r3, [r2, #12]
 3857 0118 43F00403 		orr	r3, r3, #4
 3858 011c D360     		str	r3, [r2, #12]
1210:Drivers/STM32F4/Drivers/STM32F4xx_HAL_Driver/Src/stm32f4xx_hal_tim_ex.c ****     }
 3859              		.loc 1 1210 7 view .LVU1020
1225:Drivers/STM32F4/Drivers/STM32F4xx_HAL_Driver/Src/stm32f4xx_hal_tim_ex.c ****   {
 3860              		.loc 1 1225 3 view .LVU1021
 3861 011e 94E7     		b	.L313
 3862              	.L323:
1195:Drivers/STM32F4/Drivers/STM32F4xx_HAL_Driver/Src/stm32f4xx_hal_tim_ex.c **** 
 3863              		.loc 1 1195 3 is_stmt 0 discriminator 6 view .LVU1022
 3864 0120 0223     		movs	r3, #2
 3865 0122 84F84430 		strb	r3, [r4, #68]
1197:Drivers/STM32F4/Drivers/STM32F4xx_HAL_Driver/Src/stm32f4xx_hal_tim_ex.c ****   {
ARM GAS  /tmp/ccicUsXN.s 			page 128


 3866              		.loc 1 1197 3 is_stmt 1 view .LVU1023
 3867              	.L312:
1216:Drivers/STM32F4/Drivers/STM32F4xx_HAL_Driver/Src/stm32f4xx_hal_tim_ex.c ****       break;
 3868              		.loc 1 1216 7 view .LVU1024
 3869 0126 2268     		ldr	r2, [r4]
 3870 0128 D368     		ldr	r3, [r2, #12]
 3871 012a 43F00803 		orr	r3, r3, #8
 3872 012e D360     		str	r3, [r2, #12]
1217:Drivers/STM32F4/Drivers/STM32F4xx_HAL_Driver/Src/stm32f4xx_hal_tim_ex.c ****     }
 3873              		.loc 1 1217 7 view .LVU1025
1225:Drivers/STM32F4/Drivers/STM32F4xx_HAL_Driver/Src/stm32f4xx_hal_tim_ex.c ****   {
 3874              		.loc 1 1225 3 view .LVU1026
 3875 0130 8BE7     		b	.L313
 3876              	.L314:
1239:Drivers/STM32F4/Drivers/STM32F4xx_HAL_Driver/Src/stm32f4xx_hal_tim_ex.c ****       if (!IS_TIM_SLAVEMODE_TRIGGER_ENABLED(tmpsmcr))
 3877              		.loc 1 1239 7 view .LVU1027
1239:Drivers/STM32F4/Drivers/STM32F4xx_HAL_Driver/Src/stm32f4xx_hal_tim_ex.c ****       if (!IS_TIM_SLAVEMODE_TRIGGER_ENABLED(tmpsmcr))
 3878              		.loc 1 1239 31 is_stmt 0 view .LVU1028
 3879 0132 9A68     		ldr	r2, [r3, #8]
1239:Drivers/STM32F4/Drivers/STM32F4xx_HAL_Driver/Src/stm32f4xx_hal_tim_ex.c ****       if (!IS_TIM_SLAVEMODE_TRIGGER_ENABLED(tmpsmcr))
 3880              		.loc 1 1239 15 view .LVU1029
 3881 0134 02F00702 		and	r2, r2, #7
 3882              	.LVL219:
1240:Drivers/STM32F4/Drivers/STM32F4xx_HAL_Driver/Src/stm32f4xx_hal_tim_ex.c ****       {
 3883              		.loc 1 1240 7 is_stmt 1 view .LVU1030
1240:Drivers/STM32F4/Drivers/STM32F4xx_HAL_Driver/Src/stm32f4xx_hal_tim_ex.c ****       {
 3884              		.loc 1 1240 10 is_stmt 0 view .LVU1031
 3885 0138 062A     		cmp	r2, #6
 3886 013a 07D0     		beq	.L318
1242:Drivers/STM32F4/Drivers/STM32F4xx_HAL_Driver/Src/stm32f4xx_hal_tim_ex.c ****       }
 3887              		.loc 1 1242 9 is_stmt 1 view .LVU1032
 3888 013c 1A68     		ldr	r2, [r3]
 3889              	.LVL220:
1242:Drivers/STM32F4/Drivers/STM32F4xx_HAL_Driver/Src/stm32f4xx_hal_tim_ex.c ****       }
 3890              		.loc 1 1242 9 is_stmt 0 view .LVU1033
 3891 013e 42F00102 		orr	r2, r2, #1
 3892 0142 1A60     		str	r2, [r3]
 3893 0144 0020     		movs	r0, #0
 3894              	.LVL221:
 3895              	.L306:
1253:Drivers/STM32F4/Drivers/STM32F4xx_HAL_Driver/Src/stm32f4xx_hal_tim_ex.c **** 
 3896              		.loc 1 1253 1 view .LVU1034
 3897 0146 38BD     		pop	{r3, r4, r5, pc}
 3898              	.LVL222:
 3899              	.L316:
1191:Drivers/STM32F4/Drivers/STM32F4xx_HAL_Driver/Src/stm32f4xx_hal_tim_ex.c ****   }
 3900              		.loc 1 1191 12 view .LVU1035
 3901 0148 0120     		movs	r0, #1
 3902 014a FCE7     		b	.L306
 3903              	.LVL223:
 3904              	.L318:
1191:Drivers/STM32F4/Drivers/STM32F4xx_HAL_Driver/Src/stm32f4xx_hal_tim_ex.c ****   }
 3905              		.loc 1 1191 12 view .LVU1036
 3906 014c 0020     		movs	r0, #0
 3907 014e FAE7     		b	.L306
 3908              	.L325:
 3909              		.align	2
ARM GAS  /tmp/ccicUsXN.s 			page 129


 3910              	.L324:
 3911 0150 00000140 		.word	1073807360
 3912 0154 00000000 		.word	.LC0
 3913              		.cfi_endproc
 3914              	.LFE152:
 3916              		.section	.text.HAL_TIMEx_PWMN_Stop_IT,"ax",%progbits
 3917              		.align	1
 3918              		.global	HAL_TIMEx_PWMN_Stop_IT
 3919              		.syntax unified
 3920              		.thumb
 3921              		.thumb_func
 3923              	HAL_TIMEx_PWMN_Stop_IT:
 3924              	.LVL224:
 3925              	.LFB153:
1267:Drivers/STM32F4/Drivers/STM32F4xx_HAL_Driver/Src/stm32f4xx_hal_tim_ex.c ****   HAL_StatusTypeDef status = HAL_OK;
 3926              		.loc 1 1267 1 is_stmt 1 view -0
 3927              		.cfi_startproc
 3928              		@ args = 0, pretend = 0, frame = 0
 3929              		@ frame_needed = 0, uses_anonymous_args = 0
1267:Drivers/STM32F4/Drivers/STM32F4xx_HAL_Driver/Src/stm32f4xx_hal_tim_ex.c ****   HAL_StatusTypeDef status = HAL_OK;
 3930              		.loc 1 1267 1 is_stmt 0 view .LVU1038
 3931 0000 38B5     		push	{r3, r4, r5, lr}
 3932              	.LCFI23:
 3933              		.cfi_def_cfa_offset 16
 3934              		.cfi_offset 3, -16
 3935              		.cfi_offset 4, -12
 3936              		.cfi_offset 5, -8
 3937              		.cfi_offset 14, -4
 3938 0002 0446     		mov	r4, r0
 3939 0004 0D46     		mov	r5, r1
1268:Drivers/STM32F4/Drivers/STM32F4xx_HAL_Driver/Src/stm32f4xx_hal_tim_ex.c ****   uint32_t tmpccer;
 3940              		.loc 1 1268 3 is_stmt 1 view .LVU1039
 3941              	.LVL225:
1269:Drivers/STM32F4/Drivers/STM32F4xx_HAL_Driver/Src/stm32f4xx_hal_tim_ex.c **** 
 3942              		.loc 1 1269 3 view .LVU1040
1272:Drivers/STM32F4/Drivers/STM32F4xx_HAL_Driver/Src/stm32f4xx_hal_tim_ex.c **** 
 3943              		.loc 1 1272 3 view .LVU1041
 3944 0006 0368     		ldr	r3, [r0]
 3945 0008 384A     		ldr	r2, .L344
 3946 000a 9342     		cmp	r3, r2
 3947 000c 46D0     		beq	.L327
1272:Drivers/STM32F4/Drivers/STM32F4xx_HAL_Driver/Src/stm32f4xx_hal_tim_ex.c **** 
 3948              		.loc 1 1272 3 is_stmt 0 discriminator 1 view .LVU1042
 3949 000e 02F58062 		add	r2, r2, #1024
 3950 0012 9342     		cmp	r3, r2
 3951 0014 42D0     		beq	.L327
 3952              	.L328:
1272:Drivers/STM32F4/Drivers/STM32F4xx_HAL_Driver/Src/stm32f4xx_hal_tim_ex.c **** 
 3953              		.loc 1 1272 3 discriminator 7 view .LVU1043
 3954 0016 4FF49F61 		mov	r1, #1272
 3955              	.LVL226:
1272:Drivers/STM32F4/Drivers/STM32F4xx_HAL_Driver/Src/stm32f4xx_hal_tim_ex.c **** 
 3956              		.loc 1 1272 3 discriminator 7 view .LVU1044
 3957 001a 3548     		ldr	r0, .L344+4
 3958              	.LVL227:
1272:Drivers/STM32F4/Drivers/STM32F4xx_HAL_Driver/Src/stm32f4xx_hal_tim_ex.c **** 
 3959              		.loc 1 1272 3 discriminator 7 view .LVU1045
ARM GAS  /tmp/ccicUsXN.s 			page 130


 3960 001c FFF7FEFF 		bl	assert_failed
 3961              	.LVL228:
1274:Drivers/STM32F4/Drivers/STM32F4xx_HAL_Driver/Src/stm32f4xx_hal_tim_ex.c ****   {
 3962              		.loc 1 1274 3 is_stmt 1 view .LVU1046
 3963 0020 042D     		cmp	r5, #4
 3964 0022 47D0     		beq	.L330
 3965 0024 082D     		cmp	r5, #8
 3966 0026 3FD0     		beq	.L331
 3967 0028 002D     		cmp	r5, #0
 3968 002a 5CD1     		bne	.L340
 3969              	.L329:
1279:Drivers/STM32F4/Drivers/STM32F4xx_HAL_Driver/Src/stm32f4xx_hal_tim_ex.c ****       break;
 3970              		.loc 1 1279 7 view .LVU1047
 3971 002c 2268     		ldr	r2, [r4]
 3972 002e D368     		ldr	r3, [r2, #12]
 3973 0030 23F00203 		bic	r3, r3, #2
 3974 0034 D360     		str	r3, [r2, #12]
1280:Drivers/STM32F4/Drivers/STM32F4xx_HAL_Driver/Src/stm32f4xx_hal_tim_ex.c ****     }
 3975              		.loc 1 1280 7 view .LVU1048
1302:Drivers/STM32F4/Drivers/STM32F4xx_HAL_Driver/Src/stm32f4xx_hal_tim_ex.c ****   {
 3976              		.loc 1 1302 3 view .LVU1049
 3977              	.L333:
1305:Drivers/STM32F4/Drivers/STM32F4xx_HAL_Driver/Src/stm32f4xx_hal_tim_ex.c **** 
 3978              		.loc 1 1305 5 view .LVU1050
 3979 0036 0022     		movs	r2, #0
 3980 0038 2946     		mov	r1, r5
 3981 003a 2068     		ldr	r0, [r4]
 3982 003c FFF7FEFF 		bl	TIM_CCxNChannelCmd
 3983              	.LVL229:
1308:Drivers/STM32F4/Drivers/STM32F4xx_HAL_Driver/Src/stm32f4xx_hal_tim_ex.c ****     if ((tmpccer & TIM_CCER_CCxNE_MASK) == (uint32_t)RESET)
 3984              		.loc 1 1308 5 view .LVU1051
1308:Drivers/STM32F4/Drivers/STM32F4xx_HAL_Driver/Src/stm32f4xx_hal_tim_ex.c ****     if ((tmpccer & TIM_CCER_CCxNE_MASK) == (uint32_t)RESET)
 3985              		.loc 1 1308 19 is_stmt 0 view .LVU1052
 3986 0040 2368     		ldr	r3, [r4]
1308:Drivers/STM32F4/Drivers/STM32F4xx_HAL_Driver/Src/stm32f4xx_hal_tim_ex.c ****     if ((tmpccer & TIM_CCER_CCxNE_MASK) == (uint32_t)RESET)
 3987              		.loc 1 1308 13 view .LVU1053
 3988 0042 196A     		ldr	r1, [r3, #32]
 3989              	.LVL230:
1309:Drivers/STM32F4/Drivers/STM32F4xx_HAL_Driver/Src/stm32f4xx_hal_tim_ex.c ****     {
 3990              		.loc 1 1309 5 is_stmt 1 view .LVU1054
1309:Drivers/STM32F4/Drivers/STM32F4xx_HAL_Driver/Src/stm32f4xx_hal_tim_ex.c ****     {
 3991              		.loc 1 1309 8 is_stmt 0 view .LVU1055
 3992 0044 40F24442 		movw	r2, #1092
 3993 0048 1142     		tst	r1, r2
 3994 004a 03D1     		bne	.L334
1311:Drivers/STM32F4/Drivers/STM32F4xx_HAL_Driver/Src/stm32f4xx_hal_tim_ex.c ****     }
 3995              		.loc 1 1311 7 is_stmt 1 view .LVU1056
 3996 004c DA68     		ldr	r2, [r3, #12]
 3997 004e 22F08002 		bic	r2, r2, #128
 3998 0052 DA60     		str	r2, [r3, #12]
 3999              	.L334:
1315:Drivers/STM32F4/Drivers/STM32F4xx_HAL_Driver/Src/stm32f4xx_hal_tim_ex.c **** 
 4000              		.loc 1 1315 5 view .LVU1057
1315:Drivers/STM32F4/Drivers/STM32F4xx_HAL_Driver/Src/stm32f4xx_hal_tim_ex.c **** 
 4001              		.loc 1 1315 5 view .LVU1058
 4002 0054 2368     		ldr	r3, [r4]
 4003 0056 196A     		ldr	r1, [r3, #32]
ARM GAS  /tmp/ccicUsXN.s 			page 131


 4004              	.LVL231:
1315:Drivers/STM32F4/Drivers/STM32F4xx_HAL_Driver/Src/stm32f4xx_hal_tim_ex.c **** 
 4005              		.loc 1 1315 5 is_stmt 0 view .LVU1059
 4006 0058 41F21112 		movw	r2, #4369
 4007 005c 1142     		tst	r1, r2
 4008 005e 08D1     		bne	.L335
1315:Drivers/STM32F4/Drivers/STM32F4xx_HAL_Driver/Src/stm32f4xx_hal_tim_ex.c **** 
 4009              		.loc 1 1315 5 is_stmt 1 discriminator 1 view .LVU1060
 4010 0060 196A     		ldr	r1, [r3, #32]
 4011 0062 40F24442 		movw	r2, #1092
 4012 0066 1142     		tst	r1, r2
 4013 0068 03D1     		bne	.L335
1315:Drivers/STM32F4/Drivers/STM32F4xx_HAL_Driver/Src/stm32f4xx_hal_tim_ex.c **** 
 4014              		.loc 1 1315 5 discriminator 3 view .LVU1061
 4015 006a 5A6C     		ldr	r2, [r3, #68]
 4016 006c 22F40042 		bic	r2, r2, #32768
 4017 0070 5A64     		str	r2, [r3, #68]
 4018              	.L335:
1315:Drivers/STM32F4/Drivers/STM32F4xx_HAL_Driver/Src/stm32f4xx_hal_tim_ex.c **** 
 4019              		.loc 1 1315 5 discriminator 5 view .LVU1062
1318:Drivers/STM32F4/Drivers/STM32F4xx_HAL_Driver/Src/stm32f4xx_hal_tim_ex.c **** 
 4020              		.loc 1 1318 5 view .LVU1063
1318:Drivers/STM32F4/Drivers/STM32F4xx_HAL_Driver/Src/stm32f4xx_hal_tim_ex.c **** 
 4021              		.loc 1 1318 5 view .LVU1064
 4022 0072 2368     		ldr	r3, [r4]
 4023 0074 196A     		ldr	r1, [r3, #32]
 4024 0076 41F21112 		movw	r2, #4369
 4025 007a 1142     		tst	r1, r2
 4026 007c 08D1     		bne	.L336
1318:Drivers/STM32F4/Drivers/STM32F4xx_HAL_Driver/Src/stm32f4xx_hal_tim_ex.c **** 
 4027              		.loc 1 1318 5 discriminator 1 view .LVU1065
 4028 007e 196A     		ldr	r1, [r3, #32]
 4029 0080 40F24442 		movw	r2, #1092
 4030 0084 1142     		tst	r1, r2
 4031 0086 03D1     		bne	.L336
1318:Drivers/STM32F4/Drivers/STM32F4xx_HAL_Driver/Src/stm32f4xx_hal_tim_ex.c **** 
 4032              		.loc 1 1318 5 discriminator 3 view .LVU1066
 4033 0088 1A68     		ldr	r2, [r3]
 4034 008a 22F00102 		bic	r2, r2, #1
 4035 008e 1A60     		str	r2, [r3]
 4036              	.L336:
1318:Drivers/STM32F4/Drivers/STM32F4xx_HAL_Driver/Src/stm32f4xx_hal_tim_ex.c **** 
 4037              		.loc 1 1318 5 discriminator 5 view .LVU1067
1321:Drivers/STM32F4/Drivers/STM32F4xx_HAL_Driver/Src/stm32f4xx_hal_tim_ex.c ****   }
 4038              		.loc 1 1321 5 view .LVU1068
 4039 0090 B5B9     		cbnz	r5, .L337
1321:Drivers/STM32F4/Drivers/STM32F4xx_HAL_Driver/Src/stm32f4xx_hal_tim_ex.c ****   }
 4040              		.loc 1 1321 5 is_stmt 0 discriminator 1 view .LVU1069
 4041 0092 0123     		movs	r3, #1
 4042 0094 84F84230 		strb	r3, [r4, #66]
 4043 0098 0020     		movs	r0, #0
 4044              	.LVL232:
 4045              	.L332:
1325:Drivers/STM32F4/Drivers/STM32F4xx_HAL_Driver/Src/stm32f4xx_hal_tim_ex.c **** }
 4046              		.loc 1 1325 3 is_stmt 1 view .LVU1070
1326:Drivers/STM32F4/Drivers/STM32F4xx_HAL_Driver/Src/stm32f4xx_hal_tim_ex.c **** 
 4047              		.loc 1 1326 1 is_stmt 0 view .LVU1071
ARM GAS  /tmp/ccicUsXN.s 			page 132


 4048 009a 38BD     		pop	{r3, r4, r5, pc}
 4049              	.LVL233:
 4050              	.L327:
1272:Drivers/STM32F4/Drivers/STM32F4xx_HAL_Driver/Src/stm32f4xx_hal_tim_ex.c **** 
 4051              		.loc 1 1272 3 discriminator 4 view .LVU1072
 4052 009c 002D     		cmp	r5, #0
 4053 009e C5D0     		beq	.L329
1272:Drivers/STM32F4/Drivers/STM32F4xx_HAL_Driver/Src/stm32f4xx_hal_tim_ex.c **** 
 4054              		.loc 1 1272 3 discriminator 5 view .LVU1073
 4055 00a0 042D     		cmp	r5, #4
 4056 00a2 07D0     		beq	.L330
1272:Drivers/STM32F4/Drivers/STM32F4xx_HAL_Driver/Src/stm32f4xx_hal_tim_ex.c **** 
 4057              		.loc 1 1272 3 discriminator 6 view .LVU1074
 4058 00a4 082D     		cmp	r5, #8
 4059 00a6 B6D1     		bne	.L328
 4060              	.LVL234:
 4061              	.L331:
1293:Drivers/STM32F4/Drivers/STM32F4xx_HAL_Driver/Src/stm32f4xx_hal_tim_ex.c ****       break;
 4062              		.loc 1 1293 7 is_stmt 1 view .LVU1075
 4063 00a8 2268     		ldr	r2, [r4]
 4064 00aa D368     		ldr	r3, [r2, #12]
 4065 00ac 23F00803 		bic	r3, r3, #8
 4066 00b0 D360     		str	r3, [r2, #12]
1294:Drivers/STM32F4/Drivers/STM32F4xx_HAL_Driver/Src/stm32f4xx_hal_tim_ex.c ****     }
 4067              		.loc 1 1294 7 view .LVU1076
1302:Drivers/STM32F4/Drivers/STM32F4xx_HAL_Driver/Src/stm32f4xx_hal_tim_ex.c ****   {
 4068              		.loc 1 1302 3 view .LVU1077
 4069 00b2 C0E7     		b	.L333
 4070              	.L330:
1286:Drivers/STM32F4/Drivers/STM32F4xx_HAL_Driver/Src/stm32f4xx_hal_tim_ex.c ****       break;
 4071              		.loc 1 1286 7 view .LVU1078
 4072 00b4 2268     		ldr	r2, [r4]
 4073 00b6 D368     		ldr	r3, [r2, #12]
 4074 00b8 23F00403 		bic	r3, r3, #4
 4075 00bc D360     		str	r3, [r2, #12]
1287:Drivers/STM32F4/Drivers/STM32F4xx_HAL_Driver/Src/stm32f4xx_hal_tim_ex.c ****     }
 4076              		.loc 1 1287 7 view .LVU1079
1302:Drivers/STM32F4/Drivers/STM32F4xx_HAL_Driver/Src/stm32f4xx_hal_tim_ex.c ****   {
 4077              		.loc 1 1302 3 view .LVU1080
 4078 00be BAE7     		b	.L333
 4079              	.LVL235:
 4080              	.L337:
1321:Drivers/STM32F4/Drivers/STM32F4xx_HAL_Driver/Src/stm32f4xx_hal_tim_ex.c ****   }
 4081              		.loc 1 1321 5 is_stmt 0 discriminator 2 view .LVU1081
 4082 00c0 042D     		cmp	r5, #4
 4083 00c2 06D0     		beq	.L342
1321:Drivers/STM32F4/Drivers/STM32F4xx_HAL_Driver/Src/stm32f4xx_hal_tim_ex.c ****   }
 4084              		.loc 1 1321 5 discriminator 4 view .LVU1082
 4085 00c4 082D     		cmp	r5, #8
 4086 00c6 09D0     		beq	.L343
1321:Drivers/STM32F4/Drivers/STM32F4xx_HAL_Driver/Src/stm32f4xx_hal_tim_ex.c ****   }
 4087              		.loc 1 1321 5 discriminator 7 view .LVU1083
 4088 00c8 0123     		movs	r3, #1
 4089 00ca 84F84530 		strb	r3, [r4, #69]
 4090 00ce 0020     		movs	r0, #0
 4091 00d0 E3E7     		b	.L332
 4092              	.L342:
ARM GAS  /tmp/ccicUsXN.s 			page 133


1321:Drivers/STM32F4/Drivers/STM32F4xx_HAL_Driver/Src/stm32f4xx_hal_tim_ex.c ****   }
 4093              		.loc 1 1321 5 discriminator 3 view .LVU1084
 4094 00d2 0123     		movs	r3, #1
 4095 00d4 84F84330 		strb	r3, [r4, #67]
 4096 00d8 0020     		movs	r0, #0
 4097 00da DEE7     		b	.L332
 4098              	.L343:
1321:Drivers/STM32F4/Drivers/STM32F4xx_HAL_Driver/Src/stm32f4xx_hal_tim_ex.c ****   }
 4099              		.loc 1 1321 5 discriminator 6 view .LVU1085
 4100 00dc 0123     		movs	r3, #1
 4101 00de 84F84430 		strb	r3, [r4, #68]
 4102 00e2 0020     		movs	r0, #0
 4103 00e4 D9E7     		b	.L332
 4104              	.LVL236:
 4105              	.L340:
1274:Drivers/STM32F4/Drivers/STM32F4xx_HAL_Driver/Src/stm32f4xx_hal_tim_ex.c ****   {
 4106              		.loc 1 1274 3 view .LVU1086
 4107 00e6 0120     		movs	r0, #1
 4108 00e8 D7E7     		b	.L332
 4109              	.L345:
 4110 00ea 00BF     		.align	2
 4111              	.L344:
 4112 00ec 00000140 		.word	1073807360
 4113 00f0 00000000 		.word	.LC0
 4114              		.cfi_endproc
 4115              	.LFE153:
 4117              		.section	.text.HAL_TIMEx_PWMN_Start_DMA,"ax",%progbits
 4118              		.align	1
 4119              		.global	HAL_TIMEx_PWMN_Start_DMA
 4120              		.syntax unified
 4121              		.thumb
 4122              		.thumb_func
 4124              	HAL_TIMEx_PWMN_Start_DMA:
 4125              	.LVL237:
 4126              	.LFB154:
1343:Drivers/STM32F4/Drivers/STM32F4xx_HAL_Driver/Src/stm32f4xx_hal_tim_ex.c ****   HAL_StatusTypeDef status = HAL_OK;
 4127              		.loc 1 1343 1 is_stmt 1 view -0
 4128              		.cfi_startproc
 4129              		@ args = 0, pretend = 0, frame = 0
 4130              		@ frame_needed = 0, uses_anonymous_args = 0
1343:Drivers/STM32F4/Drivers/STM32F4xx_HAL_Driver/Src/stm32f4xx_hal_tim_ex.c ****   HAL_StatusTypeDef status = HAL_OK;
 4131              		.loc 1 1343 1 is_stmt 0 view .LVU1088
 4132 0000 F8B5     		push	{r3, r4, r5, r6, r7, lr}
 4133              	.LCFI24:
 4134              		.cfi_def_cfa_offset 24
 4135              		.cfi_offset 3, -24
 4136              		.cfi_offset 4, -20
 4137              		.cfi_offset 5, -16
 4138              		.cfi_offset 6, -12
 4139              		.cfi_offset 7, -8
 4140              		.cfi_offset 14, -4
 4141 0002 0446     		mov	r4, r0
 4142 0004 0D46     		mov	r5, r1
 4143 0006 1646     		mov	r6, r2
 4144 0008 1F46     		mov	r7, r3
1344:Drivers/STM32F4/Drivers/STM32F4xx_HAL_Driver/Src/stm32f4xx_hal_tim_ex.c ****   uint32_t tmpsmcr;
 4145              		.loc 1 1344 3 is_stmt 1 view .LVU1089
ARM GAS  /tmp/ccicUsXN.s 			page 134


 4146              	.LVL238:
1345:Drivers/STM32F4/Drivers/STM32F4xx_HAL_Driver/Src/stm32f4xx_hal_tim_ex.c **** 
 4147              		.loc 1 1345 3 view .LVU1090
1348:Drivers/STM32F4/Drivers/STM32F4xx_HAL_Driver/Src/stm32f4xx_hal_tim_ex.c **** 
 4148              		.loc 1 1348 3 view .LVU1091
 4149 000a 0368     		ldr	r3, [r0]
 4150              	.LVL239:
1348:Drivers/STM32F4/Drivers/STM32F4xx_HAL_Driver/Src/stm32f4xx_hal_tim_ex.c **** 
 4151              		.loc 1 1348 3 is_stmt 0 view .LVU1092
 4152 000c 8E4A     		ldr	r2, .L384
 4153              	.LVL240:
1348:Drivers/STM32F4/Drivers/STM32F4xx_HAL_Driver/Src/stm32f4xx_hal_tim_ex.c **** 
 4154              		.loc 1 1348 3 view .LVU1093
 4155 000e 9342     		cmp	r3, r2
 4156 0010 7CD0     		beq	.L347
1348:Drivers/STM32F4/Drivers/STM32F4xx_HAL_Driver/Src/stm32f4xx_hal_tim_ex.c **** 
 4157              		.loc 1 1348 3 discriminator 1 view .LVU1094
 4158 0012 02F58062 		add	r2, r2, #1024
 4159 0016 9342     		cmp	r3, r2
 4160 0018 78D0     		beq	.L347
 4161              	.L348:
1348:Drivers/STM32F4/Drivers/STM32F4xx_HAL_Driver/Src/stm32f4xx_hal_tim_ex.c **** 
 4162              		.loc 1 1348 3 discriminator 7 view .LVU1095
 4163 001a 40F24451 		movw	r1, #1348
 4164              	.LVL241:
1348:Drivers/STM32F4/Drivers/STM32F4xx_HAL_Driver/Src/stm32f4xx_hal_tim_ex.c **** 
 4165              		.loc 1 1348 3 discriminator 7 view .LVU1096
 4166 001e 8B48     		ldr	r0, .L384+4
 4167              	.LVL242:
1348:Drivers/STM32F4/Drivers/STM32F4xx_HAL_Driver/Src/stm32f4xx_hal_tim_ex.c **** 
 4168              		.loc 1 1348 3 discriminator 7 view .LVU1097
 4169 0020 FFF7FEFF 		bl	assert_failed
 4170              	.LVL243:
1351:Drivers/STM32F4/Drivers/STM32F4xx_HAL_Driver/Src/stm32f4xx_hal_tim_ex.c ****   {
 4171              		.loc 1 1351 3 is_stmt 1 view .LVU1098
1351:Drivers/STM32F4/Drivers/STM32F4xx_HAL_Driver/Src/stm32f4xx_hal_tim_ex.c ****   {
 4172              		.loc 1 1351 46 is_stmt 0 view .LVU1099
 4173 0024 002D     		cmp	r5, #0
 4174 0026 77D1     		bne	.L350
 4175              	.L349:
1351:Drivers/STM32F4/Drivers/STM32F4xx_HAL_Driver/Src/stm32f4xx_hal_tim_ex.c ****   {
 4176              		.loc 1 1351 7 discriminator 1 view .LVU1100
 4177 0028 94F84200 		ldrb	r0, [r4, #66]	@ zero_extendqisi2
 4178 002c C0B2     		uxtb	r0, r0
1351:Drivers/STM32F4/Drivers/STM32F4xx_HAL_Driver/Src/stm32f4xx_hal_tim_ex.c ****   {
 4179              		.loc 1 1351 46 discriminator 1 view .LVU1101
 4180 002e 0228     		cmp	r0, #2
 4181 0030 14BF     		ite	ne
 4182 0032 0020     		movne	r0, #0
 4183 0034 0120     		moveq	r0, #1
 4184              	.L351:
1351:Drivers/STM32F4/Drivers/STM32F4xx_HAL_Driver/Src/stm32f4xx_hal_tim_ex.c ****   {
 4185              		.loc 1 1351 6 discriminator 12 view .LVU1102
 4186 0036 0028     		cmp	r0, #0
 4187 0038 40F0F680 		bne	.L368
1355:Drivers/STM32F4/Drivers/STM32F4xx_HAL_Driver/Src/stm32f4xx_hal_tim_ex.c ****   {
 4188              		.loc 1 1355 8 is_stmt 1 view .LVU1103
ARM GAS  /tmp/ccicUsXN.s 			page 135


1355:Drivers/STM32F4/Drivers/STM32F4xx_HAL_Driver/Src/stm32f4xx_hal_tim_ex.c ****   {
 4189              		.loc 1 1355 51 is_stmt 0 view .LVU1104
 4190 003c 002D     		cmp	r5, #0
 4191 003e 40F08780 		bne	.L355
1355:Drivers/STM32F4/Drivers/STM32F4xx_HAL_Driver/Src/stm32f4xx_hal_tim_ex.c ****   {
 4192              		.loc 1 1355 12 discriminator 1 view .LVU1105
 4193 0042 94F84230 		ldrb	r3, [r4, #66]	@ zero_extendqisi2
 4194 0046 DBB2     		uxtb	r3, r3
1355:Drivers/STM32F4/Drivers/STM32F4xx_HAL_Driver/Src/stm32f4xx_hal_tim_ex.c ****   {
 4195              		.loc 1 1355 51 discriminator 1 view .LVU1106
 4196 0048 012B     		cmp	r3, #1
 4197 004a 14BF     		ite	ne
 4198 004c 0023     		movne	r3, #0
 4199 004e 0123     		moveq	r3, #1
 4200              	.L356:
1355:Drivers/STM32F4/Drivers/STM32F4xx_HAL_Driver/Src/stm32f4xx_hal_tim_ex.c ****   {
 4201              		.loc 1 1355 11 discriminator 12 view .LVU1107
 4202 0050 002B     		cmp	r3, #0
 4203 0052 00F0EB80 		beq	.L369
1357:Drivers/STM32F4/Drivers/STM32F4xx_HAL_Driver/Src/stm32f4xx_hal_tim_ex.c ****     {
 4204              		.loc 1 1357 5 is_stmt 1 view .LVU1108
1357:Drivers/STM32F4/Drivers/STM32F4xx_HAL_Driver/Src/stm32f4xx_hal_tim_ex.c ****     {
 4205              		.loc 1 1357 8 is_stmt 0 view .LVU1109
 4206 0056 002E     		cmp	r6, #0
 4207 0058 00F0EA80 		beq	.L370
1357:Drivers/STM32F4/Drivers/STM32F4xx_HAL_Driver/Src/stm32f4xx_hal_tim_ex.c ****     {
 4208              		.loc 1 1357 25 discriminator 1 view .LVU1110
 4209 005c 002F     		cmp	r7, #0
 4210 005e 00F0E980 		beq	.L371
1363:Drivers/STM32F4/Drivers/STM32F4xx_HAL_Driver/Src/stm32f4xx_hal_tim_ex.c ****     }
 4211              		.loc 1 1363 7 is_stmt 1 view .LVU1111
 4212 0062 002D     		cmp	r5, #0
 4213 0064 40F09080 		bne	.L359
1363:Drivers/STM32F4/Drivers/STM32F4xx_HAL_Driver/Src/stm32f4xx_hal_tim_ex.c ****     }
 4214              		.loc 1 1363 7 is_stmt 0 discriminator 1 view .LVU1112
 4215 0068 0223     		movs	r3, #2
 4216 006a 84F84230 		strb	r3, [r4, #66]
1371:Drivers/STM32F4/Drivers/STM32F4xx_HAL_Driver/Src/stm32f4xx_hal_tim_ex.c ****   {
 4217              		.loc 1 1371 3 is_stmt 1 view .LVU1113
 4218              	.L360:
1376:Drivers/STM32F4/Drivers/STM32F4xx_HAL_Driver/Src/stm32f4xx_hal_tim_ex.c ****       htim->hdma[TIM_DMA_ID_CC1]->XferHalfCpltCallback = TIM_DMADelayPulseHalfCplt;
 4219              		.loc 1 1376 7 view .LVU1114
1376:Drivers/STM32F4/Drivers/STM32F4xx_HAL_Driver/Src/stm32f4xx_hal_tim_ex.c ****       htim->hdma[TIM_DMA_ID_CC1]->XferHalfCpltCallback = TIM_DMADelayPulseHalfCplt;
 4220              		.loc 1 1376 17 is_stmt 0 view .LVU1115
 4221 006e 636A     		ldr	r3, [r4, #36]
1376:Drivers/STM32F4/Drivers/STM32F4xx_HAL_Driver/Src/stm32f4xx_hal_tim_ex.c ****       htim->hdma[TIM_DMA_ID_CC1]->XferHalfCpltCallback = TIM_DMADelayPulseHalfCplt;
 4222              		.loc 1 1376 52 view .LVU1116
 4223 0070 774A     		ldr	r2, .L384+8
 4224 0072 DA63     		str	r2, [r3, #60]
1377:Drivers/STM32F4/Drivers/STM32F4xx_HAL_Driver/Src/stm32f4xx_hal_tim_ex.c **** 
 4225              		.loc 1 1377 7 is_stmt 1 view .LVU1117
1377:Drivers/STM32F4/Drivers/STM32F4xx_HAL_Driver/Src/stm32f4xx_hal_tim_ex.c **** 
 4226              		.loc 1 1377 17 is_stmt 0 view .LVU1118
 4227 0074 636A     		ldr	r3, [r4, #36]
1377:Drivers/STM32F4/Drivers/STM32F4xx_HAL_Driver/Src/stm32f4xx_hal_tim_ex.c **** 
 4228              		.loc 1 1377 56 view .LVU1119
 4229 0076 774A     		ldr	r2, .L384+12
ARM GAS  /tmp/ccicUsXN.s 			page 136


 4230 0078 1A64     		str	r2, [r3, #64]
1380:Drivers/STM32F4/Drivers/STM32F4xx_HAL_Driver/Src/stm32f4xx_hal_tim_ex.c **** 
 4231              		.loc 1 1380 7 is_stmt 1 view .LVU1120
1380:Drivers/STM32F4/Drivers/STM32F4xx_HAL_Driver/Src/stm32f4xx_hal_tim_ex.c **** 
 4232              		.loc 1 1380 17 is_stmt 0 view .LVU1121
 4233 007a 636A     		ldr	r3, [r4, #36]
1380:Drivers/STM32F4/Drivers/STM32F4xx_HAL_Driver/Src/stm32f4xx_hal_tim_ex.c **** 
 4234              		.loc 1 1380 53 view .LVU1122
 4235 007c 764A     		ldr	r2, .L384+16
 4236 007e DA64     		str	r2, [r3, #76]
1383:Drivers/STM32F4/Drivers/STM32F4xx_HAL_Driver/Src/stm32f4xx_hal_tim_ex.c ****                            Length) != HAL_OK)
 4237              		.loc 1 1383 7 is_stmt 1 view .LVU1123
1383:Drivers/STM32F4/Drivers/STM32F4xx_HAL_Driver/Src/stm32f4xx_hal_tim_ex.c ****                            Length) != HAL_OK)
 4238              		.loc 1 1383 88 is_stmt 0 view .LVU1124
 4239 0080 2268     		ldr	r2, [r4]
1383:Drivers/STM32F4/Drivers/STM32F4xx_HAL_Driver/Src/stm32f4xx_hal_tim_ex.c ****                            Length) != HAL_OK)
 4240              		.loc 1 1383 11 view .LVU1125
 4241 0082 3B46     		mov	r3, r7
 4242 0084 3432     		adds	r2, r2, #52
 4243 0086 3146     		mov	r1, r6
 4244 0088 606A     		ldr	r0, [r4, #36]
 4245 008a FFF7FEFF 		bl	HAL_DMA_Start_IT
 4246              	.LVL244:
1383:Drivers/STM32F4/Drivers/STM32F4xx_HAL_Driver/Src/stm32f4xx_hal_tim_ex.c ****                            Length) != HAL_OK)
 4247              		.loc 1 1383 10 discriminator 1 view .LVU1126
 4248 008e 0028     		cmp	r0, #0
 4249 0090 40F0D280 		bne	.L373
1390:Drivers/STM32F4/Drivers/STM32F4xx_HAL_Driver/Src/stm32f4xx_hal_tim_ex.c ****       break;
 4250              		.loc 1 1390 7 is_stmt 1 view .LVU1127
 4251 0094 2268     		ldr	r2, [r4]
 4252 0096 D368     		ldr	r3, [r2, #12]
 4253 0098 43F40073 		orr	r3, r3, #512
 4254 009c D360     		str	r3, [r2, #12]
1391:Drivers/STM32F4/Drivers/STM32F4xx_HAL_Driver/Src/stm32f4xx_hal_tim_ex.c ****     }
 4255              		.loc 1 1391 7 view .LVU1128
1441:Drivers/STM32F4/Drivers/STM32F4xx_HAL_Driver/Src/stm32f4xx_hal_tim_ex.c ****   {
 4256              		.loc 1 1441 3 view .LVU1129
 4257              	.L365:
1444:Drivers/STM32F4/Drivers/STM32F4xx_HAL_Driver/Src/stm32f4xx_hal_tim_ex.c **** 
 4258              		.loc 1 1444 5 view .LVU1130
 4259 009e 0422     		movs	r2, #4
 4260 00a0 2946     		mov	r1, r5
 4261 00a2 2068     		ldr	r0, [r4]
 4262 00a4 FFF7FEFF 		bl	TIM_CCxNChannelCmd
 4263              	.LVL245:
1447:Drivers/STM32F4/Drivers/STM32F4xx_HAL_Driver/Src/stm32f4xx_hal_tim_ex.c **** 
 4264              		.loc 1 1447 5 view .LVU1131
 4265 00a8 2268     		ldr	r2, [r4]
 4266 00aa 536C     		ldr	r3, [r2, #68]
 4267 00ac 43F40043 		orr	r3, r3, #32768
 4268 00b0 5364     		str	r3, [r2, #68]
1450:Drivers/STM32F4/Drivers/STM32F4xx_HAL_Driver/Src/stm32f4xx_hal_tim_ex.c ****     {
 4269              		.loc 1 1450 5 view .LVU1132
1450:Drivers/STM32F4/Drivers/STM32F4xx_HAL_Driver/Src/stm32f4xx_hal_tim_ex.c ****     {
 4270              		.loc 1 1450 9 is_stmt 0 view .LVU1133
 4271 00b2 2368     		ldr	r3, [r4]
1450:Drivers/STM32F4/Drivers/STM32F4xx_HAL_Driver/Src/stm32f4xx_hal_tim_ex.c ****     {
ARM GAS  /tmp/ccicUsXN.s 			page 137


 4272              		.loc 1 1450 8 view .LVU1134
 4273 00b4 644A     		ldr	r2, .L384
 4274 00b6 9342     		cmp	r3, r2
 4275 00b8 00F0AB80 		beq	.L366
1450:Drivers/STM32F4/Drivers/STM32F4xx_HAL_Driver/Src/stm32f4xx_hal_tim_ex.c ****     {
 4276              		.loc 1 1450 9 discriminator 1 view .LVU1135
 4277 00bc B3F1804F 		cmp	r3, #1073741824
 4278 00c0 00F0A780 		beq	.L366
1450:Drivers/STM32F4/Drivers/STM32F4xx_HAL_Driver/Src/stm32f4xx_hal_tim_ex.c ****     {
 4279              		.loc 1 1450 9 discriminator 2 view .LVU1136
 4280 00c4 A2F57C42 		sub	r2, r2, #64512
 4281 00c8 9342     		cmp	r3, r2
 4282 00ca 00F0A280 		beq	.L366
1450:Drivers/STM32F4/Drivers/STM32F4xx_HAL_Driver/Src/stm32f4xx_hal_tim_ex.c ****     {
 4283              		.loc 1 1450 9 discriminator 3 view .LVU1137
 4284 00ce 02F58062 		add	r2, r2, #1024
 4285 00d2 9342     		cmp	r3, r2
 4286 00d4 00F09D80 		beq	.L366
1450:Drivers/STM32F4/Drivers/STM32F4xx_HAL_Driver/Src/stm32f4xx_hal_tim_ex.c ****     {
 4287              		.loc 1 1450 9 discriminator 4 view .LVU1138
 4288 00d8 02F58062 		add	r2, r2, #1024
 4289 00dc 9342     		cmp	r3, r2
 4290 00de 00F09880 		beq	.L366
1450:Drivers/STM32F4/Drivers/STM32F4xx_HAL_Driver/Src/stm32f4xx_hal_tim_ex.c ****     {
 4291              		.loc 1 1450 9 discriminator 5 view .LVU1139
 4292 00e2 02F57842 		add	r2, r2, #63488
 4293 00e6 9342     		cmp	r3, r2
 4294 00e8 00F09380 		beq	.L366
1450:Drivers/STM32F4/Drivers/STM32F4xx_HAL_Driver/Src/stm32f4xx_hal_tim_ex.c ****     {
 4295              		.loc 1 1450 9 discriminator 6 view .LVU1140
 4296 00ec 02F57052 		add	r2, r2, #15360
 4297 00f0 9342     		cmp	r3, r2
 4298 00f2 00F08E80 		beq	.L366
1450:Drivers/STM32F4/Drivers/STM32F4xx_HAL_Driver/Src/stm32f4xx_hal_tim_ex.c ****     {
 4299              		.loc 1 1450 9 discriminator 7 view .LVU1141
 4300 00f6 A2F59432 		sub	r2, r2, #75776
 4301 00fa 9342     		cmp	r3, r2
 4302 00fc 00F08980 		beq	.L366
1460:Drivers/STM32F4/Drivers/STM32F4xx_HAL_Driver/Src/stm32f4xx_hal_tim_ex.c ****     }
 4303              		.loc 1 1460 7 is_stmt 1 view .LVU1142
 4304 0100 1A68     		ldr	r2, [r3]
 4305 0102 42F00102 		orr	r2, r2, #1
 4306 0106 1A60     		str	r2, [r3]
 4307 0108 0020     		movs	r0, #0
 4308 010a 90E0     		b	.L354
 4309              	.LVL246:
 4310              	.L347:
1348:Drivers/STM32F4/Drivers/STM32F4xx_HAL_Driver/Src/stm32f4xx_hal_tim_ex.c **** 
 4311              		.loc 1 1348 3 is_stmt 0 discriminator 4 view .LVU1143
 4312 010c 002D     		cmp	r5, #0
 4313 010e 8BD0     		beq	.L349
1348:Drivers/STM32F4/Drivers/STM32F4xx_HAL_Driver/Src/stm32f4xx_hal_tim_ex.c **** 
 4314              		.loc 1 1348 3 discriminator 5 view .LVU1144
 4315 0110 042D     		cmp	r5, #4
 4316 0112 01D0     		beq	.L350
1348:Drivers/STM32F4/Drivers/STM32F4xx_HAL_Driver/Src/stm32f4xx_hal_tim_ex.c **** 
 4317              		.loc 1 1348 3 discriminator 6 view .LVU1145
ARM GAS  /tmp/ccicUsXN.s 			page 138


 4318 0114 082D     		cmp	r5, #8
 4319 0116 80D1     		bne	.L348
 4320              	.LVL247:
 4321              	.L350:
1351:Drivers/STM32F4/Drivers/STM32F4xx_HAL_Driver/Src/stm32f4xx_hal_tim_ex.c ****   {
 4322              		.loc 1 1351 46 discriminator 2 view .LVU1146
 4323 0118 042D     		cmp	r5, #4
 4324 011a 09D0     		beq	.L378
1351:Drivers/STM32F4/Drivers/STM32F4xx_HAL_Driver/Src/stm32f4xx_hal_tim_ex.c ****   {
 4325              		.loc 1 1351 46 discriminator 5 view .LVU1147
 4326 011c 082D     		cmp	r5, #8
 4327 011e 0FD0     		beq	.L379
1351:Drivers/STM32F4/Drivers/STM32F4xx_HAL_Driver/Src/stm32f4xx_hal_tim_ex.c ****   {
 4328              		.loc 1 1351 7 discriminator 8 view .LVU1148
 4329 0120 94F84500 		ldrb	r0, [r4, #69]	@ zero_extendqisi2
 4330 0124 C0B2     		uxtb	r0, r0
1351:Drivers/STM32F4/Drivers/STM32F4xx_HAL_Driver/Src/stm32f4xx_hal_tim_ex.c ****   {
 4331              		.loc 1 1351 46 discriminator 8 view .LVU1149
 4332 0126 0228     		cmp	r0, #2
 4333 0128 14BF     		ite	ne
 4334 012a 0020     		movne	r0, #0
 4335 012c 0120     		moveq	r0, #1
 4336 012e 82E7     		b	.L351
 4337              	.L378:
1351:Drivers/STM32F4/Drivers/STM32F4xx_HAL_Driver/Src/stm32f4xx_hal_tim_ex.c ****   {
 4338              		.loc 1 1351 7 discriminator 4 view .LVU1150
 4339 0130 94F84300 		ldrb	r0, [r4, #67]	@ zero_extendqisi2
 4340 0134 C0B2     		uxtb	r0, r0
1351:Drivers/STM32F4/Drivers/STM32F4xx_HAL_Driver/Src/stm32f4xx_hal_tim_ex.c ****   {
 4341              		.loc 1 1351 46 discriminator 4 view .LVU1151
 4342 0136 0228     		cmp	r0, #2
 4343 0138 14BF     		ite	ne
 4344 013a 0020     		movne	r0, #0
 4345 013c 0120     		moveq	r0, #1
 4346 013e 7AE7     		b	.L351
 4347              	.L379:
1351:Drivers/STM32F4/Drivers/STM32F4xx_HAL_Driver/Src/stm32f4xx_hal_tim_ex.c ****   {
 4348              		.loc 1 1351 7 discriminator 7 view .LVU1152
 4349 0140 94F84400 		ldrb	r0, [r4, #68]	@ zero_extendqisi2
 4350 0144 C0B2     		uxtb	r0, r0
1351:Drivers/STM32F4/Drivers/STM32F4xx_HAL_Driver/Src/stm32f4xx_hal_tim_ex.c ****   {
 4351              		.loc 1 1351 46 discriminator 7 view .LVU1153
 4352 0146 0228     		cmp	r0, #2
 4353 0148 14BF     		ite	ne
 4354 014a 0020     		movne	r0, #0
 4355 014c 0120     		moveq	r0, #1
 4356 014e 72E7     		b	.L351
 4357              	.L355:
1355:Drivers/STM32F4/Drivers/STM32F4xx_HAL_Driver/Src/stm32f4xx_hal_tim_ex.c ****   {
 4358              		.loc 1 1355 51 discriminator 2 view .LVU1154
 4359 0150 042D     		cmp	r5, #4
 4360 0152 09D0     		beq	.L380
1355:Drivers/STM32F4/Drivers/STM32F4xx_HAL_Driver/Src/stm32f4xx_hal_tim_ex.c ****   {
 4361              		.loc 1 1355 51 discriminator 5 view .LVU1155
 4362 0154 082D     		cmp	r5, #8
 4363 0156 0FD0     		beq	.L381
1355:Drivers/STM32F4/Drivers/STM32F4xx_HAL_Driver/Src/stm32f4xx_hal_tim_ex.c ****   {
ARM GAS  /tmp/ccicUsXN.s 			page 139


 4364              		.loc 1 1355 12 discriminator 8 view .LVU1156
 4365 0158 94F84530 		ldrb	r3, [r4, #69]	@ zero_extendqisi2
 4366 015c DBB2     		uxtb	r3, r3
1355:Drivers/STM32F4/Drivers/STM32F4xx_HAL_Driver/Src/stm32f4xx_hal_tim_ex.c ****   {
 4367              		.loc 1 1355 51 discriminator 8 view .LVU1157
 4368 015e 012B     		cmp	r3, #1
 4369 0160 14BF     		ite	ne
 4370 0162 0023     		movne	r3, #0
 4371 0164 0123     		moveq	r3, #1
 4372 0166 73E7     		b	.L356
 4373              	.L380:
1355:Drivers/STM32F4/Drivers/STM32F4xx_HAL_Driver/Src/stm32f4xx_hal_tim_ex.c ****   {
 4374              		.loc 1 1355 12 discriminator 4 view .LVU1158
 4375 0168 94F84330 		ldrb	r3, [r4, #67]	@ zero_extendqisi2
 4376 016c DBB2     		uxtb	r3, r3
1355:Drivers/STM32F4/Drivers/STM32F4xx_HAL_Driver/Src/stm32f4xx_hal_tim_ex.c ****   {
 4377              		.loc 1 1355 51 discriminator 4 view .LVU1159
 4378 016e 012B     		cmp	r3, #1
 4379 0170 14BF     		ite	ne
 4380 0172 0023     		movne	r3, #0
 4381 0174 0123     		moveq	r3, #1
 4382 0176 6BE7     		b	.L356
 4383              	.L381:
1355:Drivers/STM32F4/Drivers/STM32F4xx_HAL_Driver/Src/stm32f4xx_hal_tim_ex.c ****   {
 4384              		.loc 1 1355 12 discriminator 7 view .LVU1160
 4385 0178 94F84430 		ldrb	r3, [r4, #68]	@ zero_extendqisi2
 4386 017c DBB2     		uxtb	r3, r3
1355:Drivers/STM32F4/Drivers/STM32F4xx_HAL_Driver/Src/stm32f4xx_hal_tim_ex.c ****   {
 4387              		.loc 1 1355 51 discriminator 7 view .LVU1161
 4388 017e 012B     		cmp	r3, #1
 4389 0180 14BF     		ite	ne
 4390 0182 0023     		movne	r3, #0
 4391 0184 0123     		moveq	r3, #1
 4392 0186 63E7     		b	.L356
 4393              	.L359:
1363:Drivers/STM32F4/Drivers/STM32F4xx_HAL_Driver/Src/stm32f4xx_hal_tim_ex.c ****     }
 4394              		.loc 1 1363 7 discriminator 2 view .LVU1162
 4395 0188 042D     		cmp	r5, #4
 4396 018a 0DD0     		beq	.L382
1363:Drivers/STM32F4/Drivers/STM32F4xx_HAL_Driver/Src/stm32f4xx_hal_tim_ex.c ****     }
 4397              		.loc 1 1363 7 discriminator 4 view .LVU1163
 4398 018c 082D     		cmp	r5, #8
 4399 018e 26D0     		beq	.L383
1363:Drivers/STM32F4/Drivers/STM32F4xx_HAL_Driver/Src/stm32f4xx_hal_tim_ex.c ****     }
 4400              		.loc 1 1363 7 discriminator 7 view .LVU1164
 4401 0190 0223     		movs	r3, #2
 4402 0192 84F84530 		strb	r3, [r4, #69]
1371:Drivers/STM32F4/Drivers/STM32F4xx_HAL_Driver/Src/stm32f4xx_hal_tim_ex.c ****   {
 4403              		.loc 1 1371 3 is_stmt 1 view .LVU1165
 4404 0196 042D     		cmp	r5, #4
 4405 0198 09D0     		beq	.L362
 4406 019a 082D     		cmp	r5, #8
 4407 019c 22D0     		beq	.L364
 4408 019e 002D     		cmp	r5, #0
 4409 01a0 3FF465AF 		beq	.L360
 4410 01a4 0120     		movs	r0, #1
 4411 01a6 42E0     		b	.L354
ARM GAS  /tmp/ccicUsXN.s 			page 140


 4412              	.L382:
1363:Drivers/STM32F4/Drivers/STM32F4xx_HAL_Driver/Src/stm32f4xx_hal_tim_ex.c ****     }
 4413              		.loc 1 1363 7 is_stmt 0 discriminator 3 view .LVU1166
 4414 01a8 0223     		movs	r3, #2
 4415 01aa 84F84330 		strb	r3, [r4, #67]
1371:Drivers/STM32F4/Drivers/STM32F4xx_HAL_Driver/Src/stm32f4xx_hal_tim_ex.c ****   {
 4416              		.loc 1 1371 3 is_stmt 1 view .LVU1167
 4417              	.L362:
1397:Drivers/STM32F4/Drivers/STM32F4xx_HAL_Driver/Src/stm32f4xx_hal_tim_ex.c ****       htim->hdma[TIM_DMA_ID_CC2]->XferHalfCpltCallback = TIM_DMADelayPulseHalfCplt;
 4418              		.loc 1 1397 7 view .LVU1168
1397:Drivers/STM32F4/Drivers/STM32F4xx_HAL_Driver/Src/stm32f4xx_hal_tim_ex.c ****       htim->hdma[TIM_DMA_ID_CC2]->XferHalfCpltCallback = TIM_DMADelayPulseHalfCplt;
 4419              		.loc 1 1397 17 is_stmt 0 view .LVU1169
 4420 01ae A36A     		ldr	r3, [r4, #40]
1397:Drivers/STM32F4/Drivers/STM32F4xx_HAL_Driver/Src/stm32f4xx_hal_tim_ex.c ****       htim->hdma[TIM_DMA_ID_CC2]->XferHalfCpltCallback = TIM_DMADelayPulseHalfCplt;
 4421              		.loc 1 1397 52 view .LVU1170
 4422 01b0 274A     		ldr	r2, .L384+8
 4423 01b2 DA63     		str	r2, [r3, #60]
1398:Drivers/STM32F4/Drivers/STM32F4xx_HAL_Driver/Src/stm32f4xx_hal_tim_ex.c **** 
 4424              		.loc 1 1398 7 is_stmt 1 view .LVU1171
1398:Drivers/STM32F4/Drivers/STM32F4xx_HAL_Driver/Src/stm32f4xx_hal_tim_ex.c **** 
 4425              		.loc 1 1398 17 is_stmt 0 view .LVU1172
 4426 01b4 A36A     		ldr	r3, [r4, #40]
1398:Drivers/STM32F4/Drivers/STM32F4xx_HAL_Driver/Src/stm32f4xx_hal_tim_ex.c **** 
 4427              		.loc 1 1398 56 view .LVU1173
 4428 01b6 274A     		ldr	r2, .L384+12
 4429 01b8 1A64     		str	r2, [r3, #64]
1401:Drivers/STM32F4/Drivers/STM32F4xx_HAL_Driver/Src/stm32f4xx_hal_tim_ex.c **** 
 4430              		.loc 1 1401 7 is_stmt 1 view .LVU1174
1401:Drivers/STM32F4/Drivers/STM32F4xx_HAL_Driver/Src/stm32f4xx_hal_tim_ex.c **** 
 4431              		.loc 1 1401 17 is_stmt 0 view .LVU1175
 4432 01ba A36A     		ldr	r3, [r4, #40]
1401:Drivers/STM32F4/Drivers/STM32F4xx_HAL_Driver/Src/stm32f4xx_hal_tim_ex.c **** 
 4433              		.loc 1 1401 53 view .LVU1176
 4434 01bc 264A     		ldr	r2, .L384+16
 4435 01be DA64     		str	r2, [r3, #76]
1404:Drivers/STM32F4/Drivers/STM32F4xx_HAL_Driver/Src/stm32f4xx_hal_tim_ex.c ****                            Length) != HAL_OK)
 4436              		.loc 1 1404 7 is_stmt 1 view .LVU1177
1404:Drivers/STM32F4/Drivers/STM32F4xx_HAL_Driver/Src/stm32f4xx_hal_tim_ex.c ****                            Length) != HAL_OK)
 4437              		.loc 1 1404 88 is_stmt 0 view .LVU1178
 4438 01c0 2268     		ldr	r2, [r4]
1404:Drivers/STM32F4/Drivers/STM32F4xx_HAL_Driver/Src/stm32f4xx_hal_tim_ex.c ****                            Length) != HAL_OK)
 4439              		.loc 1 1404 11 view .LVU1179
 4440 01c2 3B46     		mov	r3, r7
 4441 01c4 3832     		adds	r2, r2, #56
 4442 01c6 3146     		mov	r1, r6
 4443 01c8 A06A     		ldr	r0, [r4, #40]
 4444 01ca FFF7FEFF 		bl	HAL_DMA_Start_IT
 4445              	.LVL248:
1404:Drivers/STM32F4/Drivers/STM32F4xx_HAL_Driver/Src/stm32f4xx_hal_tim_ex.c ****                            Length) != HAL_OK)
 4446              		.loc 1 1404 10 discriminator 1 view .LVU1180
 4447 01ce 0028     		cmp	r0, #0
 4448 01d0 34D1     		bne	.L374
1411:Drivers/STM32F4/Drivers/STM32F4xx_HAL_Driver/Src/stm32f4xx_hal_tim_ex.c ****       break;
 4449              		.loc 1 1411 7 is_stmt 1 view .LVU1181
 4450 01d2 2268     		ldr	r2, [r4]
 4451 01d4 D368     		ldr	r3, [r2, #12]
 4452 01d6 43F48063 		orr	r3, r3, #1024
ARM GAS  /tmp/ccicUsXN.s 			page 141


 4453 01da D360     		str	r3, [r2, #12]
1412:Drivers/STM32F4/Drivers/STM32F4xx_HAL_Driver/Src/stm32f4xx_hal_tim_ex.c ****     }
 4454              		.loc 1 1412 7 view .LVU1182
1441:Drivers/STM32F4/Drivers/STM32F4xx_HAL_Driver/Src/stm32f4xx_hal_tim_ex.c ****   {
 4455              		.loc 1 1441 3 view .LVU1183
 4456 01dc 5FE7     		b	.L365
 4457              	.L383:
1363:Drivers/STM32F4/Drivers/STM32F4xx_HAL_Driver/Src/stm32f4xx_hal_tim_ex.c ****     }
 4458              		.loc 1 1363 7 is_stmt 0 discriminator 6 view .LVU1184
 4459 01de 0223     		movs	r3, #2
 4460 01e0 84F84430 		strb	r3, [r4, #68]
1371:Drivers/STM32F4/Drivers/STM32F4xx_HAL_Driver/Src/stm32f4xx_hal_tim_ex.c ****   {
 4461              		.loc 1 1371 3 is_stmt 1 view .LVU1185
 4462              	.L364:
1418:Drivers/STM32F4/Drivers/STM32F4xx_HAL_Driver/Src/stm32f4xx_hal_tim_ex.c ****       htim->hdma[TIM_DMA_ID_CC3]->XferHalfCpltCallback = TIM_DMADelayPulseHalfCplt;
 4463              		.loc 1 1418 7 view .LVU1186
1418:Drivers/STM32F4/Drivers/STM32F4xx_HAL_Driver/Src/stm32f4xx_hal_tim_ex.c ****       htim->hdma[TIM_DMA_ID_CC3]->XferHalfCpltCallback = TIM_DMADelayPulseHalfCplt;
 4464              		.loc 1 1418 17 is_stmt 0 view .LVU1187
 4465 01e4 E36A     		ldr	r3, [r4, #44]
1418:Drivers/STM32F4/Drivers/STM32F4xx_HAL_Driver/Src/stm32f4xx_hal_tim_ex.c ****       htim->hdma[TIM_DMA_ID_CC3]->XferHalfCpltCallback = TIM_DMADelayPulseHalfCplt;
 4466              		.loc 1 1418 52 view .LVU1188
 4467 01e6 1A4A     		ldr	r2, .L384+8
 4468 01e8 DA63     		str	r2, [r3, #60]
1419:Drivers/STM32F4/Drivers/STM32F4xx_HAL_Driver/Src/stm32f4xx_hal_tim_ex.c **** 
 4469              		.loc 1 1419 7 is_stmt 1 view .LVU1189
1419:Drivers/STM32F4/Drivers/STM32F4xx_HAL_Driver/Src/stm32f4xx_hal_tim_ex.c **** 
 4470              		.loc 1 1419 17 is_stmt 0 view .LVU1190
 4471 01ea E36A     		ldr	r3, [r4, #44]
1419:Drivers/STM32F4/Drivers/STM32F4xx_HAL_Driver/Src/stm32f4xx_hal_tim_ex.c **** 
 4472              		.loc 1 1419 56 view .LVU1191
 4473 01ec 194A     		ldr	r2, .L384+12
 4474 01ee 1A64     		str	r2, [r3, #64]
1422:Drivers/STM32F4/Drivers/STM32F4xx_HAL_Driver/Src/stm32f4xx_hal_tim_ex.c **** 
 4475              		.loc 1 1422 7 is_stmt 1 view .LVU1192
1422:Drivers/STM32F4/Drivers/STM32F4xx_HAL_Driver/Src/stm32f4xx_hal_tim_ex.c **** 
 4476              		.loc 1 1422 17 is_stmt 0 view .LVU1193
 4477 01f0 E36A     		ldr	r3, [r4, #44]
1422:Drivers/STM32F4/Drivers/STM32F4xx_HAL_Driver/Src/stm32f4xx_hal_tim_ex.c **** 
 4478              		.loc 1 1422 53 view .LVU1194
 4479 01f2 194A     		ldr	r2, .L384+16
 4480 01f4 DA64     		str	r2, [r3, #76]
1425:Drivers/STM32F4/Drivers/STM32F4xx_HAL_Driver/Src/stm32f4xx_hal_tim_ex.c ****                            Length) != HAL_OK)
 4481              		.loc 1 1425 7 is_stmt 1 view .LVU1195
1425:Drivers/STM32F4/Drivers/STM32F4xx_HAL_Driver/Src/stm32f4xx_hal_tim_ex.c ****                            Length) != HAL_OK)
 4482              		.loc 1 1425 88 is_stmt 0 view .LVU1196
 4483 01f6 2268     		ldr	r2, [r4]
1425:Drivers/STM32F4/Drivers/STM32F4xx_HAL_Driver/Src/stm32f4xx_hal_tim_ex.c ****                            Length) != HAL_OK)
 4484              		.loc 1 1425 11 view .LVU1197
 4485 01f8 3B46     		mov	r3, r7
 4486 01fa 3C32     		adds	r2, r2, #60
 4487 01fc 3146     		mov	r1, r6
 4488 01fe E06A     		ldr	r0, [r4, #44]
 4489 0200 FFF7FEFF 		bl	HAL_DMA_Start_IT
 4490              	.LVL249:
1425:Drivers/STM32F4/Drivers/STM32F4xx_HAL_Driver/Src/stm32f4xx_hal_tim_ex.c ****                            Length) != HAL_OK)
 4491              		.loc 1 1425 10 discriminator 1 view .LVU1198
 4492 0204 E0B9     		cbnz	r0, .L375
ARM GAS  /tmp/ccicUsXN.s 			page 142


1432:Drivers/STM32F4/Drivers/STM32F4xx_HAL_Driver/Src/stm32f4xx_hal_tim_ex.c ****       break;
 4493              		.loc 1 1432 7 is_stmt 1 view .LVU1199
 4494 0206 2268     		ldr	r2, [r4]
 4495 0208 D368     		ldr	r3, [r2, #12]
 4496 020a 43F40063 		orr	r3, r3, #2048
 4497 020e D360     		str	r3, [r2, #12]
1433:Drivers/STM32F4/Drivers/STM32F4xx_HAL_Driver/Src/stm32f4xx_hal_tim_ex.c ****     }
 4498              		.loc 1 1433 7 view .LVU1200
1441:Drivers/STM32F4/Drivers/STM32F4xx_HAL_Driver/Src/stm32f4xx_hal_tim_ex.c ****   {
 4499              		.loc 1 1441 3 view .LVU1201
 4500 0210 45E7     		b	.L365
 4501              	.L366:
1452:Drivers/STM32F4/Drivers/STM32F4xx_HAL_Driver/Src/stm32f4xx_hal_tim_ex.c ****       if (!IS_TIM_SLAVEMODE_TRIGGER_ENABLED(tmpsmcr))
 4502              		.loc 1 1452 7 view .LVU1202
1452:Drivers/STM32F4/Drivers/STM32F4xx_HAL_Driver/Src/stm32f4xx_hal_tim_ex.c ****       if (!IS_TIM_SLAVEMODE_TRIGGER_ENABLED(tmpsmcr))
 4503              		.loc 1 1452 31 is_stmt 0 view .LVU1203
 4504 0212 9A68     		ldr	r2, [r3, #8]
1452:Drivers/STM32F4/Drivers/STM32F4xx_HAL_Driver/Src/stm32f4xx_hal_tim_ex.c ****       if (!IS_TIM_SLAVEMODE_TRIGGER_ENABLED(tmpsmcr))
 4505              		.loc 1 1452 15 view .LVU1204
 4506 0214 02F00702 		and	r2, r2, #7
 4507              	.LVL250:
1453:Drivers/STM32F4/Drivers/STM32F4xx_HAL_Driver/Src/stm32f4xx_hal_tim_ex.c ****       {
 4508              		.loc 1 1453 7 is_stmt 1 view .LVU1205
1453:Drivers/STM32F4/Drivers/STM32F4xx_HAL_Driver/Src/stm32f4xx_hal_tim_ex.c ****       {
 4509              		.loc 1 1453 10 is_stmt 0 view .LVU1206
 4510 0218 062A     		cmp	r2, #6
 4511 021a 13D0     		beq	.L376
1455:Drivers/STM32F4/Drivers/STM32F4xx_HAL_Driver/Src/stm32f4xx_hal_tim_ex.c ****       }
 4512              		.loc 1 1455 9 is_stmt 1 view .LVU1207
 4513 021c 1A68     		ldr	r2, [r3]
 4514              	.LVL251:
1455:Drivers/STM32F4/Drivers/STM32F4xx_HAL_Driver/Src/stm32f4xx_hal_tim_ex.c ****       }
 4515              		.loc 1 1455 9 is_stmt 0 view .LVU1208
 4516 021e 42F00102 		orr	r2, r2, #1
 4517 0222 1A60     		str	r2, [r3]
 4518 0224 0020     		movs	r0, #0
 4519 0226 02E0     		b	.L354
 4520              	.LVL252:
 4521              	.L368:
1353:Drivers/STM32F4/Drivers/STM32F4xx_HAL_Driver/Src/stm32f4xx_hal_tim_ex.c ****   }
 4522              		.loc 1 1353 12 view .LVU1209
 4523 0228 0220     		movs	r0, #2
 4524 022a 00E0     		b	.L354
 4525              	.L369:
1368:Drivers/STM32F4/Drivers/STM32F4xx_HAL_Driver/Src/stm32f4xx_hal_tim_ex.c ****   }
 4526              		.loc 1 1368 12 view .LVU1210
 4527 022c 0120     		movs	r0, #1
 4528              	.L354:
 4529              	.LVL253:
1466:Drivers/STM32F4/Drivers/STM32F4xx_HAL_Driver/Src/stm32f4xx_hal_tim_ex.c **** 
 4530              		.loc 1 1466 1 view .LVU1211
 4531 022e F8BD     		pop	{r3, r4, r5, r6, r7, pc}
 4532              	.LVL254:
 4533              	.L370:
1359:Drivers/STM32F4/Drivers/STM32F4xx_HAL_Driver/Src/stm32f4xx_hal_tim_ex.c ****     }
 4534              		.loc 1 1359 14 view .LVU1212
 4535 0230 0120     		movs	r0, #1
ARM GAS  /tmp/ccicUsXN.s 			page 143


 4536 0232 FCE7     		b	.L354
 4537              	.L371:
 4538 0234 0120     		movs	r0, #1
 4539 0236 FAE7     		b	.L354
 4540              	.L373:
1387:Drivers/STM32F4/Drivers/STM32F4xx_HAL_Driver/Src/stm32f4xx_hal_tim_ex.c ****       }
 4541              		.loc 1 1387 16 view .LVU1213
 4542 0238 0120     		movs	r0, #1
 4543 023a F8E7     		b	.L354
 4544              	.L374:
1408:Drivers/STM32F4/Drivers/STM32F4xx_HAL_Driver/Src/stm32f4xx_hal_tim_ex.c ****       }
 4545              		.loc 1 1408 16 view .LVU1214
 4546 023c 0120     		movs	r0, #1
 4547 023e F6E7     		b	.L354
 4548              	.L375:
1429:Drivers/STM32F4/Drivers/STM32F4xx_HAL_Driver/Src/stm32f4xx_hal_tim_ex.c ****       }
 4549              		.loc 1 1429 16 view .LVU1215
 4550 0240 0120     		movs	r0, #1
 4551 0242 F4E7     		b	.L354
 4552              	.LVL255:
 4553              	.L376:
1429:Drivers/STM32F4/Drivers/STM32F4xx_HAL_Driver/Src/stm32f4xx_hal_tim_ex.c ****       }
 4554              		.loc 1 1429 16 view .LVU1216
 4555 0244 0020     		movs	r0, #0
 4556 0246 F2E7     		b	.L354
 4557              	.L385:
 4558              		.align	2
 4559              	.L384:
 4560 0248 00000140 		.word	1073807360
 4561 024c 00000000 		.word	.LC0
 4562 0250 00000000 		.word	TIM_DMADelayPulseNCplt
 4563 0254 00000000 		.word	TIM_DMADelayPulseHalfCplt
 4564 0258 00000000 		.word	TIM_DMAErrorCCxN
 4565              		.cfi_endproc
 4566              	.LFE154:
 4568              		.section	.text.HAL_TIMEx_PWMN_Stop_DMA,"ax",%progbits
 4569              		.align	1
 4570              		.global	HAL_TIMEx_PWMN_Stop_DMA
 4571              		.syntax unified
 4572              		.thumb
 4573              		.thumb_func
 4575              	HAL_TIMEx_PWMN_Stop_DMA:
 4576              	.LVL256:
 4577              	.LFB155:
1480:Drivers/STM32F4/Drivers/STM32F4xx_HAL_Driver/Src/stm32f4xx_hal_tim_ex.c ****   HAL_StatusTypeDef status = HAL_OK;
 4578              		.loc 1 1480 1 is_stmt 1 view -0
 4579              		.cfi_startproc
 4580              		@ args = 0, pretend = 0, frame = 0
 4581              		@ frame_needed = 0, uses_anonymous_args = 0
1480:Drivers/STM32F4/Drivers/STM32F4xx_HAL_Driver/Src/stm32f4xx_hal_tim_ex.c ****   HAL_StatusTypeDef status = HAL_OK;
 4582              		.loc 1 1480 1 is_stmt 0 view .LVU1218
 4583 0000 38B5     		push	{r3, r4, r5, lr}
 4584              	.LCFI25:
 4585              		.cfi_def_cfa_offset 16
 4586              		.cfi_offset 3, -16
 4587              		.cfi_offset 4, -12
 4588              		.cfi_offset 5, -8
ARM GAS  /tmp/ccicUsXN.s 			page 144


 4589              		.cfi_offset 14, -4
 4590 0002 0446     		mov	r4, r0
 4591 0004 0D46     		mov	r5, r1
1481:Drivers/STM32F4/Drivers/STM32F4xx_HAL_Driver/Src/stm32f4xx_hal_tim_ex.c **** 
 4592              		.loc 1 1481 3 is_stmt 1 view .LVU1219
 4593              	.LVL257:
1484:Drivers/STM32F4/Drivers/STM32F4xx_HAL_Driver/Src/stm32f4xx_hal_tim_ex.c **** 
 4594              		.loc 1 1484 3 view .LVU1220
 4595 0006 0368     		ldr	r3, [r0]
 4596 0008 374A     		ldr	r2, .L403
 4597 000a 9342     		cmp	r3, r2
 4598 000c 3FD0     		beq	.L387
1484:Drivers/STM32F4/Drivers/STM32F4xx_HAL_Driver/Src/stm32f4xx_hal_tim_ex.c **** 
 4599              		.loc 1 1484 3 is_stmt 0 discriminator 1 view .LVU1221
 4600 000e 02F58062 		add	r2, r2, #1024
 4601 0012 9342     		cmp	r3, r2
 4602 0014 3BD0     		beq	.L387
 4603              	.L388:
1484:Drivers/STM32F4/Drivers/STM32F4xx_HAL_Driver/Src/stm32f4xx_hal_tim_ex.c **** 
 4604              		.loc 1 1484 3 discriminator 7 view .LVU1222
 4605 0016 40F2CC51 		movw	r1, #1484
 4606              	.LVL258:
1484:Drivers/STM32F4/Drivers/STM32F4xx_HAL_Driver/Src/stm32f4xx_hal_tim_ex.c **** 
 4607              		.loc 1 1484 3 discriminator 7 view .LVU1223
 4608 001a 3448     		ldr	r0, .L403+4
 4609              	.LVL259:
1484:Drivers/STM32F4/Drivers/STM32F4xx_HAL_Driver/Src/stm32f4xx_hal_tim_ex.c **** 
 4610              		.loc 1 1484 3 discriminator 7 view .LVU1224
 4611 001c FFF7FEFF 		bl	assert_failed
 4612              	.LVL260:
1486:Drivers/STM32F4/Drivers/STM32F4xx_HAL_Driver/Src/stm32f4xx_hal_tim_ex.c ****   {
 4613              		.loc 1 1486 3 is_stmt 1 view .LVU1225
 4614 0020 042D     		cmp	r5, #4
 4615 0022 43D0     		beq	.L390
 4616 0024 082D     		cmp	r5, #8
 4617 0026 38D0     		beq	.L391
 4618 0028 002D     		cmp	r5, #0
 4619 002a 5BD1     		bne	.L399
 4620              	.L389:
1491:Drivers/STM32F4/Drivers/STM32F4xx_HAL_Driver/Src/stm32f4xx_hal_tim_ex.c ****       (void)HAL_DMA_Abort_IT(htim->hdma[TIM_DMA_ID_CC1]);
 4621              		.loc 1 1491 7 view .LVU1226
 4622 002c 2268     		ldr	r2, [r4]
 4623 002e D368     		ldr	r3, [r2, #12]
 4624 0030 23F40073 		bic	r3, r3, #512
 4625 0034 D360     		str	r3, [r2, #12]
1492:Drivers/STM32F4/Drivers/STM32F4xx_HAL_Driver/Src/stm32f4xx_hal_tim_ex.c ****       break;
 4626              		.loc 1 1492 7 view .LVU1227
1492:Drivers/STM32F4/Drivers/STM32F4xx_HAL_Driver/Src/stm32f4xx_hal_tim_ex.c ****       break;
 4627              		.loc 1 1492 13 is_stmt 0 view .LVU1228
 4628 0036 606A     		ldr	r0, [r4, #36]
 4629 0038 FFF7FEFF 		bl	HAL_DMA_Abort_IT
 4630              	.LVL261:
1493:Drivers/STM32F4/Drivers/STM32F4xx_HAL_Driver/Src/stm32f4xx_hal_tim_ex.c ****     }
 4631              		.loc 1 1493 7 is_stmt 1 view .LVU1229
1517:Drivers/STM32F4/Drivers/STM32F4xx_HAL_Driver/Src/stm32f4xx_hal_tim_ex.c ****   {
 4632              		.loc 1 1517 3 view .LVU1230
 4633              	.L393:
ARM GAS  /tmp/ccicUsXN.s 			page 145


1520:Drivers/STM32F4/Drivers/STM32F4xx_HAL_Driver/Src/stm32f4xx_hal_tim_ex.c **** 
 4634              		.loc 1 1520 5 view .LVU1231
 4635 003c 0022     		movs	r2, #0
 4636 003e 2946     		mov	r1, r5
 4637 0040 2068     		ldr	r0, [r4]
 4638 0042 FFF7FEFF 		bl	TIM_CCxNChannelCmd
 4639              	.LVL262:
1523:Drivers/STM32F4/Drivers/STM32F4xx_HAL_Driver/Src/stm32f4xx_hal_tim_ex.c **** 
 4640              		.loc 1 1523 5 view .LVU1232
1523:Drivers/STM32F4/Drivers/STM32F4xx_HAL_Driver/Src/stm32f4xx_hal_tim_ex.c **** 
 4641              		.loc 1 1523 5 view .LVU1233
 4642 0046 2368     		ldr	r3, [r4]
 4643 0048 196A     		ldr	r1, [r3, #32]
 4644 004a 41F21112 		movw	r2, #4369
 4645 004e 1142     		tst	r1, r2
 4646 0050 08D1     		bne	.L394
1523:Drivers/STM32F4/Drivers/STM32F4xx_HAL_Driver/Src/stm32f4xx_hal_tim_ex.c **** 
 4647              		.loc 1 1523 5 discriminator 1 view .LVU1234
 4648 0052 196A     		ldr	r1, [r3, #32]
 4649 0054 40F24442 		movw	r2, #1092
 4650 0058 1142     		tst	r1, r2
 4651 005a 03D1     		bne	.L394
1523:Drivers/STM32F4/Drivers/STM32F4xx_HAL_Driver/Src/stm32f4xx_hal_tim_ex.c **** 
 4652              		.loc 1 1523 5 discriminator 3 view .LVU1235
 4653 005c 5A6C     		ldr	r2, [r3, #68]
 4654 005e 22F40042 		bic	r2, r2, #32768
 4655 0062 5A64     		str	r2, [r3, #68]
 4656              	.L394:
1523:Drivers/STM32F4/Drivers/STM32F4xx_HAL_Driver/Src/stm32f4xx_hal_tim_ex.c **** 
 4657              		.loc 1 1523 5 discriminator 5 view .LVU1236
1526:Drivers/STM32F4/Drivers/STM32F4xx_HAL_Driver/Src/stm32f4xx_hal_tim_ex.c **** 
 4658              		.loc 1 1526 5 view .LVU1237
1526:Drivers/STM32F4/Drivers/STM32F4xx_HAL_Driver/Src/stm32f4xx_hal_tim_ex.c **** 
 4659              		.loc 1 1526 5 view .LVU1238
 4660 0064 2368     		ldr	r3, [r4]
 4661 0066 196A     		ldr	r1, [r3, #32]
 4662 0068 41F21112 		movw	r2, #4369
 4663 006c 1142     		tst	r1, r2
 4664 006e 08D1     		bne	.L395
1526:Drivers/STM32F4/Drivers/STM32F4xx_HAL_Driver/Src/stm32f4xx_hal_tim_ex.c **** 
 4665              		.loc 1 1526 5 discriminator 1 view .LVU1239
 4666 0070 196A     		ldr	r1, [r3, #32]
 4667 0072 40F24442 		movw	r2, #1092
 4668 0076 1142     		tst	r1, r2
 4669 0078 03D1     		bne	.L395
1526:Drivers/STM32F4/Drivers/STM32F4xx_HAL_Driver/Src/stm32f4xx_hal_tim_ex.c **** 
 4670              		.loc 1 1526 5 discriminator 3 view .LVU1240
 4671 007a 1A68     		ldr	r2, [r3]
 4672 007c 22F00102 		bic	r2, r2, #1
 4673 0080 1A60     		str	r2, [r3]
 4674              	.L395:
1526:Drivers/STM32F4/Drivers/STM32F4xx_HAL_Driver/Src/stm32f4xx_hal_tim_ex.c **** 
 4675              		.loc 1 1526 5 discriminator 5 view .LVU1241
1529:Drivers/STM32F4/Drivers/STM32F4xx_HAL_Driver/Src/stm32f4xx_hal_tim_ex.c ****   }
 4676              		.loc 1 1529 5 view .LVU1242
 4677 0082 E5B9     		cbnz	r5, .L396
1529:Drivers/STM32F4/Drivers/STM32F4xx_HAL_Driver/Src/stm32f4xx_hal_tim_ex.c ****   }
ARM GAS  /tmp/ccicUsXN.s 			page 146


 4678              		.loc 1 1529 5 is_stmt 0 discriminator 1 view .LVU1243
 4679 0084 0123     		movs	r3, #1
 4680 0086 84F84230 		strb	r3, [r4, #66]
 4681 008a 0020     		movs	r0, #0
 4682              	.L392:
 4683              	.LVL263:
1533:Drivers/STM32F4/Drivers/STM32F4xx_HAL_Driver/Src/stm32f4xx_hal_tim_ex.c **** }
 4684              		.loc 1 1533 3 is_stmt 1 view .LVU1244
1534:Drivers/STM32F4/Drivers/STM32F4xx_HAL_Driver/Src/stm32f4xx_hal_tim_ex.c **** 
 4685              		.loc 1 1534 1 is_stmt 0 view .LVU1245
 4686 008c 38BD     		pop	{r3, r4, r5, pc}
 4687              	.LVL264:
 4688              	.L387:
1484:Drivers/STM32F4/Drivers/STM32F4xx_HAL_Driver/Src/stm32f4xx_hal_tim_ex.c **** 
 4689              		.loc 1 1484 3 discriminator 4 view .LVU1246
 4690 008e 002D     		cmp	r5, #0
 4691 0090 CCD0     		beq	.L389
1484:Drivers/STM32F4/Drivers/STM32F4xx_HAL_Driver/Src/stm32f4xx_hal_tim_ex.c **** 
 4692              		.loc 1 1484 3 discriminator 5 view .LVU1247
 4693 0092 042D     		cmp	r5, #4
 4694 0094 0AD0     		beq	.L390
1484:Drivers/STM32F4/Drivers/STM32F4xx_HAL_Driver/Src/stm32f4xx_hal_tim_ex.c **** 
 4695              		.loc 1 1484 3 discriminator 6 view .LVU1248
 4696 0096 082D     		cmp	r5, #8
 4697 0098 BDD1     		bne	.L388
 4698              	.LVL265:
 4699              	.L391:
1507:Drivers/STM32F4/Drivers/STM32F4xx_HAL_Driver/Src/stm32f4xx_hal_tim_ex.c ****       (void)HAL_DMA_Abort_IT(htim->hdma[TIM_DMA_ID_CC3]);
 4700              		.loc 1 1507 7 is_stmt 1 view .LVU1249
 4701 009a 2268     		ldr	r2, [r4]
 4702 009c D368     		ldr	r3, [r2, #12]
 4703 009e 23F40063 		bic	r3, r3, #2048
 4704 00a2 D360     		str	r3, [r2, #12]
1508:Drivers/STM32F4/Drivers/STM32F4xx_HAL_Driver/Src/stm32f4xx_hal_tim_ex.c ****       break;
 4705              		.loc 1 1508 7 view .LVU1250
1508:Drivers/STM32F4/Drivers/STM32F4xx_HAL_Driver/Src/stm32f4xx_hal_tim_ex.c ****       break;
 4706              		.loc 1 1508 13 is_stmt 0 view .LVU1251
 4707 00a4 E06A     		ldr	r0, [r4, #44]
 4708 00a6 FFF7FEFF 		bl	HAL_DMA_Abort_IT
 4709              	.LVL266:
1509:Drivers/STM32F4/Drivers/STM32F4xx_HAL_Driver/Src/stm32f4xx_hal_tim_ex.c ****     }
 4710              		.loc 1 1509 7 is_stmt 1 view .LVU1252
1517:Drivers/STM32F4/Drivers/STM32F4xx_HAL_Driver/Src/stm32f4xx_hal_tim_ex.c ****   {
 4711              		.loc 1 1517 3 view .LVU1253
 4712 00aa C7E7     		b	.L393
 4713              	.L390:
1499:Drivers/STM32F4/Drivers/STM32F4xx_HAL_Driver/Src/stm32f4xx_hal_tim_ex.c ****       (void)HAL_DMA_Abort_IT(htim->hdma[TIM_DMA_ID_CC2]);
 4714              		.loc 1 1499 7 view .LVU1254
 4715 00ac 2268     		ldr	r2, [r4]
 4716 00ae D368     		ldr	r3, [r2, #12]
 4717 00b0 23F48063 		bic	r3, r3, #1024
 4718 00b4 D360     		str	r3, [r2, #12]
1500:Drivers/STM32F4/Drivers/STM32F4xx_HAL_Driver/Src/stm32f4xx_hal_tim_ex.c ****       break;
 4719              		.loc 1 1500 7 view .LVU1255
1500:Drivers/STM32F4/Drivers/STM32F4xx_HAL_Driver/Src/stm32f4xx_hal_tim_ex.c ****       break;
 4720              		.loc 1 1500 13 is_stmt 0 view .LVU1256
 4721 00b6 A06A     		ldr	r0, [r4, #40]
ARM GAS  /tmp/ccicUsXN.s 			page 147


 4722 00b8 FFF7FEFF 		bl	HAL_DMA_Abort_IT
 4723              	.LVL267:
1501:Drivers/STM32F4/Drivers/STM32F4xx_HAL_Driver/Src/stm32f4xx_hal_tim_ex.c ****     }
 4724              		.loc 1 1501 7 is_stmt 1 view .LVU1257
1517:Drivers/STM32F4/Drivers/STM32F4xx_HAL_Driver/Src/stm32f4xx_hal_tim_ex.c ****   {
 4725              		.loc 1 1517 3 view .LVU1258
 4726 00bc BEE7     		b	.L393
 4727              	.L396:
1529:Drivers/STM32F4/Drivers/STM32F4xx_HAL_Driver/Src/stm32f4xx_hal_tim_ex.c ****   }
 4728              		.loc 1 1529 5 is_stmt 0 discriminator 2 view .LVU1259
 4729 00be 042D     		cmp	r5, #4
 4730 00c0 06D0     		beq	.L401
1529:Drivers/STM32F4/Drivers/STM32F4xx_HAL_Driver/Src/stm32f4xx_hal_tim_ex.c ****   }
 4731              		.loc 1 1529 5 discriminator 4 view .LVU1260
 4732 00c2 082D     		cmp	r5, #8
 4733 00c4 09D0     		beq	.L402
1529:Drivers/STM32F4/Drivers/STM32F4xx_HAL_Driver/Src/stm32f4xx_hal_tim_ex.c ****   }
 4734              		.loc 1 1529 5 discriminator 7 view .LVU1261
 4735 00c6 0123     		movs	r3, #1
 4736 00c8 84F84530 		strb	r3, [r4, #69]
 4737 00cc 0020     		movs	r0, #0
 4738 00ce DDE7     		b	.L392
 4739              	.L401:
1529:Drivers/STM32F4/Drivers/STM32F4xx_HAL_Driver/Src/stm32f4xx_hal_tim_ex.c ****   }
 4740              		.loc 1 1529 5 discriminator 3 view .LVU1262
 4741 00d0 0123     		movs	r3, #1
 4742 00d2 84F84330 		strb	r3, [r4, #67]
 4743 00d6 0020     		movs	r0, #0
 4744 00d8 D8E7     		b	.L392
 4745              	.L402:
1529:Drivers/STM32F4/Drivers/STM32F4xx_HAL_Driver/Src/stm32f4xx_hal_tim_ex.c ****   }
 4746              		.loc 1 1529 5 discriminator 6 view .LVU1263
 4747 00da 0123     		movs	r3, #1
 4748 00dc 84F84430 		strb	r3, [r4, #68]
 4749 00e0 0020     		movs	r0, #0
 4750 00e2 D3E7     		b	.L392
 4751              	.L399:
1486:Drivers/STM32F4/Drivers/STM32F4xx_HAL_Driver/Src/stm32f4xx_hal_tim_ex.c ****   {
 4752              		.loc 1 1486 3 view .LVU1264
 4753 00e4 0120     		movs	r0, #1
 4754 00e6 D1E7     		b	.L392
 4755              	.L404:
 4756              		.align	2
 4757              	.L403:
 4758 00e8 00000140 		.word	1073807360
 4759 00ec 00000000 		.word	.LC0
 4760              		.cfi_endproc
 4761              	.LFE155:
 4763              		.section	.text.HAL_TIMEx_OnePulseN_Start,"ax",%progbits
 4764              		.align	1
 4765              		.global	HAL_TIMEx_OnePulseN_Start
 4766              		.syntax unified
 4767              		.thumb
 4768              		.thumb_func
 4770              	HAL_TIMEx_OnePulseN_Start:
 4771              	.LVL268:
 4772              	.LFB156:
ARM GAS  /tmp/ccicUsXN.s 			page 148


1571:Drivers/STM32F4/Drivers/STM32F4xx_HAL_Driver/Src/stm32f4xx_hal_tim_ex.c ****   uint32_t input_channel = (OutputChannel == TIM_CHANNEL_1) ? TIM_CHANNEL_2 : TIM_CHANNEL_1;
 4773              		.loc 1 1571 1 is_stmt 1 view -0
 4774              		.cfi_startproc
 4775              		@ args = 0, pretend = 0, frame = 0
 4776              		@ frame_needed = 0, uses_anonymous_args = 0
1571:Drivers/STM32F4/Drivers/STM32F4xx_HAL_Driver/Src/stm32f4xx_hal_tim_ex.c ****   uint32_t input_channel = (OutputChannel == TIM_CHANNEL_1) ? TIM_CHANNEL_2 : TIM_CHANNEL_1;
 4777              		.loc 1 1571 1 is_stmt 0 view .LVU1266
 4778 0000 2DE9F047 		push	{r4, r5, r6, r7, r8, r9, r10, lr}
 4779              	.LCFI26:
 4780              		.cfi_def_cfa_offset 32
 4781              		.cfi_offset 4, -32
 4782              		.cfi_offset 5, -28
 4783              		.cfi_offset 6, -24
 4784              		.cfi_offset 7, -20
 4785              		.cfi_offset 8, -16
 4786              		.cfi_offset 9, -12
 4787              		.cfi_offset 10, -8
 4788              		.cfi_offset 14, -4
 4789 0004 0446     		mov	r4, r0
1572:Drivers/STM32F4/Drivers/STM32F4xx_HAL_Driver/Src/stm32f4xx_hal_tim_ex.c ****   HAL_TIM_ChannelStateTypeDef channel_1_state = TIM_CHANNEL_STATE_GET(htim, TIM_CHANNEL_1);
 4790              		.loc 1 1572 3 is_stmt 1 view .LVU1267
1572:Drivers/STM32F4/Drivers/STM32F4xx_HAL_Driver/Src/stm32f4xx_hal_tim_ex.c ****   HAL_TIM_ChannelStateTypeDef channel_1_state = TIM_CHANNEL_STATE_GET(htim, TIM_CHANNEL_1);
 4791              		.loc 1 1572 77 is_stmt 0 view .LVU1268
 4792 0006 8946     		mov	r9, r1
 4793 0008 31BB     		cbnz	r1, .L411
1572:Drivers/STM32F4/Drivers/STM32F4xx_HAL_Driver/Src/stm32f4xx_hal_tim_ex.c ****   HAL_TIM_ChannelStateTypeDef channel_1_state = TIM_CHANNEL_STATE_GET(htim, TIM_CHANNEL_1);
 4794              		.loc 1 1572 77 discriminator 1 view .LVU1269
 4795 000a 4FF0040A 		mov	r10, #4
 4796              	.L406:
 4797              	.LVL269:
1573:Drivers/STM32F4/Drivers/STM32F4xx_HAL_Driver/Src/stm32f4xx_hal_tim_ex.c ****   HAL_TIM_ChannelStateTypeDef channel_2_state = TIM_CHANNEL_STATE_GET(htim, TIM_CHANNEL_2);
 4798              		.loc 1 1573 3 is_stmt 1 view .LVU1270
1573:Drivers/STM32F4/Drivers/STM32F4xx_HAL_Driver/Src/stm32f4xx_hal_tim_ex.c ****   HAL_TIM_ChannelStateTypeDef channel_2_state = TIM_CHANNEL_STATE_GET(htim, TIM_CHANNEL_2);
 4799              		.loc 1 1573 31 is_stmt 0 view .LVU1271
 4800 000e 94F83E50 		ldrb	r5, [r4, #62]	@ zero_extendqisi2
 4801 0012 EDB2     		uxtb	r5, r5
 4802              	.LVL270:
1574:Drivers/STM32F4/Drivers/STM32F4xx_HAL_Driver/Src/stm32f4xx_hal_tim_ex.c ****   HAL_TIM_ChannelStateTypeDef complementary_channel_1_state = TIM_CHANNEL_N_STATE_GET(htim, TIM_CHA
 4803              		.loc 1 1574 3 is_stmt 1 view .LVU1272
1574:Drivers/STM32F4/Drivers/STM32F4xx_HAL_Driver/Src/stm32f4xx_hal_tim_ex.c ****   HAL_TIM_ChannelStateTypeDef complementary_channel_1_state = TIM_CHANNEL_N_STATE_GET(htim, TIM_CHA
 4804              		.loc 1 1574 31 is_stmt 0 view .LVU1273
 4805 0014 94F83F60 		ldrb	r6, [r4, #63]	@ zero_extendqisi2
 4806 0018 F6B2     		uxtb	r6, r6
 4807              	.LVL271:
1575:Drivers/STM32F4/Drivers/STM32F4xx_HAL_Driver/Src/stm32f4xx_hal_tim_ex.c ****   HAL_TIM_ChannelStateTypeDef complementary_channel_2_state = TIM_CHANNEL_N_STATE_GET(htim, TIM_CHA
 4808              		.loc 1 1575 3 is_stmt 1 view .LVU1274
1575:Drivers/STM32F4/Drivers/STM32F4xx_HAL_Driver/Src/stm32f4xx_hal_tim_ex.c ****   HAL_TIM_ChannelStateTypeDef complementary_channel_2_state = TIM_CHANNEL_N_STATE_GET(htim, TIM_CHA
 4809              		.loc 1 1575 31 is_stmt 0 view .LVU1275
 4810 001a 94F84270 		ldrb	r7, [r4, #66]	@ zero_extendqisi2
 4811 001e FFB2     		uxtb	r7, r7
 4812              	.LVL272:
1576:Drivers/STM32F4/Drivers/STM32F4xx_HAL_Driver/Src/stm32f4xx_hal_tim_ex.c **** 
 4813              		.loc 1 1576 3 is_stmt 1 view .LVU1276
1576:Drivers/STM32F4/Drivers/STM32F4xx_HAL_Driver/Src/stm32f4xx_hal_tim_ex.c **** 
 4814              		.loc 1 1576 31 is_stmt 0 view .LVU1277
 4815 0020 94F84380 		ldrb	r8, [r4, #67]	@ zero_extendqisi2
 4816 0024 5FFA88F8 		uxtb	r8, r8
ARM GAS  /tmp/ccicUsXN.s 			page 149


 4817              	.LVL273:
1579:Drivers/STM32F4/Drivers/STM32F4xx_HAL_Driver/Src/stm32f4xx_hal_tim_ex.c **** 
 4818              		.loc 1 1579 3 is_stmt 1 view .LVU1278
 4819 0028 2368     		ldr	r3, [r4]
 4820 002a 224A     		ldr	r2, .L417
 4821 002c 9342     		cmp	r3, r2
 4822 002e 16D0     		beq	.L407
1579:Drivers/STM32F4/Drivers/STM32F4xx_HAL_Driver/Src/stm32f4xx_hal_tim_ex.c **** 
 4823              		.loc 1 1579 3 is_stmt 0 discriminator 1 view .LVU1279
 4824 0030 02F58062 		add	r2, r2, #1024
 4825 0034 9342     		cmp	r3, r2
 4826 0036 12D0     		beq	.L407
 4827              	.L408:
1579:Drivers/STM32F4/Drivers/STM32F4xx_HAL_Driver/Src/stm32f4xx_hal_tim_ex.c **** 
 4828              		.loc 1 1579 3 discriminator 7 view .LVU1280
 4829 0038 40F22B61 		movw	r1, #1579
 4830              	.LVL274:
1579:Drivers/STM32F4/Drivers/STM32F4xx_HAL_Driver/Src/stm32f4xx_hal_tim_ex.c **** 
 4831              		.loc 1 1579 3 discriminator 7 view .LVU1281
 4832 003c 1E48     		ldr	r0, .L417+4
 4833              	.LVL275:
1579:Drivers/STM32F4/Drivers/STM32F4xx_HAL_Driver/Src/stm32f4xx_hal_tim_ex.c **** 
 4834              		.loc 1 1579 3 discriminator 7 view .LVU1282
 4835 003e FFF7FEFF 		bl	assert_failed
 4836              	.LVL276:
 4837              	.L409:
1582:Drivers/STM32F4/Drivers/STM32F4xx_HAL_Driver/Src/stm32f4xx_hal_tim_ex.c ****       || (channel_2_state != HAL_TIM_CHANNEL_STATE_READY)
 4838              		.loc 1 1582 3 is_stmt 1 view .LVU1283
1582:Drivers/STM32F4/Drivers/STM32F4xx_HAL_Driver/Src/stm32f4xx_hal_tim_ex.c ****       || (channel_2_state != HAL_TIM_CHANNEL_STATE_READY)
 4839              		.loc 1 1582 6 is_stmt 0 view .LVU1284
 4840 0042 012D     		cmp	r5, #1
 4841 0044 30D1     		bne	.L412
1583:Drivers/STM32F4/Drivers/STM32F4xx_HAL_Driver/Src/stm32f4xx_hal_tim_ex.c ****       || (complementary_channel_1_state != HAL_TIM_CHANNEL_STATE_READY)
 4842              		.loc 1 1583 7 view .LVU1285
 4843 0046 012E     		cmp	r6, #1
 4844 0048 2FD1     		bne	.L410
1584:Drivers/STM32F4/Drivers/STM32F4xx_HAL_Driver/Src/stm32f4xx_hal_tim_ex.c ****       || (complementary_channel_2_state != HAL_TIM_CHANNEL_STATE_READY))
 4845              		.loc 1 1584 7 view .LVU1286
 4846 004a 012F     		cmp	r7, #1
 4847 004c 30D1     		bne	.L413
1585:Drivers/STM32F4/Drivers/STM32F4xx_HAL_Driver/Src/stm32f4xx_hal_tim_ex.c ****   {
 4848              		.loc 1 1585 7 view .LVU1287
 4849 004e B8F1010F 		cmp	r8, #1
 4850 0052 0FD0     		beq	.L416
1587:Drivers/STM32F4/Drivers/STM32F4xx_HAL_Driver/Src/stm32f4xx_hal_tim_ex.c ****   }
 4851              		.loc 1 1587 12 view .LVU1288
 4852 0054 3D46     		mov	r5, r7
 4853              	.LVL277:
1587:Drivers/STM32F4/Drivers/STM32F4xx_HAL_Driver/Src/stm32f4xx_hal_tim_ex.c ****   }
 4854              		.loc 1 1587 12 view .LVU1289
 4855 0056 28E0     		b	.L410
 4856              	.LVL278:
 4857              	.L411:
1572:Drivers/STM32F4/Drivers/STM32F4xx_HAL_Driver/Src/stm32f4xx_hal_tim_ex.c ****   HAL_TIM_ChannelStateTypeDef channel_1_state = TIM_CHANNEL_STATE_GET(htim, TIM_CHANNEL_1);
 4858              		.loc 1 1572 77 discriminator 2 view .LVU1290
 4859 0058 4FF0000A 		mov	r10, #0
 4860 005c D7E7     		b	.L406
ARM GAS  /tmp/ccicUsXN.s 			page 150


 4861              	.LVL279:
 4862              	.L407:
1572:Drivers/STM32F4/Drivers/STM32F4xx_HAL_Driver/Src/stm32f4xx_hal_tim_ex.c ****   HAL_TIM_ChannelStateTypeDef channel_1_state = TIM_CHANNEL_STATE_GET(htim, TIM_CHANNEL_1);
 4863              		.loc 1 1572 77 discriminator 2 view .LVU1291
 4864 005e B9F1080F 		cmp	r9, #8
 4865 0062 E9D8     		bhi	.L408
 4866 0064 40F21113 		movw	r3, #273
 4867 0068 23FA09F3 		lsr	r3, r3, r9
 4868 006c 13F0010F 		tst	r3, #1
 4869 0070 E7D1     		bne	.L409
 4870 0072 E1E7     		b	.L408
 4871              	.LVL280:
 4872              	.L416:
1591:Drivers/STM32F4/Drivers/STM32F4xx_HAL_Driver/Src/stm32f4xx_hal_tim_ex.c ****   TIM_CHANNEL_STATE_SET(htim, TIM_CHANNEL_2, HAL_TIM_CHANNEL_STATE_BUSY);
 4873              		.loc 1 1591 3 is_stmt 1 view .LVU1292
 4874 0074 0223     		movs	r3, #2
 4875 0076 84F83E30 		strb	r3, [r4, #62]
1592:Drivers/STM32F4/Drivers/STM32F4xx_HAL_Driver/Src/stm32f4xx_hal_tim_ex.c ****   TIM_CHANNEL_N_STATE_SET(htim, TIM_CHANNEL_1, HAL_TIM_CHANNEL_STATE_BUSY);
 4876              		.loc 1 1592 3 view .LVU1293
 4877 007a 84F83F30 		strb	r3, [r4, #63]
1593:Drivers/STM32F4/Drivers/STM32F4xx_HAL_Driver/Src/stm32f4xx_hal_tim_ex.c ****   TIM_CHANNEL_N_STATE_SET(htim, TIM_CHANNEL_2, HAL_TIM_CHANNEL_STATE_BUSY);
 4878              		.loc 1 1593 3 view .LVU1294
 4879 007e 84F84230 		strb	r3, [r4, #66]
1594:Drivers/STM32F4/Drivers/STM32F4xx_HAL_Driver/Src/stm32f4xx_hal_tim_ex.c **** 
 4880              		.loc 1 1594 3 view .LVU1295
 4881 0082 84F84330 		strb	r3, [r4, #67]
1597:Drivers/STM32F4/Drivers/STM32F4xx_HAL_Driver/Src/stm32f4xx_hal_tim_ex.c ****   TIM_CCxChannelCmd(htim->Instance, input_channel, TIM_CCx_ENABLE);
 4882              		.loc 1 1597 3 view .LVU1296
 4883 0086 0422     		movs	r2, #4
 4884 0088 4946     		mov	r1, r9
 4885 008a 2068     		ldr	r0, [r4]
 4886 008c FFF7FEFF 		bl	TIM_CCxNChannelCmd
 4887              	.LVL281:
1598:Drivers/STM32F4/Drivers/STM32F4xx_HAL_Driver/Src/stm32f4xx_hal_tim_ex.c **** 
 4888              		.loc 1 1598 3 view .LVU1297
 4889 0090 0122     		movs	r2, #1
 4890 0092 5146     		mov	r1, r10
 4891 0094 2068     		ldr	r0, [r4]
 4892 0096 FFF7FEFF 		bl	TIM_CCxChannelCmd
 4893              	.LVL282:
1601:Drivers/STM32F4/Drivers/STM32F4xx_HAL_Driver/Src/stm32f4xx_hal_tim_ex.c **** 
 4894              		.loc 1 1601 3 view .LVU1298
 4895 009a 2268     		ldr	r2, [r4]
 4896 009c 536C     		ldr	r3, [r2, #68]
 4897 009e 43F40043 		orr	r3, r3, #32768
 4898 00a2 5364     		str	r3, [r2, #68]
1604:Drivers/STM32F4/Drivers/STM32F4xx_HAL_Driver/Src/stm32f4xx_hal_tim_ex.c **** }
 4899              		.loc 1 1604 3 view .LVU1299
1604:Drivers/STM32F4/Drivers/STM32F4xx_HAL_Driver/Src/stm32f4xx_hal_tim_ex.c **** }
 4900              		.loc 1 1604 10 is_stmt 0 view .LVU1300
 4901 00a4 0025     		movs	r5, #0
 4902              	.LVL283:
1604:Drivers/STM32F4/Drivers/STM32F4xx_HAL_Driver/Src/stm32f4xx_hal_tim_ex.c **** }
 4903              		.loc 1 1604 10 view .LVU1301
 4904 00a6 00E0     		b	.L410
 4905              	.LVL284:
 4906              	.L412:
ARM GAS  /tmp/ccicUsXN.s 			page 151


1587:Drivers/STM32F4/Drivers/STM32F4xx_HAL_Driver/Src/stm32f4xx_hal_tim_ex.c ****   }
 4907              		.loc 1 1587 12 view .LVU1302
 4908 00a8 0125     		movs	r5, #1
 4909              	.LVL285:
 4910              	.L410:
1605:Drivers/STM32F4/Drivers/STM32F4xx_HAL_Driver/Src/stm32f4xx_hal_tim_ex.c **** 
 4911              		.loc 1 1605 1 view .LVU1303
 4912 00aa 2846     		mov	r0, r5
 4913 00ac BDE8F087 		pop	{r4, r5, r6, r7, r8, r9, r10, pc}
 4914              	.LVL286:
 4915              	.L413:
1587:Drivers/STM32F4/Drivers/STM32F4xx_HAL_Driver/Src/stm32f4xx_hal_tim_ex.c ****   }
 4916              		.loc 1 1587 12 view .LVU1304
 4917 00b0 3546     		mov	r5, r6
 4918              	.LVL287:
1587:Drivers/STM32F4/Drivers/STM32F4xx_HAL_Driver/Src/stm32f4xx_hal_tim_ex.c ****   }
 4919              		.loc 1 1587 12 view .LVU1305
 4920 00b2 FAE7     		b	.L410
 4921              	.L418:
 4922              		.align	2
 4923              	.L417:
 4924 00b4 00000140 		.word	1073807360
 4925 00b8 00000000 		.word	.LC0
 4926              		.cfi_endproc
 4927              	.LFE156:
 4929              		.section	.text.HAL_TIMEx_OnePulseN_Stop,"ax",%progbits
 4930              		.align	1
 4931              		.global	HAL_TIMEx_OnePulseN_Stop
 4932              		.syntax unified
 4933              		.thumb
 4934              		.thumb_func
 4936              	HAL_TIMEx_OnePulseN_Stop:
 4937              	.LVL288:
 4938              	.LFB157:
1620:Drivers/STM32F4/Drivers/STM32F4xx_HAL_Driver/Src/stm32f4xx_hal_tim_ex.c ****   uint32_t input_channel = (OutputChannel == TIM_CHANNEL_1) ? TIM_CHANNEL_2 : TIM_CHANNEL_1;
 4939              		.loc 1 1620 1 is_stmt 1 view -0
 4940              		.cfi_startproc
 4941              		@ args = 0, pretend = 0, frame = 0
 4942              		@ frame_needed = 0, uses_anonymous_args = 0
1620:Drivers/STM32F4/Drivers/STM32F4xx_HAL_Driver/Src/stm32f4xx_hal_tim_ex.c ****   uint32_t input_channel = (OutputChannel == TIM_CHANNEL_1) ? TIM_CHANNEL_2 : TIM_CHANNEL_1;
 4943              		.loc 1 1620 1 is_stmt 0 view .LVU1307
 4944 0000 70B5     		push	{r4, r5, r6, lr}
 4945              	.LCFI27:
 4946              		.cfi_def_cfa_offset 16
 4947              		.cfi_offset 4, -16
 4948              		.cfi_offset 5, -12
 4949              		.cfi_offset 6, -8
 4950              		.cfi_offset 14, -4
 4951 0002 0446     		mov	r4, r0
1621:Drivers/STM32F4/Drivers/STM32F4xx_HAL_Driver/Src/stm32f4xx_hal_tim_ex.c **** 
 4952              		.loc 1 1621 3 is_stmt 1 view .LVU1308
1621:Drivers/STM32F4/Drivers/STM32F4xx_HAL_Driver/Src/stm32f4xx_hal_tim_ex.c **** 
 4953              		.loc 1 1621 77 is_stmt 0 view .LVU1309
 4954 0004 0D46     		mov	r5, r1
 4955 0006 0029     		cmp	r1, #0
 4956 0008 40D1     		bne	.L426
1621:Drivers/STM32F4/Drivers/STM32F4xx_HAL_Driver/Src/stm32f4xx_hal_tim_ex.c **** 
ARM GAS  /tmp/ccicUsXN.s 			page 152


 4957              		.loc 1 1621 77 discriminator 1 view .LVU1310
 4958 000a 0426     		movs	r6, #4
 4959              	.L420:
 4960              	.LVL289:
1624:Drivers/STM32F4/Drivers/STM32F4xx_HAL_Driver/Src/stm32f4xx_hal_tim_ex.c **** 
 4961              		.loc 1 1624 3 is_stmt 1 view .LVU1311
 4962 000c 2368     		ldr	r3, [r4]
 4963 000e 254A     		ldr	r2, .L428
 4964 0010 9342     		cmp	r3, r2
 4965 0012 3DD0     		beq	.L421
1624:Drivers/STM32F4/Drivers/STM32F4xx_HAL_Driver/Src/stm32f4xx_hal_tim_ex.c **** 
 4966              		.loc 1 1624 3 is_stmt 0 discriminator 1 view .LVU1312
 4967 0014 02F58062 		add	r2, r2, #1024
 4968 0018 9342     		cmp	r3, r2
 4969 001a 39D0     		beq	.L421
 4970              	.L422:
1624:Drivers/STM32F4/Drivers/STM32F4xx_HAL_Driver/Src/stm32f4xx_hal_tim_ex.c **** 
 4971              		.loc 1 1624 3 discriminator 7 view .LVU1313
 4972 001c 4FF4CB61 		mov	r1, #1624
 4973              	.LVL290:
1624:Drivers/STM32F4/Drivers/STM32F4xx_HAL_Driver/Src/stm32f4xx_hal_tim_ex.c **** 
 4974              		.loc 1 1624 3 discriminator 7 view .LVU1314
 4975 0020 2148     		ldr	r0, .L428+4
 4976              	.LVL291:
1624:Drivers/STM32F4/Drivers/STM32F4xx_HAL_Driver/Src/stm32f4xx_hal_tim_ex.c **** 
 4977              		.loc 1 1624 3 discriminator 7 view .LVU1315
 4978 0022 FFF7FEFF 		bl	assert_failed
 4979              	.LVL292:
 4980              	.L423:
1627:Drivers/STM32F4/Drivers/STM32F4xx_HAL_Driver/Src/stm32f4xx_hal_tim_ex.c ****   TIM_CCxChannelCmd(htim->Instance, input_channel, TIM_CCx_DISABLE);
 4981              		.loc 1 1627 3 is_stmt 1 view .LVU1316
 4982 0026 0022     		movs	r2, #0
 4983 0028 2946     		mov	r1, r5
 4984 002a 2068     		ldr	r0, [r4]
 4985 002c FFF7FEFF 		bl	TIM_CCxNChannelCmd
 4986              	.LVL293:
1628:Drivers/STM32F4/Drivers/STM32F4xx_HAL_Driver/Src/stm32f4xx_hal_tim_ex.c **** 
 4987              		.loc 1 1628 3 view .LVU1317
 4988 0030 0022     		movs	r2, #0
 4989 0032 3146     		mov	r1, r6
 4990 0034 2068     		ldr	r0, [r4]
 4991 0036 FFF7FEFF 		bl	TIM_CCxChannelCmd
 4992              	.LVL294:
1631:Drivers/STM32F4/Drivers/STM32F4xx_HAL_Driver/Src/stm32f4xx_hal_tim_ex.c **** 
 4993              		.loc 1 1631 3 view .LVU1318
1631:Drivers/STM32F4/Drivers/STM32F4xx_HAL_Driver/Src/stm32f4xx_hal_tim_ex.c **** 
 4994              		.loc 1 1631 3 view .LVU1319
 4995 003a 2368     		ldr	r3, [r4]
 4996 003c 196A     		ldr	r1, [r3, #32]
 4997 003e 41F21112 		movw	r2, #4369
 4998 0042 1142     		tst	r1, r2
 4999 0044 08D1     		bne	.L424
1631:Drivers/STM32F4/Drivers/STM32F4xx_HAL_Driver/Src/stm32f4xx_hal_tim_ex.c **** 
 5000              		.loc 1 1631 3 discriminator 1 view .LVU1320
 5001 0046 196A     		ldr	r1, [r3, #32]
 5002 0048 40F24442 		movw	r2, #1092
 5003 004c 1142     		tst	r1, r2
ARM GAS  /tmp/ccicUsXN.s 			page 153


 5004 004e 03D1     		bne	.L424
1631:Drivers/STM32F4/Drivers/STM32F4xx_HAL_Driver/Src/stm32f4xx_hal_tim_ex.c **** 
 5005              		.loc 1 1631 3 discriminator 3 view .LVU1321
 5006 0050 5A6C     		ldr	r2, [r3, #68]
 5007 0052 22F40042 		bic	r2, r2, #32768
 5008 0056 5A64     		str	r2, [r3, #68]
 5009              	.L424:
1631:Drivers/STM32F4/Drivers/STM32F4xx_HAL_Driver/Src/stm32f4xx_hal_tim_ex.c **** 
 5010              		.loc 1 1631 3 discriminator 5 view .LVU1322
1634:Drivers/STM32F4/Drivers/STM32F4xx_HAL_Driver/Src/stm32f4xx_hal_tim_ex.c **** 
 5011              		.loc 1 1634 3 view .LVU1323
1634:Drivers/STM32F4/Drivers/STM32F4xx_HAL_Driver/Src/stm32f4xx_hal_tim_ex.c **** 
 5012              		.loc 1 1634 3 view .LVU1324
 5013 0058 2368     		ldr	r3, [r4]
 5014 005a 196A     		ldr	r1, [r3, #32]
 5015 005c 41F21112 		movw	r2, #4369
 5016 0060 1142     		tst	r1, r2
 5017 0062 08D1     		bne	.L425
1634:Drivers/STM32F4/Drivers/STM32F4xx_HAL_Driver/Src/stm32f4xx_hal_tim_ex.c **** 
 5018              		.loc 1 1634 3 discriminator 1 view .LVU1325
 5019 0064 196A     		ldr	r1, [r3, #32]
 5020 0066 40F24442 		movw	r2, #1092
 5021 006a 1142     		tst	r1, r2
 5022 006c 03D1     		bne	.L425
1634:Drivers/STM32F4/Drivers/STM32F4xx_HAL_Driver/Src/stm32f4xx_hal_tim_ex.c **** 
 5023              		.loc 1 1634 3 discriminator 3 view .LVU1326
 5024 006e 1A68     		ldr	r2, [r3]
 5025 0070 22F00102 		bic	r2, r2, #1
 5026 0074 1A60     		str	r2, [r3]
 5027              	.L425:
1634:Drivers/STM32F4/Drivers/STM32F4xx_HAL_Driver/Src/stm32f4xx_hal_tim_ex.c **** 
 5028              		.loc 1 1634 3 discriminator 5 view .LVU1327
1637:Drivers/STM32F4/Drivers/STM32F4xx_HAL_Driver/Src/stm32f4xx_hal_tim_ex.c ****   TIM_CHANNEL_STATE_SET(htim, TIM_CHANNEL_2, HAL_TIM_CHANNEL_STATE_READY);
 5029              		.loc 1 1637 3 view .LVU1328
 5030 0076 0123     		movs	r3, #1
 5031 0078 84F83E30 		strb	r3, [r4, #62]
1638:Drivers/STM32F4/Drivers/STM32F4xx_HAL_Driver/Src/stm32f4xx_hal_tim_ex.c ****   TIM_CHANNEL_N_STATE_SET(htim, TIM_CHANNEL_1, HAL_TIM_CHANNEL_STATE_READY);
 5032              		.loc 1 1638 3 view .LVU1329
 5033 007c 84F83F30 		strb	r3, [r4, #63]
1639:Drivers/STM32F4/Drivers/STM32F4xx_HAL_Driver/Src/stm32f4xx_hal_tim_ex.c ****   TIM_CHANNEL_N_STATE_SET(htim, TIM_CHANNEL_2, HAL_TIM_CHANNEL_STATE_READY);
 5034              		.loc 1 1639 3 view .LVU1330
 5035 0080 84F84230 		strb	r3, [r4, #66]
1640:Drivers/STM32F4/Drivers/STM32F4xx_HAL_Driver/Src/stm32f4xx_hal_tim_ex.c **** 
 5036              		.loc 1 1640 3 view .LVU1331
 5037 0084 84F84330 		strb	r3, [r4, #67]
1643:Drivers/STM32F4/Drivers/STM32F4xx_HAL_Driver/Src/stm32f4xx_hal_tim_ex.c **** }
 5038              		.loc 1 1643 3 view .LVU1332
1644:Drivers/STM32F4/Drivers/STM32F4xx_HAL_Driver/Src/stm32f4xx_hal_tim_ex.c **** 
 5039              		.loc 1 1644 1 is_stmt 0 view .LVU1333
 5040 0088 0020     		movs	r0, #0
 5041 008a 70BD     		pop	{r4, r5, r6, pc}
 5042              	.LVL295:
 5043              	.L426:
1621:Drivers/STM32F4/Drivers/STM32F4xx_HAL_Driver/Src/stm32f4xx_hal_tim_ex.c **** 
 5044              		.loc 1 1621 77 discriminator 2 view .LVU1334
 5045 008c 0026     		movs	r6, #0
 5046 008e BDE7     		b	.L420
ARM GAS  /tmp/ccicUsXN.s 			page 154


 5047              	.LVL296:
 5048              	.L421:
1621:Drivers/STM32F4/Drivers/STM32F4xx_HAL_Driver/Src/stm32f4xx_hal_tim_ex.c **** 
 5049              		.loc 1 1621 77 discriminator 2 view .LVU1335
 5050 0090 082D     		cmp	r5, #8
 5051 0092 C3D8     		bhi	.L422
 5052 0094 40F21113 		movw	r3, #273
 5053 0098 EB40     		lsrs	r3, r3, r5
 5054 009a 13F0010F 		tst	r3, #1
 5055 009e C2D1     		bne	.L423
 5056 00a0 BCE7     		b	.L422
 5057              	.L429:
 5058 00a2 00BF     		.align	2
 5059              	.L428:
 5060 00a4 00000140 		.word	1073807360
 5061 00a8 00000000 		.word	.LC0
 5062              		.cfi_endproc
 5063              	.LFE157:
 5065              		.section	.text.HAL_TIMEx_OnePulseN_Start_IT,"ax",%progbits
 5066              		.align	1
 5067              		.global	HAL_TIMEx_OnePulseN_Start_IT
 5068              		.syntax unified
 5069              		.thumb
 5070              		.thumb_func
 5072              	HAL_TIMEx_OnePulseN_Start_IT:
 5073              	.LVL297:
 5074              	.LFB158:
1659:Drivers/STM32F4/Drivers/STM32F4xx_HAL_Driver/Src/stm32f4xx_hal_tim_ex.c ****   uint32_t input_channel = (OutputChannel == TIM_CHANNEL_1) ? TIM_CHANNEL_2 : TIM_CHANNEL_1;
 5075              		.loc 1 1659 1 is_stmt 1 view -0
 5076              		.cfi_startproc
 5077              		@ args = 0, pretend = 0, frame = 0
 5078              		@ frame_needed = 0, uses_anonymous_args = 0
1659:Drivers/STM32F4/Drivers/STM32F4xx_HAL_Driver/Src/stm32f4xx_hal_tim_ex.c ****   uint32_t input_channel = (OutputChannel == TIM_CHANNEL_1) ? TIM_CHANNEL_2 : TIM_CHANNEL_1;
 5079              		.loc 1 1659 1 is_stmt 0 view .LVU1337
 5080 0000 2DE9F047 		push	{r4, r5, r6, r7, r8, r9, r10, lr}
 5081              	.LCFI28:
 5082              		.cfi_def_cfa_offset 32
 5083              		.cfi_offset 4, -32
 5084              		.cfi_offset 5, -28
 5085              		.cfi_offset 6, -24
 5086              		.cfi_offset 7, -20
 5087              		.cfi_offset 8, -16
 5088              		.cfi_offset 9, -12
 5089              		.cfi_offset 10, -8
 5090              		.cfi_offset 14, -4
 5091 0004 0446     		mov	r4, r0
1660:Drivers/STM32F4/Drivers/STM32F4xx_HAL_Driver/Src/stm32f4xx_hal_tim_ex.c ****   HAL_TIM_ChannelStateTypeDef channel_1_state = TIM_CHANNEL_STATE_GET(htim, TIM_CHANNEL_1);
 5092              		.loc 1 1660 3 is_stmt 1 view .LVU1338
1660:Drivers/STM32F4/Drivers/STM32F4xx_HAL_Driver/Src/stm32f4xx_hal_tim_ex.c ****   HAL_TIM_ChannelStateTypeDef channel_1_state = TIM_CHANNEL_STATE_GET(htim, TIM_CHANNEL_1);
 5093              		.loc 1 1660 77 is_stmt 0 view .LVU1339
 5094 0006 8946     		mov	r9, r1
 5095 0008 31BB     		cbnz	r1, .L436
1660:Drivers/STM32F4/Drivers/STM32F4xx_HAL_Driver/Src/stm32f4xx_hal_tim_ex.c ****   HAL_TIM_ChannelStateTypeDef channel_1_state = TIM_CHANNEL_STATE_GET(htim, TIM_CHANNEL_1);
 5096              		.loc 1 1660 77 discriminator 1 view .LVU1340
 5097 000a 4FF0040A 		mov	r10, #4
 5098              	.L431:
 5099              	.LVL298:
ARM GAS  /tmp/ccicUsXN.s 			page 155


1661:Drivers/STM32F4/Drivers/STM32F4xx_HAL_Driver/Src/stm32f4xx_hal_tim_ex.c ****   HAL_TIM_ChannelStateTypeDef channel_2_state = TIM_CHANNEL_STATE_GET(htim, TIM_CHANNEL_2);
 5100              		.loc 1 1661 3 is_stmt 1 view .LVU1341
1661:Drivers/STM32F4/Drivers/STM32F4xx_HAL_Driver/Src/stm32f4xx_hal_tim_ex.c ****   HAL_TIM_ChannelStateTypeDef channel_2_state = TIM_CHANNEL_STATE_GET(htim, TIM_CHANNEL_2);
 5101              		.loc 1 1661 31 is_stmt 0 view .LVU1342
 5102 000e 94F83E50 		ldrb	r5, [r4, #62]	@ zero_extendqisi2
 5103 0012 EDB2     		uxtb	r5, r5
 5104              	.LVL299:
1662:Drivers/STM32F4/Drivers/STM32F4xx_HAL_Driver/Src/stm32f4xx_hal_tim_ex.c ****   HAL_TIM_ChannelStateTypeDef complementary_channel_1_state = TIM_CHANNEL_N_STATE_GET(htim, TIM_CHA
 5105              		.loc 1 1662 3 is_stmt 1 view .LVU1343
1662:Drivers/STM32F4/Drivers/STM32F4xx_HAL_Driver/Src/stm32f4xx_hal_tim_ex.c ****   HAL_TIM_ChannelStateTypeDef complementary_channel_1_state = TIM_CHANNEL_N_STATE_GET(htim, TIM_CHA
 5106              		.loc 1 1662 31 is_stmt 0 view .LVU1344
 5107 0014 94F83F60 		ldrb	r6, [r4, #63]	@ zero_extendqisi2
 5108 0018 F6B2     		uxtb	r6, r6
 5109              	.LVL300:
1663:Drivers/STM32F4/Drivers/STM32F4xx_HAL_Driver/Src/stm32f4xx_hal_tim_ex.c ****   HAL_TIM_ChannelStateTypeDef complementary_channel_2_state = TIM_CHANNEL_N_STATE_GET(htim, TIM_CHA
 5110              		.loc 1 1663 3 is_stmt 1 view .LVU1345
1663:Drivers/STM32F4/Drivers/STM32F4xx_HAL_Driver/Src/stm32f4xx_hal_tim_ex.c ****   HAL_TIM_ChannelStateTypeDef complementary_channel_2_state = TIM_CHANNEL_N_STATE_GET(htim, TIM_CHA
 5111              		.loc 1 1663 31 is_stmt 0 view .LVU1346
 5112 001a 94F84270 		ldrb	r7, [r4, #66]	@ zero_extendqisi2
 5113 001e FFB2     		uxtb	r7, r7
 5114              	.LVL301:
1664:Drivers/STM32F4/Drivers/STM32F4xx_HAL_Driver/Src/stm32f4xx_hal_tim_ex.c **** 
 5115              		.loc 1 1664 3 is_stmt 1 view .LVU1347
1664:Drivers/STM32F4/Drivers/STM32F4xx_HAL_Driver/Src/stm32f4xx_hal_tim_ex.c **** 
 5116              		.loc 1 1664 31 is_stmt 0 view .LVU1348
 5117 0020 94F84380 		ldrb	r8, [r4, #67]	@ zero_extendqisi2
 5118 0024 5FFA88F8 		uxtb	r8, r8
 5119              	.LVL302:
1667:Drivers/STM32F4/Drivers/STM32F4xx_HAL_Driver/Src/stm32f4xx_hal_tim_ex.c **** 
 5120              		.loc 1 1667 3 is_stmt 1 view .LVU1349
 5121 0028 2368     		ldr	r3, [r4]
 5122 002a 274A     		ldr	r2, .L442
 5123 002c 9342     		cmp	r3, r2
 5124 002e 16D0     		beq	.L432
1667:Drivers/STM32F4/Drivers/STM32F4xx_HAL_Driver/Src/stm32f4xx_hal_tim_ex.c **** 
 5125              		.loc 1 1667 3 is_stmt 0 discriminator 1 view .LVU1350
 5126 0030 02F58062 		add	r2, r2, #1024
 5127 0034 9342     		cmp	r3, r2
 5128 0036 12D0     		beq	.L432
 5129              	.L433:
1667:Drivers/STM32F4/Drivers/STM32F4xx_HAL_Driver/Src/stm32f4xx_hal_tim_ex.c **** 
 5130              		.loc 1 1667 3 discriminator 7 view .LVU1351
 5131 0038 40F28361 		movw	r1, #1667
 5132              	.LVL303:
1667:Drivers/STM32F4/Drivers/STM32F4xx_HAL_Driver/Src/stm32f4xx_hal_tim_ex.c **** 
 5133              		.loc 1 1667 3 discriminator 7 view .LVU1352
 5134 003c 2348     		ldr	r0, .L442+4
 5135              	.LVL304:
1667:Drivers/STM32F4/Drivers/STM32F4xx_HAL_Driver/Src/stm32f4xx_hal_tim_ex.c **** 
 5136              		.loc 1 1667 3 discriminator 7 view .LVU1353
 5137 003e FFF7FEFF 		bl	assert_failed
 5138              	.LVL305:
 5139              	.L434:
1670:Drivers/STM32F4/Drivers/STM32F4xx_HAL_Driver/Src/stm32f4xx_hal_tim_ex.c ****       || (channel_2_state != HAL_TIM_CHANNEL_STATE_READY)
 5140              		.loc 1 1670 3 is_stmt 1 view .LVU1354
1670:Drivers/STM32F4/Drivers/STM32F4xx_HAL_Driver/Src/stm32f4xx_hal_tim_ex.c ****       || (channel_2_state != HAL_TIM_CHANNEL_STATE_READY)
 5141              		.loc 1 1670 6 is_stmt 0 view .LVU1355
ARM GAS  /tmp/ccicUsXN.s 			page 156


 5142 0042 012D     		cmp	r5, #1
 5143 0044 3AD1     		bne	.L437
1671:Drivers/STM32F4/Drivers/STM32F4xx_HAL_Driver/Src/stm32f4xx_hal_tim_ex.c ****       || (complementary_channel_1_state != HAL_TIM_CHANNEL_STATE_READY)
 5144              		.loc 1 1671 7 view .LVU1356
 5145 0046 012E     		cmp	r6, #1
 5146 0048 39D1     		bne	.L435
1672:Drivers/STM32F4/Drivers/STM32F4xx_HAL_Driver/Src/stm32f4xx_hal_tim_ex.c ****       || (complementary_channel_2_state != HAL_TIM_CHANNEL_STATE_READY))
 5147              		.loc 1 1672 7 view .LVU1357
 5148 004a 012F     		cmp	r7, #1
 5149 004c 3AD1     		bne	.L438
1673:Drivers/STM32F4/Drivers/STM32F4xx_HAL_Driver/Src/stm32f4xx_hal_tim_ex.c ****   {
 5150              		.loc 1 1673 7 view .LVU1358
 5151 004e B8F1010F 		cmp	r8, #1
 5152 0052 0FD0     		beq	.L441
1675:Drivers/STM32F4/Drivers/STM32F4xx_HAL_Driver/Src/stm32f4xx_hal_tim_ex.c ****   }
 5153              		.loc 1 1675 12 view .LVU1359
 5154 0054 3D46     		mov	r5, r7
 5155              	.LVL306:
1675:Drivers/STM32F4/Drivers/STM32F4xx_HAL_Driver/Src/stm32f4xx_hal_tim_ex.c ****   }
 5156              		.loc 1 1675 12 view .LVU1360
 5157 0056 32E0     		b	.L435
 5158              	.LVL307:
 5159              	.L436:
1660:Drivers/STM32F4/Drivers/STM32F4xx_HAL_Driver/Src/stm32f4xx_hal_tim_ex.c ****   HAL_TIM_ChannelStateTypeDef channel_1_state = TIM_CHANNEL_STATE_GET(htim, TIM_CHANNEL_1);
 5160              		.loc 1 1660 77 discriminator 2 view .LVU1361
 5161 0058 4FF0000A 		mov	r10, #0
 5162 005c D7E7     		b	.L431
 5163              	.LVL308:
 5164              	.L432:
1660:Drivers/STM32F4/Drivers/STM32F4xx_HAL_Driver/Src/stm32f4xx_hal_tim_ex.c ****   HAL_TIM_ChannelStateTypeDef channel_1_state = TIM_CHANNEL_STATE_GET(htim, TIM_CHANNEL_1);
 5165              		.loc 1 1660 77 discriminator 2 view .LVU1362
 5166 005e B9F1080F 		cmp	r9, #8
 5167 0062 E9D8     		bhi	.L433
 5168 0064 40F21113 		movw	r3, #273
 5169 0068 23FA09F3 		lsr	r3, r3, r9
 5170 006c 13F0010F 		tst	r3, #1
 5171 0070 E7D1     		bne	.L434
 5172 0072 E1E7     		b	.L433
 5173              	.LVL309:
 5174              	.L441:
1679:Drivers/STM32F4/Drivers/STM32F4xx_HAL_Driver/Src/stm32f4xx_hal_tim_ex.c ****   TIM_CHANNEL_STATE_SET(htim, TIM_CHANNEL_2, HAL_TIM_CHANNEL_STATE_BUSY);
 5175              		.loc 1 1679 3 is_stmt 1 view .LVU1363
 5176 0074 0223     		movs	r3, #2
 5177 0076 84F83E30 		strb	r3, [r4, #62]
1680:Drivers/STM32F4/Drivers/STM32F4xx_HAL_Driver/Src/stm32f4xx_hal_tim_ex.c ****   TIM_CHANNEL_N_STATE_SET(htim, TIM_CHANNEL_1, HAL_TIM_CHANNEL_STATE_BUSY);
 5178              		.loc 1 1680 3 view .LVU1364
 5179 007a 84F83F30 		strb	r3, [r4, #63]
1681:Drivers/STM32F4/Drivers/STM32F4xx_HAL_Driver/Src/stm32f4xx_hal_tim_ex.c ****   TIM_CHANNEL_N_STATE_SET(htim, TIM_CHANNEL_2, HAL_TIM_CHANNEL_STATE_BUSY);
 5180              		.loc 1 1681 3 view .LVU1365
 5181 007e 84F84230 		strb	r3, [r4, #66]
1682:Drivers/STM32F4/Drivers/STM32F4xx_HAL_Driver/Src/stm32f4xx_hal_tim_ex.c **** 
 5182              		.loc 1 1682 3 view .LVU1366
 5183 0082 84F84330 		strb	r3, [r4, #67]
1685:Drivers/STM32F4/Drivers/STM32F4xx_HAL_Driver/Src/stm32f4xx_hal_tim_ex.c **** 
 5184              		.loc 1 1685 3 view .LVU1367
 5185 0086 2268     		ldr	r2, [r4]
 5186 0088 D368     		ldr	r3, [r2, #12]
ARM GAS  /tmp/ccicUsXN.s 			page 157


 5187 008a 43F00203 		orr	r3, r3, #2
 5188 008e D360     		str	r3, [r2, #12]
1688:Drivers/STM32F4/Drivers/STM32F4xx_HAL_Driver/Src/stm32f4xx_hal_tim_ex.c **** 
 5189              		.loc 1 1688 3 view .LVU1368
 5190 0090 2268     		ldr	r2, [r4]
 5191 0092 D368     		ldr	r3, [r2, #12]
 5192 0094 43F00403 		orr	r3, r3, #4
 5193 0098 D360     		str	r3, [r2, #12]
1691:Drivers/STM32F4/Drivers/STM32F4xx_HAL_Driver/Src/stm32f4xx_hal_tim_ex.c ****   TIM_CCxChannelCmd(htim->Instance, input_channel, TIM_CCx_ENABLE);
 5194              		.loc 1 1691 3 view .LVU1369
 5195 009a 0422     		movs	r2, #4
 5196 009c 4946     		mov	r1, r9
 5197 009e 2068     		ldr	r0, [r4]
 5198 00a0 FFF7FEFF 		bl	TIM_CCxNChannelCmd
 5199              	.LVL310:
1692:Drivers/STM32F4/Drivers/STM32F4xx_HAL_Driver/Src/stm32f4xx_hal_tim_ex.c **** 
 5200              		.loc 1 1692 3 view .LVU1370
 5201 00a4 0122     		movs	r2, #1
 5202 00a6 5146     		mov	r1, r10
 5203 00a8 2068     		ldr	r0, [r4]
 5204 00aa FFF7FEFF 		bl	TIM_CCxChannelCmd
 5205              	.LVL311:
1695:Drivers/STM32F4/Drivers/STM32F4xx_HAL_Driver/Src/stm32f4xx_hal_tim_ex.c **** 
 5206              		.loc 1 1695 3 view .LVU1371
 5207 00ae 2268     		ldr	r2, [r4]
 5208 00b0 536C     		ldr	r3, [r2, #68]
 5209 00b2 43F40043 		orr	r3, r3, #32768
 5210 00b6 5364     		str	r3, [r2, #68]
1698:Drivers/STM32F4/Drivers/STM32F4xx_HAL_Driver/Src/stm32f4xx_hal_tim_ex.c **** }
 5211              		.loc 1 1698 3 view .LVU1372
1698:Drivers/STM32F4/Drivers/STM32F4xx_HAL_Driver/Src/stm32f4xx_hal_tim_ex.c **** }
 5212              		.loc 1 1698 10 is_stmt 0 view .LVU1373
 5213 00b8 0025     		movs	r5, #0
 5214              	.LVL312:
1698:Drivers/STM32F4/Drivers/STM32F4xx_HAL_Driver/Src/stm32f4xx_hal_tim_ex.c **** }
 5215              		.loc 1 1698 10 view .LVU1374
 5216 00ba 00E0     		b	.L435
 5217              	.LVL313:
 5218              	.L437:
1675:Drivers/STM32F4/Drivers/STM32F4xx_HAL_Driver/Src/stm32f4xx_hal_tim_ex.c ****   }
 5219              		.loc 1 1675 12 view .LVU1375
 5220 00bc 0125     		movs	r5, #1
 5221              	.LVL314:
 5222              	.L435:
1699:Drivers/STM32F4/Drivers/STM32F4xx_HAL_Driver/Src/stm32f4xx_hal_tim_ex.c **** 
 5223              		.loc 1 1699 1 view .LVU1376
 5224 00be 2846     		mov	r0, r5
 5225 00c0 BDE8F087 		pop	{r4, r5, r6, r7, r8, r9, r10, pc}
 5226              	.LVL315:
 5227              	.L438:
1675:Drivers/STM32F4/Drivers/STM32F4xx_HAL_Driver/Src/stm32f4xx_hal_tim_ex.c ****   }
 5228              		.loc 1 1675 12 view .LVU1377
 5229 00c4 3546     		mov	r5, r6
 5230              	.LVL316:
1675:Drivers/STM32F4/Drivers/STM32F4xx_HAL_Driver/Src/stm32f4xx_hal_tim_ex.c ****   }
 5231              		.loc 1 1675 12 view .LVU1378
 5232 00c6 FAE7     		b	.L435
ARM GAS  /tmp/ccicUsXN.s 			page 158


 5233              	.L443:
 5234              		.align	2
 5235              	.L442:
 5236 00c8 00000140 		.word	1073807360
 5237 00cc 00000000 		.word	.LC0
 5238              		.cfi_endproc
 5239              	.LFE158:
 5241              		.section	.text.HAL_TIMEx_OnePulseN_Stop_IT,"ax",%progbits
 5242              		.align	1
 5243              		.global	HAL_TIMEx_OnePulseN_Stop_IT
 5244              		.syntax unified
 5245              		.thumb
 5246              		.thumb_func
 5248              	HAL_TIMEx_OnePulseN_Stop_IT:
 5249              	.LVL317:
 5250              	.LFB159:
1714:Drivers/STM32F4/Drivers/STM32F4xx_HAL_Driver/Src/stm32f4xx_hal_tim_ex.c ****   uint32_t input_channel = (OutputChannel == TIM_CHANNEL_1) ? TIM_CHANNEL_2 : TIM_CHANNEL_1;
 5251              		.loc 1 1714 1 is_stmt 1 view -0
 5252              		.cfi_startproc
 5253              		@ args = 0, pretend = 0, frame = 0
 5254              		@ frame_needed = 0, uses_anonymous_args = 0
1714:Drivers/STM32F4/Drivers/STM32F4xx_HAL_Driver/Src/stm32f4xx_hal_tim_ex.c ****   uint32_t input_channel = (OutputChannel == TIM_CHANNEL_1) ? TIM_CHANNEL_2 : TIM_CHANNEL_1;
 5255              		.loc 1 1714 1 is_stmt 0 view .LVU1380
 5256 0000 70B5     		push	{r4, r5, r6, lr}
 5257              	.LCFI29:
 5258              		.cfi_def_cfa_offset 16
 5259              		.cfi_offset 4, -16
 5260              		.cfi_offset 5, -12
 5261              		.cfi_offset 6, -8
 5262              		.cfi_offset 14, -4
 5263 0002 0446     		mov	r4, r0
1715:Drivers/STM32F4/Drivers/STM32F4xx_HAL_Driver/Src/stm32f4xx_hal_tim_ex.c **** 
 5264              		.loc 1 1715 3 is_stmt 1 view .LVU1381
1715:Drivers/STM32F4/Drivers/STM32F4xx_HAL_Driver/Src/stm32f4xx_hal_tim_ex.c **** 
 5265              		.loc 1 1715 77 is_stmt 0 view .LVU1382
 5266 0004 0D46     		mov	r5, r1
 5267 0006 0029     		cmp	r1, #0
 5268 0008 4AD1     		bne	.L451
1715:Drivers/STM32F4/Drivers/STM32F4xx_HAL_Driver/Src/stm32f4xx_hal_tim_ex.c **** 
 5269              		.loc 1 1715 77 discriminator 1 view .LVU1383
 5270 000a 0426     		movs	r6, #4
 5271              	.L445:
 5272              	.LVL318:
1718:Drivers/STM32F4/Drivers/STM32F4xx_HAL_Driver/Src/stm32f4xx_hal_tim_ex.c **** 
 5273              		.loc 1 1718 3 is_stmt 1 view .LVU1384
 5274 000c 2368     		ldr	r3, [r4]
 5275 000e 2A4A     		ldr	r2, .L453
 5276 0010 9342     		cmp	r3, r2
 5277 0012 47D0     		beq	.L446
1718:Drivers/STM32F4/Drivers/STM32F4xx_HAL_Driver/Src/stm32f4xx_hal_tim_ex.c **** 
 5278              		.loc 1 1718 3 is_stmt 0 discriminator 1 view .LVU1385
 5279 0014 02F58062 		add	r2, r2, #1024
 5280 0018 9342     		cmp	r3, r2
 5281 001a 43D0     		beq	.L446
 5282              	.L447:
1718:Drivers/STM32F4/Drivers/STM32F4xx_HAL_Driver/Src/stm32f4xx_hal_tim_ex.c **** 
 5283              		.loc 1 1718 3 discriminator 7 view .LVU1386
ARM GAS  /tmp/ccicUsXN.s 			page 159


 5284 001c 40F2B661 		movw	r1, #1718
 5285              	.LVL319:
1718:Drivers/STM32F4/Drivers/STM32F4xx_HAL_Driver/Src/stm32f4xx_hal_tim_ex.c **** 
 5286              		.loc 1 1718 3 discriminator 7 view .LVU1387
 5287 0020 2648     		ldr	r0, .L453+4
 5288              	.LVL320:
1718:Drivers/STM32F4/Drivers/STM32F4xx_HAL_Driver/Src/stm32f4xx_hal_tim_ex.c **** 
 5289              		.loc 1 1718 3 discriminator 7 view .LVU1388
 5290 0022 FFF7FEFF 		bl	assert_failed
 5291              	.LVL321:
 5292              	.L448:
1721:Drivers/STM32F4/Drivers/STM32F4xx_HAL_Driver/Src/stm32f4xx_hal_tim_ex.c **** 
 5293              		.loc 1 1721 3 is_stmt 1 view .LVU1389
 5294 0026 2268     		ldr	r2, [r4]
 5295 0028 D368     		ldr	r3, [r2, #12]
 5296 002a 23F00203 		bic	r3, r3, #2
 5297 002e D360     		str	r3, [r2, #12]
1724:Drivers/STM32F4/Drivers/STM32F4xx_HAL_Driver/Src/stm32f4xx_hal_tim_ex.c **** 
 5298              		.loc 1 1724 3 view .LVU1390
 5299 0030 2268     		ldr	r2, [r4]
 5300 0032 D368     		ldr	r3, [r2, #12]
 5301 0034 23F00403 		bic	r3, r3, #4
 5302 0038 D360     		str	r3, [r2, #12]
1727:Drivers/STM32F4/Drivers/STM32F4xx_HAL_Driver/Src/stm32f4xx_hal_tim_ex.c ****   TIM_CCxChannelCmd(htim->Instance, input_channel, TIM_CCx_DISABLE);
 5303              		.loc 1 1727 3 view .LVU1391
 5304 003a 0022     		movs	r2, #0
 5305 003c 2946     		mov	r1, r5
 5306 003e 2068     		ldr	r0, [r4]
 5307 0040 FFF7FEFF 		bl	TIM_CCxNChannelCmd
 5308              	.LVL322:
1728:Drivers/STM32F4/Drivers/STM32F4xx_HAL_Driver/Src/stm32f4xx_hal_tim_ex.c **** 
 5309              		.loc 1 1728 3 view .LVU1392
 5310 0044 0022     		movs	r2, #0
 5311 0046 3146     		mov	r1, r6
 5312 0048 2068     		ldr	r0, [r4]
 5313 004a FFF7FEFF 		bl	TIM_CCxChannelCmd
 5314              	.LVL323:
1731:Drivers/STM32F4/Drivers/STM32F4xx_HAL_Driver/Src/stm32f4xx_hal_tim_ex.c **** 
 5315              		.loc 1 1731 3 view .LVU1393
1731:Drivers/STM32F4/Drivers/STM32F4xx_HAL_Driver/Src/stm32f4xx_hal_tim_ex.c **** 
 5316              		.loc 1 1731 3 view .LVU1394
 5317 004e 2368     		ldr	r3, [r4]
 5318 0050 196A     		ldr	r1, [r3, #32]
 5319 0052 41F21112 		movw	r2, #4369
 5320 0056 1142     		tst	r1, r2
 5321 0058 08D1     		bne	.L449
1731:Drivers/STM32F4/Drivers/STM32F4xx_HAL_Driver/Src/stm32f4xx_hal_tim_ex.c **** 
 5322              		.loc 1 1731 3 discriminator 1 view .LVU1395
 5323 005a 196A     		ldr	r1, [r3, #32]
 5324 005c 40F24442 		movw	r2, #1092
 5325 0060 1142     		tst	r1, r2
 5326 0062 03D1     		bne	.L449
1731:Drivers/STM32F4/Drivers/STM32F4xx_HAL_Driver/Src/stm32f4xx_hal_tim_ex.c **** 
 5327              		.loc 1 1731 3 discriminator 3 view .LVU1396
 5328 0064 5A6C     		ldr	r2, [r3, #68]
 5329 0066 22F40042 		bic	r2, r2, #32768
 5330 006a 5A64     		str	r2, [r3, #68]
ARM GAS  /tmp/ccicUsXN.s 			page 160


 5331              	.L449:
1731:Drivers/STM32F4/Drivers/STM32F4xx_HAL_Driver/Src/stm32f4xx_hal_tim_ex.c **** 
 5332              		.loc 1 1731 3 discriminator 5 view .LVU1397
1734:Drivers/STM32F4/Drivers/STM32F4xx_HAL_Driver/Src/stm32f4xx_hal_tim_ex.c **** 
 5333              		.loc 1 1734 3 view .LVU1398
1734:Drivers/STM32F4/Drivers/STM32F4xx_HAL_Driver/Src/stm32f4xx_hal_tim_ex.c **** 
 5334              		.loc 1 1734 3 view .LVU1399
 5335 006c 2368     		ldr	r3, [r4]
 5336 006e 196A     		ldr	r1, [r3, #32]
 5337 0070 41F21112 		movw	r2, #4369
 5338 0074 1142     		tst	r1, r2
 5339 0076 08D1     		bne	.L450
1734:Drivers/STM32F4/Drivers/STM32F4xx_HAL_Driver/Src/stm32f4xx_hal_tim_ex.c **** 
 5340              		.loc 1 1734 3 discriminator 1 view .LVU1400
 5341 0078 196A     		ldr	r1, [r3, #32]
 5342 007a 40F24442 		movw	r2, #1092
 5343 007e 1142     		tst	r1, r2
 5344 0080 03D1     		bne	.L450
1734:Drivers/STM32F4/Drivers/STM32F4xx_HAL_Driver/Src/stm32f4xx_hal_tim_ex.c **** 
 5345              		.loc 1 1734 3 discriminator 3 view .LVU1401
 5346 0082 1A68     		ldr	r2, [r3]
 5347 0084 22F00102 		bic	r2, r2, #1
 5348 0088 1A60     		str	r2, [r3]
 5349              	.L450:
1734:Drivers/STM32F4/Drivers/STM32F4xx_HAL_Driver/Src/stm32f4xx_hal_tim_ex.c **** 
 5350              		.loc 1 1734 3 discriminator 5 view .LVU1402
1737:Drivers/STM32F4/Drivers/STM32F4xx_HAL_Driver/Src/stm32f4xx_hal_tim_ex.c ****   TIM_CHANNEL_STATE_SET(htim, TIM_CHANNEL_2, HAL_TIM_CHANNEL_STATE_READY);
 5351              		.loc 1 1737 3 view .LVU1403
 5352 008a 0123     		movs	r3, #1
 5353 008c 84F83E30 		strb	r3, [r4, #62]
1738:Drivers/STM32F4/Drivers/STM32F4xx_HAL_Driver/Src/stm32f4xx_hal_tim_ex.c ****   TIM_CHANNEL_N_STATE_SET(htim, TIM_CHANNEL_1, HAL_TIM_CHANNEL_STATE_READY);
 5354              		.loc 1 1738 3 view .LVU1404
 5355 0090 84F83F30 		strb	r3, [r4, #63]
1739:Drivers/STM32F4/Drivers/STM32F4xx_HAL_Driver/Src/stm32f4xx_hal_tim_ex.c ****   TIM_CHANNEL_N_STATE_SET(htim, TIM_CHANNEL_2, HAL_TIM_CHANNEL_STATE_READY);
 5356              		.loc 1 1739 3 view .LVU1405
 5357 0094 84F84230 		strb	r3, [r4, #66]
1740:Drivers/STM32F4/Drivers/STM32F4xx_HAL_Driver/Src/stm32f4xx_hal_tim_ex.c **** 
 5358              		.loc 1 1740 3 view .LVU1406
 5359 0098 84F84330 		strb	r3, [r4, #67]
1743:Drivers/STM32F4/Drivers/STM32F4xx_HAL_Driver/Src/stm32f4xx_hal_tim_ex.c **** }
 5360              		.loc 1 1743 3 view .LVU1407
1744:Drivers/STM32F4/Drivers/STM32F4xx_HAL_Driver/Src/stm32f4xx_hal_tim_ex.c **** 
 5361              		.loc 1 1744 1 is_stmt 0 view .LVU1408
 5362 009c 0020     		movs	r0, #0
 5363 009e 70BD     		pop	{r4, r5, r6, pc}
 5364              	.LVL324:
 5365              	.L451:
1715:Drivers/STM32F4/Drivers/STM32F4xx_HAL_Driver/Src/stm32f4xx_hal_tim_ex.c **** 
 5366              		.loc 1 1715 77 discriminator 2 view .LVU1409
 5367 00a0 0026     		movs	r6, #0
 5368 00a2 B3E7     		b	.L445
 5369              	.LVL325:
 5370              	.L446:
1715:Drivers/STM32F4/Drivers/STM32F4xx_HAL_Driver/Src/stm32f4xx_hal_tim_ex.c **** 
 5371              		.loc 1 1715 77 discriminator 2 view .LVU1410
 5372 00a4 082D     		cmp	r5, #8
 5373 00a6 B9D8     		bhi	.L447
ARM GAS  /tmp/ccicUsXN.s 			page 161


 5374 00a8 40F21113 		movw	r3, #273
 5375 00ac EB40     		lsrs	r3, r3, r5
 5376 00ae 13F0010F 		tst	r3, #1
 5377 00b2 B8D1     		bne	.L448
 5378 00b4 B2E7     		b	.L447
 5379              	.L454:
 5380 00b6 00BF     		.align	2
 5381              	.L453:
 5382 00b8 00000140 		.word	1073807360
 5383 00bc 00000000 		.word	.LC0
 5384              		.cfi_endproc
 5385              	.LFE159:
 5387              		.section	.text.HAL_TIMEx_ConfigCommutEvent,"ax",%progbits
 5388              		.align	1
 5389              		.global	HAL_TIMEx_ConfigCommutEvent
 5390              		.syntax unified
 5391              		.thumb
 5392              		.thumb_func
 5394              	HAL_TIMEx_ConfigCommutEvent:
 5395              	.LVL326:
 5396              	.LFB160:
1794:Drivers/STM32F4/Drivers/STM32F4xx_HAL_Driver/Src/stm32f4xx_hal_tim_ex.c ****   /* Check the parameters */
 5397              		.loc 1 1794 1 is_stmt 1 view -0
 5398              		.cfi_startproc
 5399              		@ args = 0, pretend = 0, frame = 0
 5400              		@ frame_needed = 0, uses_anonymous_args = 0
1794:Drivers/STM32F4/Drivers/STM32F4xx_HAL_Driver/Src/stm32f4xx_hal_tim_ex.c ****   /* Check the parameters */
 5401              		.loc 1 1794 1 is_stmt 0 view .LVU1412
 5402 0000 70B5     		push	{r4, r5, r6, lr}
 5403              	.LCFI30:
 5404              		.cfi_def_cfa_offset 16
 5405              		.cfi_offset 4, -16
 5406              		.cfi_offset 5, -12
 5407              		.cfi_offset 6, -8
 5408              		.cfi_offset 14, -4
 5409 0002 0446     		mov	r4, r0
 5410 0004 0D46     		mov	r5, r1
 5411 0006 1646     		mov	r6, r2
1796:Drivers/STM32F4/Drivers/STM32F4xx_HAL_Driver/Src/stm32f4xx_hal_tim_ex.c ****   assert_param(IS_TIM_INTERNAL_TRIGGEREVENT_SELECTION(InputTrigger));
 5412              		.loc 1 1796 3 is_stmt 1 view .LVU1413
 5413 0008 0368     		ldr	r3, [r0]
 5414 000a 2A4A     		ldr	r2, .L466
 5415              	.LVL327:
1796:Drivers/STM32F4/Drivers/STM32F4xx_HAL_Driver/Src/stm32f4xx_hal_tim_ex.c ****   assert_param(IS_TIM_INTERNAL_TRIGGEREVENT_SELECTION(InputTrigger));
 5416              		.loc 1 1796 3 is_stmt 0 view .LVU1414
 5417 000c 9342     		cmp	r3, r2
 5418 000e 08D0     		beq	.L456
1796:Drivers/STM32F4/Drivers/STM32F4xx_HAL_Driver/Src/stm32f4xx_hal_tim_ex.c ****   assert_param(IS_TIM_INTERNAL_TRIGGEREVENT_SELECTION(InputTrigger));
 5419              		.loc 1 1796 3 discriminator 1 view .LVU1415
 5420 0010 02F58062 		add	r2, r2, #1024
 5421 0014 9342     		cmp	r3, r2
 5422 0016 04D0     		beq	.L456
1796:Drivers/STM32F4/Drivers/STM32F4xx_HAL_Driver/Src/stm32f4xx_hal_tim_ex.c ****   assert_param(IS_TIM_INTERNAL_TRIGGEREVENT_SELECTION(InputTrigger));
 5423              		.loc 1 1796 3 discriminator 2 view .LVU1416
 5424 0018 40F20471 		movw	r1, #1796
 5425              	.LVL328:
1796:Drivers/STM32F4/Drivers/STM32F4xx_HAL_Driver/Src/stm32f4xx_hal_tim_ex.c ****   assert_param(IS_TIM_INTERNAL_TRIGGEREVENT_SELECTION(InputTrigger));
ARM GAS  /tmp/ccicUsXN.s 			page 162


 5426              		.loc 1 1796 3 discriminator 2 view .LVU1417
 5427 001c 2648     		ldr	r0, .L466+4
 5428              	.LVL329:
1796:Drivers/STM32F4/Drivers/STM32F4xx_HAL_Driver/Src/stm32f4xx_hal_tim_ex.c ****   assert_param(IS_TIM_INTERNAL_TRIGGEREVENT_SELECTION(InputTrigger));
 5429              		.loc 1 1796 3 discriminator 2 view .LVU1418
 5430 001e FFF7FEFF 		bl	assert_failed
 5431              	.LVL330:
 5432              	.L456:
1797:Drivers/STM32F4/Drivers/STM32F4xx_HAL_Driver/Src/stm32f4xx_hal_tim_ex.c **** 
 5433              		.loc 1 1797 3 is_stmt 1 view .LVU1419
 5434 0022 202D     		cmp	r5, #32
 5435 0024 08D0     		beq	.L457
 5436 0026 39D8     		bhi	.L458
 5437 0028 35B1     		cbz	r5, .L457
 5438 002a 102D     		cmp	r5, #16
 5439 002c 04D0     		beq	.L457
 5440              	.L459:
1797:Drivers/STM32F4/Drivers/STM32F4xx_HAL_Driver/Src/stm32f4xx_hal_tim_ex.c **** 
 5441              		.loc 1 1797 3 is_stmt 0 discriminator 5 view .LVU1420
 5442 002e 40F20571 		movw	r1, #1797
 5443 0032 2148     		ldr	r0, .L466+4
 5444 0034 FFF7FEFF 		bl	assert_failed
 5445              	.LVL331:
 5446              	.L457:
1799:Drivers/STM32F4/Drivers/STM32F4xx_HAL_Driver/Src/stm32f4xx_hal_tim_ex.c **** 
 5447              		.loc 1 1799 3 is_stmt 1 view .LVU1421
1799:Drivers/STM32F4/Drivers/STM32F4xx_HAL_Driver/Src/stm32f4xx_hal_tim_ex.c **** 
 5448              		.loc 1 1799 3 view .LVU1422
 5449 0038 94F83C30 		ldrb	r3, [r4, #60]	@ zero_extendqisi2
 5450 003c 012B     		cmp	r3, #1
 5451 003e 37D0     		beq	.L464
1799:Drivers/STM32F4/Drivers/STM32F4xx_HAL_Driver/Src/stm32f4xx_hal_tim_ex.c **** 
 5452              		.loc 1 1799 3 discriminator 2 view .LVU1423
 5453 0040 0123     		movs	r3, #1
 5454 0042 84F83C30 		strb	r3, [r4, #60]
1799:Drivers/STM32F4/Drivers/STM32F4xx_HAL_Driver/Src/stm32f4xx_hal_tim_ex.c **** 
 5455              		.loc 1 1799 3 discriminator 2 view .LVU1424
1801:Drivers/STM32F4/Drivers/STM32F4xx_HAL_Driver/Src/stm32f4xx_hal_tim_ex.c ****       (InputTrigger == TIM_TS_ITR2) || (InputTrigger == TIM_TS_ITR3))
 5456              		.loc 1 1801 3 view .LVU1425
 5457 0046 202D     		cmp	r5, #32
 5458 0048 03D0     		beq	.L461
 5459 004a 2ED8     		bhi	.L462
 5460 004c 0DB1     		cbz	r5, .L461
 5461 004e 102D     		cmp	r5, #16
 5462 0050 08D1     		bne	.L463
 5463              	.L461:
1805:Drivers/STM32F4/Drivers/STM32F4xx_HAL_Driver/Src/stm32f4xx_hal_tim_ex.c ****     htim->Instance->SMCR |= InputTrigger;
 5464              		.loc 1 1805 5 view .LVU1426
1805:Drivers/STM32F4/Drivers/STM32F4xx_HAL_Driver/Src/stm32f4xx_hal_tim_ex.c ****     htim->Instance->SMCR |= InputTrigger;
 5465              		.loc 1 1805 9 is_stmt 0 view .LVU1427
 5466 0052 2268     		ldr	r2, [r4]
1805:Drivers/STM32F4/Drivers/STM32F4xx_HAL_Driver/Src/stm32f4xx_hal_tim_ex.c ****     htim->Instance->SMCR |= InputTrigger;
 5467              		.loc 1 1805 19 view .LVU1428
 5468 0054 9368     		ldr	r3, [r2, #8]
1805:Drivers/STM32F4/Drivers/STM32F4xx_HAL_Driver/Src/stm32f4xx_hal_tim_ex.c ****     htim->Instance->SMCR |= InputTrigger;
 5469              		.loc 1 1805 26 view .LVU1429
 5470 0056 23F07003 		bic	r3, r3, #112
ARM GAS  /tmp/ccicUsXN.s 			page 163


 5471 005a 9360     		str	r3, [r2, #8]
1806:Drivers/STM32F4/Drivers/STM32F4xx_HAL_Driver/Src/stm32f4xx_hal_tim_ex.c ****   }
 5472              		.loc 1 1806 5 is_stmt 1 view .LVU1430
1806:Drivers/STM32F4/Drivers/STM32F4xx_HAL_Driver/Src/stm32f4xx_hal_tim_ex.c ****   }
 5473              		.loc 1 1806 9 is_stmt 0 view .LVU1431
 5474 005c 2268     		ldr	r2, [r4]
1806:Drivers/STM32F4/Drivers/STM32F4xx_HAL_Driver/Src/stm32f4xx_hal_tim_ex.c ****   }
 5475              		.loc 1 1806 19 view .LVU1432
 5476 005e 9368     		ldr	r3, [r2, #8]
1806:Drivers/STM32F4/Drivers/STM32F4xx_HAL_Driver/Src/stm32f4xx_hal_tim_ex.c ****   }
 5477              		.loc 1 1806 26 view .LVU1433
 5478 0060 2B43     		orrs	r3, r3, r5
 5479 0062 9360     		str	r3, [r2, #8]
 5480              	.L463:
1810:Drivers/STM32F4/Drivers/STM32F4xx_HAL_Driver/Src/stm32f4xx_hal_tim_ex.c ****   /* Select the Commutation event source */
 5481              		.loc 1 1810 3 is_stmt 1 view .LVU1434
1810:Drivers/STM32F4/Drivers/STM32F4xx_HAL_Driver/Src/stm32f4xx_hal_tim_ex.c ****   /* Select the Commutation event source */
 5482              		.loc 1 1810 7 is_stmt 0 view .LVU1435
 5483 0064 2268     		ldr	r2, [r4]
1810:Drivers/STM32F4/Drivers/STM32F4xx_HAL_Driver/Src/stm32f4xx_hal_tim_ex.c ****   /* Select the Commutation event source */
 5484              		.loc 1 1810 17 view .LVU1436
 5485 0066 5368     		ldr	r3, [r2, #4]
1810:Drivers/STM32F4/Drivers/STM32F4xx_HAL_Driver/Src/stm32f4xx_hal_tim_ex.c ****   /* Select the Commutation event source */
 5486              		.loc 1 1810 23 view .LVU1437
 5487 0068 43F00103 		orr	r3, r3, #1
 5488 006c 5360     		str	r3, [r2, #4]
1812:Drivers/STM32F4/Drivers/STM32F4xx_HAL_Driver/Src/stm32f4xx_hal_tim_ex.c ****   htim->Instance->CR2 |= CommutationSource;
 5489              		.loc 1 1812 3 is_stmt 1 view .LVU1438
1812:Drivers/STM32F4/Drivers/STM32F4xx_HAL_Driver/Src/stm32f4xx_hal_tim_ex.c ****   htim->Instance->CR2 |= CommutationSource;
 5490              		.loc 1 1812 7 is_stmt 0 view .LVU1439
 5491 006e 2268     		ldr	r2, [r4]
1812:Drivers/STM32F4/Drivers/STM32F4xx_HAL_Driver/Src/stm32f4xx_hal_tim_ex.c ****   htim->Instance->CR2 |= CommutationSource;
 5492              		.loc 1 1812 17 view .LVU1440
 5493 0070 5368     		ldr	r3, [r2, #4]
1812:Drivers/STM32F4/Drivers/STM32F4xx_HAL_Driver/Src/stm32f4xx_hal_tim_ex.c ****   htim->Instance->CR2 |= CommutationSource;
 5494              		.loc 1 1812 23 view .LVU1441
 5495 0072 23F00403 		bic	r3, r3, #4
 5496 0076 5360     		str	r3, [r2, #4]
1813:Drivers/STM32F4/Drivers/STM32F4xx_HAL_Driver/Src/stm32f4xx_hal_tim_ex.c **** 
 5497              		.loc 1 1813 3 is_stmt 1 view .LVU1442
1813:Drivers/STM32F4/Drivers/STM32F4xx_HAL_Driver/Src/stm32f4xx_hal_tim_ex.c **** 
 5498              		.loc 1 1813 7 is_stmt 0 view .LVU1443
 5499 0078 2268     		ldr	r2, [r4]
1813:Drivers/STM32F4/Drivers/STM32F4xx_HAL_Driver/Src/stm32f4xx_hal_tim_ex.c **** 
 5500              		.loc 1 1813 17 view .LVU1444
 5501 007a 5368     		ldr	r3, [r2, #4]
1813:Drivers/STM32F4/Drivers/STM32F4xx_HAL_Driver/Src/stm32f4xx_hal_tim_ex.c **** 
 5502              		.loc 1 1813 23 view .LVU1445
 5503 007c 3343     		orrs	r3, r3, r6
 5504 007e 5360     		str	r3, [r2, #4]
1816:Drivers/STM32F4/Drivers/STM32F4xx_HAL_Driver/Src/stm32f4xx_hal_tim_ex.c **** 
 5505              		.loc 1 1816 3 is_stmt 1 view .LVU1446
 5506 0080 2268     		ldr	r2, [r4]
 5507 0082 D368     		ldr	r3, [r2, #12]
 5508 0084 23F02003 		bic	r3, r3, #32
 5509 0088 D360     		str	r3, [r2, #12]
1819:Drivers/STM32F4/Drivers/STM32F4xx_HAL_Driver/Src/stm32f4xx_hal_tim_ex.c **** 
ARM GAS  /tmp/ccicUsXN.s 			page 164


 5510              		.loc 1 1819 3 view .LVU1447
 5511 008a 2268     		ldr	r2, [r4]
 5512 008c D368     		ldr	r3, [r2, #12]
 5513 008e 23F40053 		bic	r3, r3, #8192
 5514 0092 D360     		str	r3, [r2, #12]
1821:Drivers/STM32F4/Drivers/STM32F4xx_HAL_Driver/Src/stm32f4xx_hal_tim_ex.c **** 
 5515              		.loc 1 1821 3 view .LVU1448
1821:Drivers/STM32F4/Drivers/STM32F4xx_HAL_Driver/Src/stm32f4xx_hal_tim_ex.c **** 
 5516              		.loc 1 1821 3 view .LVU1449
 5517 0094 0020     		movs	r0, #0
 5518 0096 84F83C00 		strb	r0, [r4, #60]
1821:Drivers/STM32F4/Drivers/STM32F4xx_HAL_Driver/Src/stm32f4xx_hal_tim_ex.c **** 
 5519              		.loc 1 1821 3 view .LVU1450
1823:Drivers/STM32F4/Drivers/STM32F4xx_HAL_Driver/Src/stm32f4xx_hal_tim_ex.c **** }
 5520              		.loc 1 1823 3 view .LVU1451
 5521              	.L460:
1824:Drivers/STM32F4/Drivers/STM32F4xx_HAL_Driver/Src/stm32f4xx_hal_tim_ex.c **** 
 5522              		.loc 1 1824 1 is_stmt 0 view .LVU1452
 5523 009a 70BD     		pop	{r4, r5, r6, pc}
 5524              	.LVL332:
 5525              	.L458:
1824:Drivers/STM32F4/Drivers/STM32F4xx_HAL_Driver/Src/stm32f4xx_hal_tim_ex.c **** 
 5526              		.loc 1 1824 1 view .LVU1453
 5527 009c 302D     		cmp	r5, #48
 5528 009e CBD0     		beq	.L457
 5529 00a0 4FF6FF73 		movw	r3, #65535
 5530 00a4 9D42     		cmp	r5, r3
 5531 00a6 C2D1     		bne	.L459
 5532 00a8 C6E7     		b	.L457
 5533              	.L462:
1824:Drivers/STM32F4/Drivers/STM32F4xx_HAL_Driver/Src/stm32f4xx_hal_tim_ex.c **** 
 5534              		.loc 1 1824 1 view .LVU1454
 5535 00aa 302D     		cmp	r5, #48
 5536 00ac DAD1     		bne	.L463
 5537 00ae D0E7     		b	.L461
 5538              	.L464:
1799:Drivers/STM32F4/Drivers/STM32F4xx_HAL_Driver/Src/stm32f4xx_hal_tim_ex.c **** 
 5539              		.loc 1 1799 3 discriminator 1 view .LVU1455
 5540 00b0 0220     		movs	r0, #2
 5541 00b2 F2E7     		b	.L460
 5542              	.L467:
 5543              		.align	2
 5544              	.L466:
 5545 00b4 00000140 		.word	1073807360
 5546 00b8 00000000 		.word	.LC0
 5547              		.cfi_endproc
 5548              	.LFE160:
 5550              		.section	.text.HAL_TIMEx_ConfigCommutEvent_IT,"ax",%progbits
 5551              		.align	1
 5552              		.global	HAL_TIMEx_ConfigCommutEvent_IT
 5553              		.syntax unified
 5554              		.thumb
 5555              		.thumb_func
 5557              	HAL_TIMEx_ConfigCommutEvent_IT:
 5558              	.LVL333:
 5559              	.LFB161:
1850:Drivers/STM32F4/Drivers/STM32F4xx_HAL_Driver/Src/stm32f4xx_hal_tim_ex.c ****   /* Check the parameters */
ARM GAS  /tmp/ccicUsXN.s 			page 165


 5560              		.loc 1 1850 1 is_stmt 1 view -0
 5561              		.cfi_startproc
 5562              		@ args = 0, pretend = 0, frame = 0
 5563              		@ frame_needed = 0, uses_anonymous_args = 0
1850:Drivers/STM32F4/Drivers/STM32F4xx_HAL_Driver/Src/stm32f4xx_hal_tim_ex.c ****   /* Check the parameters */
 5564              		.loc 1 1850 1 is_stmt 0 view .LVU1457
 5565 0000 70B5     		push	{r4, r5, r6, lr}
 5566              	.LCFI31:
 5567              		.cfi_def_cfa_offset 16
 5568              		.cfi_offset 4, -16
 5569              		.cfi_offset 5, -12
 5570              		.cfi_offset 6, -8
 5571              		.cfi_offset 14, -4
 5572 0002 0446     		mov	r4, r0
 5573 0004 0D46     		mov	r5, r1
 5574 0006 1646     		mov	r6, r2
1852:Drivers/STM32F4/Drivers/STM32F4xx_HAL_Driver/Src/stm32f4xx_hal_tim_ex.c ****   assert_param(IS_TIM_INTERNAL_TRIGGEREVENT_SELECTION(InputTrigger));
 5575              		.loc 1 1852 3 is_stmt 1 view .LVU1458
 5576 0008 0368     		ldr	r3, [r0]
 5577 000a 2A4A     		ldr	r2, .L479
 5578              	.LVL334:
1852:Drivers/STM32F4/Drivers/STM32F4xx_HAL_Driver/Src/stm32f4xx_hal_tim_ex.c ****   assert_param(IS_TIM_INTERNAL_TRIGGEREVENT_SELECTION(InputTrigger));
 5579              		.loc 1 1852 3 is_stmt 0 view .LVU1459
 5580 000c 9342     		cmp	r3, r2
 5581 000e 08D0     		beq	.L469
1852:Drivers/STM32F4/Drivers/STM32F4xx_HAL_Driver/Src/stm32f4xx_hal_tim_ex.c ****   assert_param(IS_TIM_INTERNAL_TRIGGEREVENT_SELECTION(InputTrigger));
 5582              		.loc 1 1852 3 discriminator 1 view .LVU1460
 5583 0010 02F58062 		add	r2, r2, #1024
 5584 0014 9342     		cmp	r3, r2
 5585 0016 04D0     		beq	.L469
1852:Drivers/STM32F4/Drivers/STM32F4xx_HAL_Driver/Src/stm32f4xx_hal_tim_ex.c ****   assert_param(IS_TIM_INTERNAL_TRIGGEREVENT_SELECTION(InputTrigger));
 5586              		.loc 1 1852 3 discriminator 2 view .LVU1461
 5587 0018 40F23C71 		movw	r1, #1852
 5588              	.LVL335:
1852:Drivers/STM32F4/Drivers/STM32F4xx_HAL_Driver/Src/stm32f4xx_hal_tim_ex.c ****   assert_param(IS_TIM_INTERNAL_TRIGGEREVENT_SELECTION(InputTrigger));
 5589              		.loc 1 1852 3 discriminator 2 view .LVU1462
 5590 001c 2648     		ldr	r0, .L479+4
 5591              	.LVL336:
1852:Drivers/STM32F4/Drivers/STM32F4xx_HAL_Driver/Src/stm32f4xx_hal_tim_ex.c ****   assert_param(IS_TIM_INTERNAL_TRIGGEREVENT_SELECTION(InputTrigger));
 5592              		.loc 1 1852 3 discriminator 2 view .LVU1463
 5593 001e FFF7FEFF 		bl	assert_failed
 5594              	.LVL337:
 5595              	.L469:
1853:Drivers/STM32F4/Drivers/STM32F4xx_HAL_Driver/Src/stm32f4xx_hal_tim_ex.c **** 
 5596              		.loc 1 1853 3 is_stmt 1 view .LVU1464
 5597 0022 202D     		cmp	r5, #32
 5598 0024 08D0     		beq	.L470
 5599 0026 39D8     		bhi	.L471
 5600 0028 35B1     		cbz	r5, .L470
 5601 002a 102D     		cmp	r5, #16
 5602 002c 04D0     		beq	.L470
 5603              	.L472:
1853:Drivers/STM32F4/Drivers/STM32F4xx_HAL_Driver/Src/stm32f4xx_hal_tim_ex.c **** 
 5604              		.loc 1 1853 3 is_stmt 0 discriminator 5 view .LVU1465
 5605 002e 40F23D71 		movw	r1, #1853
 5606 0032 2148     		ldr	r0, .L479+4
 5607 0034 FFF7FEFF 		bl	assert_failed
ARM GAS  /tmp/ccicUsXN.s 			page 166


 5608              	.LVL338:
 5609              	.L470:
1855:Drivers/STM32F4/Drivers/STM32F4xx_HAL_Driver/Src/stm32f4xx_hal_tim_ex.c **** 
 5610              		.loc 1 1855 3 is_stmt 1 view .LVU1466
1855:Drivers/STM32F4/Drivers/STM32F4xx_HAL_Driver/Src/stm32f4xx_hal_tim_ex.c **** 
 5611              		.loc 1 1855 3 view .LVU1467
 5612 0038 94F83C30 		ldrb	r3, [r4, #60]	@ zero_extendqisi2
 5613 003c 012B     		cmp	r3, #1
 5614 003e 37D0     		beq	.L477
1855:Drivers/STM32F4/Drivers/STM32F4xx_HAL_Driver/Src/stm32f4xx_hal_tim_ex.c **** 
 5615              		.loc 1 1855 3 discriminator 2 view .LVU1468
 5616 0040 0123     		movs	r3, #1
 5617 0042 84F83C30 		strb	r3, [r4, #60]
1855:Drivers/STM32F4/Drivers/STM32F4xx_HAL_Driver/Src/stm32f4xx_hal_tim_ex.c **** 
 5618              		.loc 1 1855 3 discriminator 2 view .LVU1469
1857:Drivers/STM32F4/Drivers/STM32F4xx_HAL_Driver/Src/stm32f4xx_hal_tim_ex.c ****       (InputTrigger == TIM_TS_ITR2) || (InputTrigger == TIM_TS_ITR3))
 5619              		.loc 1 1857 3 view .LVU1470
 5620 0046 202D     		cmp	r5, #32
 5621 0048 03D0     		beq	.L474
 5622 004a 2ED8     		bhi	.L475
 5623 004c 0DB1     		cbz	r5, .L474
 5624 004e 102D     		cmp	r5, #16
 5625 0050 08D1     		bne	.L476
 5626              	.L474:
1861:Drivers/STM32F4/Drivers/STM32F4xx_HAL_Driver/Src/stm32f4xx_hal_tim_ex.c ****     htim->Instance->SMCR |= InputTrigger;
 5627              		.loc 1 1861 5 view .LVU1471
1861:Drivers/STM32F4/Drivers/STM32F4xx_HAL_Driver/Src/stm32f4xx_hal_tim_ex.c ****     htim->Instance->SMCR |= InputTrigger;
 5628              		.loc 1 1861 9 is_stmt 0 view .LVU1472
 5629 0052 2268     		ldr	r2, [r4]
1861:Drivers/STM32F4/Drivers/STM32F4xx_HAL_Driver/Src/stm32f4xx_hal_tim_ex.c ****     htim->Instance->SMCR |= InputTrigger;
 5630              		.loc 1 1861 19 view .LVU1473
 5631 0054 9368     		ldr	r3, [r2, #8]
1861:Drivers/STM32F4/Drivers/STM32F4xx_HAL_Driver/Src/stm32f4xx_hal_tim_ex.c ****     htim->Instance->SMCR |= InputTrigger;
 5632              		.loc 1 1861 26 view .LVU1474
 5633 0056 23F07003 		bic	r3, r3, #112
 5634 005a 9360     		str	r3, [r2, #8]
1862:Drivers/STM32F4/Drivers/STM32F4xx_HAL_Driver/Src/stm32f4xx_hal_tim_ex.c ****   }
 5635              		.loc 1 1862 5 is_stmt 1 view .LVU1475
1862:Drivers/STM32F4/Drivers/STM32F4xx_HAL_Driver/Src/stm32f4xx_hal_tim_ex.c ****   }
 5636              		.loc 1 1862 9 is_stmt 0 view .LVU1476
 5637 005c 2268     		ldr	r2, [r4]
1862:Drivers/STM32F4/Drivers/STM32F4xx_HAL_Driver/Src/stm32f4xx_hal_tim_ex.c ****   }
 5638              		.loc 1 1862 19 view .LVU1477
 5639 005e 9368     		ldr	r3, [r2, #8]
1862:Drivers/STM32F4/Drivers/STM32F4xx_HAL_Driver/Src/stm32f4xx_hal_tim_ex.c ****   }
 5640              		.loc 1 1862 26 view .LVU1478
 5641 0060 2B43     		orrs	r3, r3, r5
 5642 0062 9360     		str	r3, [r2, #8]
 5643              	.L476:
1866:Drivers/STM32F4/Drivers/STM32F4xx_HAL_Driver/Src/stm32f4xx_hal_tim_ex.c ****   /* Select the Commutation event source */
 5644              		.loc 1 1866 3 is_stmt 1 view .LVU1479
1866:Drivers/STM32F4/Drivers/STM32F4xx_HAL_Driver/Src/stm32f4xx_hal_tim_ex.c ****   /* Select the Commutation event source */
 5645              		.loc 1 1866 7 is_stmt 0 view .LVU1480
 5646 0064 2268     		ldr	r2, [r4]
1866:Drivers/STM32F4/Drivers/STM32F4xx_HAL_Driver/Src/stm32f4xx_hal_tim_ex.c ****   /* Select the Commutation event source */
 5647              		.loc 1 1866 17 view .LVU1481
 5648 0066 5368     		ldr	r3, [r2, #4]
ARM GAS  /tmp/ccicUsXN.s 			page 167


1866:Drivers/STM32F4/Drivers/STM32F4xx_HAL_Driver/Src/stm32f4xx_hal_tim_ex.c ****   /* Select the Commutation event source */
 5649              		.loc 1 1866 23 view .LVU1482
 5650 0068 43F00103 		orr	r3, r3, #1
 5651 006c 5360     		str	r3, [r2, #4]
1868:Drivers/STM32F4/Drivers/STM32F4xx_HAL_Driver/Src/stm32f4xx_hal_tim_ex.c ****   htim->Instance->CR2 |= CommutationSource;
 5652              		.loc 1 1868 3 is_stmt 1 view .LVU1483
1868:Drivers/STM32F4/Drivers/STM32F4xx_HAL_Driver/Src/stm32f4xx_hal_tim_ex.c ****   htim->Instance->CR2 |= CommutationSource;
 5653              		.loc 1 1868 7 is_stmt 0 view .LVU1484
 5654 006e 2268     		ldr	r2, [r4]
1868:Drivers/STM32F4/Drivers/STM32F4xx_HAL_Driver/Src/stm32f4xx_hal_tim_ex.c ****   htim->Instance->CR2 |= CommutationSource;
 5655              		.loc 1 1868 17 view .LVU1485
 5656 0070 5368     		ldr	r3, [r2, #4]
1868:Drivers/STM32F4/Drivers/STM32F4xx_HAL_Driver/Src/stm32f4xx_hal_tim_ex.c ****   htim->Instance->CR2 |= CommutationSource;
 5657              		.loc 1 1868 23 view .LVU1486
 5658 0072 23F00403 		bic	r3, r3, #4
 5659 0076 5360     		str	r3, [r2, #4]
1869:Drivers/STM32F4/Drivers/STM32F4xx_HAL_Driver/Src/stm32f4xx_hal_tim_ex.c **** 
 5660              		.loc 1 1869 3 is_stmt 1 view .LVU1487
1869:Drivers/STM32F4/Drivers/STM32F4xx_HAL_Driver/Src/stm32f4xx_hal_tim_ex.c **** 
 5661              		.loc 1 1869 7 is_stmt 0 view .LVU1488
 5662 0078 2268     		ldr	r2, [r4]
1869:Drivers/STM32F4/Drivers/STM32F4xx_HAL_Driver/Src/stm32f4xx_hal_tim_ex.c **** 
 5663              		.loc 1 1869 17 view .LVU1489
 5664 007a 5368     		ldr	r3, [r2, #4]
1869:Drivers/STM32F4/Drivers/STM32F4xx_HAL_Driver/Src/stm32f4xx_hal_tim_ex.c **** 
 5665              		.loc 1 1869 23 view .LVU1490
 5666 007c 3343     		orrs	r3, r3, r6
 5667 007e 5360     		str	r3, [r2, #4]
1872:Drivers/STM32F4/Drivers/STM32F4xx_HAL_Driver/Src/stm32f4xx_hal_tim_ex.c **** 
 5668              		.loc 1 1872 3 is_stmt 1 view .LVU1491
 5669 0080 2268     		ldr	r2, [r4]
 5670 0082 D368     		ldr	r3, [r2, #12]
 5671 0084 23F40053 		bic	r3, r3, #8192
 5672 0088 D360     		str	r3, [r2, #12]
1875:Drivers/STM32F4/Drivers/STM32F4xx_HAL_Driver/Src/stm32f4xx_hal_tim_ex.c **** 
 5673              		.loc 1 1875 3 view .LVU1492
 5674 008a 2268     		ldr	r2, [r4]
 5675 008c D368     		ldr	r3, [r2, #12]
 5676 008e 43F02003 		orr	r3, r3, #32
 5677 0092 D360     		str	r3, [r2, #12]
1877:Drivers/STM32F4/Drivers/STM32F4xx_HAL_Driver/Src/stm32f4xx_hal_tim_ex.c **** 
 5678              		.loc 1 1877 3 view .LVU1493
1877:Drivers/STM32F4/Drivers/STM32F4xx_HAL_Driver/Src/stm32f4xx_hal_tim_ex.c **** 
 5679              		.loc 1 1877 3 view .LVU1494
 5680 0094 0020     		movs	r0, #0
 5681 0096 84F83C00 		strb	r0, [r4, #60]
1877:Drivers/STM32F4/Drivers/STM32F4xx_HAL_Driver/Src/stm32f4xx_hal_tim_ex.c **** 
 5682              		.loc 1 1877 3 view .LVU1495
1879:Drivers/STM32F4/Drivers/STM32F4xx_HAL_Driver/Src/stm32f4xx_hal_tim_ex.c **** }
 5683              		.loc 1 1879 3 view .LVU1496
 5684              	.L473:
1880:Drivers/STM32F4/Drivers/STM32F4xx_HAL_Driver/Src/stm32f4xx_hal_tim_ex.c **** 
 5685              		.loc 1 1880 1 is_stmt 0 view .LVU1497
 5686 009a 70BD     		pop	{r4, r5, r6, pc}
 5687              	.LVL339:
 5688              	.L471:
1880:Drivers/STM32F4/Drivers/STM32F4xx_HAL_Driver/Src/stm32f4xx_hal_tim_ex.c **** 
ARM GAS  /tmp/ccicUsXN.s 			page 168


 5689              		.loc 1 1880 1 view .LVU1498
 5690 009c 302D     		cmp	r5, #48
 5691 009e CBD0     		beq	.L470
 5692 00a0 4FF6FF73 		movw	r3, #65535
 5693 00a4 9D42     		cmp	r5, r3
 5694 00a6 C2D1     		bne	.L472
 5695 00a8 C6E7     		b	.L470
 5696              	.L475:
1880:Drivers/STM32F4/Drivers/STM32F4xx_HAL_Driver/Src/stm32f4xx_hal_tim_ex.c **** 
 5697              		.loc 1 1880 1 view .LVU1499
 5698 00aa 302D     		cmp	r5, #48
 5699 00ac DAD1     		bne	.L476
 5700 00ae D0E7     		b	.L474
 5701              	.L477:
1855:Drivers/STM32F4/Drivers/STM32F4xx_HAL_Driver/Src/stm32f4xx_hal_tim_ex.c **** 
 5702              		.loc 1 1855 3 discriminator 1 view .LVU1500
 5703 00b0 0220     		movs	r0, #2
 5704 00b2 F2E7     		b	.L473
 5705              	.L480:
 5706              		.align	2
 5707              	.L479:
 5708 00b4 00000140 		.word	1073807360
 5709 00b8 00000000 		.word	.LC0
 5710              		.cfi_endproc
 5711              	.LFE161:
 5713              		.section	.text.HAL_TIMEx_ConfigCommutEvent_DMA,"ax",%progbits
 5714              		.align	1
 5715              		.global	HAL_TIMEx_ConfigCommutEvent_DMA
 5716              		.syntax unified
 5717              		.thumb
 5718              		.thumb_func
 5720              	HAL_TIMEx_ConfigCommutEvent_DMA:
 5721              	.LVL340:
 5722              	.LFB162:
1907:Drivers/STM32F4/Drivers/STM32F4xx_HAL_Driver/Src/stm32f4xx_hal_tim_ex.c ****   /* Check the parameters */
 5723              		.loc 1 1907 1 is_stmt 1 view -0
 5724              		.cfi_startproc
 5725              		@ args = 0, pretend = 0, frame = 0
 5726              		@ frame_needed = 0, uses_anonymous_args = 0
1907:Drivers/STM32F4/Drivers/STM32F4xx_HAL_Driver/Src/stm32f4xx_hal_tim_ex.c ****   /* Check the parameters */
 5727              		.loc 1 1907 1 is_stmt 0 view .LVU1502
 5728 0000 70B5     		push	{r4, r5, r6, lr}
 5729              	.LCFI32:
 5730              		.cfi_def_cfa_offset 16
 5731              		.cfi_offset 4, -16
 5732              		.cfi_offset 5, -12
 5733              		.cfi_offset 6, -8
 5734              		.cfi_offset 14, -4
 5735 0002 0446     		mov	r4, r0
 5736 0004 0D46     		mov	r5, r1
 5737 0006 1646     		mov	r6, r2
1909:Drivers/STM32F4/Drivers/STM32F4xx_HAL_Driver/Src/stm32f4xx_hal_tim_ex.c ****   assert_param(IS_TIM_INTERNAL_TRIGGEREVENT_SELECTION(InputTrigger));
 5738              		.loc 1 1909 3 is_stmt 1 view .LVU1503
 5739 0008 0368     		ldr	r3, [r0]
 5740 000a 2F4A     		ldr	r2, .L492
 5741              	.LVL341:
1909:Drivers/STM32F4/Drivers/STM32F4xx_HAL_Driver/Src/stm32f4xx_hal_tim_ex.c ****   assert_param(IS_TIM_INTERNAL_TRIGGEREVENT_SELECTION(InputTrigger));
ARM GAS  /tmp/ccicUsXN.s 			page 169


 5742              		.loc 1 1909 3 is_stmt 0 view .LVU1504
 5743 000c 9342     		cmp	r3, r2
 5744 000e 08D0     		beq	.L482
1909:Drivers/STM32F4/Drivers/STM32F4xx_HAL_Driver/Src/stm32f4xx_hal_tim_ex.c ****   assert_param(IS_TIM_INTERNAL_TRIGGEREVENT_SELECTION(InputTrigger));
 5745              		.loc 1 1909 3 discriminator 1 view .LVU1505
 5746 0010 02F58062 		add	r2, r2, #1024
 5747 0014 9342     		cmp	r3, r2
 5748 0016 04D0     		beq	.L482
1909:Drivers/STM32F4/Drivers/STM32F4xx_HAL_Driver/Src/stm32f4xx_hal_tim_ex.c ****   assert_param(IS_TIM_INTERNAL_TRIGGEREVENT_SELECTION(InputTrigger));
 5749              		.loc 1 1909 3 discriminator 2 view .LVU1506
 5750 0018 40F27571 		movw	r1, #1909
 5751              	.LVL342:
1909:Drivers/STM32F4/Drivers/STM32F4xx_HAL_Driver/Src/stm32f4xx_hal_tim_ex.c ****   assert_param(IS_TIM_INTERNAL_TRIGGEREVENT_SELECTION(InputTrigger));
 5752              		.loc 1 1909 3 discriminator 2 view .LVU1507
 5753 001c 2B48     		ldr	r0, .L492+4
 5754              	.LVL343:
1909:Drivers/STM32F4/Drivers/STM32F4xx_HAL_Driver/Src/stm32f4xx_hal_tim_ex.c ****   assert_param(IS_TIM_INTERNAL_TRIGGEREVENT_SELECTION(InputTrigger));
 5755              		.loc 1 1909 3 discriminator 2 view .LVU1508
 5756 001e FFF7FEFF 		bl	assert_failed
 5757              	.LVL344:
 5758              	.L482:
1910:Drivers/STM32F4/Drivers/STM32F4xx_HAL_Driver/Src/stm32f4xx_hal_tim_ex.c **** 
 5759              		.loc 1 1910 3 is_stmt 1 view .LVU1509
 5760 0022 202D     		cmp	r5, #32
 5761 0024 08D0     		beq	.L483
 5762 0026 42D8     		bhi	.L484
 5763 0028 35B1     		cbz	r5, .L483
 5764 002a 102D     		cmp	r5, #16
 5765 002c 04D0     		beq	.L483
 5766              	.L485:
1910:Drivers/STM32F4/Drivers/STM32F4xx_HAL_Driver/Src/stm32f4xx_hal_tim_ex.c **** 
 5767              		.loc 1 1910 3 is_stmt 0 discriminator 5 view .LVU1510
 5768 002e 40F27671 		movw	r1, #1910
 5769 0032 2648     		ldr	r0, .L492+4
 5770 0034 FFF7FEFF 		bl	assert_failed
 5771              	.LVL345:
 5772              	.L483:
1912:Drivers/STM32F4/Drivers/STM32F4xx_HAL_Driver/Src/stm32f4xx_hal_tim_ex.c **** 
 5773              		.loc 1 1912 3 is_stmt 1 view .LVU1511
1912:Drivers/STM32F4/Drivers/STM32F4xx_HAL_Driver/Src/stm32f4xx_hal_tim_ex.c **** 
 5774              		.loc 1 1912 3 view .LVU1512
 5775 0038 94F83C30 		ldrb	r3, [r4, #60]	@ zero_extendqisi2
 5776 003c 012B     		cmp	r3, #1
 5777 003e 40D0     		beq	.L490
1912:Drivers/STM32F4/Drivers/STM32F4xx_HAL_Driver/Src/stm32f4xx_hal_tim_ex.c **** 
 5778              		.loc 1 1912 3 discriminator 2 view .LVU1513
 5779 0040 0123     		movs	r3, #1
 5780 0042 84F83C30 		strb	r3, [r4, #60]
1912:Drivers/STM32F4/Drivers/STM32F4xx_HAL_Driver/Src/stm32f4xx_hal_tim_ex.c **** 
 5781              		.loc 1 1912 3 discriminator 2 view .LVU1514
1914:Drivers/STM32F4/Drivers/STM32F4xx_HAL_Driver/Src/stm32f4xx_hal_tim_ex.c ****       (InputTrigger == TIM_TS_ITR2) || (InputTrigger == TIM_TS_ITR3))
 5782              		.loc 1 1914 3 view .LVU1515
 5783 0046 202D     		cmp	r5, #32
 5784 0048 03D0     		beq	.L487
 5785 004a 37D8     		bhi	.L488
 5786 004c 0DB1     		cbz	r5, .L487
 5787 004e 102D     		cmp	r5, #16
ARM GAS  /tmp/ccicUsXN.s 			page 170


 5788 0050 08D1     		bne	.L489
 5789              	.L487:
1918:Drivers/STM32F4/Drivers/STM32F4xx_HAL_Driver/Src/stm32f4xx_hal_tim_ex.c ****     htim->Instance->SMCR |= InputTrigger;
 5790              		.loc 1 1918 5 view .LVU1516
1918:Drivers/STM32F4/Drivers/STM32F4xx_HAL_Driver/Src/stm32f4xx_hal_tim_ex.c ****     htim->Instance->SMCR |= InputTrigger;
 5791              		.loc 1 1918 9 is_stmt 0 view .LVU1517
 5792 0052 2268     		ldr	r2, [r4]
1918:Drivers/STM32F4/Drivers/STM32F4xx_HAL_Driver/Src/stm32f4xx_hal_tim_ex.c ****     htim->Instance->SMCR |= InputTrigger;
 5793              		.loc 1 1918 19 view .LVU1518
 5794 0054 9368     		ldr	r3, [r2, #8]
1918:Drivers/STM32F4/Drivers/STM32F4xx_HAL_Driver/Src/stm32f4xx_hal_tim_ex.c ****     htim->Instance->SMCR |= InputTrigger;
 5795              		.loc 1 1918 26 view .LVU1519
 5796 0056 23F07003 		bic	r3, r3, #112
 5797 005a 9360     		str	r3, [r2, #8]
1919:Drivers/STM32F4/Drivers/STM32F4xx_HAL_Driver/Src/stm32f4xx_hal_tim_ex.c ****   }
 5798              		.loc 1 1919 5 is_stmt 1 view .LVU1520
1919:Drivers/STM32F4/Drivers/STM32F4xx_HAL_Driver/Src/stm32f4xx_hal_tim_ex.c ****   }
 5799              		.loc 1 1919 9 is_stmt 0 view .LVU1521
 5800 005c 2268     		ldr	r2, [r4]
1919:Drivers/STM32F4/Drivers/STM32F4xx_HAL_Driver/Src/stm32f4xx_hal_tim_ex.c ****   }
 5801              		.loc 1 1919 19 view .LVU1522
 5802 005e 9368     		ldr	r3, [r2, #8]
1919:Drivers/STM32F4/Drivers/STM32F4xx_HAL_Driver/Src/stm32f4xx_hal_tim_ex.c ****   }
 5803              		.loc 1 1919 26 view .LVU1523
 5804 0060 2B43     		orrs	r3, r3, r5
 5805 0062 9360     		str	r3, [r2, #8]
 5806              	.L489:
1923:Drivers/STM32F4/Drivers/STM32F4xx_HAL_Driver/Src/stm32f4xx_hal_tim_ex.c ****   /* Select the Commutation event source */
 5807              		.loc 1 1923 3 is_stmt 1 view .LVU1524
1923:Drivers/STM32F4/Drivers/STM32F4xx_HAL_Driver/Src/stm32f4xx_hal_tim_ex.c ****   /* Select the Commutation event source */
 5808              		.loc 1 1923 7 is_stmt 0 view .LVU1525
 5809 0064 2268     		ldr	r2, [r4]
1923:Drivers/STM32F4/Drivers/STM32F4xx_HAL_Driver/Src/stm32f4xx_hal_tim_ex.c ****   /* Select the Commutation event source */
 5810              		.loc 1 1923 17 view .LVU1526
 5811 0066 5368     		ldr	r3, [r2, #4]
1923:Drivers/STM32F4/Drivers/STM32F4xx_HAL_Driver/Src/stm32f4xx_hal_tim_ex.c ****   /* Select the Commutation event source */
 5812              		.loc 1 1923 23 view .LVU1527
 5813 0068 43F00103 		orr	r3, r3, #1
 5814 006c 5360     		str	r3, [r2, #4]
1925:Drivers/STM32F4/Drivers/STM32F4xx_HAL_Driver/Src/stm32f4xx_hal_tim_ex.c ****   htim->Instance->CR2 |= CommutationSource;
 5815              		.loc 1 1925 3 is_stmt 1 view .LVU1528
1925:Drivers/STM32F4/Drivers/STM32F4xx_HAL_Driver/Src/stm32f4xx_hal_tim_ex.c ****   htim->Instance->CR2 |= CommutationSource;
 5816              		.loc 1 1925 7 is_stmt 0 view .LVU1529
 5817 006e 2268     		ldr	r2, [r4]
1925:Drivers/STM32F4/Drivers/STM32F4xx_HAL_Driver/Src/stm32f4xx_hal_tim_ex.c ****   htim->Instance->CR2 |= CommutationSource;
 5818              		.loc 1 1925 17 view .LVU1530
 5819 0070 5368     		ldr	r3, [r2, #4]
1925:Drivers/STM32F4/Drivers/STM32F4xx_HAL_Driver/Src/stm32f4xx_hal_tim_ex.c ****   htim->Instance->CR2 |= CommutationSource;
 5820              		.loc 1 1925 23 view .LVU1531
 5821 0072 23F00403 		bic	r3, r3, #4
 5822 0076 5360     		str	r3, [r2, #4]
1926:Drivers/STM32F4/Drivers/STM32F4xx_HAL_Driver/Src/stm32f4xx_hal_tim_ex.c **** 
 5823              		.loc 1 1926 3 is_stmt 1 view .LVU1532
1926:Drivers/STM32F4/Drivers/STM32F4xx_HAL_Driver/Src/stm32f4xx_hal_tim_ex.c **** 
 5824              		.loc 1 1926 7 is_stmt 0 view .LVU1533
 5825 0078 2268     		ldr	r2, [r4]
1926:Drivers/STM32F4/Drivers/STM32F4xx_HAL_Driver/Src/stm32f4xx_hal_tim_ex.c **** 
ARM GAS  /tmp/ccicUsXN.s 			page 171


 5826              		.loc 1 1926 17 view .LVU1534
 5827 007a 5368     		ldr	r3, [r2, #4]
1926:Drivers/STM32F4/Drivers/STM32F4xx_HAL_Driver/Src/stm32f4xx_hal_tim_ex.c **** 
 5828              		.loc 1 1926 23 view .LVU1535
 5829 007c 3343     		orrs	r3, r3, r6
 5830 007e 5360     		str	r3, [r2, #4]
1930:Drivers/STM32F4/Drivers/STM32F4xx_HAL_Driver/Src/stm32f4xx_hal_tim_ex.c ****   htim->hdma[TIM_DMA_ID_COMMUTATION]->XferHalfCpltCallback = TIMEx_DMACommutationHalfCplt;
 5831              		.loc 1 1930 3 is_stmt 1 view .LVU1536
1930:Drivers/STM32F4/Drivers/STM32F4xx_HAL_Driver/Src/stm32f4xx_hal_tim_ex.c ****   htim->hdma[TIM_DMA_ID_COMMUTATION]->XferHalfCpltCallback = TIMEx_DMACommutationHalfCplt;
 5832              		.loc 1 1930 13 is_stmt 0 view .LVU1537
 5833 0080 636B     		ldr	r3, [r4, #52]
1930:Drivers/STM32F4/Drivers/STM32F4xx_HAL_Driver/Src/stm32f4xx_hal_tim_ex.c ****   htim->hdma[TIM_DMA_ID_COMMUTATION]->XferHalfCpltCallback = TIMEx_DMACommutationHalfCplt;
 5834              		.loc 1 1930 56 view .LVU1538
 5835 0082 134A     		ldr	r2, .L492+8
 5836 0084 DA63     		str	r2, [r3, #60]
1931:Drivers/STM32F4/Drivers/STM32F4xx_HAL_Driver/Src/stm32f4xx_hal_tim_ex.c ****   /* Set the DMA error callback */
 5837              		.loc 1 1931 3 is_stmt 1 view .LVU1539
1931:Drivers/STM32F4/Drivers/STM32F4xx_HAL_Driver/Src/stm32f4xx_hal_tim_ex.c ****   /* Set the DMA error callback */
 5838              		.loc 1 1931 13 is_stmt 0 view .LVU1540
 5839 0086 636B     		ldr	r3, [r4, #52]
1931:Drivers/STM32F4/Drivers/STM32F4xx_HAL_Driver/Src/stm32f4xx_hal_tim_ex.c ****   /* Set the DMA error callback */
 5840              		.loc 1 1931 60 view .LVU1541
 5841 0088 124A     		ldr	r2, .L492+12
 5842 008a 1A64     		str	r2, [r3, #64]
1933:Drivers/STM32F4/Drivers/STM32F4xx_HAL_Driver/Src/stm32f4xx_hal_tim_ex.c **** 
 5843              		.loc 1 1933 3 is_stmt 1 view .LVU1542
1933:Drivers/STM32F4/Drivers/STM32F4xx_HAL_Driver/Src/stm32f4xx_hal_tim_ex.c **** 
 5844              		.loc 1 1933 13 is_stmt 0 view .LVU1543
 5845 008c 636B     		ldr	r3, [r4, #52]
1933:Drivers/STM32F4/Drivers/STM32F4xx_HAL_Driver/Src/stm32f4xx_hal_tim_ex.c **** 
 5846              		.loc 1 1933 57 view .LVU1544
 5847 008e 124A     		ldr	r2, .L492+16
 5848 0090 DA64     		str	r2, [r3, #76]
1936:Drivers/STM32F4/Drivers/STM32F4xx_HAL_Driver/Src/stm32f4xx_hal_tim_ex.c **** 
 5849              		.loc 1 1936 3 is_stmt 1 view .LVU1545
 5850 0092 2268     		ldr	r2, [r4]
 5851 0094 D368     		ldr	r3, [r2, #12]
 5852 0096 23F02003 		bic	r3, r3, #32
 5853 009a D360     		str	r3, [r2, #12]
1939:Drivers/STM32F4/Drivers/STM32F4xx_HAL_Driver/Src/stm32f4xx_hal_tim_ex.c **** 
 5854              		.loc 1 1939 3 view .LVU1546
 5855 009c 2268     		ldr	r2, [r4]
 5856 009e D368     		ldr	r3, [r2, #12]
 5857 00a0 43F40053 		orr	r3, r3, #8192
 5858 00a4 D360     		str	r3, [r2, #12]
1941:Drivers/STM32F4/Drivers/STM32F4xx_HAL_Driver/Src/stm32f4xx_hal_tim_ex.c **** 
 5859              		.loc 1 1941 3 view .LVU1547
1941:Drivers/STM32F4/Drivers/STM32F4xx_HAL_Driver/Src/stm32f4xx_hal_tim_ex.c **** 
 5860              		.loc 1 1941 3 view .LVU1548
 5861 00a6 0020     		movs	r0, #0
 5862 00a8 84F83C00 		strb	r0, [r4, #60]
1941:Drivers/STM32F4/Drivers/STM32F4xx_HAL_Driver/Src/stm32f4xx_hal_tim_ex.c **** 
 5863              		.loc 1 1941 3 view .LVU1549
1943:Drivers/STM32F4/Drivers/STM32F4xx_HAL_Driver/Src/stm32f4xx_hal_tim_ex.c **** }
 5864              		.loc 1 1943 3 view .LVU1550
 5865              	.L486:
1944:Drivers/STM32F4/Drivers/STM32F4xx_HAL_Driver/Src/stm32f4xx_hal_tim_ex.c **** 
ARM GAS  /tmp/ccicUsXN.s 			page 172


 5866              		.loc 1 1944 1 is_stmt 0 view .LVU1551
 5867 00ac 70BD     		pop	{r4, r5, r6, pc}
 5868              	.LVL346:
 5869              	.L484:
1944:Drivers/STM32F4/Drivers/STM32F4xx_HAL_Driver/Src/stm32f4xx_hal_tim_ex.c **** 
 5870              		.loc 1 1944 1 view .LVU1552
 5871 00ae 302D     		cmp	r5, #48
 5872 00b0 C2D0     		beq	.L483
 5873 00b2 4FF6FF73 		movw	r3, #65535
 5874 00b6 9D42     		cmp	r5, r3
 5875 00b8 B9D1     		bne	.L485
 5876 00ba BDE7     		b	.L483
 5877              	.L488:
1944:Drivers/STM32F4/Drivers/STM32F4xx_HAL_Driver/Src/stm32f4xx_hal_tim_ex.c **** 
 5878              		.loc 1 1944 1 view .LVU1553
 5879 00bc 302D     		cmp	r5, #48
 5880 00be D1D1     		bne	.L489
 5881 00c0 C7E7     		b	.L487
 5882              	.L490:
1912:Drivers/STM32F4/Drivers/STM32F4xx_HAL_Driver/Src/stm32f4xx_hal_tim_ex.c **** 
 5883              		.loc 1 1912 3 discriminator 1 view .LVU1554
 5884 00c2 0220     		movs	r0, #2
 5885 00c4 F2E7     		b	.L486
 5886              	.L493:
 5887 00c6 00BF     		.align	2
 5888              	.L492:
 5889 00c8 00000140 		.word	1073807360
 5890 00cc 00000000 		.word	.LC0
 5891 00d0 00000000 		.word	TIMEx_DMACommutationCplt
 5892 00d4 00000000 		.word	TIMEx_DMACommutationHalfCplt
 5893 00d8 00000000 		.word	TIM_DMAError
 5894              		.cfi_endproc
 5895              	.LFE162:
 5897              		.section	.text.HAL_TIMEx_MasterConfigSynchronization,"ax",%progbits
 5898              		.align	1
 5899              		.global	HAL_TIMEx_MasterConfigSynchronization
 5900              		.syntax unified
 5901              		.thumb
 5902              		.thumb_func
 5904              	HAL_TIMEx_MasterConfigSynchronization:
 5905              	.LVL347:
 5906              	.LFB163:
1956:Drivers/STM32F4/Drivers/STM32F4xx_HAL_Driver/Src/stm32f4xx_hal_tim_ex.c ****   uint32_t tmpcr2;
 5907              		.loc 1 1956 1 is_stmt 1 view -0
 5908              		.cfi_startproc
 5909              		@ args = 0, pretend = 0, frame = 0
 5910              		@ frame_needed = 0, uses_anonymous_args = 0
1956:Drivers/STM32F4/Drivers/STM32F4xx_HAL_Driver/Src/stm32f4xx_hal_tim_ex.c ****   uint32_t tmpcr2;
 5911              		.loc 1 1956 1 is_stmt 0 view .LVU1556
 5912 0000 38B5     		push	{r3, r4, r5, lr}
 5913              	.LCFI33:
 5914              		.cfi_def_cfa_offset 16
 5915              		.cfi_offset 3, -16
 5916              		.cfi_offset 4, -12
 5917              		.cfi_offset 5, -8
 5918              		.cfi_offset 14, -4
 5919 0002 0446     		mov	r4, r0
ARM GAS  /tmp/ccicUsXN.s 			page 173


 5920 0004 0D46     		mov	r5, r1
1957:Drivers/STM32F4/Drivers/STM32F4xx_HAL_Driver/Src/stm32f4xx_hal_tim_ex.c ****   uint32_t tmpsmcr;
 5921              		.loc 1 1957 3 is_stmt 1 view .LVU1557
1958:Drivers/STM32F4/Drivers/STM32F4xx_HAL_Driver/Src/stm32f4xx_hal_tim_ex.c **** 
 5922              		.loc 1 1958 3 view .LVU1558
1961:Drivers/STM32F4/Drivers/STM32F4xx_HAL_Driver/Src/stm32f4xx_hal_tim_ex.c ****   assert_param(IS_TIM_TRGO_SOURCE(sMasterConfig->MasterOutputTrigger));
 5923              		.loc 1 1961 3 view .LVU1559
 5924 0006 0368     		ldr	r3, [r0]
 5925 0008 414A     		ldr	r2, .L506
 5926 000a 9342     		cmp	r3, r2
 5927 000c 1FD0     		beq	.L495
1961:Drivers/STM32F4/Drivers/STM32F4xx_HAL_Driver/Src/stm32f4xx_hal_tim_ex.c ****   assert_param(IS_TIM_TRGO_SOURCE(sMasterConfig->MasterOutputTrigger));
 5928              		.loc 1 1961 3 is_stmt 0 discriminator 1 view .LVU1560
 5929 000e B3F1804F 		cmp	r3, #1073741824
 5930 0012 1CD0     		beq	.L495
1961:Drivers/STM32F4/Drivers/STM32F4xx_HAL_Driver/Src/stm32f4xx_hal_tim_ex.c ****   assert_param(IS_TIM_TRGO_SOURCE(sMasterConfig->MasterOutputTrigger));
 5931              		.loc 1 1961 3 discriminator 2 view .LVU1561
 5932 0014 A2F57C42 		sub	r2, r2, #64512
 5933 0018 9342     		cmp	r3, r2
 5934 001a 18D0     		beq	.L495
1961:Drivers/STM32F4/Drivers/STM32F4xx_HAL_Driver/Src/stm32f4xx_hal_tim_ex.c ****   assert_param(IS_TIM_TRGO_SOURCE(sMasterConfig->MasterOutputTrigger));
 5935              		.loc 1 1961 3 discriminator 3 view .LVU1562
 5936 001c 02F58062 		add	r2, r2, #1024
 5937 0020 9342     		cmp	r3, r2
 5938 0022 14D0     		beq	.L495
1961:Drivers/STM32F4/Drivers/STM32F4xx_HAL_Driver/Src/stm32f4xx_hal_tim_ex.c ****   assert_param(IS_TIM_TRGO_SOURCE(sMasterConfig->MasterOutputTrigger));
 5939              		.loc 1 1961 3 discriminator 4 view .LVU1563
 5940 0024 02F58062 		add	r2, r2, #1024
 5941 0028 9342     		cmp	r3, r2
 5942 002a 10D0     		beq	.L495
1961:Drivers/STM32F4/Drivers/STM32F4xx_HAL_Driver/Src/stm32f4xx_hal_tim_ex.c ****   assert_param(IS_TIM_TRGO_SOURCE(sMasterConfig->MasterOutputTrigger));
 5943              		.loc 1 1961 3 discriminator 5 view .LVU1564
 5944 002c 02F58062 		add	r2, r2, #1024
 5945 0030 9342     		cmp	r3, r2
 5946 0032 0CD0     		beq	.L495
1961:Drivers/STM32F4/Drivers/STM32F4xx_HAL_Driver/Src/stm32f4xx_hal_tim_ex.c ****   assert_param(IS_TIM_TRGO_SOURCE(sMasterConfig->MasterOutputTrigger));
 5947              		.loc 1 1961 3 discriminator 6 view .LVU1565
 5948 0034 02F58062 		add	r2, r2, #1024
 5949 0038 9342     		cmp	r3, r2
 5950 003a 08D0     		beq	.L495
1961:Drivers/STM32F4/Drivers/STM32F4xx_HAL_Driver/Src/stm32f4xx_hal_tim_ex.c ****   assert_param(IS_TIM_TRGO_SOURCE(sMasterConfig->MasterOutputTrigger));
 5951              		.loc 1 1961 3 discriminator 7 view .LVU1566
 5952 003c 02F57042 		add	r2, r2, #61440
 5953 0040 9342     		cmp	r3, r2
 5954 0042 04D0     		beq	.L495
1961:Drivers/STM32F4/Drivers/STM32F4xx_HAL_Driver/Src/stm32f4xx_hal_tim_ex.c ****   assert_param(IS_TIM_TRGO_SOURCE(sMasterConfig->MasterOutputTrigger));
 5955              		.loc 1 1961 3 discriminator 8 view .LVU1567
 5956 0044 40F2A971 		movw	r1, #1961
 5957              	.LVL348:
1961:Drivers/STM32F4/Drivers/STM32F4xx_HAL_Driver/Src/stm32f4xx_hal_tim_ex.c ****   assert_param(IS_TIM_TRGO_SOURCE(sMasterConfig->MasterOutputTrigger));
 5958              		.loc 1 1961 3 discriminator 8 view .LVU1568
 5959 0048 3248     		ldr	r0, .L506+4
 5960              	.LVL349:
1961:Drivers/STM32F4/Drivers/STM32F4xx_HAL_Driver/Src/stm32f4xx_hal_tim_ex.c ****   assert_param(IS_TIM_TRGO_SOURCE(sMasterConfig->MasterOutputTrigger));
 5961              		.loc 1 1961 3 discriminator 8 view .LVU1569
 5962 004a FFF7FEFF 		bl	assert_failed
 5963              	.LVL350:
ARM GAS  /tmp/ccicUsXN.s 			page 174


 5964              	.L495:
1962:Drivers/STM32F4/Drivers/STM32F4xx_HAL_Driver/Src/stm32f4xx_hal_tim_ex.c ****   assert_param(IS_TIM_MSM_STATE(sMasterConfig->MasterSlaveMode));
 5965              		.loc 1 1962 3 is_stmt 1 view .LVU1570
 5966 004e 2B68     		ldr	r3, [r5]
 5967 0050 6BB1     		cbz	r3, .L496
 5968 0052 402B     		cmp	r3, #64
 5969 0054 0BD0     		beq	.L496
 5970 0056 4CD8     		bhi	.L497
 5971 0058 202B     		cmp	r3, #32
 5972 005a 08D0     		beq	.L496
 5973 005c 302B     		cmp	r3, #48
 5974 005e 06D0     		beq	.L496
 5975 0060 102B     		cmp	r3, #16
 5976 0062 04D0     		beq	.L496
 5977              	.L498:
1962:Drivers/STM32F4/Drivers/STM32F4xx_HAL_Driver/Src/stm32f4xx_hal_tim_ex.c ****   assert_param(IS_TIM_MSM_STATE(sMasterConfig->MasterSlaveMode));
 5978              		.loc 1 1962 3 is_stmt 0 discriminator 8 view .LVU1571
 5979 0064 40F2AA71 		movw	r1, #1962
 5980 0068 2A48     		ldr	r0, .L506+4
 5981 006a FFF7FEFF 		bl	assert_failed
 5982              	.LVL351:
 5983              	.L496:
1963:Drivers/STM32F4/Drivers/STM32F4xx_HAL_Driver/Src/stm32f4xx_hal_tim_ex.c **** 
 5984              		.loc 1 1963 3 is_stmt 1 view .LVU1572
 5985 006e 6B68     		ldr	r3, [r5, #4]
 5986 0070 802B     		cmp	r3, #128
 5987 0072 01D0     		beq	.L499
1963:Drivers/STM32F4/Drivers/STM32F4xx_HAL_Driver/Src/stm32f4xx_hal_tim_ex.c **** 
 5988              		.loc 1 1963 3 is_stmt 0 discriminator 1 view .LVU1573
 5989 0074 002B     		cmp	r3, #0
 5990 0076 43D1     		bne	.L505
 5991              	.L499:
1966:Drivers/STM32F4/Drivers/STM32F4xx_HAL_Driver/Src/stm32f4xx_hal_tim_ex.c **** 
 5992              		.loc 1 1966 3 is_stmt 1 view .LVU1574
1966:Drivers/STM32F4/Drivers/STM32F4xx_HAL_Driver/Src/stm32f4xx_hal_tim_ex.c **** 
 5993              		.loc 1 1966 3 view .LVU1575
 5994 0078 94F83C30 		ldrb	r3, [r4, #60]	@ zero_extendqisi2
 5995 007c 012B     		cmp	r3, #1
 5996 007e 45D0     		beq	.L503
1966:Drivers/STM32F4/Drivers/STM32F4xx_HAL_Driver/Src/stm32f4xx_hal_tim_ex.c **** 
 5997              		.loc 1 1966 3 discriminator 2 view .LVU1576
 5998 0080 0123     		movs	r3, #1
 5999 0082 84F83C30 		strb	r3, [r4, #60]
1966:Drivers/STM32F4/Drivers/STM32F4xx_HAL_Driver/Src/stm32f4xx_hal_tim_ex.c **** 
 6000              		.loc 1 1966 3 discriminator 2 view .LVU1577
1969:Drivers/STM32F4/Drivers/STM32F4xx_HAL_Driver/Src/stm32f4xx_hal_tim_ex.c **** 
 6001              		.loc 1 1969 3 view .LVU1578
1969:Drivers/STM32F4/Drivers/STM32F4xx_HAL_Driver/Src/stm32f4xx_hal_tim_ex.c **** 
 6002              		.loc 1 1969 15 is_stmt 0 view .LVU1579
 6003 0086 0223     		movs	r3, #2
 6004 0088 84F83D30 		strb	r3, [r4, #61]
1972:Drivers/STM32F4/Drivers/STM32F4xx_HAL_Driver/Src/stm32f4xx_hal_tim_ex.c **** 
 6005              		.loc 1 1972 3 is_stmt 1 view .LVU1580
1972:Drivers/STM32F4/Drivers/STM32F4xx_HAL_Driver/Src/stm32f4xx_hal_tim_ex.c **** 
 6006              		.loc 1 1972 16 is_stmt 0 view .LVU1581
 6007 008c 2368     		ldr	r3, [r4]
1972:Drivers/STM32F4/Drivers/STM32F4xx_HAL_Driver/Src/stm32f4xx_hal_tim_ex.c **** 
ARM GAS  /tmp/ccicUsXN.s 			page 175


 6008              		.loc 1 1972 10 view .LVU1582
 6009 008e 5968     		ldr	r1, [r3, #4]
 6010              	.LVL352:
1975:Drivers/STM32F4/Drivers/STM32F4xx_HAL_Driver/Src/stm32f4xx_hal_tim_ex.c **** 
 6011              		.loc 1 1975 3 is_stmt 1 view .LVU1583
1975:Drivers/STM32F4/Drivers/STM32F4xx_HAL_Driver/Src/stm32f4xx_hal_tim_ex.c **** 
 6012              		.loc 1 1975 11 is_stmt 0 view .LVU1584
 6013 0090 9868     		ldr	r0, [r3, #8]
 6014              	.LVL353:
1978:Drivers/STM32F4/Drivers/STM32F4xx_HAL_Driver/Src/stm32f4xx_hal_tim_ex.c ****   /* Select the TRGO source */
 6015              		.loc 1 1978 3 is_stmt 1 view .LVU1585
1978:Drivers/STM32F4/Drivers/STM32F4xx_HAL_Driver/Src/stm32f4xx_hal_tim_ex.c ****   /* Select the TRGO source */
 6016              		.loc 1 1978 10 is_stmt 0 view .LVU1586
 6017 0092 21F07001 		bic	r1, r1, #112
 6018              	.LVL354:
1980:Drivers/STM32F4/Drivers/STM32F4xx_HAL_Driver/Src/stm32f4xx_hal_tim_ex.c **** 
 6019              		.loc 1 1980 3 is_stmt 1 view .LVU1587
1980:Drivers/STM32F4/Drivers/STM32F4xx_HAL_Driver/Src/stm32f4xx_hal_tim_ex.c **** 
 6020              		.loc 1 1980 27 is_stmt 0 view .LVU1588
 6021 0096 2A68     		ldr	r2, [r5]
1980:Drivers/STM32F4/Drivers/STM32F4xx_HAL_Driver/Src/stm32f4xx_hal_tim_ex.c **** 
 6022              		.loc 1 1980 10 view .LVU1589
 6023 0098 0A43     		orrs	r2, r2, r1
 6024              	.LVL355:
1983:Drivers/STM32F4/Drivers/STM32F4xx_HAL_Driver/Src/stm32f4xx_hal_tim_ex.c **** 
 6025              		.loc 1 1983 3 is_stmt 1 view .LVU1590
1983:Drivers/STM32F4/Drivers/STM32F4xx_HAL_Driver/Src/stm32f4xx_hal_tim_ex.c **** 
 6026              		.loc 1 1983 23 is_stmt 0 view .LVU1591
 6027 009a 5A60     		str	r2, [r3, #4]
1985:Drivers/STM32F4/Drivers/STM32F4xx_HAL_Driver/Src/stm32f4xx_hal_tim_ex.c ****   {
 6028              		.loc 1 1985 3 is_stmt 1 view .LVU1592
1985:Drivers/STM32F4/Drivers/STM32F4xx_HAL_Driver/Src/stm32f4xx_hal_tim_ex.c ****   {
 6029              		.loc 1 1985 7 is_stmt 0 view .LVU1593
 6030 009c 2368     		ldr	r3, [r4]
1985:Drivers/STM32F4/Drivers/STM32F4xx_HAL_Driver/Src/stm32f4xx_hal_tim_ex.c ****   {
 6031              		.loc 1 1985 6 view .LVU1594
 6032 009e 1C4A     		ldr	r2, .L506
 6033              	.LVL356:
1985:Drivers/STM32F4/Drivers/STM32F4xx_HAL_Driver/Src/stm32f4xx_hal_tim_ex.c ****   {
 6034              		.loc 1 1985 6 view .LVU1595
 6035 00a0 9342     		cmp	r3, r2
 6036 00a2 1AD0     		beq	.L501
1985:Drivers/STM32F4/Drivers/STM32F4xx_HAL_Driver/Src/stm32f4xx_hal_tim_ex.c ****   {
 6037              		.loc 1 1985 7 discriminator 1 view .LVU1596
 6038 00a4 B3F1804F 		cmp	r3, #1073741824
 6039 00a8 17D0     		beq	.L501
1985:Drivers/STM32F4/Drivers/STM32F4xx_HAL_Driver/Src/stm32f4xx_hal_tim_ex.c ****   {
 6040              		.loc 1 1985 7 discriminator 2 view .LVU1597
 6041 00aa A2F57C42 		sub	r2, r2, #64512
 6042 00ae 9342     		cmp	r3, r2
 6043 00b0 13D0     		beq	.L501
1985:Drivers/STM32F4/Drivers/STM32F4xx_HAL_Driver/Src/stm32f4xx_hal_tim_ex.c ****   {
 6044              		.loc 1 1985 7 discriminator 3 view .LVU1598
 6045 00b2 02F58062 		add	r2, r2, #1024
 6046 00b6 9342     		cmp	r3, r2
 6047 00b8 0FD0     		beq	.L501
1985:Drivers/STM32F4/Drivers/STM32F4xx_HAL_Driver/Src/stm32f4xx_hal_tim_ex.c ****   {
ARM GAS  /tmp/ccicUsXN.s 			page 176


 6048              		.loc 1 1985 7 discriminator 4 view .LVU1599
 6049 00ba 02F58062 		add	r2, r2, #1024
 6050 00be 9342     		cmp	r3, r2
 6051 00c0 0BD0     		beq	.L501
1985:Drivers/STM32F4/Drivers/STM32F4xx_HAL_Driver/Src/stm32f4xx_hal_tim_ex.c ****   {
 6052              		.loc 1 1985 7 discriminator 5 view .LVU1600
 6053 00c2 02F57842 		add	r2, r2, #63488
 6054 00c6 9342     		cmp	r3, r2
 6055 00c8 07D0     		beq	.L501
1985:Drivers/STM32F4/Drivers/STM32F4xx_HAL_Driver/Src/stm32f4xx_hal_tim_ex.c ****   {
 6056              		.loc 1 1985 7 discriminator 6 view .LVU1601
 6057 00ca 02F57052 		add	r2, r2, #15360
 6058 00ce 9342     		cmp	r3, r2
 6059 00d0 03D0     		beq	.L501
1985:Drivers/STM32F4/Drivers/STM32F4xx_HAL_Driver/Src/stm32f4xx_hal_tim_ex.c ****   {
 6060              		.loc 1 1985 7 discriminator 7 view .LVU1602
 6061 00d2 A2F59432 		sub	r2, r2, #75776
 6062 00d6 9342     		cmp	r3, r2
 6063 00d8 04D1     		bne	.L502
 6064              	.L501:
1988:Drivers/STM32F4/Drivers/STM32F4xx_HAL_Driver/Src/stm32f4xx_hal_tim_ex.c ****     /* Set master mode */
 6065              		.loc 1 1988 5 is_stmt 1 view .LVU1603
1988:Drivers/STM32F4/Drivers/STM32F4xx_HAL_Driver/Src/stm32f4xx_hal_tim_ex.c ****     /* Set master mode */
 6066              		.loc 1 1988 13 is_stmt 0 view .LVU1604
 6067 00da 20F08000 		bic	r0, r0, #128
 6068              	.LVL357:
1990:Drivers/STM32F4/Drivers/STM32F4xx_HAL_Driver/Src/stm32f4xx_hal_tim_ex.c **** 
 6069              		.loc 1 1990 5 is_stmt 1 view .LVU1605
1990:Drivers/STM32F4/Drivers/STM32F4xx_HAL_Driver/Src/stm32f4xx_hal_tim_ex.c **** 
 6070              		.loc 1 1990 29 is_stmt 0 view .LVU1606
 6071 00de 6A68     		ldr	r2, [r5, #4]
1990:Drivers/STM32F4/Drivers/STM32F4xx_HAL_Driver/Src/stm32f4xx_hal_tim_ex.c **** 
 6072              		.loc 1 1990 13 view .LVU1607
 6073 00e0 0243     		orrs	r2, r2, r0
 6074              	.LVL358:
1993:Drivers/STM32F4/Drivers/STM32F4xx_HAL_Driver/Src/stm32f4xx_hal_tim_ex.c ****   }
 6075              		.loc 1 1993 5 is_stmt 1 view .LVU1608
1993:Drivers/STM32F4/Drivers/STM32F4xx_HAL_Driver/Src/stm32f4xx_hal_tim_ex.c ****   }
 6076              		.loc 1 1993 26 is_stmt 0 view .LVU1609
 6077 00e2 9A60     		str	r2, [r3, #8]
 6078              	.LVL359:
 6079              	.L502:
1997:Drivers/STM32F4/Drivers/STM32F4xx_HAL_Driver/Src/stm32f4xx_hal_tim_ex.c **** 
 6080              		.loc 1 1997 3 is_stmt 1 view .LVU1610
1997:Drivers/STM32F4/Drivers/STM32F4xx_HAL_Driver/Src/stm32f4xx_hal_tim_ex.c **** 
 6081              		.loc 1 1997 15 is_stmt 0 view .LVU1611
 6082 00e4 0123     		movs	r3, #1
 6083 00e6 84F83D30 		strb	r3, [r4, #61]
1999:Drivers/STM32F4/Drivers/STM32F4xx_HAL_Driver/Src/stm32f4xx_hal_tim_ex.c **** 
 6084              		.loc 1 1999 3 is_stmt 1 view .LVU1612
1999:Drivers/STM32F4/Drivers/STM32F4xx_HAL_Driver/Src/stm32f4xx_hal_tim_ex.c **** 
 6085              		.loc 1 1999 3 view .LVU1613
 6086 00ea 0020     		movs	r0, #0
 6087 00ec 84F83C00 		strb	r0, [r4, #60]
1999:Drivers/STM32F4/Drivers/STM32F4xx_HAL_Driver/Src/stm32f4xx_hal_tim_ex.c **** 
 6088              		.loc 1 1999 3 view .LVU1614
2001:Drivers/STM32F4/Drivers/STM32F4xx_HAL_Driver/Src/stm32f4xx_hal_tim_ex.c **** }
ARM GAS  /tmp/ccicUsXN.s 			page 177


 6089              		.loc 1 2001 3 view .LVU1615
 6090              	.LVL360:
 6091              	.L500:
2002:Drivers/STM32F4/Drivers/STM32F4xx_HAL_Driver/Src/stm32f4xx_hal_tim_ex.c **** 
 6092              		.loc 1 2002 1 is_stmt 0 view .LVU1616
 6093 00f0 38BD     		pop	{r3, r4, r5, pc}
 6094              	.LVL361:
 6095              	.L497:
2002:Drivers/STM32F4/Drivers/STM32F4xx_HAL_Driver/Src/stm32f4xx_hal_tim_ex.c **** 
 6096              		.loc 1 2002 1 view .LVU1617
 6097 00f2 602B     		cmp	r3, #96
 6098 00f4 BBD0     		beq	.L496
 6099 00f6 702B     		cmp	r3, #112
 6100 00f8 B9D0     		beq	.L496
 6101 00fa 502B     		cmp	r3, #80
 6102 00fc B2D1     		bne	.L498
 6103 00fe B6E7     		b	.L496
 6104              	.L505:
1963:Drivers/STM32F4/Drivers/STM32F4xx_HAL_Driver/Src/stm32f4xx_hal_tim_ex.c **** 
 6105              		.loc 1 1963 3 discriminator 2 view .LVU1618
 6106 0100 40F2AB71 		movw	r1, #1963
 6107 0104 0348     		ldr	r0, .L506+4
 6108 0106 FFF7FEFF 		bl	assert_failed
 6109              	.LVL362:
 6110 010a B5E7     		b	.L499
 6111              	.L503:
1966:Drivers/STM32F4/Drivers/STM32F4xx_HAL_Driver/Src/stm32f4xx_hal_tim_ex.c **** 
 6112              		.loc 1 1966 3 discriminator 1 view .LVU1619
 6113 010c 0220     		movs	r0, #2
 6114 010e EFE7     		b	.L500
 6115              	.L507:
 6116              		.align	2
 6117              	.L506:
 6118 0110 00000140 		.word	1073807360
 6119 0114 00000000 		.word	.LC0
 6120              		.cfi_endproc
 6121              	.LFE163:
 6123              		.section	.text.HAL_TIMEx_ConfigBreakDeadTime,"ax",%progbits
 6124              		.align	1
 6125              		.global	HAL_TIMEx_ConfigBreakDeadTime
 6126              		.syntax unified
 6127              		.thumb
 6128              		.thumb_func
 6130              	HAL_TIMEx_ConfigBreakDeadTime:
 6131              	.LVL363:
 6132              	.LFB164:
2017:Drivers/STM32F4/Drivers/STM32F4xx_HAL_Driver/Src/stm32f4xx_hal_tim_ex.c ****   /* Keep this variable initialized to 0 as it is used to configure BDTR register */
 6133              		.loc 1 2017 1 is_stmt 1 view -0
 6134              		.cfi_startproc
 6135              		@ args = 0, pretend = 0, frame = 0
 6136              		@ frame_needed = 0, uses_anonymous_args = 0
2017:Drivers/STM32F4/Drivers/STM32F4xx_HAL_Driver/Src/stm32f4xx_hal_tim_ex.c ****   /* Keep this variable initialized to 0 as it is used to configure BDTR register */
 6137              		.loc 1 2017 1 is_stmt 0 view .LVU1621
 6138 0000 38B5     		push	{r3, r4, r5, lr}
 6139              	.LCFI34:
 6140              		.cfi_def_cfa_offset 16
 6141              		.cfi_offset 3, -16
ARM GAS  /tmp/ccicUsXN.s 			page 178


 6142              		.cfi_offset 4, -12
 6143              		.cfi_offset 5, -8
 6144              		.cfi_offset 14, -4
 6145 0002 0446     		mov	r4, r0
 6146 0004 0D46     		mov	r5, r1
2019:Drivers/STM32F4/Drivers/STM32F4xx_HAL_Driver/Src/stm32f4xx_hal_tim_ex.c **** 
 6147              		.loc 1 2019 3 is_stmt 1 view .LVU1622
 6148              	.LVL364:
2022:Drivers/STM32F4/Drivers/STM32F4xx_HAL_Driver/Src/stm32f4xx_hal_tim_ex.c ****   assert_param(IS_TIM_OSSR_STATE(sBreakDeadTimeConfig->OffStateRunMode));
 6149              		.loc 1 2022 3 view .LVU1623
 6150 0006 0368     		ldr	r3, [r0]
 6151 0008 444A     		ldr	r2, .L527
 6152 000a 9342     		cmp	r3, r2
 6153 000c 08D0     		beq	.L509
2022:Drivers/STM32F4/Drivers/STM32F4xx_HAL_Driver/Src/stm32f4xx_hal_tim_ex.c ****   assert_param(IS_TIM_OSSR_STATE(sBreakDeadTimeConfig->OffStateRunMode));
 6154              		.loc 1 2022 3 is_stmt 0 discriminator 1 view .LVU1624
 6155 000e 02F58062 		add	r2, r2, #1024
 6156 0012 9342     		cmp	r3, r2
 6157 0014 04D0     		beq	.L509
2022:Drivers/STM32F4/Drivers/STM32F4xx_HAL_Driver/Src/stm32f4xx_hal_tim_ex.c ****   assert_param(IS_TIM_OSSR_STATE(sBreakDeadTimeConfig->OffStateRunMode));
 6158              		.loc 1 2022 3 discriminator 2 view .LVU1625
 6159 0016 40F2E671 		movw	r1, #2022
 6160              	.LVL365:
2022:Drivers/STM32F4/Drivers/STM32F4xx_HAL_Driver/Src/stm32f4xx_hal_tim_ex.c ****   assert_param(IS_TIM_OSSR_STATE(sBreakDeadTimeConfig->OffStateRunMode));
 6161              		.loc 1 2022 3 discriminator 2 view .LVU1626
 6162 001a 4148     		ldr	r0, .L527+4
 6163              	.LVL366:
2022:Drivers/STM32F4/Drivers/STM32F4xx_HAL_Driver/Src/stm32f4xx_hal_tim_ex.c ****   assert_param(IS_TIM_OSSR_STATE(sBreakDeadTimeConfig->OffStateRunMode));
 6164              		.loc 1 2022 3 discriminator 2 view .LVU1627
 6165 001c FFF7FEFF 		bl	assert_failed
 6166              	.LVL367:
 6167              	.L509:
2023:Drivers/STM32F4/Drivers/STM32F4xx_HAL_Driver/Src/stm32f4xx_hal_tim_ex.c ****   assert_param(IS_TIM_OSSI_STATE(sBreakDeadTimeConfig->OffStateIDLEMode));
 6168              		.loc 1 2023 3 is_stmt 1 view .LVU1628
 6169 0020 2B68     		ldr	r3, [r5]
 6170 0022 B3F5006F 		cmp	r3, #2048
 6171 0026 01D0     		beq	.L510
2023:Drivers/STM32F4/Drivers/STM32F4xx_HAL_Driver/Src/stm32f4xx_hal_tim_ex.c ****   assert_param(IS_TIM_OSSI_STATE(sBreakDeadTimeConfig->OffStateIDLEMode));
 6172              		.loc 1 2023 3 is_stmt 0 discriminator 1 view .LVU1629
 6173 0028 002B     		cmp	r3, #0
 6174 002a 4AD1     		bne	.L520
 6175              	.L510:
2024:Drivers/STM32F4/Drivers/STM32F4xx_HAL_Driver/Src/stm32f4xx_hal_tim_ex.c ****   assert_param(IS_TIM_LOCK_LEVEL(sBreakDeadTimeConfig->LockLevel));
 6176              		.loc 1 2024 3 is_stmt 1 view .LVU1630
 6177 002c 6B68     		ldr	r3, [r5, #4]
 6178 002e B3F5806F 		cmp	r3, #1024
 6179 0032 01D0     		beq	.L511
2024:Drivers/STM32F4/Drivers/STM32F4xx_HAL_Driver/Src/stm32f4xx_hal_tim_ex.c ****   assert_param(IS_TIM_LOCK_LEVEL(sBreakDeadTimeConfig->LockLevel));
 6180              		.loc 1 2024 3 is_stmt 0 discriminator 1 view .LVU1631
 6181 0034 002B     		cmp	r3, #0
 6182 0036 4AD1     		bne	.L521
 6183              	.L511:
2025:Drivers/STM32F4/Drivers/STM32F4xx_HAL_Driver/Src/stm32f4xx_hal_tim_ex.c ****   assert_param(IS_TIM_DEADTIME(sBreakDeadTimeConfig->DeadTime));
 6184              		.loc 1 2025 3 is_stmt 1 view .LVU1632
 6185 0038 AB68     		ldr	r3, [r5, #8]
 6186 003a 43B1     		cbz	r3, .L512
2025:Drivers/STM32F4/Drivers/STM32F4xx_HAL_Driver/Src/stm32f4xx_hal_tim_ex.c ****   assert_param(IS_TIM_DEADTIME(sBreakDeadTimeConfig->DeadTime));
ARM GAS  /tmp/ccicUsXN.s 			page 179


 6187              		.loc 1 2025 3 is_stmt 0 discriminator 1 view .LVU1633
 6188 003c B3F5807F 		cmp	r3, #256
 6189 0040 05D0     		beq	.L512
2025:Drivers/STM32F4/Drivers/STM32F4xx_HAL_Driver/Src/stm32f4xx_hal_tim_ex.c ****   assert_param(IS_TIM_DEADTIME(sBreakDeadTimeConfig->DeadTime));
 6190              		.loc 1 2025 3 discriminator 2 view .LVU1634
 6191 0042 B3F5007F 		cmp	r3, #512
 6192 0046 02D0     		beq	.L512
2025:Drivers/STM32F4/Drivers/STM32F4xx_HAL_Driver/Src/stm32f4xx_hal_tim_ex.c ****   assert_param(IS_TIM_DEADTIME(sBreakDeadTimeConfig->DeadTime));
 6193              		.loc 1 2025 3 discriminator 3 view .LVU1635
 6194 0048 B3F5407F 		cmp	r3, #768
 6195 004c 45D1     		bne	.L522
 6196              	.L512:
2026:Drivers/STM32F4/Drivers/STM32F4xx_HAL_Driver/Src/stm32f4xx_hal_tim_ex.c ****   assert_param(IS_TIM_BREAK_STATE(sBreakDeadTimeConfig->BreakState));
 6197              		.loc 1 2026 3 is_stmt 1 view .LVU1636
 6198 004e EB68     		ldr	r3, [r5, #12]
 6199 0050 FF2B     		cmp	r3, #255
 6200 0052 48D8     		bhi	.L523
 6201              	.L513:
2027:Drivers/STM32F4/Drivers/STM32F4xx_HAL_Driver/Src/stm32f4xx_hal_tim_ex.c ****   assert_param(IS_TIM_BREAK_POLARITY(sBreakDeadTimeConfig->BreakPolarity));
 6202              		.loc 1 2027 3 view .LVU1637
 6203 0054 2B69     		ldr	r3, [r5, #16]
 6204 0056 B3F5805F 		cmp	r3, #4096
 6205 005a 01D0     		beq	.L514
2027:Drivers/STM32F4/Drivers/STM32F4xx_HAL_Driver/Src/stm32f4xx_hal_tim_ex.c ****   assert_param(IS_TIM_BREAK_POLARITY(sBreakDeadTimeConfig->BreakPolarity));
 6206              		.loc 1 2027 3 is_stmt 0 discriminator 1 view .LVU1638
 6207 005c 002B     		cmp	r3, #0
 6208 005e 48D1     		bne	.L524
 6209              	.L514:
2028:Drivers/STM32F4/Drivers/STM32F4xx_HAL_Driver/Src/stm32f4xx_hal_tim_ex.c ****   assert_param(IS_TIM_AUTOMATIC_OUTPUT_STATE(sBreakDeadTimeConfig->AutomaticOutput));
 6210              		.loc 1 2028 3 is_stmt 1 view .LVU1639
 6211 0060 6B69     		ldr	r3, [r5, #20]
 6212 0062 13B1     		cbz	r3, .L515
2028:Drivers/STM32F4/Drivers/STM32F4xx_HAL_Driver/Src/stm32f4xx_hal_tim_ex.c ****   assert_param(IS_TIM_AUTOMATIC_OUTPUT_STATE(sBreakDeadTimeConfig->AutomaticOutput));
 6213              		.loc 1 2028 3 is_stmt 0 discriminator 1 view .LVU1640
 6214 0064 B3F5005F 		cmp	r3, #8192
 6215 0068 49D1     		bne	.L525
 6216              	.L515:
2029:Drivers/STM32F4/Drivers/STM32F4xx_HAL_Driver/Src/stm32f4xx_hal_tim_ex.c **** 
 6217              		.loc 1 2029 3 is_stmt 1 view .LVU1641
 6218 006a EB69     		ldr	r3, [r5, #28]
 6219 006c B3F5804F 		cmp	r3, #16384
 6220 0070 01D0     		beq	.L516
2029:Drivers/STM32F4/Drivers/STM32F4xx_HAL_Driver/Src/stm32f4xx_hal_tim_ex.c **** 
 6221              		.loc 1 2029 3 is_stmt 0 discriminator 1 view .LVU1642
 6222 0072 002B     		cmp	r3, #0
 6223 0074 49D1     		bne	.L526
 6224              	.L516:
2032:Drivers/STM32F4/Drivers/STM32F4xx_HAL_Driver/Src/stm32f4xx_hal_tim_ex.c **** 
 6225              		.loc 1 2032 3 is_stmt 1 view .LVU1643
2032:Drivers/STM32F4/Drivers/STM32F4xx_HAL_Driver/Src/stm32f4xx_hal_tim_ex.c **** 
 6226              		.loc 1 2032 3 view .LVU1644
 6227 0076 94F83C30 		ldrb	r3, [r4, #60]	@ zero_extendqisi2
 6228 007a 012B     		cmp	r3, #1
 6229 007c 4BD0     		beq	.L518
2032:Drivers/STM32F4/Drivers/STM32F4xx_HAL_Driver/Src/stm32f4xx_hal_tim_ex.c **** 
 6230              		.loc 1 2032 3 discriminator 2 view .LVU1645
 6231 007e 0123     		movs	r3, #1
ARM GAS  /tmp/ccicUsXN.s 			page 180


 6232 0080 84F83C30 		strb	r3, [r4, #60]
2032:Drivers/STM32F4/Drivers/STM32F4xx_HAL_Driver/Src/stm32f4xx_hal_tim_ex.c **** 
 6233              		.loc 1 2032 3 discriminator 2 view .LVU1646
2038:Drivers/STM32F4/Drivers/STM32F4xx_HAL_Driver/Src/stm32f4xx_hal_tim_ex.c ****   MODIFY_REG(tmpbdtr, TIM_BDTR_LOCK, sBreakDeadTimeConfig->LockLevel);
 6234              		.loc 1 2038 3 view .LVU1647
 6235 0084 EB68     		ldr	r3, [r5, #12]
 6236              	.LVL368:
2039:Drivers/STM32F4/Drivers/STM32F4xx_HAL_Driver/Src/stm32f4xx_hal_tim_ex.c ****   MODIFY_REG(tmpbdtr, TIM_BDTR_OSSI, sBreakDeadTimeConfig->OffStateIDLEMode);
 6237              		.loc 1 2039 3 view .LVU1648
 6238 0086 23F44073 		bic	r3, r3, #768
 6239              	.LVL369:
2039:Drivers/STM32F4/Drivers/STM32F4xx_HAL_Driver/Src/stm32f4xx_hal_tim_ex.c ****   MODIFY_REG(tmpbdtr, TIM_BDTR_OSSI, sBreakDeadTimeConfig->OffStateIDLEMode);
 6240              		.loc 1 2039 3 is_stmt 0 view .LVU1649
 6241 008a AA68     		ldr	r2, [r5, #8]
 6242 008c 1343     		orrs	r3, r3, r2
 6243              	.LVL370:
2040:Drivers/STM32F4/Drivers/STM32F4xx_HAL_Driver/Src/stm32f4xx_hal_tim_ex.c ****   MODIFY_REG(tmpbdtr, TIM_BDTR_OSSR, sBreakDeadTimeConfig->OffStateRunMode);
 6244              		.loc 1 2040 3 is_stmt 1 view .LVU1650
 6245 008e 23F48063 		bic	r3, r3, #1024
 6246              	.LVL371:
2040:Drivers/STM32F4/Drivers/STM32F4xx_HAL_Driver/Src/stm32f4xx_hal_tim_ex.c ****   MODIFY_REG(tmpbdtr, TIM_BDTR_OSSR, sBreakDeadTimeConfig->OffStateRunMode);
 6247              		.loc 1 2040 3 is_stmt 0 view .LVU1651
 6248 0092 6A68     		ldr	r2, [r5, #4]
 6249              	.LVL372:
2040:Drivers/STM32F4/Drivers/STM32F4xx_HAL_Driver/Src/stm32f4xx_hal_tim_ex.c ****   MODIFY_REG(tmpbdtr, TIM_BDTR_OSSR, sBreakDeadTimeConfig->OffStateRunMode);
 6250              		.loc 1 2040 3 view .LVU1652
 6251 0094 1343     		orrs	r3, r3, r2
 6252              	.LVL373:
2041:Drivers/STM32F4/Drivers/STM32F4xx_HAL_Driver/Src/stm32f4xx_hal_tim_ex.c ****   MODIFY_REG(tmpbdtr, TIM_BDTR_BKE, sBreakDeadTimeConfig->BreakState);
 6253              		.loc 1 2041 3 is_stmt 1 view .LVU1653
 6254 0096 23F40063 		bic	r3, r3, #2048
 6255              	.LVL374:
2041:Drivers/STM32F4/Drivers/STM32F4xx_HAL_Driver/Src/stm32f4xx_hal_tim_ex.c ****   MODIFY_REG(tmpbdtr, TIM_BDTR_BKE, sBreakDeadTimeConfig->BreakState);
 6256              		.loc 1 2041 3 is_stmt 0 view .LVU1654
 6257 009a 2A68     		ldr	r2, [r5]
 6258              	.LVL375:
2041:Drivers/STM32F4/Drivers/STM32F4xx_HAL_Driver/Src/stm32f4xx_hal_tim_ex.c ****   MODIFY_REG(tmpbdtr, TIM_BDTR_BKE, sBreakDeadTimeConfig->BreakState);
 6259              		.loc 1 2041 3 view .LVU1655
 6260 009c 1343     		orrs	r3, r3, r2
 6261              	.LVL376:
2042:Drivers/STM32F4/Drivers/STM32F4xx_HAL_Driver/Src/stm32f4xx_hal_tim_ex.c ****   MODIFY_REG(tmpbdtr, TIM_BDTR_BKP, sBreakDeadTimeConfig->BreakPolarity);
 6262              		.loc 1 2042 3 is_stmt 1 view .LVU1656
 6263 009e 23F48053 		bic	r3, r3, #4096
 6264              	.LVL377:
2042:Drivers/STM32F4/Drivers/STM32F4xx_HAL_Driver/Src/stm32f4xx_hal_tim_ex.c ****   MODIFY_REG(tmpbdtr, TIM_BDTR_BKP, sBreakDeadTimeConfig->BreakPolarity);
 6265              		.loc 1 2042 3 is_stmt 0 view .LVU1657
 6266 00a2 2A69     		ldr	r2, [r5, #16]
 6267              	.LVL378:
2042:Drivers/STM32F4/Drivers/STM32F4xx_HAL_Driver/Src/stm32f4xx_hal_tim_ex.c ****   MODIFY_REG(tmpbdtr, TIM_BDTR_BKP, sBreakDeadTimeConfig->BreakPolarity);
 6268              		.loc 1 2042 3 view .LVU1658
 6269 00a4 1343     		orrs	r3, r3, r2
 6270              	.LVL379:
2043:Drivers/STM32F4/Drivers/STM32F4xx_HAL_Driver/Src/stm32f4xx_hal_tim_ex.c ****   MODIFY_REG(tmpbdtr, TIM_BDTR_AOE, sBreakDeadTimeConfig->AutomaticOutput);
 6271              		.loc 1 2043 3 is_stmt 1 view .LVU1659
 6272 00a6 23F40053 		bic	r3, r3, #8192
 6273              	.LVL380:
2043:Drivers/STM32F4/Drivers/STM32F4xx_HAL_Driver/Src/stm32f4xx_hal_tim_ex.c ****   MODIFY_REG(tmpbdtr, TIM_BDTR_AOE, sBreakDeadTimeConfig->AutomaticOutput);
ARM GAS  /tmp/ccicUsXN.s 			page 181


 6274              		.loc 1 2043 3 is_stmt 0 view .LVU1660
 6275 00aa 6A69     		ldr	r2, [r5, #20]
 6276              	.LVL381:
2043:Drivers/STM32F4/Drivers/STM32F4xx_HAL_Driver/Src/stm32f4xx_hal_tim_ex.c ****   MODIFY_REG(tmpbdtr, TIM_BDTR_AOE, sBreakDeadTimeConfig->AutomaticOutput);
 6277              		.loc 1 2043 3 view .LVU1661
 6278 00ac 1343     		orrs	r3, r3, r2
 6279              	.LVL382:
2044:Drivers/STM32F4/Drivers/STM32F4xx_HAL_Driver/Src/stm32f4xx_hal_tim_ex.c **** 
 6280              		.loc 1 2044 3 is_stmt 1 view .LVU1662
 6281 00ae 23F48043 		bic	r3, r3, #16384
 6282              	.LVL383:
2044:Drivers/STM32F4/Drivers/STM32F4xx_HAL_Driver/Src/stm32f4xx_hal_tim_ex.c **** 
 6283              		.loc 1 2044 3 is_stmt 0 view .LVU1663
 6284 00b2 EA69     		ldr	r2, [r5, #28]
 6285              	.LVL384:
2044:Drivers/STM32F4/Drivers/STM32F4xx_HAL_Driver/Src/stm32f4xx_hal_tim_ex.c **** 
 6286              		.loc 1 2044 3 view .LVU1664
 6287 00b4 1343     		orrs	r3, r3, r2
 6288              	.LVL385:
2048:Drivers/STM32F4/Drivers/STM32F4xx_HAL_Driver/Src/stm32f4xx_hal_tim_ex.c **** 
 6289              		.loc 1 2048 3 is_stmt 1 view .LVU1665
2048:Drivers/STM32F4/Drivers/STM32F4xx_HAL_Driver/Src/stm32f4xx_hal_tim_ex.c **** 
 6290              		.loc 1 2048 7 is_stmt 0 view .LVU1666
 6291 00b6 2268     		ldr	r2, [r4]
2048:Drivers/STM32F4/Drivers/STM32F4xx_HAL_Driver/Src/stm32f4xx_hal_tim_ex.c **** 
 6292              		.loc 1 2048 24 view .LVU1667
 6293 00b8 5364     		str	r3, [r2, #68]
2050:Drivers/STM32F4/Drivers/STM32F4xx_HAL_Driver/Src/stm32f4xx_hal_tim_ex.c **** 
 6294              		.loc 1 2050 3 is_stmt 1 view .LVU1668
2050:Drivers/STM32F4/Drivers/STM32F4xx_HAL_Driver/Src/stm32f4xx_hal_tim_ex.c **** 
 6295              		.loc 1 2050 3 view .LVU1669
 6296 00ba 0020     		movs	r0, #0
 6297 00bc 84F83C00 		strb	r0, [r4, #60]
2050:Drivers/STM32F4/Drivers/STM32F4xx_HAL_Driver/Src/stm32f4xx_hal_tim_ex.c **** 
 6298              		.loc 1 2050 3 view .LVU1670
2052:Drivers/STM32F4/Drivers/STM32F4xx_HAL_Driver/Src/stm32f4xx_hal_tim_ex.c **** }
 6299              		.loc 1 2052 3 view .LVU1671
 6300              	.LVL386:
 6301              	.L517:
2053:Drivers/STM32F4/Drivers/STM32F4xx_HAL_Driver/Src/stm32f4xx_hal_tim_ex.c **** 
 6302              		.loc 1 2053 1 is_stmt 0 view .LVU1672
 6303 00c0 38BD     		pop	{r3, r4, r5, pc}
 6304              	.LVL387:
 6305              	.L520:
2023:Drivers/STM32F4/Drivers/STM32F4xx_HAL_Driver/Src/stm32f4xx_hal_tim_ex.c ****   assert_param(IS_TIM_OSSI_STATE(sBreakDeadTimeConfig->OffStateIDLEMode));
 6306              		.loc 1 2023 3 discriminator 2 view .LVU1673
 6307 00c2 40F2E771 		movw	r1, #2023
 6308 00c6 1648     		ldr	r0, .L527+4
 6309 00c8 FFF7FEFF 		bl	assert_failed
 6310              	.LVL388:
 6311 00cc AEE7     		b	.L510
 6312              	.L521:
2024:Drivers/STM32F4/Drivers/STM32F4xx_HAL_Driver/Src/stm32f4xx_hal_tim_ex.c ****   assert_param(IS_TIM_LOCK_LEVEL(sBreakDeadTimeConfig->LockLevel));
 6313              		.loc 1 2024 3 discriminator 2 view .LVU1674
 6314 00ce 4FF4FD61 		mov	r1, #2024
 6315 00d2 1348     		ldr	r0, .L527+4
 6316 00d4 FFF7FEFF 		bl	assert_failed
ARM GAS  /tmp/ccicUsXN.s 			page 182


 6317              	.LVL389:
 6318 00d8 AEE7     		b	.L511
 6319              	.L522:
2025:Drivers/STM32F4/Drivers/STM32F4xx_HAL_Driver/Src/stm32f4xx_hal_tim_ex.c ****   assert_param(IS_TIM_DEADTIME(sBreakDeadTimeConfig->DeadTime));
 6320              		.loc 1 2025 3 discriminator 4 view .LVU1675
 6321 00da 40F2E971 		movw	r1, #2025
 6322 00de 1048     		ldr	r0, .L527+4
 6323 00e0 FFF7FEFF 		bl	assert_failed
 6324              	.LVL390:
 6325 00e4 B3E7     		b	.L512
 6326              	.L523:
2026:Drivers/STM32F4/Drivers/STM32F4xx_HAL_Driver/Src/stm32f4xx_hal_tim_ex.c ****   assert_param(IS_TIM_BREAK_STATE(sBreakDeadTimeConfig->BreakState));
 6327              		.loc 1 2026 3 discriminator 1 view .LVU1676
 6328 00e6 40F2EA71 		movw	r1, #2026
 6329 00ea 0D48     		ldr	r0, .L527+4
 6330 00ec FFF7FEFF 		bl	assert_failed
 6331              	.LVL391:
 6332 00f0 B0E7     		b	.L513
 6333              	.L524:
2027:Drivers/STM32F4/Drivers/STM32F4xx_HAL_Driver/Src/stm32f4xx_hal_tim_ex.c ****   assert_param(IS_TIM_BREAK_POLARITY(sBreakDeadTimeConfig->BreakPolarity));
 6334              		.loc 1 2027 3 discriminator 2 view .LVU1677
 6335 00f2 40F2EB71 		movw	r1, #2027
 6336 00f6 0A48     		ldr	r0, .L527+4
 6337 00f8 FFF7FEFF 		bl	assert_failed
 6338              	.LVL392:
 6339 00fc B0E7     		b	.L514
 6340              	.L525:
2028:Drivers/STM32F4/Drivers/STM32F4xx_HAL_Driver/Src/stm32f4xx_hal_tim_ex.c ****   assert_param(IS_TIM_AUTOMATIC_OUTPUT_STATE(sBreakDeadTimeConfig->AutomaticOutput));
 6341              		.loc 1 2028 3 discriminator 2 view .LVU1678
 6342 00fe 40F2EC71 		movw	r1, #2028
 6343 0102 0748     		ldr	r0, .L527+4
 6344 0104 FFF7FEFF 		bl	assert_failed
 6345              	.LVL393:
 6346 0108 AFE7     		b	.L515
 6347              	.L526:
2029:Drivers/STM32F4/Drivers/STM32F4xx_HAL_Driver/Src/stm32f4xx_hal_tim_ex.c **** 
 6348              		.loc 1 2029 3 discriminator 2 view .LVU1679
 6349 010a 40F2ED71 		movw	r1, #2029
 6350 010e 0448     		ldr	r0, .L527+4
 6351 0110 FFF7FEFF 		bl	assert_failed
 6352              	.LVL394:
 6353 0114 AFE7     		b	.L516
 6354              	.L518:
2032:Drivers/STM32F4/Drivers/STM32F4xx_HAL_Driver/Src/stm32f4xx_hal_tim_ex.c **** 
 6355              		.loc 1 2032 3 discriminator 1 view .LVU1680
 6356 0116 0220     		movs	r0, #2
 6357 0118 D2E7     		b	.L517
 6358              	.L528:
 6359 011a 00BF     		.align	2
 6360              	.L527:
 6361 011c 00000140 		.word	1073807360
 6362 0120 00000000 		.word	.LC0
 6363              		.cfi_endproc
 6364              	.LFE164:
 6366              		.section	.text.HAL_TIMEx_RemapConfig,"ax",%progbits
 6367              		.align	1
 6368              		.global	HAL_TIMEx_RemapConfig
ARM GAS  /tmp/ccicUsXN.s 			page 183


 6369              		.syntax unified
 6370              		.thumb
 6371              		.thumb_func
 6373              	HAL_TIMEx_RemapConfig:
 6374              	.LVL395:
 6375              	.LFB165:
2092:Drivers/STM32F4/Drivers/STM32F4xx_HAL_Driver/Src/stm32f4xx_hal_tim_ex.c ****   /* Check parameters */
 6376              		.loc 1 2092 1 is_stmt 1 view -0
 6377              		.cfi_startproc
 6378              		@ args = 0, pretend = 0, frame = 0
 6379              		@ frame_needed = 0, uses_anonymous_args = 0
2092:Drivers/STM32F4/Drivers/STM32F4xx_HAL_Driver/Src/stm32f4xx_hal_tim_ex.c ****   /* Check parameters */
 6380              		.loc 1 2092 1 is_stmt 0 view .LVU1682
 6381 0000 38B5     		push	{r3, r4, r5, lr}
 6382              	.LCFI35:
 6383              		.cfi_def_cfa_offset 16
 6384              		.cfi_offset 3, -16
 6385              		.cfi_offset 4, -12
 6386              		.cfi_offset 5, -8
 6387              		.cfi_offset 14, -4
 6388 0002 0446     		mov	r4, r0
 6389 0004 0D46     		mov	r5, r1
2094:Drivers/STM32F4/Drivers/STM32F4xx_HAL_Driver/Src/stm32f4xx_hal_tim_ex.c **** 
 6390              		.loc 1 2094 3 is_stmt 1 view .LVU1683
 6391 0006 0368     		ldr	r3, [r0]
 6392 0008 B3F1804F 		cmp	r3, #1073741824
 6393 000c 17D0     		beq	.L537
 6394              	.L530:
2094:Drivers/STM32F4/Drivers/STM32F4xx_HAL_Driver/Src/stm32f4xx_hal_tim_ex.c **** 
 6395              		.loc 1 2094 3 is_stmt 0 discriminator 6 view .LVU1684
 6396 000e 1A4A     		ldr	r2, .L540
 6397 0010 9342     		cmp	r3, r2
 6398 0012 20D0     		beq	.L538
 6399              	.L532:
2094:Drivers/STM32F4/Drivers/STM32F4xx_HAL_Driver/Src/stm32f4xx_hal_tim_ex.c **** 
 6400              		.loc 1 2094 3 discriminator 12 view .LVU1685
 6401 0014 194A     		ldr	r2, .L540+4
 6402 0016 9342     		cmp	r3, r2
 6403 0018 26D0     		beq	.L539
 6404              	.L533:
2094:Drivers/STM32F4/Drivers/STM32F4xx_HAL_Driver/Src/stm32f4xx_hal_tim_ex.c **** 
 6405              		.loc 1 2094 3 discriminator 16 view .LVU1686
 6406 001a 40F62E01 		movw	r1, #2094
 6407              	.LVL396:
2094:Drivers/STM32F4/Drivers/STM32F4xx_HAL_Driver/Src/stm32f4xx_hal_tim_ex.c **** 
 6408              		.loc 1 2094 3 discriminator 16 view .LVU1687
 6409 001e 1848     		ldr	r0, .L540+8
 6410              	.LVL397:
2094:Drivers/STM32F4/Drivers/STM32F4xx_HAL_Driver/Src/stm32f4xx_hal_tim_ex.c **** 
 6411              		.loc 1 2094 3 discriminator 16 view .LVU1688
 6412 0020 FFF7FEFF 		bl	assert_failed
 6413              	.LVL398:
 6414              	.L531:
2096:Drivers/STM32F4/Drivers/STM32F4xx_HAL_Driver/Src/stm32f4xx_hal_tim_ex.c **** 
 6415              		.loc 1 2096 3 is_stmt 1 view .LVU1689
2096:Drivers/STM32F4/Drivers/STM32F4xx_HAL_Driver/Src/stm32f4xx_hal_tim_ex.c **** 
 6416              		.loc 1 2096 3 view .LVU1690
ARM GAS  /tmp/ccicUsXN.s 			page 184


 6417 0024 94F83C30 		ldrb	r3, [r4, #60]	@ zero_extendqisi2
 6418 0028 012B     		cmp	r3, #1
 6419 002a 22D0     		beq	.L535
2096:Drivers/STM32F4/Drivers/STM32F4xx_HAL_Driver/Src/stm32f4xx_hal_tim_ex.c **** 
 6420              		.loc 1 2096 3 discriminator 2 view .LVU1691
 6421 002c 0123     		movs	r3, #1
 6422 002e 84F83C30 		strb	r3, [r4, #60]
2096:Drivers/STM32F4/Drivers/STM32F4xx_HAL_Driver/Src/stm32f4xx_hal_tim_ex.c **** 
 6423              		.loc 1 2096 3 discriminator 2 view .LVU1692
2114:Drivers/STM32F4/Drivers/STM32F4xx_HAL_Driver/Src/stm32f4xx_hal_tim_ex.c **** #endif /* LPTIM_OR_TIM1_ITR2_RMP &&  LPTIM_OR_TIM5_ITR1_RMP && LPTIM_OR_TIM9_ITR1_RMP */
 6424              		.loc 1 2114 3 view .LVU1693
 6425 0032 2368     		ldr	r3, [r4]
 6426 0034 1D65     		str	r5, [r3, #80]
2117:Drivers/STM32F4/Drivers/STM32F4xx_HAL_Driver/Src/stm32f4xx_hal_tim_ex.c **** 
 6427              		.loc 1 2117 3 view .LVU1694
2117:Drivers/STM32F4/Drivers/STM32F4xx_HAL_Driver/Src/stm32f4xx_hal_tim_ex.c **** 
 6428              		.loc 1 2117 3 view .LVU1695
 6429 0036 0020     		movs	r0, #0
 6430 0038 84F83C00 		strb	r0, [r4, #60]
2117:Drivers/STM32F4/Drivers/STM32F4xx_HAL_Driver/Src/stm32f4xx_hal_tim_ex.c **** 
 6431              		.loc 1 2117 3 view .LVU1696
2119:Drivers/STM32F4/Drivers/STM32F4xx_HAL_Driver/Src/stm32f4xx_hal_tim_ex.c **** }
 6432              		.loc 1 2119 3 view .LVU1697
 6433              	.L534:
2120:Drivers/STM32F4/Drivers/STM32F4xx_HAL_Driver/Src/stm32f4xx_hal_tim_ex.c **** 
 6434              		.loc 1 2120 1 is_stmt 0 view .LVU1698
 6435 003c 38BD     		pop	{r3, r4, r5, pc}
 6436              	.LVL399:
 6437              	.L537:
2094:Drivers/STM32F4/Drivers/STM32F4xx_HAL_Driver/Src/stm32f4xx_hal_tim_ex.c **** 
 6438              		.loc 1 2094 3 discriminator 2 view .LVU1699
 6439 003e 0029     		cmp	r1, #0
 6440 0040 F0D0     		beq	.L531
2094:Drivers/STM32F4/Drivers/STM32F4xx_HAL_Driver/Src/stm32f4xx_hal_tim_ex.c **** 
 6441              		.loc 1 2094 3 discriminator 3 view .LVU1700
 6442 0042 B1F5806F 		cmp	r1, #1024
 6443 0046 EDD0     		beq	.L531
2094:Drivers/STM32F4/Drivers/STM32F4xx_HAL_Driver/Src/stm32f4xx_hal_tim_ex.c **** 
 6444              		.loc 1 2094 3 discriminator 4 view .LVU1701
 6445 0048 B1F5006F 		cmp	r1, #2048
 6446 004c EAD0     		beq	.L531
2094:Drivers/STM32F4/Drivers/STM32F4xx_HAL_Driver/Src/stm32f4xx_hal_tim_ex.c **** 
 6447              		.loc 1 2094 3 discriminator 5 view .LVU1702
 6448 004e B1F5406F 		cmp	r1, #3072
 6449 0052 DCD1     		bne	.L530
 6450 0054 E6E7     		b	.L531
 6451              	.L538:
2094:Drivers/STM32F4/Drivers/STM32F4xx_HAL_Driver/Src/stm32f4xx_hal_tim_ex.c **** 
 6452              		.loc 1 2094 3 discriminator 8 view .LVU1703
 6453 0056 002D     		cmp	r5, #0
 6454 0058 E4D0     		beq	.L531
2094:Drivers/STM32F4/Drivers/STM32F4xx_HAL_Driver/Src/stm32f4xx_hal_tim_ex.c **** 
 6455              		.loc 1 2094 3 discriminator 9 view .LVU1704
 6456 005a 402D     		cmp	r5, #64
 6457 005c E2D0     		beq	.L531
2094:Drivers/STM32F4/Drivers/STM32F4xx_HAL_Driver/Src/stm32f4xx_hal_tim_ex.c **** 
 6458              		.loc 1 2094 3 discriminator 10 view .LVU1705
ARM GAS  /tmp/ccicUsXN.s 			page 185


 6459 005e 802D     		cmp	r5, #128
 6460 0060 E0D0     		beq	.L531
2094:Drivers/STM32F4/Drivers/STM32F4xx_HAL_Driver/Src/stm32f4xx_hal_tim_ex.c **** 
 6461              		.loc 1 2094 3 discriminator 11 view .LVU1706
 6462 0062 C02D     		cmp	r5, #192
 6463 0064 D6D1     		bne	.L532
 6464 0066 DDE7     		b	.L531
 6465              	.L539:
2094:Drivers/STM32F4/Drivers/STM32F4xx_HAL_Driver/Src/stm32f4xx_hal_tim_ex.c **** 
 6466              		.loc 1 2094 3 discriminator 14 view .LVU1707
 6467 0068 002D     		cmp	r5, #0
 6468 006a DBD0     		beq	.L531
2094:Drivers/STM32F4/Drivers/STM32F4xx_HAL_Driver/Src/stm32f4xx_hal_tim_ex.c **** 
 6469              		.loc 1 2094 3 discriminator 15 view .LVU1708
 6470 006c 022D     		cmp	r5, #2
 6471 006e D4D1     		bne	.L533
 6472 0070 D8E7     		b	.L531
 6473              	.LVL400:
 6474              	.L535:
2096:Drivers/STM32F4/Drivers/STM32F4xx_HAL_Driver/Src/stm32f4xx_hal_tim_ex.c **** 
 6475              		.loc 1 2096 3 discriminator 1 view .LVU1709
 6476 0072 0220     		movs	r0, #2
 6477 0074 E2E7     		b	.L534
 6478              	.L541:
 6479 0076 00BF     		.align	2
 6480              	.L540:
 6481 0078 000C0040 		.word	1073744896
 6482 007c 00480140 		.word	1073825792
 6483 0080 00000000 		.word	.LC0
 6484              		.cfi_endproc
 6485              	.LFE165:
 6487              		.section	.text.HAL_TIMEx_CommutCallback,"ax",%progbits
 6488              		.align	1
 6489              		.weak	HAL_TIMEx_CommutCallback
 6490              		.syntax unified
 6491              		.thumb
 6492              		.thumb_func
 6494              	HAL_TIMEx_CommutCallback:
 6495              	.LVL401:
 6496              	.LFB166:
2148:Drivers/STM32F4/Drivers/STM32F4xx_HAL_Driver/Src/stm32f4xx_hal_tim_ex.c ****   /* Prevent unused argument(s) compilation warning */
 6497              		.loc 1 2148 1 is_stmt 1 view -0
 6498              		.cfi_startproc
 6499              		@ args = 0, pretend = 0, frame = 0
 6500              		@ frame_needed = 0, uses_anonymous_args = 0
 6501              		@ link register save eliminated.
2150:Drivers/STM32F4/Drivers/STM32F4xx_HAL_Driver/Src/stm32f4xx_hal_tim_ex.c **** 
 6502              		.loc 1 2150 3 view .LVU1711
2155:Drivers/STM32F4/Drivers/STM32F4xx_HAL_Driver/Src/stm32f4xx_hal_tim_ex.c **** /**
 6503              		.loc 1 2155 1 is_stmt 0 view .LVU1712
 6504 0000 7047     		bx	lr
 6505              		.cfi_endproc
 6506              	.LFE166:
 6508              		.section	.text.TIMEx_DMACommutationCplt,"ax",%progbits
 6509              		.align	1
 6510              		.global	TIMEx_DMACommutationCplt
 6511              		.syntax unified
ARM GAS  /tmp/ccicUsXN.s 			page 186


 6512              		.thumb
 6513              		.thumb_func
 6515              	TIMEx_DMACommutationCplt:
 6516              	.LVL402:
 6517              	.LFB171:
2254:Drivers/STM32F4/Drivers/STM32F4xx_HAL_Driver/Src/stm32f4xx_hal_tim_ex.c ****   TIM_HandleTypeDef *htim = (TIM_HandleTypeDef *)((DMA_HandleTypeDef *)hdma)->Parent;
 6518              		.loc 1 2254 1 is_stmt 1 view -0
 6519              		.cfi_startproc
 6520              		@ args = 0, pretend = 0, frame = 0
 6521              		@ frame_needed = 0, uses_anonymous_args = 0
2254:Drivers/STM32F4/Drivers/STM32F4xx_HAL_Driver/Src/stm32f4xx_hal_tim_ex.c ****   TIM_HandleTypeDef *htim = (TIM_HandleTypeDef *)((DMA_HandleTypeDef *)hdma)->Parent;
 6522              		.loc 1 2254 1 is_stmt 0 view .LVU1714
 6523 0000 08B5     		push	{r3, lr}
 6524              	.LCFI36:
 6525              		.cfi_def_cfa_offset 8
 6526              		.cfi_offset 3, -8
 6527              		.cfi_offset 14, -4
2255:Drivers/STM32F4/Drivers/STM32F4xx_HAL_Driver/Src/stm32f4xx_hal_tim_ex.c **** 
 6528              		.loc 1 2255 3 is_stmt 1 view .LVU1715
2255:Drivers/STM32F4/Drivers/STM32F4xx_HAL_Driver/Src/stm32f4xx_hal_tim_ex.c **** 
 6529              		.loc 1 2255 22 is_stmt 0 view .LVU1716
 6530 0002 806B     		ldr	r0, [r0, #56]
 6531              	.LVL403:
2258:Drivers/STM32F4/Drivers/STM32F4xx_HAL_Driver/Src/stm32f4xx_hal_tim_ex.c **** 
 6532              		.loc 1 2258 3 is_stmt 1 view .LVU1717
2258:Drivers/STM32F4/Drivers/STM32F4xx_HAL_Driver/Src/stm32f4xx_hal_tim_ex.c **** 
 6533              		.loc 1 2258 15 is_stmt 0 view .LVU1718
 6534 0004 0123     		movs	r3, #1
 6535 0006 80F83D30 		strb	r3, [r0, #61]
2263:Drivers/STM32F4/Drivers/STM32F4xx_HAL_Driver/Src/stm32f4xx_hal_tim_ex.c **** #endif /* USE_HAL_TIM_REGISTER_CALLBACKS */
 6536              		.loc 1 2263 3 is_stmt 1 view .LVU1719
 6537 000a FFF7FEFF 		bl	HAL_TIMEx_CommutCallback
 6538              	.LVL404:
2265:Drivers/STM32F4/Drivers/STM32F4xx_HAL_Driver/Src/stm32f4xx_hal_tim_ex.c **** 
 6539              		.loc 1 2265 1 is_stmt 0 view .LVU1720
 6540 000e 08BD     		pop	{r3, pc}
 6541              		.cfi_endproc
 6542              	.LFE171:
 6544              		.section	.text.HAL_TIMEx_CommutHalfCpltCallback,"ax",%progbits
 6545              		.align	1
 6546              		.weak	HAL_TIMEx_CommutHalfCpltCallback
 6547              		.syntax unified
 6548              		.thumb
 6549              		.thumb_func
 6551              	HAL_TIMEx_CommutHalfCpltCallback:
 6552              	.LVL405:
 6553              	.LFB167:
2162:Drivers/STM32F4/Drivers/STM32F4xx_HAL_Driver/Src/stm32f4xx_hal_tim_ex.c ****   /* Prevent unused argument(s) compilation warning */
 6554              		.loc 1 2162 1 is_stmt 1 view -0
 6555              		.cfi_startproc
 6556              		@ args = 0, pretend = 0, frame = 0
 6557              		@ frame_needed = 0, uses_anonymous_args = 0
 6558              		@ link register save eliminated.
2164:Drivers/STM32F4/Drivers/STM32F4xx_HAL_Driver/Src/stm32f4xx_hal_tim_ex.c **** 
 6559              		.loc 1 2164 3 view .LVU1722
2169:Drivers/STM32F4/Drivers/STM32F4xx_HAL_Driver/Src/stm32f4xx_hal_tim_ex.c **** 
 6560              		.loc 1 2169 1 is_stmt 0 view .LVU1723
ARM GAS  /tmp/ccicUsXN.s 			page 187


 6561 0000 7047     		bx	lr
 6562              		.cfi_endproc
 6563              	.LFE167:
 6565              		.section	.text.TIMEx_DMACommutationHalfCplt,"ax",%progbits
 6566              		.align	1
 6567              		.global	TIMEx_DMACommutationHalfCplt
 6568              		.syntax unified
 6569              		.thumb
 6570              		.thumb_func
 6572              	TIMEx_DMACommutationHalfCplt:
 6573              	.LVL406:
 6574              	.LFB172:
2273:Drivers/STM32F4/Drivers/STM32F4xx_HAL_Driver/Src/stm32f4xx_hal_tim_ex.c ****   TIM_HandleTypeDef *htim = (TIM_HandleTypeDef *)((DMA_HandleTypeDef *)hdma)->Parent;
 6575              		.loc 1 2273 1 is_stmt 1 view -0
 6576              		.cfi_startproc
 6577              		@ args = 0, pretend = 0, frame = 0
 6578              		@ frame_needed = 0, uses_anonymous_args = 0
2273:Drivers/STM32F4/Drivers/STM32F4xx_HAL_Driver/Src/stm32f4xx_hal_tim_ex.c ****   TIM_HandleTypeDef *htim = (TIM_HandleTypeDef *)((DMA_HandleTypeDef *)hdma)->Parent;
 6579              		.loc 1 2273 1 is_stmt 0 view .LVU1725
 6580 0000 08B5     		push	{r3, lr}
 6581              	.LCFI37:
 6582              		.cfi_def_cfa_offset 8
 6583              		.cfi_offset 3, -8
 6584              		.cfi_offset 14, -4
2274:Drivers/STM32F4/Drivers/STM32F4xx_HAL_Driver/Src/stm32f4xx_hal_tim_ex.c **** 
 6585              		.loc 1 2274 3 is_stmt 1 view .LVU1726
2274:Drivers/STM32F4/Drivers/STM32F4xx_HAL_Driver/Src/stm32f4xx_hal_tim_ex.c **** 
 6586              		.loc 1 2274 22 is_stmt 0 view .LVU1727
 6587 0002 806B     		ldr	r0, [r0, #56]
 6588              	.LVL407:
2277:Drivers/STM32F4/Drivers/STM32F4xx_HAL_Driver/Src/stm32f4xx_hal_tim_ex.c **** 
 6589              		.loc 1 2277 3 is_stmt 1 view .LVU1728
2277:Drivers/STM32F4/Drivers/STM32F4xx_HAL_Driver/Src/stm32f4xx_hal_tim_ex.c **** 
 6590              		.loc 1 2277 15 is_stmt 0 view .LVU1729
 6591 0004 0123     		movs	r3, #1
 6592 0006 80F83D30 		strb	r3, [r0, #61]
2282:Drivers/STM32F4/Drivers/STM32F4xx_HAL_Driver/Src/stm32f4xx_hal_tim_ex.c **** #endif /* USE_HAL_TIM_REGISTER_CALLBACKS */
 6593              		.loc 1 2282 3 is_stmt 1 view .LVU1730
 6594 000a FFF7FEFF 		bl	HAL_TIMEx_CommutHalfCpltCallback
 6595              	.LVL408:
2284:Drivers/STM32F4/Drivers/STM32F4xx_HAL_Driver/Src/stm32f4xx_hal_tim_ex.c **** 
 6596              		.loc 1 2284 1 is_stmt 0 view .LVU1731
 6597 000e 08BD     		pop	{r3, pc}
 6598              		.cfi_endproc
 6599              	.LFE172:
 6601              		.section	.text.HAL_TIMEx_BreakCallback,"ax",%progbits
 6602              		.align	1
 6603              		.weak	HAL_TIMEx_BreakCallback
 6604              		.syntax unified
 6605              		.thumb
 6606              		.thumb_func
 6608              	HAL_TIMEx_BreakCallback:
 6609              	.LVL409:
 6610              	.LFB168:
2177:Drivers/STM32F4/Drivers/STM32F4xx_HAL_Driver/Src/stm32f4xx_hal_tim_ex.c ****   /* Prevent unused argument(s) compilation warning */
 6611              		.loc 1 2177 1 is_stmt 1 view -0
 6612              		.cfi_startproc
ARM GAS  /tmp/ccicUsXN.s 			page 188


 6613              		@ args = 0, pretend = 0, frame = 0
 6614              		@ frame_needed = 0, uses_anonymous_args = 0
 6615              		@ link register save eliminated.
2179:Drivers/STM32F4/Drivers/STM32F4xx_HAL_Driver/Src/stm32f4xx_hal_tim_ex.c **** 
 6616              		.loc 1 2179 3 view .LVU1733
2184:Drivers/STM32F4/Drivers/STM32F4xx_HAL_Driver/Src/stm32f4xx_hal_tim_ex.c **** /**
 6617              		.loc 1 2184 1 is_stmt 0 view .LVU1734
 6618 0000 7047     		bx	lr
 6619              		.cfi_endproc
 6620              	.LFE168:
 6622              		.section	.text.HAL_TIMEx_HallSensor_GetState,"ax",%progbits
 6623              		.align	1
 6624              		.global	HAL_TIMEx_HallSensor_GetState
 6625              		.syntax unified
 6626              		.thumb
 6627              		.thumb_func
 6629              	HAL_TIMEx_HallSensor_GetState:
 6630              	.LVL410:
 6631              	.LFB169:
2210:Drivers/STM32F4/Drivers/STM32F4xx_HAL_Driver/Src/stm32f4xx_hal_tim_ex.c ****   return htim->State;
 6632              		.loc 1 2210 1 is_stmt 1 view -0
 6633              		.cfi_startproc
 6634              		@ args = 0, pretend = 0, frame = 0
 6635              		@ frame_needed = 0, uses_anonymous_args = 0
 6636              		@ link register save eliminated.
2211:Drivers/STM32F4/Drivers/STM32F4xx_HAL_Driver/Src/stm32f4xx_hal_tim_ex.c **** }
 6637              		.loc 1 2211 3 view .LVU1736
2211:Drivers/STM32F4/Drivers/STM32F4xx_HAL_Driver/Src/stm32f4xx_hal_tim_ex.c **** }
 6638              		.loc 1 2211 14 is_stmt 0 view .LVU1737
 6639 0000 90F83D00 		ldrb	r0, [r0, #61]	@ zero_extendqisi2
 6640              	.LVL411:
2212:Drivers/STM32F4/Drivers/STM32F4xx_HAL_Driver/Src/stm32f4xx_hal_tim_ex.c **** 
 6641              		.loc 1 2212 1 view .LVU1738
 6642 0004 7047     		bx	lr
 6643              		.cfi_endproc
 6644              	.LFE169:
 6646              		.section	.text.HAL_TIMEx_GetChannelNState,"ax",%progbits
 6647              		.align	1
 6648              		.global	HAL_TIMEx_GetChannelNState
 6649              		.syntax unified
 6650              		.thumb
 6651              		.thumb_func
 6653              	HAL_TIMEx_GetChannelNState:
 6654              	.LVL412:
 6655              	.LFB170:
2225:Drivers/STM32F4/Drivers/STM32F4xx_HAL_Driver/Src/stm32f4xx_hal_tim_ex.c ****   HAL_TIM_ChannelStateTypeDef channel_state;
 6656              		.loc 1 2225 1 is_stmt 1 view -0
 6657              		.cfi_startproc
 6658              		@ args = 0, pretend = 0, frame = 0
 6659              		@ frame_needed = 0, uses_anonymous_args = 0
2225:Drivers/STM32F4/Drivers/STM32F4xx_HAL_Driver/Src/stm32f4xx_hal_tim_ex.c ****   HAL_TIM_ChannelStateTypeDef channel_state;
 6660              		.loc 1 2225 1 is_stmt 0 view .LVU1740
 6661 0000 38B5     		push	{r3, r4, r5, lr}
 6662              	.LCFI38:
 6663              		.cfi_def_cfa_offset 16
 6664              		.cfi_offset 3, -16
 6665              		.cfi_offset 4, -12
ARM GAS  /tmp/ccicUsXN.s 			page 189


 6666              		.cfi_offset 5, -8
 6667              		.cfi_offset 14, -4
 6668 0002 0546     		mov	r5, r0
 6669 0004 0C46     		mov	r4, r1
2226:Drivers/STM32F4/Drivers/STM32F4xx_HAL_Driver/Src/stm32f4xx_hal_tim_ex.c **** 
 6670              		.loc 1 2226 3 is_stmt 1 view .LVU1741
2229:Drivers/STM32F4/Drivers/STM32F4xx_HAL_Driver/Src/stm32f4xx_hal_tim_ex.c **** 
 6671              		.loc 1 2229 3 view .LVU1742
 6672 0006 0368     		ldr	r3, [r0]
 6673 0008 134A     		ldr	r2, .L561
 6674 000a 9342     		cmp	r3, r2
 6675 000c 0DD0     		beq	.L551
2229:Drivers/STM32F4/Drivers/STM32F4xx_HAL_Driver/Src/stm32f4xx_hal_tim_ex.c **** 
 6676              		.loc 1 2229 3 is_stmt 0 discriminator 1 view .LVU1743
 6677 000e 02F58062 		add	r2, r2, #1024
 6678 0012 9342     		cmp	r3, r2
 6679 0014 09D0     		beq	.L551
 6680              	.L552:
2229:Drivers/STM32F4/Drivers/STM32F4xx_HAL_Driver/Src/stm32f4xx_hal_tim_ex.c **** 
 6681              		.loc 1 2229 3 discriminator 7 view .LVU1744
 6682 0016 40F6B501 		movw	r1, #2229
 6683              	.LVL413:
2229:Drivers/STM32F4/Drivers/STM32F4xx_HAL_Driver/Src/stm32f4xx_hal_tim_ex.c **** 
 6684              		.loc 1 2229 3 discriminator 7 view .LVU1745
 6685 001a 1048     		ldr	r0, .L561+4
 6686              	.LVL414:
2229:Drivers/STM32F4/Drivers/STM32F4xx_HAL_Driver/Src/stm32f4xx_hal_tim_ex.c **** 
 6687              		.loc 1 2229 3 discriminator 7 view .LVU1746
 6688 001c FFF7FEFF 		bl	assert_failed
 6689              	.LVL415:
2231:Drivers/STM32F4/Drivers/STM32F4xx_HAL_Driver/Src/stm32f4xx_hal_tim_ex.c **** 
 6690              		.loc 1 2231 3 is_stmt 1 view .LVU1747
2231:Drivers/STM32F4/Drivers/STM32F4xx_HAL_Driver/Src/stm32f4xx_hal_tim_ex.c **** 
 6691              		.loc 1 2231 19 is_stmt 0 view .LVU1748
 6692 0020 4CB9     		cbnz	r4, .L554
 6693              	.L553:
2231:Drivers/STM32F4/Drivers/STM32F4xx_HAL_Driver/Src/stm32f4xx_hal_tim_ex.c **** 
 6694              		.loc 1 2231 19 discriminator 1 view .LVU1749
 6695 0022 95F84200 		ldrb	r0, [r5, #66]	@ zero_extendqisi2
 6696 0026 C0B2     		uxtb	r0, r0
 6697              	.L555:
 6698              	.LVL416:
2233:Drivers/STM32F4/Drivers/STM32F4xx_HAL_Driver/Src/stm32f4xx_hal_tim_ex.c **** }
 6699              		.loc 1 2233 3 is_stmt 1 view .LVU1750
2234:Drivers/STM32F4/Drivers/STM32F4xx_HAL_Driver/Src/stm32f4xx_hal_tim_ex.c **** /**
 6700              		.loc 1 2234 1 is_stmt 0 view .LVU1751
 6701 0028 38BD     		pop	{r3, r4, r5, pc}
 6702              	.LVL417:
 6703              	.L551:
2229:Drivers/STM32F4/Drivers/STM32F4xx_HAL_Driver/Src/stm32f4xx_hal_tim_ex.c **** 
 6704              		.loc 1 2229 3 discriminator 4 view .LVU1752
 6705 002a 002C     		cmp	r4, #0
 6706 002c F9D0     		beq	.L553
2229:Drivers/STM32F4/Drivers/STM32F4xx_HAL_Driver/Src/stm32f4xx_hal_tim_ex.c **** 
 6707              		.loc 1 2229 3 discriminator 5 view .LVU1753
 6708 002e 042C     		cmp	r4, #4
 6709 0030 01D0     		beq	.L554
ARM GAS  /tmp/ccicUsXN.s 			page 190


2229:Drivers/STM32F4/Drivers/STM32F4xx_HAL_Driver/Src/stm32f4xx_hal_tim_ex.c **** 
 6710              		.loc 1 2229 3 discriminator 6 view .LVU1754
 6711 0032 082C     		cmp	r4, #8
 6712 0034 EFD1     		bne	.L552
 6713              	.LVL418:
 6714              	.L554:
2231:Drivers/STM32F4/Drivers/STM32F4xx_HAL_Driver/Src/stm32f4xx_hal_tim_ex.c **** 
 6715              		.loc 1 2231 19 discriminator 2 view .LVU1755
 6716 0036 042C     		cmp	r4, #4
 6717 0038 05D0     		beq	.L559
2231:Drivers/STM32F4/Drivers/STM32F4xx_HAL_Driver/Src/stm32f4xx_hal_tim_ex.c **** 
 6718              		.loc 1 2231 19 discriminator 5 view .LVU1756
 6719 003a 082C     		cmp	r4, #8
 6720 003c 07D0     		beq	.L560
2231:Drivers/STM32F4/Drivers/STM32F4xx_HAL_Driver/Src/stm32f4xx_hal_tim_ex.c **** 
 6721              		.loc 1 2231 19 discriminator 8 view .LVU1757
 6722 003e 95F84500 		ldrb	r0, [r5, #69]	@ zero_extendqisi2
 6723 0042 C0B2     		uxtb	r0, r0
 6724 0044 F0E7     		b	.L555
 6725              	.L559:
2231:Drivers/STM32F4/Drivers/STM32F4xx_HAL_Driver/Src/stm32f4xx_hal_tim_ex.c **** 
 6726              		.loc 1 2231 19 discriminator 4 view .LVU1758
 6727 0046 95F84300 		ldrb	r0, [r5, #67]	@ zero_extendqisi2
 6728 004a C0B2     		uxtb	r0, r0
 6729 004c ECE7     		b	.L555
 6730              	.L560:
2231:Drivers/STM32F4/Drivers/STM32F4xx_HAL_Driver/Src/stm32f4xx_hal_tim_ex.c **** 
 6731              		.loc 1 2231 19 discriminator 7 view .LVU1759
 6732 004e 95F84400 		ldrb	r0, [r5, #68]	@ zero_extendqisi2
 6733 0052 C0B2     		uxtb	r0, r0
 6734 0054 E8E7     		b	.L555
 6735              	.L562:
 6736 0056 00BF     		.align	2
 6737              	.L561:
 6738 0058 00000140 		.word	1073807360
 6739 005c 00000000 		.word	.LC0
 6740              		.cfi_endproc
 6741              	.LFE170:
 6743              		.text
 6744              	.Letext0:
 6745              		.file 2 "/usr/lib/gcc/arm-none-eabi/13.2.1/include/stdint.h"
 6746              		.file 3 "Drivers/STM32F4/Drivers/CMSIS/Device/ST/STM32F4xx/Include/stm32f405xx.h"
 6747              		.file 4 "Drivers/STM32F4/Drivers/CMSIS/Device/ST/STM32F4xx/Include/stm32f4xx.h"
 6748              		.file 5 "Drivers/STM32F4/Drivers/STM32F4xx_HAL_Driver/Inc/stm32f4xx_hal_def.h"
 6749              		.file 6 "Drivers/STM32F4/Drivers/STM32F4xx_HAL_Driver/Inc/stm32f4xx_hal_dma.h"
 6750              		.file 7 "Drivers/STM32F4/Drivers/STM32F4xx_HAL_Driver/Inc/stm32f4xx_hal_tim.h"
 6751              		.file 8 "Drivers/STM32F4/Drivers/STM32F4xx_HAL_Driver/Inc/stm32f4xx_hal_tim_ex.h"
 6752              		.file 9 "Core/Inc/stm32f4xx_hal_conf.h"
ARM GAS  /tmp/ccicUsXN.s 			page 191


DEFINED SYMBOLS
                            *ABS*:00000000 stm32f4xx_hal_tim_ex.c
     /tmp/ccicUsXN.s:21     .text.TIM_CCxNChannelCmd:00000000 $t
     /tmp/ccicUsXN.s:26     .text.TIM_CCxNChannelCmd:00000000 TIM_CCxNChannelCmd
     /tmp/ccicUsXN.s:64     .text.TIM_DMAErrorCCxN:00000000 $t
     /tmp/ccicUsXN.s:69     .text.TIM_DMAErrorCCxN:00000000 TIM_DMAErrorCCxN
     /tmp/ccicUsXN.s:149    .text.TIM_DMADelayPulseNCplt:00000000 $t
     /tmp/ccicUsXN.s:154    .text.TIM_DMADelayPulseNCplt:00000000 TIM_DMADelayPulseNCplt
     /tmp/ccicUsXN.s:253    .text.HAL_TIMEx_HallSensor_MspInit:00000000 $t
     /tmp/ccicUsXN.s:259    .text.HAL_TIMEx_HallSensor_MspInit:00000000 HAL_TIMEx_HallSensor_MspInit
     /tmp/ccicUsXN.s:274    .rodata.HAL_TIMEx_HallSensor_Init.str1.4:00000000 $d
     /tmp/ccicUsXN.s:279    .text.HAL_TIMEx_HallSensor_Init:00000000 $t
     /tmp/ccicUsXN.s:285    .text.HAL_TIMEx_HallSensor_Init:00000000 HAL_TIMEx_HallSensor_Init
     /tmp/ccicUsXN.s:662    .text.HAL_TIMEx_HallSensor_Init:000001d8 $d
     /tmp/ccicUsXN.s:669    .text.HAL_TIMEx_HallSensor_MspDeInit:00000000 $t
     /tmp/ccicUsXN.s:675    .text.HAL_TIMEx_HallSensor_MspDeInit:00000000 HAL_TIMEx_HallSensor_MspDeInit
     /tmp/ccicUsXN.s:690    .text.HAL_TIMEx_HallSensor_DeInit:00000000 $t
     /tmp/ccicUsXN.s:696    .text.HAL_TIMEx_HallSensor_DeInit:00000000 HAL_TIMEx_HallSensor_DeInit
     /tmp/ccicUsXN.s:827    .text.HAL_TIMEx_HallSensor_DeInit:000000c4 $d
     /tmp/ccicUsXN.s:833    .text.HAL_TIMEx_HallSensor_Start:00000000 $t
     /tmp/ccicUsXN.s:839    .text.HAL_TIMEx_HallSensor_Start:00000000 HAL_TIMEx_HallSensor_Start
     /tmp/ccicUsXN.s:1037   .text.HAL_TIMEx_HallSensor_Start:000000fc $d
     /tmp/ccicUsXN.s:1043   .text.HAL_TIMEx_HallSensor_Stop:00000000 $t
     /tmp/ccicUsXN.s:1049   .text.HAL_TIMEx_HallSensor_Stop:00000000 HAL_TIMEx_HallSensor_Stop
     /tmp/ccicUsXN.s:1137   .text.HAL_TIMEx_HallSensor_Stop:0000007c $d
     /tmp/ccicUsXN.s:1143   .text.HAL_TIMEx_HallSensor_Start_IT:00000000 $t
     /tmp/ccicUsXN.s:1149   .text.HAL_TIMEx_HallSensor_Start_IT:00000000 HAL_TIMEx_HallSensor_Start_IT
     /tmp/ccicUsXN.s:1352   .text.HAL_TIMEx_HallSensor_Start_IT:00000104 $d
     /tmp/ccicUsXN.s:1358   .text.HAL_TIMEx_HallSensor_Stop_IT:00000000 $t
     /tmp/ccicUsXN.s:1364   .text.HAL_TIMEx_HallSensor_Stop_IT:00000000 HAL_TIMEx_HallSensor_Stop_IT
     /tmp/ccicUsXN.s:1457   .text.HAL_TIMEx_HallSensor_Stop_IT:00000084 $d
     /tmp/ccicUsXN.s:1463   .text.HAL_TIMEx_HallSensor_Start_DMA:00000000 $t
     /tmp/ccicUsXN.s:1469   .text.HAL_TIMEx_HallSensor_Start_DMA:00000000 HAL_TIMEx_HallSensor_Start_DMA
     /tmp/ccicUsXN.s:1699   .text.HAL_TIMEx_HallSensor_Start_DMA:00000120 $d
     /tmp/ccicUsXN.s:1708   .text.HAL_TIMEx_HallSensor_Stop_DMA:00000000 $t
     /tmp/ccicUsXN.s:1714   .text.HAL_TIMEx_HallSensor_Stop_DMA:00000000 HAL_TIMEx_HallSensor_Stop_DMA
     /tmp/ccicUsXN.s:1808   .text.HAL_TIMEx_HallSensor_Stop_DMA:00000084 $d
     /tmp/ccicUsXN.s:1814   .text.HAL_TIMEx_OCN_Start:00000000 $t
     /tmp/ccicUsXN.s:1820   .text.HAL_TIMEx_OCN_Start:00000000 HAL_TIMEx_OCN_Start
     /tmp/ccicUsXN.s:2034   .text.HAL_TIMEx_OCN_Start:00000118 $d
     /tmp/ccicUsXN.s:2040   .text.HAL_TIMEx_OCN_Stop:00000000 $t
     /tmp/ccicUsXN.s:2046   .text.HAL_TIMEx_OCN_Stop:00000000 HAL_TIMEx_OCN_Stop
     /tmp/ccicUsXN.s:2170   .text.HAL_TIMEx_OCN_Stop:000000a4 $d
     /tmp/ccicUsXN.s:2176   .text.HAL_TIMEx_OCN_Start_IT:00000000 $t
     /tmp/ccicUsXN.s:2182   .text.HAL_TIMEx_OCN_Start_IT:00000000 HAL_TIMEx_OCN_Start_IT
     /tmp/ccicUsXN.s:2436   .text.HAL_TIMEx_OCN_Start_IT:00000150 $d
     /tmp/ccicUsXN.s:2442   .text.HAL_TIMEx_OCN_Stop_IT:00000000 $t
     /tmp/ccicUsXN.s:2448   .text.HAL_TIMEx_OCN_Stop_IT:00000000 HAL_TIMEx_OCN_Stop_IT
     /tmp/ccicUsXN.s:2637   .text.HAL_TIMEx_OCN_Stop_IT:000000ec $d
     /tmp/ccicUsXN.s:2643   .text.HAL_TIMEx_OCN_Start_DMA:00000000 $t
     /tmp/ccicUsXN.s:2649   .text.HAL_TIMEx_OCN_Start_DMA:00000000 HAL_TIMEx_OCN_Start_DMA
     /tmp/ccicUsXN.s:3085   .text.HAL_TIMEx_OCN_Start_DMA:00000248 $d
     /tmp/ccicUsXN.s:3094   .text.HAL_TIMEx_OCN_Stop_DMA:00000000 $t
     /tmp/ccicUsXN.s:3100   .text.HAL_TIMEx_OCN_Stop_DMA:00000000 HAL_TIMEx_OCN_Stop_DMA
     /tmp/ccicUsXN.s:3283   .text.HAL_TIMEx_OCN_Stop_DMA:000000e8 $d
     /tmp/ccicUsXN.s:3289   .text.HAL_TIMEx_PWMN_Start:00000000 $t
     /tmp/ccicUsXN.s:3295   .text.HAL_TIMEx_PWMN_Start:00000000 HAL_TIMEx_PWMN_Start
ARM GAS  /tmp/ccicUsXN.s 			page 192


     /tmp/ccicUsXN.s:3509   .text.HAL_TIMEx_PWMN_Start:00000118 $d
     /tmp/ccicUsXN.s:3515   .text.HAL_TIMEx_PWMN_Stop:00000000 $t
     /tmp/ccicUsXN.s:3521   .text.HAL_TIMEx_PWMN_Stop:00000000 HAL_TIMEx_PWMN_Stop
     /tmp/ccicUsXN.s:3645   .text.HAL_TIMEx_PWMN_Stop:000000a4 $d
     /tmp/ccicUsXN.s:3651   .text.HAL_TIMEx_PWMN_Start_IT:00000000 $t
     /tmp/ccicUsXN.s:3657   .text.HAL_TIMEx_PWMN_Start_IT:00000000 HAL_TIMEx_PWMN_Start_IT
     /tmp/ccicUsXN.s:3911   .text.HAL_TIMEx_PWMN_Start_IT:00000150 $d
     /tmp/ccicUsXN.s:3917   .text.HAL_TIMEx_PWMN_Stop_IT:00000000 $t
     /tmp/ccicUsXN.s:3923   .text.HAL_TIMEx_PWMN_Stop_IT:00000000 HAL_TIMEx_PWMN_Stop_IT
     /tmp/ccicUsXN.s:4112   .text.HAL_TIMEx_PWMN_Stop_IT:000000ec $d
     /tmp/ccicUsXN.s:4118   .text.HAL_TIMEx_PWMN_Start_DMA:00000000 $t
     /tmp/ccicUsXN.s:4124   .text.HAL_TIMEx_PWMN_Start_DMA:00000000 HAL_TIMEx_PWMN_Start_DMA
     /tmp/ccicUsXN.s:4560   .text.HAL_TIMEx_PWMN_Start_DMA:00000248 $d
     /tmp/ccicUsXN.s:4569   .text.HAL_TIMEx_PWMN_Stop_DMA:00000000 $t
     /tmp/ccicUsXN.s:4575   .text.HAL_TIMEx_PWMN_Stop_DMA:00000000 HAL_TIMEx_PWMN_Stop_DMA
     /tmp/ccicUsXN.s:4758   .text.HAL_TIMEx_PWMN_Stop_DMA:000000e8 $d
     /tmp/ccicUsXN.s:4764   .text.HAL_TIMEx_OnePulseN_Start:00000000 $t
     /tmp/ccicUsXN.s:4770   .text.HAL_TIMEx_OnePulseN_Start:00000000 HAL_TIMEx_OnePulseN_Start
     /tmp/ccicUsXN.s:4924   .text.HAL_TIMEx_OnePulseN_Start:000000b4 $d
     /tmp/ccicUsXN.s:4930   .text.HAL_TIMEx_OnePulseN_Stop:00000000 $t
     /tmp/ccicUsXN.s:4936   .text.HAL_TIMEx_OnePulseN_Stop:00000000 HAL_TIMEx_OnePulseN_Stop
     /tmp/ccicUsXN.s:5060   .text.HAL_TIMEx_OnePulseN_Stop:000000a4 $d
     /tmp/ccicUsXN.s:5066   .text.HAL_TIMEx_OnePulseN_Start_IT:00000000 $t
     /tmp/ccicUsXN.s:5072   .text.HAL_TIMEx_OnePulseN_Start_IT:00000000 HAL_TIMEx_OnePulseN_Start_IT
     /tmp/ccicUsXN.s:5236   .text.HAL_TIMEx_OnePulseN_Start_IT:000000c8 $d
     /tmp/ccicUsXN.s:5242   .text.HAL_TIMEx_OnePulseN_Stop_IT:00000000 $t
     /tmp/ccicUsXN.s:5248   .text.HAL_TIMEx_OnePulseN_Stop_IT:00000000 HAL_TIMEx_OnePulseN_Stop_IT
     /tmp/ccicUsXN.s:5382   .text.HAL_TIMEx_OnePulseN_Stop_IT:000000b8 $d
     /tmp/ccicUsXN.s:5388   .text.HAL_TIMEx_ConfigCommutEvent:00000000 $t
     /tmp/ccicUsXN.s:5394   .text.HAL_TIMEx_ConfigCommutEvent:00000000 HAL_TIMEx_ConfigCommutEvent
     /tmp/ccicUsXN.s:5545   .text.HAL_TIMEx_ConfigCommutEvent:000000b4 $d
     /tmp/ccicUsXN.s:5551   .text.HAL_TIMEx_ConfigCommutEvent_IT:00000000 $t
     /tmp/ccicUsXN.s:5557   .text.HAL_TIMEx_ConfigCommutEvent_IT:00000000 HAL_TIMEx_ConfigCommutEvent_IT
     /tmp/ccicUsXN.s:5708   .text.HAL_TIMEx_ConfigCommutEvent_IT:000000b4 $d
     /tmp/ccicUsXN.s:5714   .text.HAL_TIMEx_ConfigCommutEvent_DMA:00000000 $t
     /tmp/ccicUsXN.s:5720   .text.HAL_TIMEx_ConfigCommutEvent_DMA:00000000 HAL_TIMEx_ConfigCommutEvent_DMA
     /tmp/ccicUsXN.s:5889   .text.HAL_TIMEx_ConfigCommutEvent_DMA:000000c8 $d
     /tmp/ccicUsXN.s:6515   .text.TIMEx_DMACommutationCplt:00000000 TIMEx_DMACommutationCplt
     /tmp/ccicUsXN.s:6572   .text.TIMEx_DMACommutationHalfCplt:00000000 TIMEx_DMACommutationHalfCplt
     /tmp/ccicUsXN.s:5898   .text.HAL_TIMEx_MasterConfigSynchronization:00000000 $t
     /tmp/ccicUsXN.s:5904   .text.HAL_TIMEx_MasterConfigSynchronization:00000000 HAL_TIMEx_MasterConfigSynchronization
     /tmp/ccicUsXN.s:6118   .text.HAL_TIMEx_MasterConfigSynchronization:00000110 $d
     /tmp/ccicUsXN.s:6124   .text.HAL_TIMEx_ConfigBreakDeadTime:00000000 $t
     /tmp/ccicUsXN.s:6130   .text.HAL_TIMEx_ConfigBreakDeadTime:00000000 HAL_TIMEx_ConfigBreakDeadTime
     /tmp/ccicUsXN.s:6361   .text.HAL_TIMEx_ConfigBreakDeadTime:0000011c $d
     /tmp/ccicUsXN.s:6367   .text.HAL_TIMEx_RemapConfig:00000000 $t
     /tmp/ccicUsXN.s:6373   .text.HAL_TIMEx_RemapConfig:00000000 HAL_TIMEx_RemapConfig
     /tmp/ccicUsXN.s:6481   .text.HAL_TIMEx_RemapConfig:00000078 $d
     /tmp/ccicUsXN.s:6488   .text.HAL_TIMEx_CommutCallback:00000000 $t
     /tmp/ccicUsXN.s:6494   .text.HAL_TIMEx_CommutCallback:00000000 HAL_TIMEx_CommutCallback
     /tmp/ccicUsXN.s:6509   .text.TIMEx_DMACommutationCplt:00000000 $t
     /tmp/ccicUsXN.s:6545   .text.HAL_TIMEx_CommutHalfCpltCallback:00000000 $t
     /tmp/ccicUsXN.s:6551   .text.HAL_TIMEx_CommutHalfCpltCallback:00000000 HAL_TIMEx_CommutHalfCpltCallback
     /tmp/ccicUsXN.s:6566   .text.TIMEx_DMACommutationHalfCplt:00000000 $t
     /tmp/ccicUsXN.s:6602   .text.HAL_TIMEx_BreakCallback:00000000 $t
     /tmp/ccicUsXN.s:6608   .text.HAL_TIMEx_BreakCallback:00000000 HAL_TIMEx_BreakCallback
     /tmp/ccicUsXN.s:6623   .text.HAL_TIMEx_HallSensor_GetState:00000000 $t
ARM GAS  /tmp/ccicUsXN.s 			page 193


     /tmp/ccicUsXN.s:6629   .text.HAL_TIMEx_HallSensor_GetState:00000000 HAL_TIMEx_HallSensor_GetState
     /tmp/ccicUsXN.s:6647   .text.HAL_TIMEx_GetChannelNState:00000000 $t
     /tmp/ccicUsXN.s:6653   .text.HAL_TIMEx_GetChannelNState:00000000 HAL_TIMEx_GetChannelNState
     /tmp/ccicUsXN.s:6738   .text.HAL_TIMEx_GetChannelNState:00000058 $d

UNDEFINED SYMBOLS
HAL_TIM_ErrorCallback
HAL_TIM_PWM_PulseFinishedCallback
assert_failed
TIM_Base_SetConfig
TIM_TI1_SetConfig
TIM_OC2_SetConfig
TIM_CCxChannelCmd
HAL_DMA_Start_IT
TIM_DMACaptureCplt
TIM_DMACaptureHalfCplt
TIM_DMAError
HAL_DMA_Abort_IT
TIM_DMADelayPulseHalfCplt
