ARM GAS  /tmp/cciQ8ehY.s 			page 1


   1              		.cpu cortex-m4
   2              		.arch armv7e-m
   3              		.fpu fpv4-sp-d16
   4              		.eabi_attribute 27, 1
   5              		.eabi_attribute 28, 1
   6              		.eabi_attribute 20, 1
   7              		.eabi_attribute 21, 1
   8              		.eabi_attribute 23, 3
   9              		.eabi_attribute 24, 1
  10              		.eabi_attribute 25, 1
  11              		.eabi_attribute 26, 1
  12              		.eabi_attribute 30, 1
  13              		.eabi_attribute 34, 1
  14              		.eabi_attribute 18, 4
  15              		.file	"stm32f4xx_hal_adc.c"
  16              		.text
  17              	.Ltext0:
  18              		.cfi_sections	.debug_frame
  19              		.file 1 "Drivers/STM32F4/Drivers/STM32F4xx_HAL_Driver/Src/stm32f4xx_hal_adc.c"
  20              		.section	.rodata.ADC_Init.str1.4,"aMS",%progbits,1
  21              		.align	2
  22              	.LC0:
  23 0000 44726976 		.ascii	"Drivers/STM32F4/Drivers/STM32F4xx_HAL_Driver/Src/st"
  23      6572732F 
  23      53544D33 
  23      3246342F 
  23      44726976 
  24 0033 6D333266 		.ascii	"m32f4xx_hal_adc.c\000"
  24      3478785F 
  24      68616C5F 
  24      6164632E 
  24      6300
  25              		.section	.text.ADC_Init,"ax",%progbits
  26              		.align	1
  27              		.syntax unified
  28              		.thumb
  29              		.thumb_func
  31              	ADC_Init:
  32              	.LVL0:
  33              	.LFB261:
   1:Drivers/STM32F4/Drivers/STM32F4xx_HAL_Driver/Src/stm32f4xx_hal_adc.c **** /**
   2:Drivers/STM32F4/Drivers/STM32F4xx_HAL_Driver/Src/stm32f4xx_hal_adc.c ****   ******************************************************************************
   3:Drivers/STM32F4/Drivers/STM32F4xx_HAL_Driver/Src/stm32f4xx_hal_adc.c ****   * @file    stm32f4xx_hal_adc.c
   4:Drivers/STM32F4/Drivers/STM32F4xx_HAL_Driver/Src/stm32f4xx_hal_adc.c ****   * @author  MCD Application Team
   5:Drivers/STM32F4/Drivers/STM32F4xx_HAL_Driver/Src/stm32f4xx_hal_adc.c ****   * @brief   This file provides firmware functions to manage the following
   6:Drivers/STM32F4/Drivers/STM32F4xx_HAL_Driver/Src/stm32f4xx_hal_adc.c ****   *          functionalities of the Analog to Digital Converter (ADC) peripheral:
   7:Drivers/STM32F4/Drivers/STM32F4xx_HAL_Driver/Src/stm32f4xx_hal_adc.c ****   *           + Initialization and de-initialization functions
   8:Drivers/STM32F4/Drivers/STM32F4xx_HAL_Driver/Src/stm32f4xx_hal_adc.c ****   *           + Peripheral Control functions
   9:Drivers/STM32F4/Drivers/STM32F4xx_HAL_Driver/Src/stm32f4xx_hal_adc.c ****   *           + Peripheral State functions
  10:Drivers/STM32F4/Drivers/STM32F4xx_HAL_Driver/Src/stm32f4xx_hal_adc.c ****   *
  11:Drivers/STM32F4/Drivers/STM32F4xx_HAL_Driver/Src/stm32f4xx_hal_adc.c ****   ******************************************************************************
  12:Drivers/STM32F4/Drivers/STM32F4xx_HAL_Driver/Src/stm32f4xx_hal_adc.c ****   * @attention
  13:Drivers/STM32F4/Drivers/STM32F4xx_HAL_Driver/Src/stm32f4xx_hal_adc.c ****   *
  14:Drivers/STM32F4/Drivers/STM32F4xx_HAL_Driver/Src/stm32f4xx_hal_adc.c ****   * Copyright (c) 2017 STMicroelectronics.
  15:Drivers/STM32F4/Drivers/STM32F4xx_HAL_Driver/Src/stm32f4xx_hal_adc.c ****   * All rights reserved.
  16:Drivers/STM32F4/Drivers/STM32F4xx_HAL_Driver/Src/stm32f4xx_hal_adc.c ****   *
  17:Drivers/STM32F4/Drivers/STM32F4xx_HAL_Driver/Src/stm32f4xx_hal_adc.c ****   * This software is licensed under terms that can be found in the LICENSE file
ARM GAS  /tmp/cciQ8ehY.s 			page 2


  18:Drivers/STM32F4/Drivers/STM32F4xx_HAL_Driver/Src/stm32f4xx_hal_adc.c ****   * in the root directory of this software component.
  19:Drivers/STM32F4/Drivers/STM32F4xx_HAL_Driver/Src/stm32f4xx_hal_adc.c ****   * If no LICENSE file comes with this software, it is provided AS-IS.
  20:Drivers/STM32F4/Drivers/STM32F4xx_HAL_Driver/Src/stm32f4xx_hal_adc.c ****   *
  21:Drivers/STM32F4/Drivers/STM32F4xx_HAL_Driver/Src/stm32f4xx_hal_adc.c ****   ******************************************************************************
  22:Drivers/STM32F4/Drivers/STM32F4xx_HAL_Driver/Src/stm32f4xx_hal_adc.c ****   @verbatim
  23:Drivers/STM32F4/Drivers/STM32F4xx_HAL_Driver/Src/stm32f4xx_hal_adc.c ****   ==============================================================================
  24:Drivers/STM32F4/Drivers/STM32F4xx_HAL_Driver/Src/stm32f4xx_hal_adc.c ****                     ##### ADC Peripheral features #####
  25:Drivers/STM32F4/Drivers/STM32F4xx_HAL_Driver/Src/stm32f4xx_hal_adc.c ****   ==============================================================================
  26:Drivers/STM32F4/Drivers/STM32F4xx_HAL_Driver/Src/stm32f4xx_hal_adc.c ****   [..]
  27:Drivers/STM32F4/Drivers/STM32F4xx_HAL_Driver/Src/stm32f4xx_hal_adc.c ****   (#) 12-bit, 10-bit, 8-bit or 6-bit configurable resolution.
  28:Drivers/STM32F4/Drivers/STM32F4xx_HAL_Driver/Src/stm32f4xx_hal_adc.c ****   (#) Interrupt generation at the end of conversion, end of injected conversion,
  29:Drivers/STM32F4/Drivers/STM32F4xx_HAL_Driver/Src/stm32f4xx_hal_adc.c ****       and in case of analog watchdog or overrun events
  30:Drivers/STM32F4/Drivers/STM32F4xx_HAL_Driver/Src/stm32f4xx_hal_adc.c ****   (#) Single and continuous conversion modes.
  31:Drivers/STM32F4/Drivers/STM32F4xx_HAL_Driver/Src/stm32f4xx_hal_adc.c ****   (#) Scan mode for automatic conversion of channel 0 to channel x.
  32:Drivers/STM32F4/Drivers/STM32F4xx_HAL_Driver/Src/stm32f4xx_hal_adc.c ****   (#) Data alignment with in-built data coherency.
  33:Drivers/STM32F4/Drivers/STM32F4xx_HAL_Driver/Src/stm32f4xx_hal_adc.c ****   (#) Channel-wise programmable sampling time.
  34:Drivers/STM32F4/Drivers/STM32F4xx_HAL_Driver/Src/stm32f4xx_hal_adc.c ****   (#) External trigger option with configurable polarity for both regular and
  35:Drivers/STM32F4/Drivers/STM32F4xx_HAL_Driver/Src/stm32f4xx_hal_adc.c ****       injected conversion.
  36:Drivers/STM32F4/Drivers/STM32F4xx_HAL_Driver/Src/stm32f4xx_hal_adc.c ****   (#) Dual/Triple mode (on devices with 2 ADCs or more).
  37:Drivers/STM32F4/Drivers/STM32F4xx_HAL_Driver/Src/stm32f4xx_hal_adc.c ****   (#) Configurable DMA data storage in Dual/Triple ADC mode.
  38:Drivers/STM32F4/Drivers/STM32F4xx_HAL_Driver/Src/stm32f4xx_hal_adc.c ****   (#) Configurable delay between conversions in Dual/Triple interleaved mode.
  39:Drivers/STM32F4/Drivers/STM32F4xx_HAL_Driver/Src/stm32f4xx_hal_adc.c ****   (#) ADC conversion type (refer to the datasheets).
  40:Drivers/STM32F4/Drivers/STM32F4xx_HAL_Driver/Src/stm32f4xx_hal_adc.c ****   (#) ADC supply requirements: 2.4 V to 3.6 V at full speed and down to 1.8 V at
  41:Drivers/STM32F4/Drivers/STM32F4xx_HAL_Driver/Src/stm32f4xx_hal_adc.c ****       slower speed.
  42:Drivers/STM32F4/Drivers/STM32F4xx_HAL_Driver/Src/stm32f4xx_hal_adc.c ****   (#) ADC input range: VREF(minus) = VIN = VREF(plus).
  43:Drivers/STM32F4/Drivers/STM32F4xx_HAL_Driver/Src/stm32f4xx_hal_adc.c ****   (#) DMA request generation during regular channel conversion.
  44:Drivers/STM32F4/Drivers/STM32F4xx_HAL_Driver/Src/stm32f4xx_hal_adc.c **** 
  45:Drivers/STM32F4/Drivers/STM32F4xx_HAL_Driver/Src/stm32f4xx_hal_adc.c **** 
  46:Drivers/STM32F4/Drivers/STM32F4xx_HAL_Driver/Src/stm32f4xx_hal_adc.c ****                      ##### How to use this driver #####
  47:Drivers/STM32F4/Drivers/STM32F4xx_HAL_Driver/Src/stm32f4xx_hal_adc.c ****   ==============================================================================
  48:Drivers/STM32F4/Drivers/STM32F4xx_HAL_Driver/Src/stm32f4xx_hal_adc.c ****   [..]
  49:Drivers/STM32F4/Drivers/STM32F4xx_HAL_Driver/Src/stm32f4xx_hal_adc.c ****   (#)Initialize the ADC low level resources by implementing the HAL_ADC_MspInit():
  50:Drivers/STM32F4/Drivers/STM32F4xx_HAL_Driver/Src/stm32f4xx_hal_adc.c ****        (##) Enable the ADC interface clock using __HAL_RCC_ADC_CLK_ENABLE()
  51:Drivers/STM32F4/Drivers/STM32F4xx_HAL_Driver/Src/stm32f4xx_hal_adc.c ****        (##) ADC pins configuration
  52:Drivers/STM32F4/Drivers/STM32F4xx_HAL_Driver/Src/stm32f4xx_hal_adc.c ****              (+++) Enable the clock for the ADC GPIOs using the following function:
  53:Drivers/STM32F4/Drivers/STM32F4xx_HAL_Driver/Src/stm32f4xx_hal_adc.c ****                    __HAL_RCC_GPIOx_CLK_ENABLE()
  54:Drivers/STM32F4/Drivers/STM32F4xx_HAL_Driver/Src/stm32f4xx_hal_adc.c ****              (+++) Configure these ADC pins in analog mode using HAL_GPIO_Init()
  55:Drivers/STM32F4/Drivers/STM32F4xx_HAL_Driver/Src/stm32f4xx_hal_adc.c ****        (##) In case of using interrupts (e.g. HAL_ADC_Start_IT())
  56:Drivers/STM32F4/Drivers/STM32F4xx_HAL_Driver/Src/stm32f4xx_hal_adc.c ****              (+++) Configure the ADC interrupt priority using HAL_NVIC_SetPriority()
  57:Drivers/STM32F4/Drivers/STM32F4xx_HAL_Driver/Src/stm32f4xx_hal_adc.c ****              (+++) Enable the ADC IRQ handler using HAL_NVIC_EnableIRQ()
  58:Drivers/STM32F4/Drivers/STM32F4xx_HAL_Driver/Src/stm32f4xx_hal_adc.c ****              (+++) In ADC IRQ handler, call HAL_ADC_IRQHandler()
  59:Drivers/STM32F4/Drivers/STM32F4xx_HAL_Driver/Src/stm32f4xx_hal_adc.c ****        (##) In case of using DMA to control data transfer (e.g. HAL_ADC_Start_DMA())
  60:Drivers/STM32F4/Drivers/STM32F4xx_HAL_Driver/Src/stm32f4xx_hal_adc.c ****              (+++) Enable the DMAx interface clock using __HAL_RCC_DMAx_CLK_ENABLE()
  61:Drivers/STM32F4/Drivers/STM32F4xx_HAL_Driver/Src/stm32f4xx_hal_adc.c ****              (+++) Configure and enable two DMA streams stream for managing data
  62:Drivers/STM32F4/Drivers/STM32F4xx_HAL_Driver/Src/stm32f4xx_hal_adc.c ****                  transfer from peripheral to memory (output stream)
  63:Drivers/STM32F4/Drivers/STM32F4xx_HAL_Driver/Src/stm32f4xx_hal_adc.c ****              (+++) Associate the initialized DMA handle to the CRYP DMA handle
  64:Drivers/STM32F4/Drivers/STM32F4xx_HAL_Driver/Src/stm32f4xx_hal_adc.c ****                  using  __HAL_LINKDMA()
  65:Drivers/STM32F4/Drivers/STM32F4xx_HAL_Driver/Src/stm32f4xx_hal_adc.c ****              (+++) Configure the priority and enable the NVIC for the transfer complete
  66:Drivers/STM32F4/Drivers/STM32F4xx_HAL_Driver/Src/stm32f4xx_hal_adc.c ****                  interrupt on the two DMA Streams. The output stream should have higher
  67:Drivers/STM32F4/Drivers/STM32F4xx_HAL_Driver/Src/stm32f4xx_hal_adc.c ****                  priority than the input stream.
  68:Drivers/STM32F4/Drivers/STM32F4xx_HAL_Driver/Src/stm32f4xx_hal_adc.c **** 
  69:Drivers/STM32F4/Drivers/STM32F4xx_HAL_Driver/Src/stm32f4xx_hal_adc.c ****     *** Configuration of ADC, groups regular/injected, channels parameters ***
  70:Drivers/STM32F4/Drivers/STM32F4xx_HAL_Driver/Src/stm32f4xx_hal_adc.c ****   ==============================================================================
  71:Drivers/STM32F4/Drivers/STM32F4xx_HAL_Driver/Src/stm32f4xx_hal_adc.c ****   [..]
  72:Drivers/STM32F4/Drivers/STM32F4xx_HAL_Driver/Src/stm32f4xx_hal_adc.c ****   (#) Configure the ADC parameters (resolution, data alignment, ...)
  73:Drivers/STM32F4/Drivers/STM32F4xx_HAL_Driver/Src/stm32f4xx_hal_adc.c ****       and regular group parameters (conversion trigger, sequencer, ...)
  74:Drivers/STM32F4/Drivers/STM32F4xx_HAL_Driver/Src/stm32f4xx_hal_adc.c ****       using function HAL_ADC_Init().
ARM GAS  /tmp/cciQ8ehY.s 			page 3


  75:Drivers/STM32F4/Drivers/STM32F4xx_HAL_Driver/Src/stm32f4xx_hal_adc.c **** 
  76:Drivers/STM32F4/Drivers/STM32F4xx_HAL_Driver/Src/stm32f4xx_hal_adc.c ****   (#) Configure the channels for regular group parameters (channel number,
  77:Drivers/STM32F4/Drivers/STM32F4xx_HAL_Driver/Src/stm32f4xx_hal_adc.c ****       channel rank into sequencer, ..., into regular group)
  78:Drivers/STM32F4/Drivers/STM32F4xx_HAL_Driver/Src/stm32f4xx_hal_adc.c ****       using function HAL_ADC_ConfigChannel().
  79:Drivers/STM32F4/Drivers/STM32F4xx_HAL_Driver/Src/stm32f4xx_hal_adc.c **** 
  80:Drivers/STM32F4/Drivers/STM32F4xx_HAL_Driver/Src/stm32f4xx_hal_adc.c ****   (#) Optionally, configure the injected group parameters (conversion trigger,
  81:Drivers/STM32F4/Drivers/STM32F4xx_HAL_Driver/Src/stm32f4xx_hal_adc.c ****       sequencer, ..., of injected group)
  82:Drivers/STM32F4/Drivers/STM32F4xx_HAL_Driver/Src/stm32f4xx_hal_adc.c ****       and the channels for injected group parameters (channel number,
  83:Drivers/STM32F4/Drivers/STM32F4xx_HAL_Driver/Src/stm32f4xx_hal_adc.c ****       channel rank into sequencer, ..., into injected group)
  84:Drivers/STM32F4/Drivers/STM32F4xx_HAL_Driver/Src/stm32f4xx_hal_adc.c ****       using function HAL_ADCEx_InjectedConfigChannel().
  85:Drivers/STM32F4/Drivers/STM32F4xx_HAL_Driver/Src/stm32f4xx_hal_adc.c **** 
  86:Drivers/STM32F4/Drivers/STM32F4xx_HAL_Driver/Src/stm32f4xx_hal_adc.c ****   (#) Optionally, configure the analog watchdog parameters (channels
  87:Drivers/STM32F4/Drivers/STM32F4xx_HAL_Driver/Src/stm32f4xx_hal_adc.c ****       monitored, thresholds, ...) using function HAL_ADC_AnalogWDGConfig().
  88:Drivers/STM32F4/Drivers/STM32F4xx_HAL_Driver/Src/stm32f4xx_hal_adc.c **** 
  89:Drivers/STM32F4/Drivers/STM32F4xx_HAL_Driver/Src/stm32f4xx_hal_adc.c ****   (#) Optionally, for devices with several ADC instances: configure the
  90:Drivers/STM32F4/Drivers/STM32F4xx_HAL_Driver/Src/stm32f4xx_hal_adc.c ****       multimode parameters using function HAL_ADCEx_MultiModeConfigChannel().
  91:Drivers/STM32F4/Drivers/STM32F4xx_HAL_Driver/Src/stm32f4xx_hal_adc.c **** 
  92:Drivers/STM32F4/Drivers/STM32F4xx_HAL_Driver/Src/stm32f4xx_hal_adc.c ****                        *** Execution of ADC conversions ***
  93:Drivers/STM32F4/Drivers/STM32F4xx_HAL_Driver/Src/stm32f4xx_hal_adc.c ****   ==============================================================================
  94:Drivers/STM32F4/Drivers/STM32F4xx_HAL_Driver/Src/stm32f4xx_hal_adc.c ****   [..]
  95:Drivers/STM32F4/Drivers/STM32F4xx_HAL_Driver/Src/stm32f4xx_hal_adc.c ****   (#) ADC driver can be used among three modes: polling, interruption,
  96:Drivers/STM32F4/Drivers/STM32F4xx_HAL_Driver/Src/stm32f4xx_hal_adc.c ****       transfer by DMA.
  97:Drivers/STM32F4/Drivers/STM32F4xx_HAL_Driver/Src/stm32f4xx_hal_adc.c **** 
  98:Drivers/STM32F4/Drivers/STM32F4xx_HAL_Driver/Src/stm32f4xx_hal_adc.c ****      *** Polling mode IO operation ***
  99:Drivers/STM32F4/Drivers/STM32F4xx_HAL_Driver/Src/stm32f4xx_hal_adc.c ****      =================================
 100:Drivers/STM32F4/Drivers/STM32F4xx_HAL_Driver/Src/stm32f4xx_hal_adc.c ****      [..]
 101:Drivers/STM32F4/Drivers/STM32F4xx_HAL_Driver/Src/stm32f4xx_hal_adc.c ****        (+) Start the ADC peripheral using HAL_ADC_Start()
 102:Drivers/STM32F4/Drivers/STM32F4xx_HAL_Driver/Src/stm32f4xx_hal_adc.c ****        (+) Wait for end of conversion using HAL_ADC_PollForConversion(), at this stage
 103:Drivers/STM32F4/Drivers/STM32F4xx_HAL_Driver/Src/stm32f4xx_hal_adc.c ****            user can specify the value of timeout according to his end application
 104:Drivers/STM32F4/Drivers/STM32F4xx_HAL_Driver/Src/stm32f4xx_hal_adc.c ****        (+) To read the ADC converted values, use the HAL_ADC_GetValue() function.
 105:Drivers/STM32F4/Drivers/STM32F4xx_HAL_Driver/Src/stm32f4xx_hal_adc.c ****        (+) Stop the ADC peripheral using HAL_ADC_Stop()
 106:Drivers/STM32F4/Drivers/STM32F4xx_HAL_Driver/Src/stm32f4xx_hal_adc.c **** 
 107:Drivers/STM32F4/Drivers/STM32F4xx_HAL_Driver/Src/stm32f4xx_hal_adc.c ****      *** Interrupt mode IO operation ***
 108:Drivers/STM32F4/Drivers/STM32F4xx_HAL_Driver/Src/stm32f4xx_hal_adc.c ****      ===================================
 109:Drivers/STM32F4/Drivers/STM32F4xx_HAL_Driver/Src/stm32f4xx_hal_adc.c ****      [..]
 110:Drivers/STM32F4/Drivers/STM32F4xx_HAL_Driver/Src/stm32f4xx_hal_adc.c ****        (+) Start the ADC peripheral using HAL_ADC_Start_IT()
 111:Drivers/STM32F4/Drivers/STM32F4xx_HAL_Driver/Src/stm32f4xx_hal_adc.c ****        (+) Use HAL_ADC_IRQHandler() called under ADC_IRQHandler() Interrupt subroutine
 112:Drivers/STM32F4/Drivers/STM32F4xx_HAL_Driver/Src/stm32f4xx_hal_adc.c ****        (+) At ADC end of conversion HAL_ADC_ConvCpltCallback() function is executed and user can
 113:Drivers/STM32F4/Drivers/STM32F4xx_HAL_Driver/Src/stm32f4xx_hal_adc.c ****            add his own code by customization of function pointer HAL_ADC_ConvCpltCallback
 114:Drivers/STM32F4/Drivers/STM32F4xx_HAL_Driver/Src/stm32f4xx_hal_adc.c ****        (+) In case of ADC Error, HAL_ADC_ErrorCallback() function is executed and user can
 115:Drivers/STM32F4/Drivers/STM32F4xx_HAL_Driver/Src/stm32f4xx_hal_adc.c ****            add his own code by customization of function pointer HAL_ADC_ErrorCallback
 116:Drivers/STM32F4/Drivers/STM32F4xx_HAL_Driver/Src/stm32f4xx_hal_adc.c ****        (+) Stop the ADC peripheral using HAL_ADC_Stop_IT()
 117:Drivers/STM32F4/Drivers/STM32F4xx_HAL_Driver/Src/stm32f4xx_hal_adc.c **** 
 118:Drivers/STM32F4/Drivers/STM32F4xx_HAL_Driver/Src/stm32f4xx_hal_adc.c ****      *** DMA mode IO operation ***
 119:Drivers/STM32F4/Drivers/STM32F4xx_HAL_Driver/Src/stm32f4xx_hal_adc.c ****      ==============================
 120:Drivers/STM32F4/Drivers/STM32F4xx_HAL_Driver/Src/stm32f4xx_hal_adc.c ****      [..]
 121:Drivers/STM32F4/Drivers/STM32F4xx_HAL_Driver/Src/stm32f4xx_hal_adc.c ****        (+) Start the ADC peripheral using HAL_ADC_Start_DMA(), at this stage the user specify the l
 122:Drivers/STM32F4/Drivers/STM32F4xx_HAL_Driver/Src/stm32f4xx_hal_adc.c ****            of data to be transferred at each end of conversion
 123:Drivers/STM32F4/Drivers/STM32F4xx_HAL_Driver/Src/stm32f4xx_hal_adc.c ****        (+) At The end of data transfer by HAL_ADC_ConvCpltCallback() function is executed and user 
 124:Drivers/STM32F4/Drivers/STM32F4xx_HAL_Driver/Src/stm32f4xx_hal_adc.c ****            add his own code by customization of function pointer HAL_ADC_ConvCpltCallback
 125:Drivers/STM32F4/Drivers/STM32F4xx_HAL_Driver/Src/stm32f4xx_hal_adc.c ****        (+) In case of transfer Error, HAL_ADC_ErrorCallback() function is executed and user can
 126:Drivers/STM32F4/Drivers/STM32F4xx_HAL_Driver/Src/stm32f4xx_hal_adc.c ****            add his own code by customization of function pointer HAL_ADC_ErrorCallback
 127:Drivers/STM32F4/Drivers/STM32F4xx_HAL_Driver/Src/stm32f4xx_hal_adc.c ****        (+) Stop the ADC peripheral using HAL_ADC_Stop_DMA()
 128:Drivers/STM32F4/Drivers/STM32F4xx_HAL_Driver/Src/stm32f4xx_hal_adc.c **** 
 129:Drivers/STM32F4/Drivers/STM32F4xx_HAL_Driver/Src/stm32f4xx_hal_adc.c ****      *** ADC HAL driver macros list ***
 130:Drivers/STM32F4/Drivers/STM32F4xx_HAL_Driver/Src/stm32f4xx_hal_adc.c ****      =============================================
 131:Drivers/STM32F4/Drivers/STM32F4xx_HAL_Driver/Src/stm32f4xx_hal_adc.c ****      [..]
ARM GAS  /tmp/cciQ8ehY.s 			page 4


 132:Drivers/STM32F4/Drivers/STM32F4xx_HAL_Driver/Src/stm32f4xx_hal_adc.c ****        Below the list of most used macros in ADC HAL driver.
 133:Drivers/STM32F4/Drivers/STM32F4xx_HAL_Driver/Src/stm32f4xx_hal_adc.c **** 
 134:Drivers/STM32F4/Drivers/STM32F4xx_HAL_Driver/Src/stm32f4xx_hal_adc.c ****       (+) __HAL_ADC_ENABLE : Enable the ADC peripheral
 135:Drivers/STM32F4/Drivers/STM32F4xx_HAL_Driver/Src/stm32f4xx_hal_adc.c ****       (+) __HAL_ADC_DISABLE : Disable the ADC peripheral
 136:Drivers/STM32F4/Drivers/STM32F4xx_HAL_Driver/Src/stm32f4xx_hal_adc.c ****       (+) __HAL_ADC_ENABLE_IT: Enable the ADC end of conversion interrupt
 137:Drivers/STM32F4/Drivers/STM32F4xx_HAL_Driver/Src/stm32f4xx_hal_adc.c ****       (+) __HAL_ADC_DISABLE_IT: Disable the ADC end of conversion interrupt
 138:Drivers/STM32F4/Drivers/STM32F4xx_HAL_Driver/Src/stm32f4xx_hal_adc.c ****       (+) __HAL_ADC_GET_IT_SOURCE: Check if the specified ADC interrupt source is enabled or disabl
 139:Drivers/STM32F4/Drivers/STM32F4xx_HAL_Driver/Src/stm32f4xx_hal_adc.c ****       (+) __HAL_ADC_CLEAR_FLAG: Clear the ADC's pending flags
 140:Drivers/STM32F4/Drivers/STM32F4xx_HAL_Driver/Src/stm32f4xx_hal_adc.c ****       (+) __HAL_ADC_GET_FLAG: Get the selected ADC's flag status
 141:Drivers/STM32F4/Drivers/STM32F4xx_HAL_Driver/Src/stm32f4xx_hal_adc.c ****       (+) ADC_GET_RESOLUTION: Return resolution bits in CR1 register
 142:Drivers/STM32F4/Drivers/STM32F4xx_HAL_Driver/Src/stm32f4xx_hal_adc.c **** 
 143:Drivers/STM32F4/Drivers/STM32F4xx_HAL_Driver/Src/stm32f4xx_hal_adc.c ****      [..]
 144:Drivers/STM32F4/Drivers/STM32F4xx_HAL_Driver/Src/stm32f4xx_hal_adc.c ****        (@) You can refer to the ADC HAL driver header file for more useful macros
 145:Drivers/STM32F4/Drivers/STM32F4xx_HAL_Driver/Src/stm32f4xx_hal_adc.c **** 
 146:Drivers/STM32F4/Drivers/STM32F4xx_HAL_Driver/Src/stm32f4xx_hal_adc.c ****                       *** Deinitialization of ADC ***
 147:Drivers/STM32F4/Drivers/STM32F4xx_HAL_Driver/Src/stm32f4xx_hal_adc.c ****   ==============================================================================
 148:Drivers/STM32F4/Drivers/STM32F4xx_HAL_Driver/Src/stm32f4xx_hal_adc.c ****   [..]
 149:Drivers/STM32F4/Drivers/STM32F4xx_HAL_Driver/Src/stm32f4xx_hal_adc.c ****   (#) Disable the ADC interface
 150:Drivers/STM32F4/Drivers/STM32F4xx_HAL_Driver/Src/stm32f4xx_hal_adc.c ****      (++) ADC clock can be hard reset and disabled at RCC top level.
 151:Drivers/STM32F4/Drivers/STM32F4xx_HAL_Driver/Src/stm32f4xx_hal_adc.c ****      (++) Hard reset of ADC peripherals
 152:Drivers/STM32F4/Drivers/STM32F4xx_HAL_Driver/Src/stm32f4xx_hal_adc.c ****           using macro __HAL_RCC_ADC_FORCE_RESET(), __HAL_RCC_ADC_RELEASE_RESET().
 153:Drivers/STM32F4/Drivers/STM32F4xx_HAL_Driver/Src/stm32f4xx_hal_adc.c ****      (++) ADC clock disable using the equivalent macro/functions as configuration step.
 154:Drivers/STM32F4/Drivers/STM32F4xx_HAL_Driver/Src/stm32f4xx_hal_adc.c ****                (+++) Example:
 155:Drivers/STM32F4/Drivers/STM32F4xx_HAL_Driver/Src/stm32f4xx_hal_adc.c ****                    Into HAL_ADC_MspDeInit() (recommended code location) or with
 156:Drivers/STM32F4/Drivers/STM32F4xx_HAL_Driver/Src/stm32f4xx_hal_adc.c ****                    other device clock parameters configuration:
 157:Drivers/STM32F4/Drivers/STM32F4xx_HAL_Driver/Src/stm32f4xx_hal_adc.c ****                (+++) HAL_RCC_GetOscConfig(&RCC_OscInitStructure);
 158:Drivers/STM32F4/Drivers/STM32F4xx_HAL_Driver/Src/stm32f4xx_hal_adc.c ****                (+++) RCC_OscInitStructure.OscillatorType = RCC_OSCILLATORTYPE_HSI;
 159:Drivers/STM32F4/Drivers/STM32F4xx_HAL_Driver/Src/stm32f4xx_hal_adc.c ****                (+++) RCC_OscInitStructure.HSIState = RCC_HSI_OFF; (if not used for system clock)
 160:Drivers/STM32F4/Drivers/STM32F4xx_HAL_Driver/Src/stm32f4xx_hal_adc.c ****                (+++) HAL_RCC_OscConfig(&RCC_OscInitStructure);
 161:Drivers/STM32F4/Drivers/STM32F4xx_HAL_Driver/Src/stm32f4xx_hal_adc.c **** 
 162:Drivers/STM32F4/Drivers/STM32F4xx_HAL_Driver/Src/stm32f4xx_hal_adc.c ****   (#) ADC pins configuration
 163:Drivers/STM32F4/Drivers/STM32F4xx_HAL_Driver/Src/stm32f4xx_hal_adc.c ****      (++) Disable the clock for the ADC GPIOs using macro __HAL_RCC_GPIOx_CLK_DISABLE()
 164:Drivers/STM32F4/Drivers/STM32F4xx_HAL_Driver/Src/stm32f4xx_hal_adc.c **** 
 165:Drivers/STM32F4/Drivers/STM32F4xx_HAL_Driver/Src/stm32f4xx_hal_adc.c ****   (#) Optionally, in case of usage of ADC with interruptions:
 166:Drivers/STM32F4/Drivers/STM32F4xx_HAL_Driver/Src/stm32f4xx_hal_adc.c ****      (++) Disable the NVIC for ADC using function HAL_NVIC_DisableIRQ(ADCx_IRQn)
 167:Drivers/STM32F4/Drivers/STM32F4xx_HAL_Driver/Src/stm32f4xx_hal_adc.c **** 
 168:Drivers/STM32F4/Drivers/STM32F4xx_HAL_Driver/Src/stm32f4xx_hal_adc.c ****   (#) Optionally, in case of usage of DMA:
 169:Drivers/STM32F4/Drivers/STM32F4xx_HAL_Driver/Src/stm32f4xx_hal_adc.c ****         (++) Deinitialize the DMA using function HAL_DMA_DeInit().
 170:Drivers/STM32F4/Drivers/STM32F4xx_HAL_Driver/Src/stm32f4xx_hal_adc.c ****         (++) Disable the NVIC for DMA using function HAL_NVIC_DisableIRQ(DMAx_Channelx_IRQn)
 171:Drivers/STM32F4/Drivers/STM32F4xx_HAL_Driver/Src/stm32f4xx_hal_adc.c ****                       *** Callback registration ***
 172:Drivers/STM32F4/Drivers/STM32F4xx_HAL_Driver/Src/stm32f4xx_hal_adc.c ****   ==============================================================================
 173:Drivers/STM32F4/Drivers/STM32F4xx_HAL_Driver/Src/stm32f4xx_hal_adc.c ****     [..]
 174:Drivers/STM32F4/Drivers/STM32F4xx_HAL_Driver/Src/stm32f4xx_hal_adc.c **** 
 175:Drivers/STM32F4/Drivers/STM32F4xx_HAL_Driver/Src/stm32f4xx_hal_adc.c ****      The compilation flag USE_HAL_ADC_REGISTER_CALLBACKS, when set to 1,
 176:Drivers/STM32F4/Drivers/STM32F4xx_HAL_Driver/Src/stm32f4xx_hal_adc.c ****      allows the user to configure dynamically the driver callbacks.
 177:Drivers/STM32F4/Drivers/STM32F4xx_HAL_Driver/Src/stm32f4xx_hal_adc.c ****      Use Functions HAL_ADC_RegisterCallback()
 178:Drivers/STM32F4/Drivers/STM32F4xx_HAL_Driver/Src/stm32f4xx_hal_adc.c ****      to register an interrupt callback.
 179:Drivers/STM32F4/Drivers/STM32F4xx_HAL_Driver/Src/stm32f4xx_hal_adc.c ****     [..]
 180:Drivers/STM32F4/Drivers/STM32F4xx_HAL_Driver/Src/stm32f4xx_hal_adc.c **** 
 181:Drivers/STM32F4/Drivers/STM32F4xx_HAL_Driver/Src/stm32f4xx_hal_adc.c ****      Function HAL_ADC_RegisterCallback() allows to register following callbacks:
 182:Drivers/STM32F4/Drivers/STM32F4xx_HAL_Driver/Src/stm32f4xx_hal_adc.c ****        (+) ConvCpltCallback               : ADC conversion complete callback
 183:Drivers/STM32F4/Drivers/STM32F4xx_HAL_Driver/Src/stm32f4xx_hal_adc.c ****        (+) ConvHalfCpltCallback           : ADC conversion DMA half-transfer callback
 184:Drivers/STM32F4/Drivers/STM32F4xx_HAL_Driver/Src/stm32f4xx_hal_adc.c ****        (+) LevelOutOfWindowCallback       : ADC analog watchdog 1 callback
 185:Drivers/STM32F4/Drivers/STM32F4xx_HAL_Driver/Src/stm32f4xx_hal_adc.c ****        (+) ErrorCallback                  : ADC error callback
 186:Drivers/STM32F4/Drivers/STM32F4xx_HAL_Driver/Src/stm32f4xx_hal_adc.c ****        (+) InjectedConvCpltCallback       : ADC group injected conversion complete callback
 187:Drivers/STM32F4/Drivers/STM32F4xx_HAL_Driver/Src/stm32f4xx_hal_adc.c ****        (+) InjectedQueueOverflowCallback  : ADC group injected context queue overflow callback
 188:Drivers/STM32F4/Drivers/STM32F4xx_HAL_Driver/Src/stm32f4xx_hal_adc.c ****        (+) LevelOutOfWindow2Callback      : ADC analog watchdog 2 callback
ARM GAS  /tmp/cciQ8ehY.s 			page 5


 189:Drivers/STM32F4/Drivers/STM32F4xx_HAL_Driver/Src/stm32f4xx_hal_adc.c ****        (+) LevelOutOfWindow3Callback      : ADC analog watchdog 3 callback
 190:Drivers/STM32F4/Drivers/STM32F4xx_HAL_Driver/Src/stm32f4xx_hal_adc.c ****        (+) EndOfSamplingCallback          : ADC end of sampling callback
 191:Drivers/STM32F4/Drivers/STM32F4xx_HAL_Driver/Src/stm32f4xx_hal_adc.c ****        (+) MspInitCallback                : ADC Msp Init callback
 192:Drivers/STM32F4/Drivers/STM32F4xx_HAL_Driver/Src/stm32f4xx_hal_adc.c ****        (+) MspDeInitCallback              : ADC Msp DeInit callback
 193:Drivers/STM32F4/Drivers/STM32F4xx_HAL_Driver/Src/stm32f4xx_hal_adc.c ****      This function takes as parameters the HAL peripheral handle, the Callback ID
 194:Drivers/STM32F4/Drivers/STM32F4xx_HAL_Driver/Src/stm32f4xx_hal_adc.c ****      and a pointer to the user callback function.
 195:Drivers/STM32F4/Drivers/STM32F4xx_HAL_Driver/Src/stm32f4xx_hal_adc.c ****     [..]
 196:Drivers/STM32F4/Drivers/STM32F4xx_HAL_Driver/Src/stm32f4xx_hal_adc.c **** 
 197:Drivers/STM32F4/Drivers/STM32F4xx_HAL_Driver/Src/stm32f4xx_hal_adc.c ****      Use function HAL_ADC_UnRegisterCallback to reset a callback to the default
 198:Drivers/STM32F4/Drivers/STM32F4xx_HAL_Driver/Src/stm32f4xx_hal_adc.c ****      weak function.
 199:Drivers/STM32F4/Drivers/STM32F4xx_HAL_Driver/Src/stm32f4xx_hal_adc.c ****     [..]
 200:Drivers/STM32F4/Drivers/STM32F4xx_HAL_Driver/Src/stm32f4xx_hal_adc.c **** 
 201:Drivers/STM32F4/Drivers/STM32F4xx_HAL_Driver/Src/stm32f4xx_hal_adc.c ****      HAL_ADC_UnRegisterCallback takes as parameters the HAL peripheral handle,
 202:Drivers/STM32F4/Drivers/STM32F4xx_HAL_Driver/Src/stm32f4xx_hal_adc.c ****      and the Callback ID.
 203:Drivers/STM32F4/Drivers/STM32F4xx_HAL_Driver/Src/stm32f4xx_hal_adc.c ****      This function allows to reset following callbacks:
 204:Drivers/STM32F4/Drivers/STM32F4xx_HAL_Driver/Src/stm32f4xx_hal_adc.c ****        (+) ConvCpltCallback               : ADC conversion complete callback
 205:Drivers/STM32F4/Drivers/STM32F4xx_HAL_Driver/Src/stm32f4xx_hal_adc.c ****        (+) ConvHalfCpltCallback           : ADC conversion DMA half-transfer callback
 206:Drivers/STM32F4/Drivers/STM32F4xx_HAL_Driver/Src/stm32f4xx_hal_adc.c ****        (+) LevelOutOfWindowCallback       : ADC analog watchdog 1 callback
 207:Drivers/STM32F4/Drivers/STM32F4xx_HAL_Driver/Src/stm32f4xx_hal_adc.c ****        (+) ErrorCallback                  : ADC error callback
 208:Drivers/STM32F4/Drivers/STM32F4xx_HAL_Driver/Src/stm32f4xx_hal_adc.c ****        (+) InjectedConvCpltCallback       : ADC group injected conversion complete callback
 209:Drivers/STM32F4/Drivers/STM32F4xx_HAL_Driver/Src/stm32f4xx_hal_adc.c ****        (+) InjectedQueueOverflowCallback  : ADC group injected context queue overflow callback
 210:Drivers/STM32F4/Drivers/STM32F4xx_HAL_Driver/Src/stm32f4xx_hal_adc.c ****        (+) LevelOutOfWindow2Callback      : ADC analog watchdog 2 callback
 211:Drivers/STM32F4/Drivers/STM32F4xx_HAL_Driver/Src/stm32f4xx_hal_adc.c ****        (+) LevelOutOfWindow3Callback      : ADC analog watchdog 3 callback
 212:Drivers/STM32F4/Drivers/STM32F4xx_HAL_Driver/Src/stm32f4xx_hal_adc.c ****        (+) EndOfSamplingCallback          : ADC end of sampling callback
 213:Drivers/STM32F4/Drivers/STM32F4xx_HAL_Driver/Src/stm32f4xx_hal_adc.c ****        (+) MspInitCallback                : ADC Msp Init callback
 214:Drivers/STM32F4/Drivers/STM32F4xx_HAL_Driver/Src/stm32f4xx_hal_adc.c ****        (+) MspDeInitCallback              : ADC Msp DeInit callback
 215:Drivers/STM32F4/Drivers/STM32F4xx_HAL_Driver/Src/stm32f4xx_hal_adc.c ****      [..]
 216:Drivers/STM32F4/Drivers/STM32F4xx_HAL_Driver/Src/stm32f4xx_hal_adc.c **** 
 217:Drivers/STM32F4/Drivers/STM32F4xx_HAL_Driver/Src/stm32f4xx_hal_adc.c ****      By default, after the HAL_ADC_Init() and when the state is HAL_ADC_STATE_RESET
 218:Drivers/STM32F4/Drivers/STM32F4xx_HAL_Driver/Src/stm32f4xx_hal_adc.c ****      all callbacks are set to the corresponding weak functions:
 219:Drivers/STM32F4/Drivers/STM32F4xx_HAL_Driver/Src/stm32f4xx_hal_adc.c ****      examples HAL_ADC_ConvCpltCallback(), HAL_ADC_ErrorCallback().
 220:Drivers/STM32F4/Drivers/STM32F4xx_HAL_Driver/Src/stm32f4xx_hal_adc.c ****      Exception done for MspInit and MspDeInit functions that are
 221:Drivers/STM32F4/Drivers/STM32F4xx_HAL_Driver/Src/stm32f4xx_hal_adc.c ****      reset to the legacy weak functions in the HAL_ADC_Init()/ HAL_ADC_DeInit() only when
 222:Drivers/STM32F4/Drivers/STM32F4xx_HAL_Driver/Src/stm32f4xx_hal_adc.c ****      these callbacks are null (not registered beforehand).
 223:Drivers/STM32F4/Drivers/STM32F4xx_HAL_Driver/Src/stm32f4xx_hal_adc.c ****     [..]
 224:Drivers/STM32F4/Drivers/STM32F4xx_HAL_Driver/Src/stm32f4xx_hal_adc.c **** 
 225:Drivers/STM32F4/Drivers/STM32F4xx_HAL_Driver/Src/stm32f4xx_hal_adc.c ****      If MspInit or MspDeInit are not null, the HAL_ADC_Init()/ HAL_ADC_DeInit()
 226:Drivers/STM32F4/Drivers/STM32F4xx_HAL_Driver/Src/stm32f4xx_hal_adc.c ****      keep and use the user MspInit/MspDeInit callbacks (registered beforehand) whatever the state.
 227:Drivers/STM32F4/Drivers/STM32F4xx_HAL_Driver/Src/stm32f4xx_hal_adc.c ****      [..]
 228:Drivers/STM32F4/Drivers/STM32F4xx_HAL_Driver/Src/stm32f4xx_hal_adc.c **** 
 229:Drivers/STM32F4/Drivers/STM32F4xx_HAL_Driver/Src/stm32f4xx_hal_adc.c ****      Callbacks can be registered/unregistered in HAL_ADC_STATE_READY state only.
 230:Drivers/STM32F4/Drivers/STM32F4xx_HAL_Driver/Src/stm32f4xx_hal_adc.c ****      Exception done MspInit/MspDeInit functions that can be registered/unregistered
 231:Drivers/STM32F4/Drivers/STM32F4xx_HAL_Driver/Src/stm32f4xx_hal_adc.c ****      in HAL_ADC_STATE_READY or HAL_ADC_STATE_RESET state,
 232:Drivers/STM32F4/Drivers/STM32F4xx_HAL_Driver/Src/stm32f4xx_hal_adc.c ****      thus registered (user) MspInit/DeInit callbacks can be used during the Init/DeInit.
 233:Drivers/STM32F4/Drivers/STM32F4xx_HAL_Driver/Src/stm32f4xx_hal_adc.c ****     [..]
 234:Drivers/STM32F4/Drivers/STM32F4xx_HAL_Driver/Src/stm32f4xx_hal_adc.c **** 
 235:Drivers/STM32F4/Drivers/STM32F4xx_HAL_Driver/Src/stm32f4xx_hal_adc.c ****      Then, the user first registers the MspInit/MspDeInit user callbacks
 236:Drivers/STM32F4/Drivers/STM32F4xx_HAL_Driver/Src/stm32f4xx_hal_adc.c ****      using HAL_ADC_RegisterCallback() before calling HAL_ADC_DeInit()
 237:Drivers/STM32F4/Drivers/STM32F4xx_HAL_Driver/Src/stm32f4xx_hal_adc.c ****      or HAL_ADC_Init() function.
 238:Drivers/STM32F4/Drivers/STM32F4xx_HAL_Driver/Src/stm32f4xx_hal_adc.c ****      [..]
 239:Drivers/STM32F4/Drivers/STM32F4xx_HAL_Driver/Src/stm32f4xx_hal_adc.c **** 
 240:Drivers/STM32F4/Drivers/STM32F4xx_HAL_Driver/Src/stm32f4xx_hal_adc.c ****      When the compilation flag USE_HAL_ADC_REGISTER_CALLBACKS is set to 0 or
 241:Drivers/STM32F4/Drivers/STM32F4xx_HAL_Driver/Src/stm32f4xx_hal_adc.c ****      not defined, the callback registration feature is not available and all callbacks
 242:Drivers/STM32F4/Drivers/STM32F4xx_HAL_Driver/Src/stm32f4xx_hal_adc.c ****      are set to the corresponding weak functions.
 243:Drivers/STM32F4/Drivers/STM32F4xx_HAL_Driver/Src/stm32f4xx_hal_adc.c **** 
 244:Drivers/STM32F4/Drivers/STM32F4xx_HAL_Driver/Src/stm32f4xx_hal_adc.c ****     @endverbatim
 245:Drivers/STM32F4/Drivers/STM32F4xx_HAL_Driver/Src/stm32f4xx_hal_adc.c ****   */
ARM GAS  /tmp/cciQ8ehY.s 			page 6


 246:Drivers/STM32F4/Drivers/STM32F4xx_HAL_Driver/Src/stm32f4xx_hal_adc.c **** 
 247:Drivers/STM32F4/Drivers/STM32F4xx_HAL_Driver/Src/stm32f4xx_hal_adc.c **** /* Includes ------------------------------------------------------------------*/
 248:Drivers/STM32F4/Drivers/STM32F4xx_HAL_Driver/Src/stm32f4xx_hal_adc.c **** #include "stm32f4xx_hal.h"
 249:Drivers/STM32F4/Drivers/STM32F4xx_HAL_Driver/Src/stm32f4xx_hal_adc.c **** 
 250:Drivers/STM32F4/Drivers/STM32F4xx_HAL_Driver/Src/stm32f4xx_hal_adc.c **** /** @addtogroup STM32F4xx_HAL_Driver
 251:Drivers/STM32F4/Drivers/STM32F4xx_HAL_Driver/Src/stm32f4xx_hal_adc.c ****   * @{
 252:Drivers/STM32F4/Drivers/STM32F4xx_HAL_Driver/Src/stm32f4xx_hal_adc.c ****   */
 253:Drivers/STM32F4/Drivers/STM32F4xx_HAL_Driver/Src/stm32f4xx_hal_adc.c **** 
 254:Drivers/STM32F4/Drivers/STM32F4xx_HAL_Driver/Src/stm32f4xx_hal_adc.c **** /** @defgroup ADC ADC
 255:Drivers/STM32F4/Drivers/STM32F4xx_HAL_Driver/Src/stm32f4xx_hal_adc.c ****   * @brief ADC driver modules
 256:Drivers/STM32F4/Drivers/STM32F4xx_HAL_Driver/Src/stm32f4xx_hal_adc.c ****   * @{
 257:Drivers/STM32F4/Drivers/STM32F4xx_HAL_Driver/Src/stm32f4xx_hal_adc.c ****   */
 258:Drivers/STM32F4/Drivers/STM32F4xx_HAL_Driver/Src/stm32f4xx_hal_adc.c **** 
 259:Drivers/STM32F4/Drivers/STM32F4xx_HAL_Driver/Src/stm32f4xx_hal_adc.c **** #ifdef HAL_ADC_MODULE_ENABLED
 260:Drivers/STM32F4/Drivers/STM32F4xx_HAL_Driver/Src/stm32f4xx_hal_adc.c **** 
 261:Drivers/STM32F4/Drivers/STM32F4xx_HAL_Driver/Src/stm32f4xx_hal_adc.c **** /* Private typedef -----------------------------------------------------------*/
 262:Drivers/STM32F4/Drivers/STM32F4xx_HAL_Driver/Src/stm32f4xx_hal_adc.c **** /* Private define ------------------------------------------------------------*/
 263:Drivers/STM32F4/Drivers/STM32F4xx_HAL_Driver/Src/stm32f4xx_hal_adc.c **** /* Private macro -------------------------------------------------------------*/
 264:Drivers/STM32F4/Drivers/STM32F4xx_HAL_Driver/Src/stm32f4xx_hal_adc.c **** /* Private variables ---------------------------------------------------------*/
 265:Drivers/STM32F4/Drivers/STM32F4xx_HAL_Driver/Src/stm32f4xx_hal_adc.c **** /** @addtogroup ADC_Private_Functions
 266:Drivers/STM32F4/Drivers/STM32F4xx_HAL_Driver/Src/stm32f4xx_hal_adc.c ****   * @{
 267:Drivers/STM32F4/Drivers/STM32F4xx_HAL_Driver/Src/stm32f4xx_hal_adc.c ****   */
 268:Drivers/STM32F4/Drivers/STM32F4xx_HAL_Driver/Src/stm32f4xx_hal_adc.c **** /* Private function prototypes -----------------------------------------------*/
 269:Drivers/STM32F4/Drivers/STM32F4xx_HAL_Driver/Src/stm32f4xx_hal_adc.c **** static void ADC_Init(ADC_HandleTypeDef *hadc);
 270:Drivers/STM32F4/Drivers/STM32F4xx_HAL_Driver/Src/stm32f4xx_hal_adc.c **** static void ADC_DMAConvCplt(DMA_HandleTypeDef *hdma);
 271:Drivers/STM32F4/Drivers/STM32F4xx_HAL_Driver/Src/stm32f4xx_hal_adc.c **** static void ADC_DMAError(DMA_HandleTypeDef *hdma);
 272:Drivers/STM32F4/Drivers/STM32F4xx_HAL_Driver/Src/stm32f4xx_hal_adc.c **** static void ADC_DMAHalfConvCplt(DMA_HandleTypeDef *hdma);
 273:Drivers/STM32F4/Drivers/STM32F4xx_HAL_Driver/Src/stm32f4xx_hal_adc.c **** /**
 274:Drivers/STM32F4/Drivers/STM32F4xx_HAL_Driver/Src/stm32f4xx_hal_adc.c ****   * @}
 275:Drivers/STM32F4/Drivers/STM32F4xx_HAL_Driver/Src/stm32f4xx_hal_adc.c ****   */
 276:Drivers/STM32F4/Drivers/STM32F4xx_HAL_Driver/Src/stm32f4xx_hal_adc.c **** /* Exported functions --------------------------------------------------------*/
 277:Drivers/STM32F4/Drivers/STM32F4xx_HAL_Driver/Src/stm32f4xx_hal_adc.c **** /** @defgroup ADC_Exported_Functions ADC Exported Functions
 278:Drivers/STM32F4/Drivers/STM32F4xx_HAL_Driver/Src/stm32f4xx_hal_adc.c ****   * @{
 279:Drivers/STM32F4/Drivers/STM32F4xx_HAL_Driver/Src/stm32f4xx_hal_adc.c ****   */
 280:Drivers/STM32F4/Drivers/STM32F4xx_HAL_Driver/Src/stm32f4xx_hal_adc.c **** 
 281:Drivers/STM32F4/Drivers/STM32F4xx_HAL_Driver/Src/stm32f4xx_hal_adc.c **** /** @defgroup ADC_Exported_Functions_Group1 Initialization and de-initialization functions
 282:Drivers/STM32F4/Drivers/STM32F4xx_HAL_Driver/Src/stm32f4xx_hal_adc.c ****  *  @brief    Initialization and Configuration functions
 283:Drivers/STM32F4/Drivers/STM32F4xx_HAL_Driver/Src/stm32f4xx_hal_adc.c ****  *
 284:Drivers/STM32F4/Drivers/STM32F4xx_HAL_Driver/Src/stm32f4xx_hal_adc.c **** @verbatim
 285:Drivers/STM32F4/Drivers/STM32F4xx_HAL_Driver/Src/stm32f4xx_hal_adc.c ****  ===============================================================================
 286:Drivers/STM32F4/Drivers/STM32F4xx_HAL_Driver/Src/stm32f4xx_hal_adc.c ****               ##### Initialization and de-initialization functions #####
 287:Drivers/STM32F4/Drivers/STM32F4xx_HAL_Driver/Src/stm32f4xx_hal_adc.c ****  ===============================================================================
 288:Drivers/STM32F4/Drivers/STM32F4xx_HAL_Driver/Src/stm32f4xx_hal_adc.c ****     [..]  This section provides functions allowing to:
 289:Drivers/STM32F4/Drivers/STM32F4xx_HAL_Driver/Src/stm32f4xx_hal_adc.c ****       (+) Initialize and configure the ADC.
 290:Drivers/STM32F4/Drivers/STM32F4xx_HAL_Driver/Src/stm32f4xx_hal_adc.c ****       (+) De-initialize the ADC.
 291:Drivers/STM32F4/Drivers/STM32F4xx_HAL_Driver/Src/stm32f4xx_hal_adc.c **** 
 292:Drivers/STM32F4/Drivers/STM32F4xx_HAL_Driver/Src/stm32f4xx_hal_adc.c **** @endverbatim
 293:Drivers/STM32F4/Drivers/STM32F4xx_HAL_Driver/Src/stm32f4xx_hal_adc.c ****   * @{
 294:Drivers/STM32F4/Drivers/STM32F4xx_HAL_Driver/Src/stm32f4xx_hal_adc.c ****   */
 295:Drivers/STM32F4/Drivers/STM32F4xx_HAL_Driver/Src/stm32f4xx_hal_adc.c **** 
 296:Drivers/STM32F4/Drivers/STM32F4xx_HAL_Driver/Src/stm32f4xx_hal_adc.c **** /**
 297:Drivers/STM32F4/Drivers/STM32F4xx_HAL_Driver/Src/stm32f4xx_hal_adc.c ****   * @brief  Initializes the ADCx peripheral according to the specified parameters
 298:Drivers/STM32F4/Drivers/STM32F4xx_HAL_Driver/Src/stm32f4xx_hal_adc.c ****   *         in the ADC_InitStruct and initializes the ADC MSP.
 299:Drivers/STM32F4/Drivers/STM32F4xx_HAL_Driver/Src/stm32f4xx_hal_adc.c ****   *
 300:Drivers/STM32F4/Drivers/STM32F4xx_HAL_Driver/Src/stm32f4xx_hal_adc.c ****   * @note   This function is used to configure the global features of the ADC (
 301:Drivers/STM32F4/Drivers/STM32F4xx_HAL_Driver/Src/stm32f4xx_hal_adc.c ****   *         ClockPrescaler, Resolution, Data Alignment and number of conversion), however,
 302:Drivers/STM32F4/Drivers/STM32F4xx_HAL_Driver/Src/stm32f4xx_hal_adc.c ****   *         the rest of the configuration parameters are specific to the regular
ARM GAS  /tmp/cciQ8ehY.s 			page 7


 303:Drivers/STM32F4/Drivers/STM32F4xx_HAL_Driver/Src/stm32f4xx_hal_adc.c ****   *         channels group (scan mode activation, continuous mode activation,
 304:Drivers/STM32F4/Drivers/STM32F4xx_HAL_Driver/Src/stm32f4xx_hal_adc.c ****   *         External trigger source and edge, DMA continuous request after the
 305:Drivers/STM32F4/Drivers/STM32F4xx_HAL_Driver/Src/stm32f4xx_hal_adc.c ****   *         last transfer and End of conversion selection).
 306:Drivers/STM32F4/Drivers/STM32F4xx_HAL_Driver/Src/stm32f4xx_hal_adc.c ****   *
 307:Drivers/STM32F4/Drivers/STM32F4xx_HAL_Driver/Src/stm32f4xx_hal_adc.c ****   * @param  hadc pointer to a ADC_HandleTypeDef structure that contains
 308:Drivers/STM32F4/Drivers/STM32F4xx_HAL_Driver/Src/stm32f4xx_hal_adc.c ****   *         the configuration information for the specified ADC.
 309:Drivers/STM32F4/Drivers/STM32F4xx_HAL_Driver/Src/stm32f4xx_hal_adc.c ****   * @retval HAL status
 310:Drivers/STM32F4/Drivers/STM32F4xx_HAL_Driver/Src/stm32f4xx_hal_adc.c ****   */
 311:Drivers/STM32F4/Drivers/STM32F4xx_HAL_Driver/Src/stm32f4xx_hal_adc.c **** HAL_StatusTypeDef HAL_ADC_Init(ADC_HandleTypeDef *hadc)
 312:Drivers/STM32F4/Drivers/STM32F4xx_HAL_Driver/Src/stm32f4xx_hal_adc.c **** {
 313:Drivers/STM32F4/Drivers/STM32F4xx_HAL_Driver/Src/stm32f4xx_hal_adc.c ****   HAL_StatusTypeDef tmp_hal_status = HAL_OK;
 314:Drivers/STM32F4/Drivers/STM32F4xx_HAL_Driver/Src/stm32f4xx_hal_adc.c **** 
 315:Drivers/STM32F4/Drivers/STM32F4xx_HAL_Driver/Src/stm32f4xx_hal_adc.c ****   /* Check ADC handle */
 316:Drivers/STM32F4/Drivers/STM32F4xx_HAL_Driver/Src/stm32f4xx_hal_adc.c ****   if (hadc == NULL)
 317:Drivers/STM32F4/Drivers/STM32F4xx_HAL_Driver/Src/stm32f4xx_hal_adc.c ****   {
 318:Drivers/STM32F4/Drivers/STM32F4xx_HAL_Driver/Src/stm32f4xx_hal_adc.c ****     return HAL_ERROR;
 319:Drivers/STM32F4/Drivers/STM32F4xx_HAL_Driver/Src/stm32f4xx_hal_adc.c ****   }
 320:Drivers/STM32F4/Drivers/STM32F4xx_HAL_Driver/Src/stm32f4xx_hal_adc.c **** 
 321:Drivers/STM32F4/Drivers/STM32F4xx_HAL_Driver/Src/stm32f4xx_hal_adc.c ****   /* Check the parameters */
 322:Drivers/STM32F4/Drivers/STM32F4xx_HAL_Driver/Src/stm32f4xx_hal_adc.c ****   assert_param(IS_ADC_ALL_INSTANCE(hadc->Instance));
 323:Drivers/STM32F4/Drivers/STM32F4xx_HAL_Driver/Src/stm32f4xx_hal_adc.c ****   assert_param(IS_ADC_CLOCKPRESCALER(hadc->Init.ClockPrescaler));
 324:Drivers/STM32F4/Drivers/STM32F4xx_HAL_Driver/Src/stm32f4xx_hal_adc.c ****   assert_param(IS_ADC_RESOLUTION(hadc->Init.Resolution));
 325:Drivers/STM32F4/Drivers/STM32F4xx_HAL_Driver/Src/stm32f4xx_hal_adc.c ****   assert_param(IS_FUNCTIONAL_STATE(hadc->Init.ScanConvMode));
 326:Drivers/STM32F4/Drivers/STM32F4xx_HAL_Driver/Src/stm32f4xx_hal_adc.c ****   assert_param(IS_FUNCTIONAL_STATE(hadc->Init.ContinuousConvMode));
 327:Drivers/STM32F4/Drivers/STM32F4xx_HAL_Driver/Src/stm32f4xx_hal_adc.c ****   assert_param(IS_ADC_EXT_TRIG(hadc->Init.ExternalTrigConv));
 328:Drivers/STM32F4/Drivers/STM32F4xx_HAL_Driver/Src/stm32f4xx_hal_adc.c ****   assert_param(IS_ADC_DATA_ALIGN(hadc->Init.DataAlign));
 329:Drivers/STM32F4/Drivers/STM32F4xx_HAL_Driver/Src/stm32f4xx_hal_adc.c ****   assert_param(IS_ADC_REGULAR_LENGTH(hadc->Init.NbrOfConversion));
 330:Drivers/STM32F4/Drivers/STM32F4xx_HAL_Driver/Src/stm32f4xx_hal_adc.c ****   assert_param(IS_FUNCTIONAL_STATE(hadc->Init.DMAContinuousRequests));
 331:Drivers/STM32F4/Drivers/STM32F4xx_HAL_Driver/Src/stm32f4xx_hal_adc.c ****   assert_param(IS_ADC_EOCSelection(hadc->Init.EOCSelection));
 332:Drivers/STM32F4/Drivers/STM32F4xx_HAL_Driver/Src/stm32f4xx_hal_adc.c ****   assert_param(IS_FUNCTIONAL_STATE(hadc->Init.DiscontinuousConvMode));
 333:Drivers/STM32F4/Drivers/STM32F4xx_HAL_Driver/Src/stm32f4xx_hal_adc.c **** 
 334:Drivers/STM32F4/Drivers/STM32F4xx_HAL_Driver/Src/stm32f4xx_hal_adc.c ****   if (hadc->Init.ExternalTrigConv != ADC_SOFTWARE_START)
 335:Drivers/STM32F4/Drivers/STM32F4xx_HAL_Driver/Src/stm32f4xx_hal_adc.c ****   {
 336:Drivers/STM32F4/Drivers/STM32F4xx_HAL_Driver/Src/stm32f4xx_hal_adc.c ****     assert_param(IS_ADC_EXT_TRIG_EDGE(hadc->Init.ExternalTrigConvEdge));
 337:Drivers/STM32F4/Drivers/STM32F4xx_HAL_Driver/Src/stm32f4xx_hal_adc.c ****   }
 338:Drivers/STM32F4/Drivers/STM32F4xx_HAL_Driver/Src/stm32f4xx_hal_adc.c **** 
 339:Drivers/STM32F4/Drivers/STM32F4xx_HAL_Driver/Src/stm32f4xx_hal_adc.c ****   if (hadc->State == HAL_ADC_STATE_RESET)
 340:Drivers/STM32F4/Drivers/STM32F4xx_HAL_Driver/Src/stm32f4xx_hal_adc.c ****   {
 341:Drivers/STM32F4/Drivers/STM32F4xx_HAL_Driver/Src/stm32f4xx_hal_adc.c **** #if (USE_HAL_ADC_REGISTER_CALLBACKS == 1)
 342:Drivers/STM32F4/Drivers/STM32F4xx_HAL_Driver/Src/stm32f4xx_hal_adc.c ****     /* Init the ADC Callback settings */
 343:Drivers/STM32F4/Drivers/STM32F4xx_HAL_Driver/Src/stm32f4xx_hal_adc.c ****     hadc->ConvCpltCallback              = HAL_ADC_ConvCpltCallback;                 /* Legacy weak 
 344:Drivers/STM32F4/Drivers/STM32F4xx_HAL_Driver/Src/stm32f4xx_hal_adc.c ****     hadc->ConvHalfCpltCallback          = HAL_ADC_ConvHalfCpltCallback;             /* Legacy weak 
 345:Drivers/STM32F4/Drivers/STM32F4xx_HAL_Driver/Src/stm32f4xx_hal_adc.c ****     hadc->LevelOutOfWindowCallback      = HAL_ADC_LevelOutOfWindowCallback;         /* Legacy weak 
 346:Drivers/STM32F4/Drivers/STM32F4xx_HAL_Driver/Src/stm32f4xx_hal_adc.c ****     hadc->ErrorCallback                 = HAL_ADC_ErrorCallback;                    /* Legacy weak 
 347:Drivers/STM32F4/Drivers/STM32F4xx_HAL_Driver/Src/stm32f4xx_hal_adc.c ****     hadc->InjectedConvCpltCallback      = HAL_ADCEx_InjectedConvCpltCallback;       /* Legacy weak 
 348:Drivers/STM32F4/Drivers/STM32F4xx_HAL_Driver/Src/stm32f4xx_hal_adc.c ****     if (hadc->MspInitCallback == NULL)
 349:Drivers/STM32F4/Drivers/STM32F4xx_HAL_Driver/Src/stm32f4xx_hal_adc.c ****     {
 350:Drivers/STM32F4/Drivers/STM32F4xx_HAL_Driver/Src/stm32f4xx_hal_adc.c ****       hadc->MspInitCallback = HAL_ADC_MspInit; /* Legacy weak MspInit  */
 351:Drivers/STM32F4/Drivers/STM32F4xx_HAL_Driver/Src/stm32f4xx_hal_adc.c ****     }
 352:Drivers/STM32F4/Drivers/STM32F4xx_HAL_Driver/Src/stm32f4xx_hal_adc.c **** 
 353:Drivers/STM32F4/Drivers/STM32F4xx_HAL_Driver/Src/stm32f4xx_hal_adc.c ****     /* Init the low level hardware */
 354:Drivers/STM32F4/Drivers/STM32F4xx_HAL_Driver/Src/stm32f4xx_hal_adc.c ****     hadc->MspInitCallback(hadc);
 355:Drivers/STM32F4/Drivers/STM32F4xx_HAL_Driver/Src/stm32f4xx_hal_adc.c **** #else
 356:Drivers/STM32F4/Drivers/STM32F4xx_HAL_Driver/Src/stm32f4xx_hal_adc.c ****     /* Init the low level hardware */
 357:Drivers/STM32F4/Drivers/STM32F4xx_HAL_Driver/Src/stm32f4xx_hal_adc.c ****     HAL_ADC_MspInit(hadc);
 358:Drivers/STM32F4/Drivers/STM32F4xx_HAL_Driver/Src/stm32f4xx_hal_adc.c **** #endif /* USE_HAL_ADC_REGISTER_CALLBACKS */
 359:Drivers/STM32F4/Drivers/STM32F4xx_HAL_Driver/Src/stm32f4xx_hal_adc.c **** 
ARM GAS  /tmp/cciQ8ehY.s 			page 8


 360:Drivers/STM32F4/Drivers/STM32F4xx_HAL_Driver/Src/stm32f4xx_hal_adc.c ****     /* Initialize ADC error code */
 361:Drivers/STM32F4/Drivers/STM32F4xx_HAL_Driver/Src/stm32f4xx_hal_adc.c ****     ADC_CLEAR_ERRORCODE(hadc);
 362:Drivers/STM32F4/Drivers/STM32F4xx_HAL_Driver/Src/stm32f4xx_hal_adc.c **** 
 363:Drivers/STM32F4/Drivers/STM32F4xx_HAL_Driver/Src/stm32f4xx_hal_adc.c ****     /* Allocate lock resource and initialize it */
 364:Drivers/STM32F4/Drivers/STM32F4xx_HAL_Driver/Src/stm32f4xx_hal_adc.c ****     hadc->Lock = HAL_UNLOCKED;
 365:Drivers/STM32F4/Drivers/STM32F4xx_HAL_Driver/Src/stm32f4xx_hal_adc.c ****   }
 366:Drivers/STM32F4/Drivers/STM32F4xx_HAL_Driver/Src/stm32f4xx_hal_adc.c **** 
 367:Drivers/STM32F4/Drivers/STM32F4xx_HAL_Driver/Src/stm32f4xx_hal_adc.c ****   /* Configuration of ADC parameters if previous preliminary actions are      */
 368:Drivers/STM32F4/Drivers/STM32F4xx_HAL_Driver/Src/stm32f4xx_hal_adc.c ****   /* correctly completed.                                                     */
 369:Drivers/STM32F4/Drivers/STM32F4xx_HAL_Driver/Src/stm32f4xx_hal_adc.c ****   if (HAL_IS_BIT_CLR(hadc->State, HAL_ADC_STATE_ERROR_INTERNAL))
 370:Drivers/STM32F4/Drivers/STM32F4xx_HAL_Driver/Src/stm32f4xx_hal_adc.c ****   {
 371:Drivers/STM32F4/Drivers/STM32F4xx_HAL_Driver/Src/stm32f4xx_hal_adc.c ****     /* Set ADC state */
 372:Drivers/STM32F4/Drivers/STM32F4xx_HAL_Driver/Src/stm32f4xx_hal_adc.c ****     ADC_STATE_CLR_SET(hadc->State,
 373:Drivers/STM32F4/Drivers/STM32F4xx_HAL_Driver/Src/stm32f4xx_hal_adc.c ****                       HAL_ADC_STATE_REG_BUSY | HAL_ADC_STATE_INJ_BUSY,
 374:Drivers/STM32F4/Drivers/STM32F4xx_HAL_Driver/Src/stm32f4xx_hal_adc.c ****                       HAL_ADC_STATE_BUSY_INTERNAL);
 375:Drivers/STM32F4/Drivers/STM32F4xx_HAL_Driver/Src/stm32f4xx_hal_adc.c **** 
 376:Drivers/STM32F4/Drivers/STM32F4xx_HAL_Driver/Src/stm32f4xx_hal_adc.c ****     /* Set ADC parameters */
 377:Drivers/STM32F4/Drivers/STM32F4xx_HAL_Driver/Src/stm32f4xx_hal_adc.c ****     ADC_Init(hadc);
 378:Drivers/STM32F4/Drivers/STM32F4xx_HAL_Driver/Src/stm32f4xx_hal_adc.c **** 
 379:Drivers/STM32F4/Drivers/STM32F4xx_HAL_Driver/Src/stm32f4xx_hal_adc.c ****     /* Set ADC error code to none */
 380:Drivers/STM32F4/Drivers/STM32F4xx_HAL_Driver/Src/stm32f4xx_hal_adc.c ****     ADC_CLEAR_ERRORCODE(hadc);
 381:Drivers/STM32F4/Drivers/STM32F4xx_HAL_Driver/Src/stm32f4xx_hal_adc.c **** 
 382:Drivers/STM32F4/Drivers/STM32F4xx_HAL_Driver/Src/stm32f4xx_hal_adc.c ****     /* Set the ADC state */
 383:Drivers/STM32F4/Drivers/STM32F4xx_HAL_Driver/Src/stm32f4xx_hal_adc.c ****     ADC_STATE_CLR_SET(hadc->State,
 384:Drivers/STM32F4/Drivers/STM32F4xx_HAL_Driver/Src/stm32f4xx_hal_adc.c ****                       HAL_ADC_STATE_BUSY_INTERNAL,
 385:Drivers/STM32F4/Drivers/STM32F4xx_HAL_Driver/Src/stm32f4xx_hal_adc.c ****                       HAL_ADC_STATE_READY);
 386:Drivers/STM32F4/Drivers/STM32F4xx_HAL_Driver/Src/stm32f4xx_hal_adc.c ****   }
 387:Drivers/STM32F4/Drivers/STM32F4xx_HAL_Driver/Src/stm32f4xx_hal_adc.c ****   else
 388:Drivers/STM32F4/Drivers/STM32F4xx_HAL_Driver/Src/stm32f4xx_hal_adc.c ****   {
 389:Drivers/STM32F4/Drivers/STM32F4xx_HAL_Driver/Src/stm32f4xx_hal_adc.c ****     tmp_hal_status = HAL_ERROR;
 390:Drivers/STM32F4/Drivers/STM32F4xx_HAL_Driver/Src/stm32f4xx_hal_adc.c ****   }
 391:Drivers/STM32F4/Drivers/STM32F4xx_HAL_Driver/Src/stm32f4xx_hal_adc.c **** 
 392:Drivers/STM32F4/Drivers/STM32F4xx_HAL_Driver/Src/stm32f4xx_hal_adc.c ****   /* Release Lock */
 393:Drivers/STM32F4/Drivers/STM32F4xx_HAL_Driver/Src/stm32f4xx_hal_adc.c ****   __HAL_UNLOCK(hadc);
 394:Drivers/STM32F4/Drivers/STM32F4xx_HAL_Driver/Src/stm32f4xx_hal_adc.c **** 
 395:Drivers/STM32F4/Drivers/STM32F4xx_HAL_Driver/Src/stm32f4xx_hal_adc.c ****   /* Return function status */
 396:Drivers/STM32F4/Drivers/STM32F4xx_HAL_Driver/Src/stm32f4xx_hal_adc.c ****   return tmp_hal_status;
 397:Drivers/STM32F4/Drivers/STM32F4xx_HAL_Driver/Src/stm32f4xx_hal_adc.c **** }
 398:Drivers/STM32F4/Drivers/STM32F4xx_HAL_Driver/Src/stm32f4xx_hal_adc.c **** 
 399:Drivers/STM32F4/Drivers/STM32F4xx_HAL_Driver/Src/stm32f4xx_hal_adc.c **** /**
 400:Drivers/STM32F4/Drivers/STM32F4xx_HAL_Driver/Src/stm32f4xx_hal_adc.c ****   * @brief  Deinitializes the ADCx peripheral registers to their default reset values.
 401:Drivers/STM32F4/Drivers/STM32F4xx_HAL_Driver/Src/stm32f4xx_hal_adc.c ****   * @param  hadc pointer to a ADC_HandleTypeDef structure that contains
 402:Drivers/STM32F4/Drivers/STM32F4xx_HAL_Driver/Src/stm32f4xx_hal_adc.c ****   *         the configuration information for the specified ADC.
 403:Drivers/STM32F4/Drivers/STM32F4xx_HAL_Driver/Src/stm32f4xx_hal_adc.c ****   * @retval HAL status
 404:Drivers/STM32F4/Drivers/STM32F4xx_HAL_Driver/Src/stm32f4xx_hal_adc.c ****   */
 405:Drivers/STM32F4/Drivers/STM32F4xx_HAL_Driver/Src/stm32f4xx_hal_adc.c **** HAL_StatusTypeDef HAL_ADC_DeInit(ADC_HandleTypeDef *hadc)
 406:Drivers/STM32F4/Drivers/STM32F4xx_HAL_Driver/Src/stm32f4xx_hal_adc.c **** {
 407:Drivers/STM32F4/Drivers/STM32F4xx_HAL_Driver/Src/stm32f4xx_hal_adc.c ****   HAL_StatusTypeDef tmp_hal_status = HAL_OK;
 408:Drivers/STM32F4/Drivers/STM32F4xx_HAL_Driver/Src/stm32f4xx_hal_adc.c **** 
 409:Drivers/STM32F4/Drivers/STM32F4xx_HAL_Driver/Src/stm32f4xx_hal_adc.c ****   /* Check ADC handle */
 410:Drivers/STM32F4/Drivers/STM32F4xx_HAL_Driver/Src/stm32f4xx_hal_adc.c ****   if (hadc == NULL)
 411:Drivers/STM32F4/Drivers/STM32F4xx_HAL_Driver/Src/stm32f4xx_hal_adc.c ****   {
 412:Drivers/STM32F4/Drivers/STM32F4xx_HAL_Driver/Src/stm32f4xx_hal_adc.c ****     return HAL_ERROR;
 413:Drivers/STM32F4/Drivers/STM32F4xx_HAL_Driver/Src/stm32f4xx_hal_adc.c ****   }
 414:Drivers/STM32F4/Drivers/STM32F4xx_HAL_Driver/Src/stm32f4xx_hal_adc.c **** 
 415:Drivers/STM32F4/Drivers/STM32F4xx_HAL_Driver/Src/stm32f4xx_hal_adc.c ****   /* Check the parameters */
 416:Drivers/STM32F4/Drivers/STM32F4xx_HAL_Driver/Src/stm32f4xx_hal_adc.c ****   assert_param(IS_ADC_ALL_INSTANCE(hadc->Instance));
ARM GAS  /tmp/cciQ8ehY.s 			page 9


 417:Drivers/STM32F4/Drivers/STM32F4xx_HAL_Driver/Src/stm32f4xx_hal_adc.c **** 
 418:Drivers/STM32F4/Drivers/STM32F4xx_HAL_Driver/Src/stm32f4xx_hal_adc.c ****   /* Set ADC state */
 419:Drivers/STM32F4/Drivers/STM32F4xx_HAL_Driver/Src/stm32f4xx_hal_adc.c ****   SET_BIT(hadc->State, HAL_ADC_STATE_BUSY_INTERNAL);
 420:Drivers/STM32F4/Drivers/STM32F4xx_HAL_Driver/Src/stm32f4xx_hal_adc.c **** 
 421:Drivers/STM32F4/Drivers/STM32F4xx_HAL_Driver/Src/stm32f4xx_hal_adc.c ****   /* Stop potential conversion on going, on regular and injected groups */
 422:Drivers/STM32F4/Drivers/STM32F4xx_HAL_Driver/Src/stm32f4xx_hal_adc.c ****   /* Disable ADC peripheral */
 423:Drivers/STM32F4/Drivers/STM32F4xx_HAL_Driver/Src/stm32f4xx_hal_adc.c ****   __HAL_ADC_DISABLE(hadc);
 424:Drivers/STM32F4/Drivers/STM32F4xx_HAL_Driver/Src/stm32f4xx_hal_adc.c **** 
 425:Drivers/STM32F4/Drivers/STM32F4xx_HAL_Driver/Src/stm32f4xx_hal_adc.c ****   /* Configuration of ADC parameters if previous preliminary actions are      */
 426:Drivers/STM32F4/Drivers/STM32F4xx_HAL_Driver/Src/stm32f4xx_hal_adc.c ****   /* correctly completed.                                                     */
 427:Drivers/STM32F4/Drivers/STM32F4xx_HAL_Driver/Src/stm32f4xx_hal_adc.c ****   if (HAL_IS_BIT_CLR(hadc->Instance->CR2, ADC_CR2_ADON))
 428:Drivers/STM32F4/Drivers/STM32F4xx_HAL_Driver/Src/stm32f4xx_hal_adc.c ****   {
 429:Drivers/STM32F4/Drivers/STM32F4xx_HAL_Driver/Src/stm32f4xx_hal_adc.c **** #if (USE_HAL_ADC_REGISTER_CALLBACKS == 1)
 430:Drivers/STM32F4/Drivers/STM32F4xx_HAL_Driver/Src/stm32f4xx_hal_adc.c ****     if (hadc->MspDeInitCallback == NULL)
 431:Drivers/STM32F4/Drivers/STM32F4xx_HAL_Driver/Src/stm32f4xx_hal_adc.c ****     {
 432:Drivers/STM32F4/Drivers/STM32F4xx_HAL_Driver/Src/stm32f4xx_hal_adc.c ****       hadc->MspDeInitCallback = HAL_ADC_MspDeInit; /* Legacy weak MspDeInit  */
 433:Drivers/STM32F4/Drivers/STM32F4xx_HAL_Driver/Src/stm32f4xx_hal_adc.c ****     }
 434:Drivers/STM32F4/Drivers/STM32F4xx_HAL_Driver/Src/stm32f4xx_hal_adc.c **** 
 435:Drivers/STM32F4/Drivers/STM32F4xx_HAL_Driver/Src/stm32f4xx_hal_adc.c ****     /* DeInit the low level hardware: RCC clock, NVIC */
 436:Drivers/STM32F4/Drivers/STM32F4xx_HAL_Driver/Src/stm32f4xx_hal_adc.c ****     hadc->MspDeInitCallback(hadc);
 437:Drivers/STM32F4/Drivers/STM32F4xx_HAL_Driver/Src/stm32f4xx_hal_adc.c **** #else
 438:Drivers/STM32F4/Drivers/STM32F4xx_HAL_Driver/Src/stm32f4xx_hal_adc.c ****     /* DeInit the low level hardware: RCC clock, NVIC */
 439:Drivers/STM32F4/Drivers/STM32F4xx_HAL_Driver/Src/stm32f4xx_hal_adc.c ****     HAL_ADC_MspDeInit(hadc);
 440:Drivers/STM32F4/Drivers/STM32F4xx_HAL_Driver/Src/stm32f4xx_hal_adc.c **** #endif /* USE_HAL_ADC_REGISTER_CALLBACKS */
 441:Drivers/STM32F4/Drivers/STM32F4xx_HAL_Driver/Src/stm32f4xx_hal_adc.c **** 
 442:Drivers/STM32F4/Drivers/STM32F4xx_HAL_Driver/Src/stm32f4xx_hal_adc.c ****     /* Set ADC error code to none */
 443:Drivers/STM32F4/Drivers/STM32F4xx_HAL_Driver/Src/stm32f4xx_hal_adc.c ****     ADC_CLEAR_ERRORCODE(hadc);
 444:Drivers/STM32F4/Drivers/STM32F4xx_HAL_Driver/Src/stm32f4xx_hal_adc.c **** 
 445:Drivers/STM32F4/Drivers/STM32F4xx_HAL_Driver/Src/stm32f4xx_hal_adc.c ****     /* Set ADC state */
 446:Drivers/STM32F4/Drivers/STM32F4xx_HAL_Driver/Src/stm32f4xx_hal_adc.c ****     hadc->State = HAL_ADC_STATE_RESET;
 447:Drivers/STM32F4/Drivers/STM32F4xx_HAL_Driver/Src/stm32f4xx_hal_adc.c ****   }
 448:Drivers/STM32F4/Drivers/STM32F4xx_HAL_Driver/Src/stm32f4xx_hal_adc.c **** 
 449:Drivers/STM32F4/Drivers/STM32F4xx_HAL_Driver/Src/stm32f4xx_hal_adc.c ****   /* Process unlocked */
 450:Drivers/STM32F4/Drivers/STM32F4xx_HAL_Driver/Src/stm32f4xx_hal_adc.c ****   __HAL_UNLOCK(hadc);
 451:Drivers/STM32F4/Drivers/STM32F4xx_HAL_Driver/Src/stm32f4xx_hal_adc.c **** 
 452:Drivers/STM32F4/Drivers/STM32F4xx_HAL_Driver/Src/stm32f4xx_hal_adc.c ****   /* Return function status */
 453:Drivers/STM32F4/Drivers/STM32F4xx_HAL_Driver/Src/stm32f4xx_hal_adc.c ****   return tmp_hal_status;
 454:Drivers/STM32F4/Drivers/STM32F4xx_HAL_Driver/Src/stm32f4xx_hal_adc.c **** }
 455:Drivers/STM32F4/Drivers/STM32F4xx_HAL_Driver/Src/stm32f4xx_hal_adc.c **** 
 456:Drivers/STM32F4/Drivers/STM32F4xx_HAL_Driver/Src/stm32f4xx_hal_adc.c **** #if (USE_HAL_ADC_REGISTER_CALLBACKS == 1)
 457:Drivers/STM32F4/Drivers/STM32F4xx_HAL_Driver/Src/stm32f4xx_hal_adc.c **** /**
 458:Drivers/STM32F4/Drivers/STM32F4xx_HAL_Driver/Src/stm32f4xx_hal_adc.c ****   * @brief  Register a User ADC Callback
 459:Drivers/STM32F4/Drivers/STM32F4xx_HAL_Driver/Src/stm32f4xx_hal_adc.c ****   *         To be used instead of the weak predefined callback
 460:Drivers/STM32F4/Drivers/STM32F4xx_HAL_Driver/Src/stm32f4xx_hal_adc.c ****   * @param  hadc Pointer to a ADC_HandleTypeDef structure that contains
 461:Drivers/STM32F4/Drivers/STM32F4xx_HAL_Driver/Src/stm32f4xx_hal_adc.c ****   *                the configuration information for the specified ADC.
 462:Drivers/STM32F4/Drivers/STM32F4xx_HAL_Driver/Src/stm32f4xx_hal_adc.c ****   * @param  CallbackID ID of the callback to be registered
 463:Drivers/STM32F4/Drivers/STM32F4xx_HAL_Driver/Src/stm32f4xx_hal_adc.c ****   *         This parameter can be one of the following values:
 464:Drivers/STM32F4/Drivers/STM32F4xx_HAL_Driver/Src/stm32f4xx_hal_adc.c ****   *          @arg @ref HAL_ADC_CONVERSION_COMPLETE_CB_ID      ADC conversion complete callback ID
 465:Drivers/STM32F4/Drivers/STM32F4xx_HAL_Driver/Src/stm32f4xx_hal_adc.c ****   *          @arg @ref HAL_ADC_CONVERSION_HALF_CB_ID          ADC conversion DMA half-transfer call
 466:Drivers/STM32F4/Drivers/STM32F4xx_HAL_Driver/Src/stm32f4xx_hal_adc.c ****   *          @arg @ref HAL_ADC_LEVEL_OUT_OF_WINDOW_1_CB_ID    ADC analog watchdog 1 callback ID
 467:Drivers/STM32F4/Drivers/STM32F4xx_HAL_Driver/Src/stm32f4xx_hal_adc.c ****   *          @arg @ref HAL_ADC_ERROR_CB_ID                    ADC error callback ID
 468:Drivers/STM32F4/Drivers/STM32F4xx_HAL_Driver/Src/stm32f4xx_hal_adc.c ****   *          @arg @ref HAL_ADC_INJ_CONVERSION_COMPLETE_CB_ID  ADC group injected conversion complet
 469:Drivers/STM32F4/Drivers/STM32F4xx_HAL_Driver/Src/stm32f4xx_hal_adc.c ****   *          @arg @ref HAL_ADC_MSPINIT_CB_ID                  ADC Msp Init callback ID
 470:Drivers/STM32F4/Drivers/STM32F4xx_HAL_Driver/Src/stm32f4xx_hal_adc.c ****   *          @arg @ref HAL_ADC_MSPDEINIT_CB_ID                ADC Msp DeInit callback ID
 471:Drivers/STM32F4/Drivers/STM32F4xx_HAL_Driver/Src/stm32f4xx_hal_adc.c ****   * @param  pCallback pointer to the Callback function
 472:Drivers/STM32F4/Drivers/STM32F4xx_HAL_Driver/Src/stm32f4xx_hal_adc.c ****   * @retval HAL status
 473:Drivers/STM32F4/Drivers/STM32F4xx_HAL_Driver/Src/stm32f4xx_hal_adc.c ****   */
ARM GAS  /tmp/cciQ8ehY.s 			page 10


 474:Drivers/STM32F4/Drivers/STM32F4xx_HAL_Driver/Src/stm32f4xx_hal_adc.c **** HAL_StatusTypeDef HAL_ADC_RegisterCallback(ADC_HandleTypeDef *hadc, HAL_ADC_CallbackIDTypeDef Callb
 475:Drivers/STM32F4/Drivers/STM32F4xx_HAL_Driver/Src/stm32f4xx_hal_adc.c **** {
 476:Drivers/STM32F4/Drivers/STM32F4xx_HAL_Driver/Src/stm32f4xx_hal_adc.c ****   HAL_StatusTypeDef status = HAL_OK;
 477:Drivers/STM32F4/Drivers/STM32F4xx_HAL_Driver/Src/stm32f4xx_hal_adc.c **** 
 478:Drivers/STM32F4/Drivers/STM32F4xx_HAL_Driver/Src/stm32f4xx_hal_adc.c ****   if (pCallback == NULL)
 479:Drivers/STM32F4/Drivers/STM32F4xx_HAL_Driver/Src/stm32f4xx_hal_adc.c ****   {
 480:Drivers/STM32F4/Drivers/STM32F4xx_HAL_Driver/Src/stm32f4xx_hal_adc.c ****     /* Update the error code */
 481:Drivers/STM32F4/Drivers/STM32F4xx_HAL_Driver/Src/stm32f4xx_hal_adc.c ****     hadc->ErrorCode |= HAL_ADC_ERROR_INVALID_CALLBACK;
 482:Drivers/STM32F4/Drivers/STM32F4xx_HAL_Driver/Src/stm32f4xx_hal_adc.c **** 
 483:Drivers/STM32F4/Drivers/STM32F4xx_HAL_Driver/Src/stm32f4xx_hal_adc.c ****     return HAL_ERROR;
 484:Drivers/STM32F4/Drivers/STM32F4xx_HAL_Driver/Src/stm32f4xx_hal_adc.c ****   }
 485:Drivers/STM32F4/Drivers/STM32F4xx_HAL_Driver/Src/stm32f4xx_hal_adc.c **** 
 486:Drivers/STM32F4/Drivers/STM32F4xx_HAL_Driver/Src/stm32f4xx_hal_adc.c ****   if ((hadc->State & HAL_ADC_STATE_READY) != 0UL)
 487:Drivers/STM32F4/Drivers/STM32F4xx_HAL_Driver/Src/stm32f4xx_hal_adc.c ****   {
 488:Drivers/STM32F4/Drivers/STM32F4xx_HAL_Driver/Src/stm32f4xx_hal_adc.c ****     switch (CallbackID)
 489:Drivers/STM32F4/Drivers/STM32F4xx_HAL_Driver/Src/stm32f4xx_hal_adc.c ****     {
 490:Drivers/STM32F4/Drivers/STM32F4xx_HAL_Driver/Src/stm32f4xx_hal_adc.c ****       case HAL_ADC_CONVERSION_COMPLETE_CB_ID :
 491:Drivers/STM32F4/Drivers/STM32F4xx_HAL_Driver/Src/stm32f4xx_hal_adc.c ****         hadc->ConvCpltCallback = pCallback;
 492:Drivers/STM32F4/Drivers/STM32F4xx_HAL_Driver/Src/stm32f4xx_hal_adc.c ****         break;
 493:Drivers/STM32F4/Drivers/STM32F4xx_HAL_Driver/Src/stm32f4xx_hal_adc.c **** 
 494:Drivers/STM32F4/Drivers/STM32F4xx_HAL_Driver/Src/stm32f4xx_hal_adc.c ****       case HAL_ADC_CONVERSION_HALF_CB_ID :
 495:Drivers/STM32F4/Drivers/STM32F4xx_HAL_Driver/Src/stm32f4xx_hal_adc.c ****         hadc->ConvHalfCpltCallback = pCallback;
 496:Drivers/STM32F4/Drivers/STM32F4xx_HAL_Driver/Src/stm32f4xx_hal_adc.c ****         break;
 497:Drivers/STM32F4/Drivers/STM32F4xx_HAL_Driver/Src/stm32f4xx_hal_adc.c **** 
 498:Drivers/STM32F4/Drivers/STM32F4xx_HAL_Driver/Src/stm32f4xx_hal_adc.c ****       case HAL_ADC_LEVEL_OUT_OF_WINDOW_1_CB_ID :
 499:Drivers/STM32F4/Drivers/STM32F4xx_HAL_Driver/Src/stm32f4xx_hal_adc.c ****         hadc->LevelOutOfWindowCallback = pCallback;
 500:Drivers/STM32F4/Drivers/STM32F4xx_HAL_Driver/Src/stm32f4xx_hal_adc.c ****         break;
 501:Drivers/STM32F4/Drivers/STM32F4xx_HAL_Driver/Src/stm32f4xx_hal_adc.c **** 
 502:Drivers/STM32F4/Drivers/STM32F4xx_HAL_Driver/Src/stm32f4xx_hal_adc.c ****       case HAL_ADC_ERROR_CB_ID :
 503:Drivers/STM32F4/Drivers/STM32F4xx_HAL_Driver/Src/stm32f4xx_hal_adc.c ****         hadc->ErrorCallback = pCallback;
 504:Drivers/STM32F4/Drivers/STM32F4xx_HAL_Driver/Src/stm32f4xx_hal_adc.c ****         break;
 505:Drivers/STM32F4/Drivers/STM32F4xx_HAL_Driver/Src/stm32f4xx_hal_adc.c **** 
 506:Drivers/STM32F4/Drivers/STM32F4xx_HAL_Driver/Src/stm32f4xx_hal_adc.c ****       case HAL_ADC_INJ_CONVERSION_COMPLETE_CB_ID :
 507:Drivers/STM32F4/Drivers/STM32F4xx_HAL_Driver/Src/stm32f4xx_hal_adc.c ****         hadc->InjectedConvCpltCallback = pCallback;
 508:Drivers/STM32F4/Drivers/STM32F4xx_HAL_Driver/Src/stm32f4xx_hal_adc.c ****         break;
 509:Drivers/STM32F4/Drivers/STM32F4xx_HAL_Driver/Src/stm32f4xx_hal_adc.c **** 
 510:Drivers/STM32F4/Drivers/STM32F4xx_HAL_Driver/Src/stm32f4xx_hal_adc.c ****       case HAL_ADC_MSPINIT_CB_ID :
 511:Drivers/STM32F4/Drivers/STM32F4xx_HAL_Driver/Src/stm32f4xx_hal_adc.c ****         hadc->MspInitCallback = pCallback;
 512:Drivers/STM32F4/Drivers/STM32F4xx_HAL_Driver/Src/stm32f4xx_hal_adc.c ****         break;
 513:Drivers/STM32F4/Drivers/STM32F4xx_HAL_Driver/Src/stm32f4xx_hal_adc.c **** 
 514:Drivers/STM32F4/Drivers/STM32F4xx_HAL_Driver/Src/stm32f4xx_hal_adc.c ****       case HAL_ADC_MSPDEINIT_CB_ID :
 515:Drivers/STM32F4/Drivers/STM32F4xx_HAL_Driver/Src/stm32f4xx_hal_adc.c ****         hadc->MspDeInitCallback = pCallback;
 516:Drivers/STM32F4/Drivers/STM32F4xx_HAL_Driver/Src/stm32f4xx_hal_adc.c ****         break;
 517:Drivers/STM32F4/Drivers/STM32F4xx_HAL_Driver/Src/stm32f4xx_hal_adc.c **** 
 518:Drivers/STM32F4/Drivers/STM32F4xx_HAL_Driver/Src/stm32f4xx_hal_adc.c ****       default :
 519:Drivers/STM32F4/Drivers/STM32F4xx_HAL_Driver/Src/stm32f4xx_hal_adc.c ****         /* Update the error code */
 520:Drivers/STM32F4/Drivers/STM32F4xx_HAL_Driver/Src/stm32f4xx_hal_adc.c ****         hadc->ErrorCode |= HAL_ADC_ERROR_INVALID_CALLBACK;
 521:Drivers/STM32F4/Drivers/STM32F4xx_HAL_Driver/Src/stm32f4xx_hal_adc.c **** 
 522:Drivers/STM32F4/Drivers/STM32F4xx_HAL_Driver/Src/stm32f4xx_hal_adc.c ****         /* Return error status */
 523:Drivers/STM32F4/Drivers/STM32F4xx_HAL_Driver/Src/stm32f4xx_hal_adc.c ****         status = HAL_ERROR;
 524:Drivers/STM32F4/Drivers/STM32F4xx_HAL_Driver/Src/stm32f4xx_hal_adc.c ****         break;
 525:Drivers/STM32F4/Drivers/STM32F4xx_HAL_Driver/Src/stm32f4xx_hal_adc.c ****     }
 526:Drivers/STM32F4/Drivers/STM32F4xx_HAL_Driver/Src/stm32f4xx_hal_adc.c ****   }
 527:Drivers/STM32F4/Drivers/STM32F4xx_HAL_Driver/Src/stm32f4xx_hal_adc.c ****   else if (HAL_ADC_STATE_RESET == hadc->State)
 528:Drivers/STM32F4/Drivers/STM32F4xx_HAL_Driver/Src/stm32f4xx_hal_adc.c ****   {
 529:Drivers/STM32F4/Drivers/STM32F4xx_HAL_Driver/Src/stm32f4xx_hal_adc.c ****     switch (CallbackID)
 530:Drivers/STM32F4/Drivers/STM32F4xx_HAL_Driver/Src/stm32f4xx_hal_adc.c ****     {
ARM GAS  /tmp/cciQ8ehY.s 			page 11


 531:Drivers/STM32F4/Drivers/STM32F4xx_HAL_Driver/Src/stm32f4xx_hal_adc.c ****       case HAL_ADC_MSPINIT_CB_ID :
 532:Drivers/STM32F4/Drivers/STM32F4xx_HAL_Driver/Src/stm32f4xx_hal_adc.c ****         hadc->MspInitCallback = pCallback;
 533:Drivers/STM32F4/Drivers/STM32F4xx_HAL_Driver/Src/stm32f4xx_hal_adc.c ****         break;
 534:Drivers/STM32F4/Drivers/STM32F4xx_HAL_Driver/Src/stm32f4xx_hal_adc.c **** 
 535:Drivers/STM32F4/Drivers/STM32F4xx_HAL_Driver/Src/stm32f4xx_hal_adc.c ****       case HAL_ADC_MSPDEINIT_CB_ID :
 536:Drivers/STM32F4/Drivers/STM32F4xx_HAL_Driver/Src/stm32f4xx_hal_adc.c ****         hadc->MspDeInitCallback = pCallback;
 537:Drivers/STM32F4/Drivers/STM32F4xx_HAL_Driver/Src/stm32f4xx_hal_adc.c ****         break;
 538:Drivers/STM32F4/Drivers/STM32F4xx_HAL_Driver/Src/stm32f4xx_hal_adc.c **** 
 539:Drivers/STM32F4/Drivers/STM32F4xx_HAL_Driver/Src/stm32f4xx_hal_adc.c ****       default :
 540:Drivers/STM32F4/Drivers/STM32F4xx_HAL_Driver/Src/stm32f4xx_hal_adc.c ****         /* Update the error code */
 541:Drivers/STM32F4/Drivers/STM32F4xx_HAL_Driver/Src/stm32f4xx_hal_adc.c ****         hadc->ErrorCode |= HAL_ADC_ERROR_INVALID_CALLBACK;
 542:Drivers/STM32F4/Drivers/STM32F4xx_HAL_Driver/Src/stm32f4xx_hal_adc.c **** 
 543:Drivers/STM32F4/Drivers/STM32F4xx_HAL_Driver/Src/stm32f4xx_hal_adc.c ****         /* Return error status */
 544:Drivers/STM32F4/Drivers/STM32F4xx_HAL_Driver/Src/stm32f4xx_hal_adc.c ****         status = HAL_ERROR;
 545:Drivers/STM32F4/Drivers/STM32F4xx_HAL_Driver/Src/stm32f4xx_hal_adc.c ****         break;
 546:Drivers/STM32F4/Drivers/STM32F4xx_HAL_Driver/Src/stm32f4xx_hal_adc.c ****     }
 547:Drivers/STM32F4/Drivers/STM32F4xx_HAL_Driver/Src/stm32f4xx_hal_adc.c ****   }
 548:Drivers/STM32F4/Drivers/STM32F4xx_HAL_Driver/Src/stm32f4xx_hal_adc.c ****   else
 549:Drivers/STM32F4/Drivers/STM32F4xx_HAL_Driver/Src/stm32f4xx_hal_adc.c ****   {
 550:Drivers/STM32F4/Drivers/STM32F4xx_HAL_Driver/Src/stm32f4xx_hal_adc.c ****     /* Update the error code */
 551:Drivers/STM32F4/Drivers/STM32F4xx_HAL_Driver/Src/stm32f4xx_hal_adc.c ****     hadc->ErrorCode |= HAL_ADC_ERROR_INVALID_CALLBACK;
 552:Drivers/STM32F4/Drivers/STM32F4xx_HAL_Driver/Src/stm32f4xx_hal_adc.c **** 
 553:Drivers/STM32F4/Drivers/STM32F4xx_HAL_Driver/Src/stm32f4xx_hal_adc.c ****     /* Return error status */
 554:Drivers/STM32F4/Drivers/STM32F4xx_HAL_Driver/Src/stm32f4xx_hal_adc.c ****     status =  HAL_ERROR;
 555:Drivers/STM32F4/Drivers/STM32F4xx_HAL_Driver/Src/stm32f4xx_hal_adc.c ****   }
 556:Drivers/STM32F4/Drivers/STM32F4xx_HAL_Driver/Src/stm32f4xx_hal_adc.c **** 
 557:Drivers/STM32F4/Drivers/STM32F4xx_HAL_Driver/Src/stm32f4xx_hal_adc.c ****   return status;
 558:Drivers/STM32F4/Drivers/STM32F4xx_HAL_Driver/Src/stm32f4xx_hal_adc.c **** }
 559:Drivers/STM32F4/Drivers/STM32F4xx_HAL_Driver/Src/stm32f4xx_hal_adc.c **** 
 560:Drivers/STM32F4/Drivers/STM32F4xx_HAL_Driver/Src/stm32f4xx_hal_adc.c **** /**
 561:Drivers/STM32F4/Drivers/STM32F4xx_HAL_Driver/Src/stm32f4xx_hal_adc.c ****   * @brief  Unregister a ADC Callback
 562:Drivers/STM32F4/Drivers/STM32F4xx_HAL_Driver/Src/stm32f4xx_hal_adc.c ****   *         ADC callback is redirected to the weak predefined callback
 563:Drivers/STM32F4/Drivers/STM32F4xx_HAL_Driver/Src/stm32f4xx_hal_adc.c ****   * @param  hadc Pointer to a ADC_HandleTypeDef structure that contains
 564:Drivers/STM32F4/Drivers/STM32F4xx_HAL_Driver/Src/stm32f4xx_hal_adc.c ****   *                the configuration information for the specified ADC.
 565:Drivers/STM32F4/Drivers/STM32F4xx_HAL_Driver/Src/stm32f4xx_hal_adc.c ****   * @param  CallbackID ID of the callback to be unregistered
 566:Drivers/STM32F4/Drivers/STM32F4xx_HAL_Driver/Src/stm32f4xx_hal_adc.c ****   *         This parameter can be one of the following values:
 567:Drivers/STM32F4/Drivers/STM32F4xx_HAL_Driver/Src/stm32f4xx_hal_adc.c ****   *          @arg @ref HAL_ADC_CONVERSION_COMPLETE_CB_ID      ADC conversion complete callback ID
 568:Drivers/STM32F4/Drivers/STM32F4xx_HAL_Driver/Src/stm32f4xx_hal_adc.c ****   *          @arg @ref HAL_ADC_CONVERSION_HALF_CB_ID          ADC conversion DMA half-transfer call
 569:Drivers/STM32F4/Drivers/STM32F4xx_HAL_Driver/Src/stm32f4xx_hal_adc.c ****   *          @arg @ref HAL_ADC_LEVEL_OUT_OF_WINDOW_1_CB_ID    ADC analog watchdog 1 callback ID
 570:Drivers/STM32F4/Drivers/STM32F4xx_HAL_Driver/Src/stm32f4xx_hal_adc.c ****   *          @arg @ref HAL_ADC_ERROR_CB_ID                    ADC error callback ID
 571:Drivers/STM32F4/Drivers/STM32F4xx_HAL_Driver/Src/stm32f4xx_hal_adc.c ****   *          @arg @ref HAL_ADC_INJ_CONVERSION_COMPLETE_CB_ID  ADC group injected conversion complet
 572:Drivers/STM32F4/Drivers/STM32F4xx_HAL_Driver/Src/stm32f4xx_hal_adc.c ****   *          @arg @ref HAL_ADC_MSPINIT_CB_ID                  ADC Msp Init callback ID
 573:Drivers/STM32F4/Drivers/STM32F4xx_HAL_Driver/Src/stm32f4xx_hal_adc.c ****   *          @arg @ref HAL_ADC_MSPDEINIT_CB_ID                ADC Msp DeInit callback ID
 574:Drivers/STM32F4/Drivers/STM32F4xx_HAL_Driver/Src/stm32f4xx_hal_adc.c ****   * @retval HAL status
 575:Drivers/STM32F4/Drivers/STM32F4xx_HAL_Driver/Src/stm32f4xx_hal_adc.c ****   */
 576:Drivers/STM32F4/Drivers/STM32F4xx_HAL_Driver/Src/stm32f4xx_hal_adc.c **** HAL_StatusTypeDef HAL_ADC_UnRegisterCallback(ADC_HandleTypeDef *hadc, HAL_ADC_CallbackIDTypeDef Cal
 577:Drivers/STM32F4/Drivers/STM32F4xx_HAL_Driver/Src/stm32f4xx_hal_adc.c **** {
 578:Drivers/STM32F4/Drivers/STM32F4xx_HAL_Driver/Src/stm32f4xx_hal_adc.c ****   HAL_StatusTypeDef status = HAL_OK;
 579:Drivers/STM32F4/Drivers/STM32F4xx_HAL_Driver/Src/stm32f4xx_hal_adc.c **** 
 580:Drivers/STM32F4/Drivers/STM32F4xx_HAL_Driver/Src/stm32f4xx_hal_adc.c ****   if ((hadc->State & HAL_ADC_STATE_READY) != 0UL)
 581:Drivers/STM32F4/Drivers/STM32F4xx_HAL_Driver/Src/stm32f4xx_hal_adc.c ****   {
 582:Drivers/STM32F4/Drivers/STM32F4xx_HAL_Driver/Src/stm32f4xx_hal_adc.c ****     switch (CallbackID)
 583:Drivers/STM32F4/Drivers/STM32F4xx_HAL_Driver/Src/stm32f4xx_hal_adc.c ****     {
 584:Drivers/STM32F4/Drivers/STM32F4xx_HAL_Driver/Src/stm32f4xx_hal_adc.c ****       case HAL_ADC_CONVERSION_COMPLETE_CB_ID :
 585:Drivers/STM32F4/Drivers/STM32F4xx_HAL_Driver/Src/stm32f4xx_hal_adc.c ****         hadc->ConvCpltCallback = HAL_ADC_ConvCpltCallback;
 586:Drivers/STM32F4/Drivers/STM32F4xx_HAL_Driver/Src/stm32f4xx_hal_adc.c ****         break;
 587:Drivers/STM32F4/Drivers/STM32F4xx_HAL_Driver/Src/stm32f4xx_hal_adc.c **** 
ARM GAS  /tmp/cciQ8ehY.s 			page 12


 588:Drivers/STM32F4/Drivers/STM32F4xx_HAL_Driver/Src/stm32f4xx_hal_adc.c ****       case HAL_ADC_CONVERSION_HALF_CB_ID :
 589:Drivers/STM32F4/Drivers/STM32F4xx_HAL_Driver/Src/stm32f4xx_hal_adc.c ****         hadc->ConvHalfCpltCallback = HAL_ADC_ConvHalfCpltCallback;
 590:Drivers/STM32F4/Drivers/STM32F4xx_HAL_Driver/Src/stm32f4xx_hal_adc.c ****         break;
 591:Drivers/STM32F4/Drivers/STM32F4xx_HAL_Driver/Src/stm32f4xx_hal_adc.c **** 
 592:Drivers/STM32F4/Drivers/STM32F4xx_HAL_Driver/Src/stm32f4xx_hal_adc.c ****       case HAL_ADC_LEVEL_OUT_OF_WINDOW_1_CB_ID :
 593:Drivers/STM32F4/Drivers/STM32F4xx_HAL_Driver/Src/stm32f4xx_hal_adc.c ****         hadc->LevelOutOfWindowCallback = HAL_ADC_LevelOutOfWindowCallback;
 594:Drivers/STM32F4/Drivers/STM32F4xx_HAL_Driver/Src/stm32f4xx_hal_adc.c ****         break;
 595:Drivers/STM32F4/Drivers/STM32F4xx_HAL_Driver/Src/stm32f4xx_hal_adc.c **** 
 596:Drivers/STM32F4/Drivers/STM32F4xx_HAL_Driver/Src/stm32f4xx_hal_adc.c ****       case HAL_ADC_ERROR_CB_ID :
 597:Drivers/STM32F4/Drivers/STM32F4xx_HAL_Driver/Src/stm32f4xx_hal_adc.c ****         hadc->ErrorCallback = HAL_ADC_ErrorCallback;
 598:Drivers/STM32F4/Drivers/STM32F4xx_HAL_Driver/Src/stm32f4xx_hal_adc.c ****         break;
 599:Drivers/STM32F4/Drivers/STM32F4xx_HAL_Driver/Src/stm32f4xx_hal_adc.c **** 
 600:Drivers/STM32F4/Drivers/STM32F4xx_HAL_Driver/Src/stm32f4xx_hal_adc.c ****       case HAL_ADC_INJ_CONVERSION_COMPLETE_CB_ID :
 601:Drivers/STM32F4/Drivers/STM32F4xx_HAL_Driver/Src/stm32f4xx_hal_adc.c ****         hadc->InjectedConvCpltCallback = HAL_ADCEx_InjectedConvCpltCallback;
 602:Drivers/STM32F4/Drivers/STM32F4xx_HAL_Driver/Src/stm32f4xx_hal_adc.c ****         break;
 603:Drivers/STM32F4/Drivers/STM32F4xx_HAL_Driver/Src/stm32f4xx_hal_adc.c **** 
 604:Drivers/STM32F4/Drivers/STM32F4xx_HAL_Driver/Src/stm32f4xx_hal_adc.c ****       case HAL_ADC_MSPINIT_CB_ID :
 605:Drivers/STM32F4/Drivers/STM32F4xx_HAL_Driver/Src/stm32f4xx_hal_adc.c ****         hadc->MspInitCallback = HAL_ADC_MspInit; /* Legacy weak MspInit              */
 606:Drivers/STM32F4/Drivers/STM32F4xx_HAL_Driver/Src/stm32f4xx_hal_adc.c ****         break;
 607:Drivers/STM32F4/Drivers/STM32F4xx_HAL_Driver/Src/stm32f4xx_hal_adc.c **** 
 608:Drivers/STM32F4/Drivers/STM32F4xx_HAL_Driver/Src/stm32f4xx_hal_adc.c ****       case HAL_ADC_MSPDEINIT_CB_ID :
 609:Drivers/STM32F4/Drivers/STM32F4xx_HAL_Driver/Src/stm32f4xx_hal_adc.c ****         hadc->MspDeInitCallback = HAL_ADC_MspDeInit; /* Legacy weak MspDeInit            */
 610:Drivers/STM32F4/Drivers/STM32F4xx_HAL_Driver/Src/stm32f4xx_hal_adc.c ****         break;
 611:Drivers/STM32F4/Drivers/STM32F4xx_HAL_Driver/Src/stm32f4xx_hal_adc.c **** 
 612:Drivers/STM32F4/Drivers/STM32F4xx_HAL_Driver/Src/stm32f4xx_hal_adc.c ****       default :
 613:Drivers/STM32F4/Drivers/STM32F4xx_HAL_Driver/Src/stm32f4xx_hal_adc.c ****         /* Update the error code */
 614:Drivers/STM32F4/Drivers/STM32F4xx_HAL_Driver/Src/stm32f4xx_hal_adc.c ****         hadc->ErrorCode |= HAL_ADC_ERROR_INVALID_CALLBACK;
 615:Drivers/STM32F4/Drivers/STM32F4xx_HAL_Driver/Src/stm32f4xx_hal_adc.c **** 
 616:Drivers/STM32F4/Drivers/STM32F4xx_HAL_Driver/Src/stm32f4xx_hal_adc.c ****         /* Return error status */
 617:Drivers/STM32F4/Drivers/STM32F4xx_HAL_Driver/Src/stm32f4xx_hal_adc.c ****         status =  HAL_ERROR;
 618:Drivers/STM32F4/Drivers/STM32F4xx_HAL_Driver/Src/stm32f4xx_hal_adc.c ****         break;
 619:Drivers/STM32F4/Drivers/STM32F4xx_HAL_Driver/Src/stm32f4xx_hal_adc.c ****     }
 620:Drivers/STM32F4/Drivers/STM32F4xx_HAL_Driver/Src/stm32f4xx_hal_adc.c ****   }
 621:Drivers/STM32F4/Drivers/STM32F4xx_HAL_Driver/Src/stm32f4xx_hal_adc.c ****   else if (HAL_ADC_STATE_RESET == hadc->State)
 622:Drivers/STM32F4/Drivers/STM32F4xx_HAL_Driver/Src/stm32f4xx_hal_adc.c ****   {
 623:Drivers/STM32F4/Drivers/STM32F4xx_HAL_Driver/Src/stm32f4xx_hal_adc.c ****     switch (CallbackID)
 624:Drivers/STM32F4/Drivers/STM32F4xx_HAL_Driver/Src/stm32f4xx_hal_adc.c ****     {
 625:Drivers/STM32F4/Drivers/STM32F4xx_HAL_Driver/Src/stm32f4xx_hal_adc.c ****       case HAL_ADC_MSPINIT_CB_ID :
 626:Drivers/STM32F4/Drivers/STM32F4xx_HAL_Driver/Src/stm32f4xx_hal_adc.c ****         hadc->MspInitCallback = HAL_ADC_MspInit;                   /* Legacy weak MspInit          
 627:Drivers/STM32F4/Drivers/STM32F4xx_HAL_Driver/Src/stm32f4xx_hal_adc.c ****         break;
 628:Drivers/STM32F4/Drivers/STM32F4xx_HAL_Driver/Src/stm32f4xx_hal_adc.c **** 
 629:Drivers/STM32F4/Drivers/STM32F4xx_HAL_Driver/Src/stm32f4xx_hal_adc.c ****       case HAL_ADC_MSPDEINIT_CB_ID :
 630:Drivers/STM32F4/Drivers/STM32F4xx_HAL_Driver/Src/stm32f4xx_hal_adc.c ****         hadc->MspDeInitCallback = HAL_ADC_MspDeInit;               /* Legacy weak MspDeInit        
 631:Drivers/STM32F4/Drivers/STM32F4xx_HAL_Driver/Src/stm32f4xx_hal_adc.c ****         break;
 632:Drivers/STM32F4/Drivers/STM32F4xx_HAL_Driver/Src/stm32f4xx_hal_adc.c **** 
 633:Drivers/STM32F4/Drivers/STM32F4xx_HAL_Driver/Src/stm32f4xx_hal_adc.c ****       default :
 634:Drivers/STM32F4/Drivers/STM32F4xx_HAL_Driver/Src/stm32f4xx_hal_adc.c ****         /* Update the error code */
 635:Drivers/STM32F4/Drivers/STM32F4xx_HAL_Driver/Src/stm32f4xx_hal_adc.c ****         hadc->ErrorCode |= HAL_ADC_ERROR_INVALID_CALLBACK;
 636:Drivers/STM32F4/Drivers/STM32F4xx_HAL_Driver/Src/stm32f4xx_hal_adc.c **** 
 637:Drivers/STM32F4/Drivers/STM32F4xx_HAL_Driver/Src/stm32f4xx_hal_adc.c ****         /* Return error status */
 638:Drivers/STM32F4/Drivers/STM32F4xx_HAL_Driver/Src/stm32f4xx_hal_adc.c ****         status =  HAL_ERROR;
 639:Drivers/STM32F4/Drivers/STM32F4xx_HAL_Driver/Src/stm32f4xx_hal_adc.c ****         break;
 640:Drivers/STM32F4/Drivers/STM32F4xx_HAL_Driver/Src/stm32f4xx_hal_adc.c ****     }
 641:Drivers/STM32F4/Drivers/STM32F4xx_HAL_Driver/Src/stm32f4xx_hal_adc.c ****   }
 642:Drivers/STM32F4/Drivers/STM32F4xx_HAL_Driver/Src/stm32f4xx_hal_adc.c ****   else
 643:Drivers/STM32F4/Drivers/STM32F4xx_HAL_Driver/Src/stm32f4xx_hal_adc.c ****   {
 644:Drivers/STM32F4/Drivers/STM32F4xx_HAL_Driver/Src/stm32f4xx_hal_adc.c ****     /* Update the error code */
ARM GAS  /tmp/cciQ8ehY.s 			page 13


 645:Drivers/STM32F4/Drivers/STM32F4xx_HAL_Driver/Src/stm32f4xx_hal_adc.c ****     hadc->ErrorCode |= HAL_ADC_ERROR_INVALID_CALLBACK;
 646:Drivers/STM32F4/Drivers/STM32F4xx_HAL_Driver/Src/stm32f4xx_hal_adc.c **** 
 647:Drivers/STM32F4/Drivers/STM32F4xx_HAL_Driver/Src/stm32f4xx_hal_adc.c ****     /* Return error status */
 648:Drivers/STM32F4/Drivers/STM32F4xx_HAL_Driver/Src/stm32f4xx_hal_adc.c ****     status =  HAL_ERROR;
 649:Drivers/STM32F4/Drivers/STM32F4xx_HAL_Driver/Src/stm32f4xx_hal_adc.c ****   }
 650:Drivers/STM32F4/Drivers/STM32F4xx_HAL_Driver/Src/stm32f4xx_hal_adc.c **** 
 651:Drivers/STM32F4/Drivers/STM32F4xx_HAL_Driver/Src/stm32f4xx_hal_adc.c ****   return status;
 652:Drivers/STM32F4/Drivers/STM32F4xx_HAL_Driver/Src/stm32f4xx_hal_adc.c **** }
 653:Drivers/STM32F4/Drivers/STM32F4xx_HAL_Driver/Src/stm32f4xx_hal_adc.c **** 
 654:Drivers/STM32F4/Drivers/STM32F4xx_HAL_Driver/Src/stm32f4xx_hal_adc.c **** #endif /* USE_HAL_ADC_REGISTER_CALLBACKS */
 655:Drivers/STM32F4/Drivers/STM32F4xx_HAL_Driver/Src/stm32f4xx_hal_adc.c **** 
 656:Drivers/STM32F4/Drivers/STM32F4xx_HAL_Driver/Src/stm32f4xx_hal_adc.c **** /**
 657:Drivers/STM32F4/Drivers/STM32F4xx_HAL_Driver/Src/stm32f4xx_hal_adc.c ****   * @brief  Initializes the ADC MSP.
 658:Drivers/STM32F4/Drivers/STM32F4xx_HAL_Driver/Src/stm32f4xx_hal_adc.c ****   * @param  hadc pointer to a ADC_HandleTypeDef structure that contains
 659:Drivers/STM32F4/Drivers/STM32F4xx_HAL_Driver/Src/stm32f4xx_hal_adc.c ****   *         the configuration information for the specified ADC.
 660:Drivers/STM32F4/Drivers/STM32F4xx_HAL_Driver/Src/stm32f4xx_hal_adc.c ****   * @retval None
 661:Drivers/STM32F4/Drivers/STM32F4xx_HAL_Driver/Src/stm32f4xx_hal_adc.c ****   */
 662:Drivers/STM32F4/Drivers/STM32F4xx_HAL_Driver/Src/stm32f4xx_hal_adc.c **** __weak void HAL_ADC_MspInit(ADC_HandleTypeDef *hadc)
 663:Drivers/STM32F4/Drivers/STM32F4xx_HAL_Driver/Src/stm32f4xx_hal_adc.c **** {
 664:Drivers/STM32F4/Drivers/STM32F4xx_HAL_Driver/Src/stm32f4xx_hal_adc.c ****   /* Prevent unused argument(s) compilation warning */
 665:Drivers/STM32F4/Drivers/STM32F4xx_HAL_Driver/Src/stm32f4xx_hal_adc.c ****   UNUSED(hadc);
 666:Drivers/STM32F4/Drivers/STM32F4xx_HAL_Driver/Src/stm32f4xx_hal_adc.c ****   /* NOTE : This function Should not be modified, when the callback is needed,
 667:Drivers/STM32F4/Drivers/STM32F4xx_HAL_Driver/Src/stm32f4xx_hal_adc.c ****             the HAL_ADC_MspInit could be implemented in the user file
 668:Drivers/STM32F4/Drivers/STM32F4xx_HAL_Driver/Src/stm32f4xx_hal_adc.c ****    */
 669:Drivers/STM32F4/Drivers/STM32F4xx_HAL_Driver/Src/stm32f4xx_hal_adc.c **** }
 670:Drivers/STM32F4/Drivers/STM32F4xx_HAL_Driver/Src/stm32f4xx_hal_adc.c **** 
 671:Drivers/STM32F4/Drivers/STM32F4xx_HAL_Driver/Src/stm32f4xx_hal_adc.c **** /**
 672:Drivers/STM32F4/Drivers/STM32F4xx_HAL_Driver/Src/stm32f4xx_hal_adc.c ****   * @brief  DeInitializes the ADC MSP.
 673:Drivers/STM32F4/Drivers/STM32F4xx_HAL_Driver/Src/stm32f4xx_hal_adc.c ****   * @param  hadc pointer to a ADC_HandleTypeDef structure that contains
 674:Drivers/STM32F4/Drivers/STM32F4xx_HAL_Driver/Src/stm32f4xx_hal_adc.c ****   *         the configuration information for the specified ADC.
 675:Drivers/STM32F4/Drivers/STM32F4xx_HAL_Driver/Src/stm32f4xx_hal_adc.c ****   * @retval None
 676:Drivers/STM32F4/Drivers/STM32F4xx_HAL_Driver/Src/stm32f4xx_hal_adc.c ****   */
 677:Drivers/STM32F4/Drivers/STM32F4xx_HAL_Driver/Src/stm32f4xx_hal_adc.c **** __weak void HAL_ADC_MspDeInit(ADC_HandleTypeDef *hadc)
 678:Drivers/STM32F4/Drivers/STM32F4xx_HAL_Driver/Src/stm32f4xx_hal_adc.c **** {
 679:Drivers/STM32F4/Drivers/STM32F4xx_HAL_Driver/Src/stm32f4xx_hal_adc.c ****   /* Prevent unused argument(s) compilation warning */
 680:Drivers/STM32F4/Drivers/STM32F4xx_HAL_Driver/Src/stm32f4xx_hal_adc.c ****   UNUSED(hadc);
 681:Drivers/STM32F4/Drivers/STM32F4xx_HAL_Driver/Src/stm32f4xx_hal_adc.c ****   /* NOTE : This function Should not be modified, when the callback is needed,
 682:Drivers/STM32F4/Drivers/STM32F4xx_HAL_Driver/Src/stm32f4xx_hal_adc.c ****             the HAL_ADC_MspDeInit could be implemented in the user file
 683:Drivers/STM32F4/Drivers/STM32F4xx_HAL_Driver/Src/stm32f4xx_hal_adc.c ****    */
 684:Drivers/STM32F4/Drivers/STM32F4xx_HAL_Driver/Src/stm32f4xx_hal_adc.c **** }
 685:Drivers/STM32F4/Drivers/STM32F4xx_HAL_Driver/Src/stm32f4xx_hal_adc.c **** 
 686:Drivers/STM32F4/Drivers/STM32F4xx_HAL_Driver/Src/stm32f4xx_hal_adc.c **** /**
 687:Drivers/STM32F4/Drivers/STM32F4xx_HAL_Driver/Src/stm32f4xx_hal_adc.c ****   * @}
 688:Drivers/STM32F4/Drivers/STM32F4xx_HAL_Driver/Src/stm32f4xx_hal_adc.c ****   */
 689:Drivers/STM32F4/Drivers/STM32F4xx_HAL_Driver/Src/stm32f4xx_hal_adc.c **** 
 690:Drivers/STM32F4/Drivers/STM32F4xx_HAL_Driver/Src/stm32f4xx_hal_adc.c **** /** @defgroup ADC_Exported_Functions_Group2 IO operation functions
 691:Drivers/STM32F4/Drivers/STM32F4xx_HAL_Driver/Src/stm32f4xx_hal_adc.c ****  *  @brief    IO operation functions
 692:Drivers/STM32F4/Drivers/STM32F4xx_HAL_Driver/Src/stm32f4xx_hal_adc.c ****  *
 693:Drivers/STM32F4/Drivers/STM32F4xx_HAL_Driver/Src/stm32f4xx_hal_adc.c **** @verbatim
 694:Drivers/STM32F4/Drivers/STM32F4xx_HAL_Driver/Src/stm32f4xx_hal_adc.c ****  ===============================================================================
 695:Drivers/STM32F4/Drivers/STM32F4xx_HAL_Driver/Src/stm32f4xx_hal_adc.c ****              ##### IO operation functions #####
 696:Drivers/STM32F4/Drivers/STM32F4xx_HAL_Driver/Src/stm32f4xx_hal_adc.c ****  ===============================================================================
 697:Drivers/STM32F4/Drivers/STM32F4xx_HAL_Driver/Src/stm32f4xx_hal_adc.c ****     [..]  This section provides functions allowing to:
 698:Drivers/STM32F4/Drivers/STM32F4xx_HAL_Driver/Src/stm32f4xx_hal_adc.c ****       (+) Start conversion of regular channel.
 699:Drivers/STM32F4/Drivers/STM32F4xx_HAL_Driver/Src/stm32f4xx_hal_adc.c ****       (+) Stop conversion of regular channel.
 700:Drivers/STM32F4/Drivers/STM32F4xx_HAL_Driver/Src/stm32f4xx_hal_adc.c ****       (+) Start conversion of regular channel and enable interrupt.
 701:Drivers/STM32F4/Drivers/STM32F4xx_HAL_Driver/Src/stm32f4xx_hal_adc.c ****       (+) Stop conversion of regular channel and disable interrupt.
ARM GAS  /tmp/cciQ8ehY.s 			page 14


 702:Drivers/STM32F4/Drivers/STM32F4xx_HAL_Driver/Src/stm32f4xx_hal_adc.c ****       (+) Start conversion of regular channel and enable DMA transfer.
 703:Drivers/STM32F4/Drivers/STM32F4xx_HAL_Driver/Src/stm32f4xx_hal_adc.c ****       (+) Stop conversion of regular channel and disable DMA transfer.
 704:Drivers/STM32F4/Drivers/STM32F4xx_HAL_Driver/Src/stm32f4xx_hal_adc.c ****       (+) Handle ADC interrupt request.
 705:Drivers/STM32F4/Drivers/STM32F4xx_HAL_Driver/Src/stm32f4xx_hal_adc.c **** 
 706:Drivers/STM32F4/Drivers/STM32F4xx_HAL_Driver/Src/stm32f4xx_hal_adc.c **** @endverbatim
 707:Drivers/STM32F4/Drivers/STM32F4xx_HAL_Driver/Src/stm32f4xx_hal_adc.c ****   * @{
 708:Drivers/STM32F4/Drivers/STM32F4xx_HAL_Driver/Src/stm32f4xx_hal_adc.c ****   */
 709:Drivers/STM32F4/Drivers/STM32F4xx_HAL_Driver/Src/stm32f4xx_hal_adc.c **** 
 710:Drivers/STM32F4/Drivers/STM32F4xx_HAL_Driver/Src/stm32f4xx_hal_adc.c **** /**
 711:Drivers/STM32F4/Drivers/STM32F4xx_HAL_Driver/Src/stm32f4xx_hal_adc.c ****   * @brief  Enables ADC and starts conversion of the regular channels.
 712:Drivers/STM32F4/Drivers/STM32F4xx_HAL_Driver/Src/stm32f4xx_hal_adc.c ****   * @param  hadc pointer to a ADC_HandleTypeDef structure that contains
 713:Drivers/STM32F4/Drivers/STM32F4xx_HAL_Driver/Src/stm32f4xx_hal_adc.c ****   *         the configuration information for the specified ADC.
 714:Drivers/STM32F4/Drivers/STM32F4xx_HAL_Driver/Src/stm32f4xx_hal_adc.c ****   * @retval HAL status
 715:Drivers/STM32F4/Drivers/STM32F4xx_HAL_Driver/Src/stm32f4xx_hal_adc.c ****   */
 716:Drivers/STM32F4/Drivers/STM32F4xx_HAL_Driver/Src/stm32f4xx_hal_adc.c **** HAL_StatusTypeDef HAL_ADC_Start(ADC_HandleTypeDef *hadc)
 717:Drivers/STM32F4/Drivers/STM32F4xx_HAL_Driver/Src/stm32f4xx_hal_adc.c **** {
 718:Drivers/STM32F4/Drivers/STM32F4xx_HAL_Driver/Src/stm32f4xx_hal_adc.c ****   __IO uint32_t counter = 0U;
 719:Drivers/STM32F4/Drivers/STM32F4xx_HAL_Driver/Src/stm32f4xx_hal_adc.c ****   ADC_Common_TypeDef *tmpADC_Common;
 720:Drivers/STM32F4/Drivers/STM32F4xx_HAL_Driver/Src/stm32f4xx_hal_adc.c **** 
 721:Drivers/STM32F4/Drivers/STM32F4xx_HAL_Driver/Src/stm32f4xx_hal_adc.c ****   /* Check the parameters */
 722:Drivers/STM32F4/Drivers/STM32F4xx_HAL_Driver/Src/stm32f4xx_hal_adc.c ****   assert_param(IS_FUNCTIONAL_STATE(hadc->Init.ContinuousConvMode));
 723:Drivers/STM32F4/Drivers/STM32F4xx_HAL_Driver/Src/stm32f4xx_hal_adc.c ****   assert_param(IS_ADC_EXT_TRIG_EDGE(hadc->Init.ExternalTrigConvEdge));
 724:Drivers/STM32F4/Drivers/STM32F4xx_HAL_Driver/Src/stm32f4xx_hal_adc.c **** 
 725:Drivers/STM32F4/Drivers/STM32F4xx_HAL_Driver/Src/stm32f4xx_hal_adc.c ****   /* Process locked */
 726:Drivers/STM32F4/Drivers/STM32F4xx_HAL_Driver/Src/stm32f4xx_hal_adc.c ****   __HAL_LOCK(hadc);
 727:Drivers/STM32F4/Drivers/STM32F4xx_HAL_Driver/Src/stm32f4xx_hal_adc.c **** 
 728:Drivers/STM32F4/Drivers/STM32F4xx_HAL_Driver/Src/stm32f4xx_hal_adc.c ****   /* Enable the ADC peripheral */
 729:Drivers/STM32F4/Drivers/STM32F4xx_HAL_Driver/Src/stm32f4xx_hal_adc.c ****   /* Check if ADC peripheral is disabled in order to enable it and wait during
 730:Drivers/STM32F4/Drivers/STM32F4xx_HAL_Driver/Src/stm32f4xx_hal_adc.c ****   Tstab time the ADC's stabilization */
 731:Drivers/STM32F4/Drivers/STM32F4xx_HAL_Driver/Src/stm32f4xx_hal_adc.c ****   if ((hadc->Instance->CR2 & ADC_CR2_ADON) != ADC_CR2_ADON)
 732:Drivers/STM32F4/Drivers/STM32F4xx_HAL_Driver/Src/stm32f4xx_hal_adc.c ****   {
 733:Drivers/STM32F4/Drivers/STM32F4xx_HAL_Driver/Src/stm32f4xx_hal_adc.c ****     /* Enable the Peripheral */
 734:Drivers/STM32F4/Drivers/STM32F4xx_HAL_Driver/Src/stm32f4xx_hal_adc.c ****     __HAL_ADC_ENABLE(hadc);
 735:Drivers/STM32F4/Drivers/STM32F4xx_HAL_Driver/Src/stm32f4xx_hal_adc.c **** 
 736:Drivers/STM32F4/Drivers/STM32F4xx_HAL_Driver/Src/stm32f4xx_hal_adc.c ****     /* Delay for ADC stabilization time */
 737:Drivers/STM32F4/Drivers/STM32F4xx_HAL_Driver/Src/stm32f4xx_hal_adc.c ****     /* Compute number of CPU cycles to wait for */
 738:Drivers/STM32F4/Drivers/STM32F4xx_HAL_Driver/Src/stm32f4xx_hal_adc.c ****     counter = (ADC_STAB_DELAY_US * (SystemCoreClock / 1000000U));
 739:Drivers/STM32F4/Drivers/STM32F4xx_HAL_Driver/Src/stm32f4xx_hal_adc.c ****     while (counter != 0U)
 740:Drivers/STM32F4/Drivers/STM32F4xx_HAL_Driver/Src/stm32f4xx_hal_adc.c ****     {
 741:Drivers/STM32F4/Drivers/STM32F4xx_HAL_Driver/Src/stm32f4xx_hal_adc.c ****       counter--;
 742:Drivers/STM32F4/Drivers/STM32F4xx_HAL_Driver/Src/stm32f4xx_hal_adc.c ****     }
 743:Drivers/STM32F4/Drivers/STM32F4xx_HAL_Driver/Src/stm32f4xx_hal_adc.c ****   }
 744:Drivers/STM32F4/Drivers/STM32F4xx_HAL_Driver/Src/stm32f4xx_hal_adc.c **** 
 745:Drivers/STM32F4/Drivers/STM32F4xx_HAL_Driver/Src/stm32f4xx_hal_adc.c ****   /* Start conversion if ADC is effectively enabled */
 746:Drivers/STM32F4/Drivers/STM32F4xx_HAL_Driver/Src/stm32f4xx_hal_adc.c ****   if (HAL_IS_BIT_SET(hadc->Instance->CR2, ADC_CR2_ADON))
 747:Drivers/STM32F4/Drivers/STM32F4xx_HAL_Driver/Src/stm32f4xx_hal_adc.c ****   {
 748:Drivers/STM32F4/Drivers/STM32F4xx_HAL_Driver/Src/stm32f4xx_hal_adc.c ****     /* Set ADC state                                                          */
 749:Drivers/STM32F4/Drivers/STM32F4xx_HAL_Driver/Src/stm32f4xx_hal_adc.c ****     /* - Clear state bitfield related to regular group conversion results     */
 750:Drivers/STM32F4/Drivers/STM32F4xx_HAL_Driver/Src/stm32f4xx_hal_adc.c ****     /* - Set state bitfield related to regular group operation                */
 751:Drivers/STM32F4/Drivers/STM32F4xx_HAL_Driver/Src/stm32f4xx_hal_adc.c ****     ADC_STATE_CLR_SET(hadc->State,
 752:Drivers/STM32F4/Drivers/STM32F4xx_HAL_Driver/Src/stm32f4xx_hal_adc.c ****                       HAL_ADC_STATE_READY | HAL_ADC_STATE_REG_EOC | HAL_ADC_STATE_REG_OVR,
 753:Drivers/STM32F4/Drivers/STM32F4xx_HAL_Driver/Src/stm32f4xx_hal_adc.c ****                       HAL_ADC_STATE_REG_BUSY);
 754:Drivers/STM32F4/Drivers/STM32F4xx_HAL_Driver/Src/stm32f4xx_hal_adc.c **** 
 755:Drivers/STM32F4/Drivers/STM32F4xx_HAL_Driver/Src/stm32f4xx_hal_adc.c ****     /* If conversions on group regular are also triggering group injected,    */
 756:Drivers/STM32F4/Drivers/STM32F4xx_HAL_Driver/Src/stm32f4xx_hal_adc.c ****     /* update ADC state.                                                      */
 757:Drivers/STM32F4/Drivers/STM32F4xx_HAL_Driver/Src/stm32f4xx_hal_adc.c ****     if (READ_BIT(hadc->Instance->CR1, ADC_CR1_JAUTO) != RESET)
 758:Drivers/STM32F4/Drivers/STM32F4xx_HAL_Driver/Src/stm32f4xx_hal_adc.c ****     {
ARM GAS  /tmp/cciQ8ehY.s 			page 15


 759:Drivers/STM32F4/Drivers/STM32F4xx_HAL_Driver/Src/stm32f4xx_hal_adc.c ****       ADC_STATE_CLR_SET(hadc->State, HAL_ADC_STATE_INJ_EOC, HAL_ADC_STATE_INJ_BUSY);
 760:Drivers/STM32F4/Drivers/STM32F4xx_HAL_Driver/Src/stm32f4xx_hal_adc.c ****     }
 761:Drivers/STM32F4/Drivers/STM32F4xx_HAL_Driver/Src/stm32f4xx_hal_adc.c **** 
 762:Drivers/STM32F4/Drivers/STM32F4xx_HAL_Driver/Src/stm32f4xx_hal_adc.c ****     /* State machine update: Check if an injected conversion is ongoing */
 763:Drivers/STM32F4/Drivers/STM32F4xx_HAL_Driver/Src/stm32f4xx_hal_adc.c ****     if (HAL_IS_BIT_SET(hadc->State, HAL_ADC_STATE_INJ_BUSY))
 764:Drivers/STM32F4/Drivers/STM32F4xx_HAL_Driver/Src/stm32f4xx_hal_adc.c ****     {
 765:Drivers/STM32F4/Drivers/STM32F4xx_HAL_Driver/Src/stm32f4xx_hal_adc.c ****       /* Reset ADC error code fields related to conversions on group regular */
 766:Drivers/STM32F4/Drivers/STM32F4xx_HAL_Driver/Src/stm32f4xx_hal_adc.c ****       CLEAR_BIT(hadc->ErrorCode, (HAL_ADC_ERROR_OVR | HAL_ADC_ERROR_DMA));
 767:Drivers/STM32F4/Drivers/STM32F4xx_HAL_Driver/Src/stm32f4xx_hal_adc.c ****     }
 768:Drivers/STM32F4/Drivers/STM32F4xx_HAL_Driver/Src/stm32f4xx_hal_adc.c ****     else
 769:Drivers/STM32F4/Drivers/STM32F4xx_HAL_Driver/Src/stm32f4xx_hal_adc.c ****     {
 770:Drivers/STM32F4/Drivers/STM32F4xx_HAL_Driver/Src/stm32f4xx_hal_adc.c ****       /* Reset ADC all error code fields */
 771:Drivers/STM32F4/Drivers/STM32F4xx_HAL_Driver/Src/stm32f4xx_hal_adc.c ****       ADC_CLEAR_ERRORCODE(hadc);
 772:Drivers/STM32F4/Drivers/STM32F4xx_HAL_Driver/Src/stm32f4xx_hal_adc.c ****     }
 773:Drivers/STM32F4/Drivers/STM32F4xx_HAL_Driver/Src/stm32f4xx_hal_adc.c **** 
 774:Drivers/STM32F4/Drivers/STM32F4xx_HAL_Driver/Src/stm32f4xx_hal_adc.c ****     /* Process unlocked */
 775:Drivers/STM32F4/Drivers/STM32F4xx_HAL_Driver/Src/stm32f4xx_hal_adc.c ****     /* Unlock before starting ADC conversions: in case of potential           */
 776:Drivers/STM32F4/Drivers/STM32F4xx_HAL_Driver/Src/stm32f4xx_hal_adc.c ****     /* interruption, to let the process to ADC IRQ Handler.                   */
 777:Drivers/STM32F4/Drivers/STM32F4xx_HAL_Driver/Src/stm32f4xx_hal_adc.c ****     __HAL_UNLOCK(hadc);
 778:Drivers/STM32F4/Drivers/STM32F4xx_HAL_Driver/Src/stm32f4xx_hal_adc.c **** 
 779:Drivers/STM32F4/Drivers/STM32F4xx_HAL_Driver/Src/stm32f4xx_hal_adc.c ****     /* Pointer to the common control register to which is belonging hadc    */
 780:Drivers/STM32F4/Drivers/STM32F4xx_HAL_Driver/Src/stm32f4xx_hal_adc.c ****     /* (Depending on STM32F4 product, there may be up to 3 ADCs and 1 common */
 781:Drivers/STM32F4/Drivers/STM32F4xx_HAL_Driver/Src/stm32f4xx_hal_adc.c ****     /* control register)                                                    */
 782:Drivers/STM32F4/Drivers/STM32F4xx_HAL_Driver/Src/stm32f4xx_hal_adc.c ****     tmpADC_Common = ADC_COMMON_REGISTER(hadc);
 783:Drivers/STM32F4/Drivers/STM32F4xx_HAL_Driver/Src/stm32f4xx_hal_adc.c **** 
 784:Drivers/STM32F4/Drivers/STM32F4xx_HAL_Driver/Src/stm32f4xx_hal_adc.c ****     /* Clear regular group conversion flag and overrun flag */
 785:Drivers/STM32F4/Drivers/STM32F4xx_HAL_Driver/Src/stm32f4xx_hal_adc.c ****     /* (To ensure of no unknown state from potential previous ADC operations) */
 786:Drivers/STM32F4/Drivers/STM32F4xx_HAL_Driver/Src/stm32f4xx_hal_adc.c ****     __HAL_ADC_CLEAR_FLAG(hadc, ADC_FLAG_EOC | ADC_FLAG_OVR);
 787:Drivers/STM32F4/Drivers/STM32F4xx_HAL_Driver/Src/stm32f4xx_hal_adc.c **** 
 788:Drivers/STM32F4/Drivers/STM32F4xx_HAL_Driver/Src/stm32f4xx_hal_adc.c ****     /* Check if Multimode enabled */
 789:Drivers/STM32F4/Drivers/STM32F4xx_HAL_Driver/Src/stm32f4xx_hal_adc.c ****     if (HAL_IS_BIT_CLR(tmpADC_Common->CCR, ADC_CCR_MULTI))
 790:Drivers/STM32F4/Drivers/STM32F4xx_HAL_Driver/Src/stm32f4xx_hal_adc.c ****     {
 791:Drivers/STM32F4/Drivers/STM32F4xx_HAL_Driver/Src/stm32f4xx_hal_adc.c **** #if defined(ADC2) && defined(ADC3)
 792:Drivers/STM32F4/Drivers/STM32F4xx_HAL_Driver/Src/stm32f4xx_hal_adc.c ****       if ((hadc->Instance == ADC1) || ((hadc->Instance == ADC2) && ((ADC->CCR & ADC_CCR_MULTI_Msk) 
 793:Drivers/STM32F4/Drivers/STM32F4xx_HAL_Driver/Src/stm32f4xx_hal_adc.c ****           || ((hadc->Instance == ADC3) && ((ADC->CCR & ADC_CCR_MULTI_Msk) < ADC_CCR_MULTI_4)))
 794:Drivers/STM32F4/Drivers/STM32F4xx_HAL_Driver/Src/stm32f4xx_hal_adc.c ****       {
 795:Drivers/STM32F4/Drivers/STM32F4xx_HAL_Driver/Src/stm32f4xx_hal_adc.c **** #endif /* ADC2 || ADC3 */
 796:Drivers/STM32F4/Drivers/STM32F4xx_HAL_Driver/Src/stm32f4xx_hal_adc.c ****         /* if no external trigger present enable software conversion of regular channels */
 797:Drivers/STM32F4/Drivers/STM32F4xx_HAL_Driver/Src/stm32f4xx_hal_adc.c ****         if ((hadc->Instance->CR2 & ADC_CR2_EXTEN) == RESET)
 798:Drivers/STM32F4/Drivers/STM32F4xx_HAL_Driver/Src/stm32f4xx_hal_adc.c ****         {
 799:Drivers/STM32F4/Drivers/STM32F4xx_HAL_Driver/Src/stm32f4xx_hal_adc.c ****           /* Enable the selected ADC software conversion for regular group */
 800:Drivers/STM32F4/Drivers/STM32F4xx_HAL_Driver/Src/stm32f4xx_hal_adc.c ****           hadc->Instance->CR2 |= (uint32_t)ADC_CR2_SWSTART;
 801:Drivers/STM32F4/Drivers/STM32F4xx_HAL_Driver/Src/stm32f4xx_hal_adc.c ****         }
 802:Drivers/STM32F4/Drivers/STM32F4xx_HAL_Driver/Src/stm32f4xx_hal_adc.c **** #if defined(ADC2) && defined(ADC3)
 803:Drivers/STM32F4/Drivers/STM32F4xx_HAL_Driver/Src/stm32f4xx_hal_adc.c ****       }
 804:Drivers/STM32F4/Drivers/STM32F4xx_HAL_Driver/Src/stm32f4xx_hal_adc.c **** #endif /* ADC2 || ADC3 */
 805:Drivers/STM32F4/Drivers/STM32F4xx_HAL_Driver/Src/stm32f4xx_hal_adc.c ****     }
 806:Drivers/STM32F4/Drivers/STM32F4xx_HAL_Driver/Src/stm32f4xx_hal_adc.c ****     else
 807:Drivers/STM32F4/Drivers/STM32F4xx_HAL_Driver/Src/stm32f4xx_hal_adc.c ****     {
 808:Drivers/STM32F4/Drivers/STM32F4xx_HAL_Driver/Src/stm32f4xx_hal_adc.c ****       /* if instance of handle correspond to ADC1 and  no external trigger present enable software 
 809:Drivers/STM32F4/Drivers/STM32F4xx_HAL_Driver/Src/stm32f4xx_hal_adc.c ****       if ((hadc->Instance == ADC1) && ((hadc->Instance->CR2 & ADC_CR2_EXTEN) == RESET))
 810:Drivers/STM32F4/Drivers/STM32F4xx_HAL_Driver/Src/stm32f4xx_hal_adc.c ****       {
 811:Drivers/STM32F4/Drivers/STM32F4xx_HAL_Driver/Src/stm32f4xx_hal_adc.c ****         /* Enable the selected ADC software conversion for regular group */
 812:Drivers/STM32F4/Drivers/STM32F4xx_HAL_Driver/Src/stm32f4xx_hal_adc.c ****         hadc->Instance->CR2 |= (uint32_t)ADC_CR2_SWSTART;
 813:Drivers/STM32F4/Drivers/STM32F4xx_HAL_Driver/Src/stm32f4xx_hal_adc.c ****       }
 814:Drivers/STM32F4/Drivers/STM32F4xx_HAL_Driver/Src/stm32f4xx_hal_adc.c ****     }
 815:Drivers/STM32F4/Drivers/STM32F4xx_HAL_Driver/Src/stm32f4xx_hal_adc.c ****   }
ARM GAS  /tmp/cciQ8ehY.s 			page 16


 816:Drivers/STM32F4/Drivers/STM32F4xx_HAL_Driver/Src/stm32f4xx_hal_adc.c ****   else
 817:Drivers/STM32F4/Drivers/STM32F4xx_HAL_Driver/Src/stm32f4xx_hal_adc.c ****   {
 818:Drivers/STM32F4/Drivers/STM32F4xx_HAL_Driver/Src/stm32f4xx_hal_adc.c ****     /* Update ADC state machine to error */
 819:Drivers/STM32F4/Drivers/STM32F4xx_HAL_Driver/Src/stm32f4xx_hal_adc.c ****     SET_BIT(hadc->State, HAL_ADC_STATE_ERROR_INTERNAL);
 820:Drivers/STM32F4/Drivers/STM32F4xx_HAL_Driver/Src/stm32f4xx_hal_adc.c **** 
 821:Drivers/STM32F4/Drivers/STM32F4xx_HAL_Driver/Src/stm32f4xx_hal_adc.c ****     /* Set ADC error code to ADC IP internal error */
 822:Drivers/STM32F4/Drivers/STM32F4xx_HAL_Driver/Src/stm32f4xx_hal_adc.c ****     SET_BIT(hadc->ErrorCode, HAL_ADC_ERROR_INTERNAL);
 823:Drivers/STM32F4/Drivers/STM32F4xx_HAL_Driver/Src/stm32f4xx_hal_adc.c ****   }
 824:Drivers/STM32F4/Drivers/STM32F4xx_HAL_Driver/Src/stm32f4xx_hal_adc.c **** 
 825:Drivers/STM32F4/Drivers/STM32F4xx_HAL_Driver/Src/stm32f4xx_hal_adc.c ****   /* Return function status */
 826:Drivers/STM32F4/Drivers/STM32F4xx_HAL_Driver/Src/stm32f4xx_hal_adc.c ****   return HAL_OK;
 827:Drivers/STM32F4/Drivers/STM32F4xx_HAL_Driver/Src/stm32f4xx_hal_adc.c **** }
 828:Drivers/STM32F4/Drivers/STM32F4xx_HAL_Driver/Src/stm32f4xx_hal_adc.c **** 
 829:Drivers/STM32F4/Drivers/STM32F4xx_HAL_Driver/Src/stm32f4xx_hal_adc.c **** /**
 830:Drivers/STM32F4/Drivers/STM32F4xx_HAL_Driver/Src/stm32f4xx_hal_adc.c ****   * @brief  Disables ADC and stop conversion of regular channels.
 831:Drivers/STM32F4/Drivers/STM32F4xx_HAL_Driver/Src/stm32f4xx_hal_adc.c ****   *
 832:Drivers/STM32F4/Drivers/STM32F4xx_HAL_Driver/Src/stm32f4xx_hal_adc.c ****   * @note   Caution: This function will stop also injected channels.
 833:Drivers/STM32F4/Drivers/STM32F4xx_HAL_Driver/Src/stm32f4xx_hal_adc.c ****   *
 834:Drivers/STM32F4/Drivers/STM32F4xx_HAL_Driver/Src/stm32f4xx_hal_adc.c ****   * @param  hadc pointer to a ADC_HandleTypeDef structure that contains
 835:Drivers/STM32F4/Drivers/STM32F4xx_HAL_Driver/Src/stm32f4xx_hal_adc.c ****   *         the configuration information for the specified ADC.
 836:Drivers/STM32F4/Drivers/STM32F4xx_HAL_Driver/Src/stm32f4xx_hal_adc.c ****   *
 837:Drivers/STM32F4/Drivers/STM32F4xx_HAL_Driver/Src/stm32f4xx_hal_adc.c ****   * @retval HAL status.
 838:Drivers/STM32F4/Drivers/STM32F4xx_HAL_Driver/Src/stm32f4xx_hal_adc.c ****   */
 839:Drivers/STM32F4/Drivers/STM32F4xx_HAL_Driver/Src/stm32f4xx_hal_adc.c **** HAL_StatusTypeDef HAL_ADC_Stop(ADC_HandleTypeDef *hadc)
 840:Drivers/STM32F4/Drivers/STM32F4xx_HAL_Driver/Src/stm32f4xx_hal_adc.c **** {
 841:Drivers/STM32F4/Drivers/STM32F4xx_HAL_Driver/Src/stm32f4xx_hal_adc.c ****   /* Check the parameters */
 842:Drivers/STM32F4/Drivers/STM32F4xx_HAL_Driver/Src/stm32f4xx_hal_adc.c ****   assert_param(IS_ADC_ALL_INSTANCE(hadc->Instance));
 843:Drivers/STM32F4/Drivers/STM32F4xx_HAL_Driver/Src/stm32f4xx_hal_adc.c **** 
 844:Drivers/STM32F4/Drivers/STM32F4xx_HAL_Driver/Src/stm32f4xx_hal_adc.c ****   /* Process locked */
 845:Drivers/STM32F4/Drivers/STM32F4xx_HAL_Driver/Src/stm32f4xx_hal_adc.c ****   __HAL_LOCK(hadc);
 846:Drivers/STM32F4/Drivers/STM32F4xx_HAL_Driver/Src/stm32f4xx_hal_adc.c **** 
 847:Drivers/STM32F4/Drivers/STM32F4xx_HAL_Driver/Src/stm32f4xx_hal_adc.c ****   /* Stop potential conversion on going, on regular and injected groups */
 848:Drivers/STM32F4/Drivers/STM32F4xx_HAL_Driver/Src/stm32f4xx_hal_adc.c ****   /* Disable ADC peripheral */
 849:Drivers/STM32F4/Drivers/STM32F4xx_HAL_Driver/Src/stm32f4xx_hal_adc.c ****   __HAL_ADC_DISABLE(hadc);
 850:Drivers/STM32F4/Drivers/STM32F4xx_HAL_Driver/Src/stm32f4xx_hal_adc.c **** 
 851:Drivers/STM32F4/Drivers/STM32F4xx_HAL_Driver/Src/stm32f4xx_hal_adc.c ****   /* Check if ADC is effectively disabled */
 852:Drivers/STM32F4/Drivers/STM32F4xx_HAL_Driver/Src/stm32f4xx_hal_adc.c ****   if (HAL_IS_BIT_CLR(hadc->Instance->CR2, ADC_CR2_ADON))
 853:Drivers/STM32F4/Drivers/STM32F4xx_HAL_Driver/Src/stm32f4xx_hal_adc.c ****   {
 854:Drivers/STM32F4/Drivers/STM32F4xx_HAL_Driver/Src/stm32f4xx_hal_adc.c ****     /* Set ADC state */
 855:Drivers/STM32F4/Drivers/STM32F4xx_HAL_Driver/Src/stm32f4xx_hal_adc.c ****     ADC_STATE_CLR_SET(hadc->State,
 856:Drivers/STM32F4/Drivers/STM32F4xx_HAL_Driver/Src/stm32f4xx_hal_adc.c ****                       HAL_ADC_STATE_REG_BUSY | HAL_ADC_STATE_INJ_BUSY,
 857:Drivers/STM32F4/Drivers/STM32F4xx_HAL_Driver/Src/stm32f4xx_hal_adc.c ****                       HAL_ADC_STATE_READY);
 858:Drivers/STM32F4/Drivers/STM32F4xx_HAL_Driver/Src/stm32f4xx_hal_adc.c ****   }
 859:Drivers/STM32F4/Drivers/STM32F4xx_HAL_Driver/Src/stm32f4xx_hal_adc.c **** 
 860:Drivers/STM32F4/Drivers/STM32F4xx_HAL_Driver/Src/stm32f4xx_hal_adc.c ****   /* Process unlocked */
 861:Drivers/STM32F4/Drivers/STM32F4xx_HAL_Driver/Src/stm32f4xx_hal_adc.c ****   __HAL_UNLOCK(hadc);
 862:Drivers/STM32F4/Drivers/STM32F4xx_HAL_Driver/Src/stm32f4xx_hal_adc.c **** 
 863:Drivers/STM32F4/Drivers/STM32F4xx_HAL_Driver/Src/stm32f4xx_hal_adc.c ****   /* Return function status */
 864:Drivers/STM32F4/Drivers/STM32F4xx_HAL_Driver/Src/stm32f4xx_hal_adc.c ****   return HAL_OK;
 865:Drivers/STM32F4/Drivers/STM32F4xx_HAL_Driver/Src/stm32f4xx_hal_adc.c **** }
 866:Drivers/STM32F4/Drivers/STM32F4xx_HAL_Driver/Src/stm32f4xx_hal_adc.c **** 
 867:Drivers/STM32F4/Drivers/STM32F4xx_HAL_Driver/Src/stm32f4xx_hal_adc.c **** /**
 868:Drivers/STM32F4/Drivers/STM32F4xx_HAL_Driver/Src/stm32f4xx_hal_adc.c ****   * @brief  Poll for regular conversion complete
 869:Drivers/STM32F4/Drivers/STM32F4xx_HAL_Driver/Src/stm32f4xx_hal_adc.c ****   * @note   ADC conversion flags EOS (end of sequence) and EOC (end of
 870:Drivers/STM32F4/Drivers/STM32F4xx_HAL_Driver/Src/stm32f4xx_hal_adc.c ****   *         conversion) are cleared by this function.
 871:Drivers/STM32F4/Drivers/STM32F4xx_HAL_Driver/Src/stm32f4xx_hal_adc.c ****   * @note   This function cannot be used in a particular setup: ADC configured
 872:Drivers/STM32F4/Drivers/STM32F4xx_HAL_Driver/Src/stm32f4xx_hal_adc.c ****   *         in DMA mode and polling for end of each conversion (ADC init
ARM GAS  /tmp/cciQ8ehY.s 			page 17


 873:Drivers/STM32F4/Drivers/STM32F4xx_HAL_Driver/Src/stm32f4xx_hal_adc.c ****   *         parameter "EOCSelection" set to ADC_EOC_SINGLE_CONV).
 874:Drivers/STM32F4/Drivers/STM32F4xx_HAL_Driver/Src/stm32f4xx_hal_adc.c ****   *         In this case, DMA resets the flag EOC and polling cannot be
 875:Drivers/STM32F4/Drivers/STM32F4xx_HAL_Driver/Src/stm32f4xx_hal_adc.c ****   *         performed on each conversion. Nevertheless, polling can still
 876:Drivers/STM32F4/Drivers/STM32F4xx_HAL_Driver/Src/stm32f4xx_hal_adc.c ****   *         be performed on the complete sequence.
 877:Drivers/STM32F4/Drivers/STM32F4xx_HAL_Driver/Src/stm32f4xx_hal_adc.c ****   * @param  hadc pointer to a ADC_HandleTypeDef structure that contains
 878:Drivers/STM32F4/Drivers/STM32F4xx_HAL_Driver/Src/stm32f4xx_hal_adc.c ****   *         the configuration information for the specified ADC.
 879:Drivers/STM32F4/Drivers/STM32F4xx_HAL_Driver/Src/stm32f4xx_hal_adc.c ****   * @param  Timeout Timeout value in millisecond.
 880:Drivers/STM32F4/Drivers/STM32F4xx_HAL_Driver/Src/stm32f4xx_hal_adc.c ****   * @retval HAL status
 881:Drivers/STM32F4/Drivers/STM32F4xx_HAL_Driver/Src/stm32f4xx_hal_adc.c ****   */
 882:Drivers/STM32F4/Drivers/STM32F4xx_HAL_Driver/Src/stm32f4xx_hal_adc.c **** HAL_StatusTypeDef HAL_ADC_PollForConversion(ADC_HandleTypeDef *hadc, uint32_t Timeout)
 883:Drivers/STM32F4/Drivers/STM32F4xx_HAL_Driver/Src/stm32f4xx_hal_adc.c **** {
 884:Drivers/STM32F4/Drivers/STM32F4xx_HAL_Driver/Src/stm32f4xx_hal_adc.c ****   uint32_t tickstart = 0U;
 885:Drivers/STM32F4/Drivers/STM32F4xx_HAL_Driver/Src/stm32f4xx_hal_adc.c **** 
 886:Drivers/STM32F4/Drivers/STM32F4xx_HAL_Driver/Src/stm32f4xx_hal_adc.c ****   /* Verification that ADC configuration is compliant with polling for      */
 887:Drivers/STM32F4/Drivers/STM32F4xx_HAL_Driver/Src/stm32f4xx_hal_adc.c ****   /* each conversion:                                                       */
 888:Drivers/STM32F4/Drivers/STM32F4xx_HAL_Driver/Src/stm32f4xx_hal_adc.c ****   /* Particular case is ADC configured in DMA mode and ADC sequencer with   */
 889:Drivers/STM32F4/Drivers/STM32F4xx_HAL_Driver/Src/stm32f4xx_hal_adc.c ****   /* several ranks and polling for end of each conversion.                  */
 890:Drivers/STM32F4/Drivers/STM32F4xx_HAL_Driver/Src/stm32f4xx_hal_adc.c ****   /* For code simplicity sake, this particular case is generalized to       */
 891:Drivers/STM32F4/Drivers/STM32F4xx_HAL_Driver/Src/stm32f4xx_hal_adc.c ****   /* ADC configured in DMA mode and polling for end of each conversion.     */
 892:Drivers/STM32F4/Drivers/STM32F4xx_HAL_Driver/Src/stm32f4xx_hal_adc.c ****   if (HAL_IS_BIT_SET(hadc->Instance->CR2, ADC_CR2_EOCS) &&
 893:Drivers/STM32F4/Drivers/STM32F4xx_HAL_Driver/Src/stm32f4xx_hal_adc.c ****       HAL_IS_BIT_SET(hadc->Instance->CR2, ADC_CR2_DMA))
 894:Drivers/STM32F4/Drivers/STM32F4xx_HAL_Driver/Src/stm32f4xx_hal_adc.c ****   {
 895:Drivers/STM32F4/Drivers/STM32F4xx_HAL_Driver/Src/stm32f4xx_hal_adc.c ****     /* Update ADC state machine to error */
 896:Drivers/STM32F4/Drivers/STM32F4xx_HAL_Driver/Src/stm32f4xx_hal_adc.c ****     SET_BIT(hadc->State, HAL_ADC_STATE_ERROR_CONFIG);
 897:Drivers/STM32F4/Drivers/STM32F4xx_HAL_Driver/Src/stm32f4xx_hal_adc.c **** 
 898:Drivers/STM32F4/Drivers/STM32F4xx_HAL_Driver/Src/stm32f4xx_hal_adc.c ****     /* Process unlocked */
 899:Drivers/STM32F4/Drivers/STM32F4xx_HAL_Driver/Src/stm32f4xx_hal_adc.c ****     __HAL_UNLOCK(hadc);
 900:Drivers/STM32F4/Drivers/STM32F4xx_HAL_Driver/Src/stm32f4xx_hal_adc.c **** 
 901:Drivers/STM32F4/Drivers/STM32F4xx_HAL_Driver/Src/stm32f4xx_hal_adc.c ****     return HAL_ERROR;
 902:Drivers/STM32F4/Drivers/STM32F4xx_HAL_Driver/Src/stm32f4xx_hal_adc.c ****   }
 903:Drivers/STM32F4/Drivers/STM32F4xx_HAL_Driver/Src/stm32f4xx_hal_adc.c **** 
 904:Drivers/STM32F4/Drivers/STM32F4xx_HAL_Driver/Src/stm32f4xx_hal_adc.c ****   /* Get tick */
 905:Drivers/STM32F4/Drivers/STM32F4xx_HAL_Driver/Src/stm32f4xx_hal_adc.c ****   tickstart = HAL_GetTick();
 906:Drivers/STM32F4/Drivers/STM32F4xx_HAL_Driver/Src/stm32f4xx_hal_adc.c **** 
 907:Drivers/STM32F4/Drivers/STM32F4xx_HAL_Driver/Src/stm32f4xx_hal_adc.c ****   /* Check End of conversion flag */
 908:Drivers/STM32F4/Drivers/STM32F4xx_HAL_Driver/Src/stm32f4xx_hal_adc.c ****   while (!(__HAL_ADC_GET_FLAG(hadc, ADC_FLAG_EOC)))
 909:Drivers/STM32F4/Drivers/STM32F4xx_HAL_Driver/Src/stm32f4xx_hal_adc.c ****   {
 910:Drivers/STM32F4/Drivers/STM32F4xx_HAL_Driver/Src/stm32f4xx_hal_adc.c ****     /* Check if timeout is disabled (set to infinite wait) */
 911:Drivers/STM32F4/Drivers/STM32F4xx_HAL_Driver/Src/stm32f4xx_hal_adc.c ****     if (Timeout != HAL_MAX_DELAY)
 912:Drivers/STM32F4/Drivers/STM32F4xx_HAL_Driver/Src/stm32f4xx_hal_adc.c ****     {
 913:Drivers/STM32F4/Drivers/STM32F4xx_HAL_Driver/Src/stm32f4xx_hal_adc.c ****       if ((Timeout == 0U) || ((HAL_GetTick() - tickstart) > Timeout))
 914:Drivers/STM32F4/Drivers/STM32F4xx_HAL_Driver/Src/stm32f4xx_hal_adc.c ****       {
 915:Drivers/STM32F4/Drivers/STM32F4xx_HAL_Driver/Src/stm32f4xx_hal_adc.c ****         /* New check to avoid false timeout detection in case of preemption */
 916:Drivers/STM32F4/Drivers/STM32F4xx_HAL_Driver/Src/stm32f4xx_hal_adc.c ****         if (!(__HAL_ADC_GET_FLAG(hadc, ADC_FLAG_EOC)))
 917:Drivers/STM32F4/Drivers/STM32F4xx_HAL_Driver/Src/stm32f4xx_hal_adc.c ****         {
 918:Drivers/STM32F4/Drivers/STM32F4xx_HAL_Driver/Src/stm32f4xx_hal_adc.c ****           /* Update ADC state machine to timeout */
 919:Drivers/STM32F4/Drivers/STM32F4xx_HAL_Driver/Src/stm32f4xx_hal_adc.c ****           SET_BIT(hadc->State, HAL_ADC_STATE_TIMEOUT);
 920:Drivers/STM32F4/Drivers/STM32F4xx_HAL_Driver/Src/stm32f4xx_hal_adc.c **** 
 921:Drivers/STM32F4/Drivers/STM32F4xx_HAL_Driver/Src/stm32f4xx_hal_adc.c ****           /* Process unlocked */
 922:Drivers/STM32F4/Drivers/STM32F4xx_HAL_Driver/Src/stm32f4xx_hal_adc.c ****           __HAL_UNLOCK(hadc);
 923:Drivers/STM32F4/Drivers/STM32F4xx_HAL_Driver/Src/stm32f4xx_hal_adc.c **** 
 924:Drivers/STM32F4/Drivers/STM32F4xx_HAL_Driver/Src/stm32f4xx_hal_adc.c ****           return HAL_TIMEOUT;
 925:Drivers/STM32F4/Drivers/STM32F4xx_HAL_Driver/Src/stm32f4xx_hal_adc.c ****         }
 926:Drivers/STM32F4/Drivers/STM32F4xx_HAL_Driver/Src/stm32f4xx_hal_adc.c ****       }
 927:Drivers/STM32F4/Drivers/STM32F4xx_HAL_Driver/Src/stm32f4xx_hal_adc.c ****     }
 928:Drivers/STM32F4/Drivers/STM32F4xx_HAL_Driver/Src/stm32f4xx_hal_adc.c ****   }
 929:Drivers/STM32F4/Drivers/STM32F4xx_HAL_Driver/Src/stm32f4xx_hal_adc.c **** 
ARM GAS  /tmp/cciQ8ehY.s 			page 18


 930:Drivers/STM32F4/Drivers/STM32F4xx_HAL_Driver/Src/stm32f4xx_hal_adc.c ****   /* Clear regular group conversion flag */
 931:Drivers/STM32F4/Drivers/STM32F4xx_HAL_Driver/Src/stm32f4xx_hal_adc.c ****   __HAL_ADC_CLEAR_FLAG(hadc, ADC_FLAG_STRT | ADC_FLAG_EOC);
 932:Drivers/STM32F4/Drivers/STM32F4xx_HAL_Driver/Src/stm32f4xx_hal_adc.c **** 
 933:Drivers/STM32F4/Drivers/STM32F4xx_HAL_Driver/Src/stm32f4xx_hal_adc.c ****   /* Update ADC state machine */
 934:Drivers/STM32F4/Drivers/STM32F4xx_HAL_Driver/Src/stm32f4xx_hal_adc.c ****   SET_BIT(hadc->State, HAL_ADC_STATE_REG_EOC);
 935:Drivers/STM32F4/Drivers/STM32F4xx_HAL_Driver/Src/stm32f4xx_hal_adc.c **** 
 936:Drivers/STM32F4/Drivers/STM32F4xx_HAL_Driver/Src/stm32f4xx_hal_adc.c ****   /* Determine whether any further conversion upcoming on group regular       */
 937:Drivers/STM32F4/Drivers/STM32F4xx_HAL_Driver/Src/stm32f4xx_hal_adc.c ****   /* by external trigger, continuous mode or scan sequence on going.          */
 938:Drivers/STM32F4/Drivers/STM32F4xx_HAL_Driver/Src/stm32f4xx_hal_adc.c ****   /* Note: On STM32F4, there is no independent flag of end of sequence.       */
 939:Drivers/STM32F4/Drivers/STM32F4xx_HAL_Driver/Src/stm32f4xx_hal_adc.c ****   /*       The test of scan sequence on going is done either with scan        */
 940:Drivers/STM32F4/Drivers/STM32F4xx_HAL_Driver/Src/stm32f4xx_hal_adc.c ****   /*       sequence disabled or with end of conversion flag set to            */
 941:Drivers/STM32F4/Drivers/STM32F4xx_HAL_Driver/Src/stm32f4xx_hal_adc.c ****   /*       of end of sequence.                                                */
 942:Drivers/STM32F4/Drivers/STM32F4xx_HAL_Driver/Src/stm32f4xx_hal_adc.c ****   if (ADC_IS_SOFTWARE_START_REGULAR(hadc)                   &&
 943:Drivers/STM32F4/Drivers/STM32F4xx_HAL_Driver/Src/stm32f4xx_hal_adc.c ****       (hadc->Init.ContinuousConvMode == DISABLE)            &&
 944:Drivers/STM32F4/Drivers/STM32F4xx_HAL_Driver/Src/stm32f4xx_hal_adc.c ****       (HAL_IS_BIT_CLR(hadc->Instance->SQR1, ADC_SQR1_L) ||
 945:Drivers/STM32F4/Drivers/STM32F4xx_HAL_Driver/Src/stm32f4xx_hal_adc.c ****        HAL_IS_BIT_CLR(hadc->Instance->CR2, ADC_CR2_EOCS)))
 946:Drivers/STM32F4/Drivers/STM32F4xx_HAL_Driver/Src/stm32f4xx_hal_adc.c ****   {
 947:Drivers/STM32F4/Drivers/STM32F4xx_HAL_Driver/Src/stm32f4xx_hal_adc.c ****     /* Set ADC state */
 948:Drivers/STM32F4/Drivers/STM32F4xx_HAL_Driver/Src/stm32f4xx_hal_adc.c ****     CLEAR_BIT(hadc->State, HAL_ADC_STATE_REG_BUSY);
 949:Drivers/STM32F4/Drivers/STM32F4xx_HAL_Driver/Src/stm32f4xx_hal_adc.c **** 
 950:Drivers/STM32F4/Drivers/STM32F4xx_HAL_Driver/Src/stm32f4xx_hal_adc.c ****     if (HAL_IS_BIT_CLR(hadc->State, HAL_ADC_STATE_INJ_BUSY))
 951:Drivers/STM32F4/Drivers/STM32F4xx_HAL_Driver/Src/stm32f4xx_hal_adc.c ****     {
 952:Drivers/STM32F4/Drivers/STM32F4xx_HAL_Driver/Src/stm32f4xx_hal_adc.c ****       SET_BIT(hadc->State, HAL_ADC_STATE_READY);
 953:Drivers/STM32F4/Drivers/STM32F4xx_HAL_Driver/Src/stm32f4xx_hal_adc.c ****     }
 954:Drivers/STM32F4/Drivers/STM32F4xx_HAL_Driver/Src/stm32f4xx_hal_adc.c ****   }
 955:Drivers/STM32F4/Drivers/STM32F4xx_HAL_Driver/Src/stm32f4xx_hal_adc.c **** 
 956:Drivers/STM32F4/Drivers/STM32F4xx_HAL_Driver/Src/stm32f4xx_hal_adc.c ****   /* Return ADC state */
 957:Drivers/STM32F4/Drivers/STM32F4xx_HAL_Driver/Src/stm32f4xx_hal_adc.c ****   return HAL_OK;
 958:Drivers/STM32F4/Drivers/STM32F4xx_HAL_Driver/Src/stm32f4xx_hal_adc.c **** }
 959:Drivers/STM32F4/Drivers/STM32F4xx_HAL_Driver/Src/stm32f4xx_hal_adc.c **** 
 960:Drivers/STM32F4/Drivers/STM32F4xx_HAL_Driver/Src/stm32f4xx_hal_adc.c **** /**
 961:Drivers/STM32F4/Drivers/STM32F4xx_HAL_Driver/Src/stm32f4xx_hal_adc.c ****   * @brief  Poll for conversion event
 962:Drivers/STM32F4/Drivers/STM32F4xx_HAL_Driver/Src/stm32f4xx_hal_adc.c ****   * @param  hadc pointer to a ADC_HandleTypeDef structure that contains
 963:Drivers/STM32F4/Drivers/STM32F4xx_HAL_Driver/Src/stm32f4xx_hal_adc.c ****   *         the configuration information for the specified ADC.
 964:Drivers/STM32F4/Drivers/STM32F4xx_HAL_Driver/Src/stm32f4xx_hal_adc.c ****   * @param  EventType the ADC event type.
 965:Drivers/STM32F4/Drivers/STM32F4xx_HAL_Driver/Src/stm32f4xx_hal_adc.c ****   *          This parameter can be one of the following values:
 966:Drivers/STM32F4/Drivers/STM32F4xx_HAL_Driver/Src/stm32f4xx_hal_adc.c ****   *            @arg ADC_AWD_EVENT: ADC Analog watch Dog event.
 967:Drivers/STM32F4/Drivers/STM32F4xx_HAL_Driver/Src/stm32f4xx_hal_adc.c ****   *            @arg ADC_OVR_EVENT: ADC Overrun event.
 968:Drivers/STM32F4/Drivers/STM32F4xx_HAL_Driver/Src/stm32f4xx_hal_adc.c ****   * @param  Timeout Timeout value in millisecond.
 969:Drivers/STM32F4/Drivers/STM32F4xx_HAL_Driver/Src/stm32f4xx_hal_adc.c ****   * @retval HAL status
 970:Drivers/STM32F4/Drivers/STM32F4xx_HAL_Driver/Src/stm32f4xx_hal_adc.c ****   */
 971:Drivers/STM32F4/Drivers/STM32F4xx_HAL_Driver/Src/stm32f4xx_hal_adc.c **** HAL_StatusTypeDef HAL_ADC_PollForEvent(ADC_HandleTypeDef *hadc, uint32_t EventType, uint32_t Timeou
 972:Drivers/STM32F4/Drivers/STM32F4xx_HAL_Driver/Src/stm32f4xx_hal_adc.c **** {
 973:Drivers/STM32F4/Drivers/STM32F4xx_HAL_Driver/Src/stm32f4xx_hal_adc.c ****   uint32_t tickstart = 0U;
 974:Drivers/STM32F4/Drivers/STM32F4xx_HAL_Driver/Src/stm32f4xx_hal_adc.c **** 
 975:Drivers/STM32F4/Drivers/STM32F4xx_HAL_Driver/Src/stm32f4xx_hal_adc.c ****   /* Check the parameters */
 976:Drivers/STM32F4/Drivers/STM32F4xx_HAL_Driver/Src/stm32f4xx_hal_adc.c ****   assert_param(IS_ADC_ALL_INSTANCE(hadc->Instance));
 977:Drivers/STM32F4/Drivers/STM32F4xx_HAL_Driver/Src/stm32f4xx_hal_adc.c ****   assert_param(IS_ADC_EVENT_TYPE(EventType));
 978:Drivers/STM32F4/Drivers/STM32F4xx_HAL_Driver/Src/stm32f4xx_hal_adc.c **** 
 979:Drivers/STM32F4/Drivers/STM32F4xx_HAL_Driver/Src/stm32f4xx_hal_adc.c ****   /* Get tick */
 980:Drivers/STM32F4/Drivers/STM32F4xx_HAL_Driver/Src/stm32f4xx_hal_adc.c ****   tickstart = HAL_GetTick();
 981:Drivers/STM32F4/Drivers/STM32F4xx_HAL_Driver/Src/stm32f4xx_hal_adc.c **** 
 982:Drivers/STM32F4/Drivers/STM32F4xx_HAL_Driver/Src/stm32f4xx_hal_adc.c ****   /* Check selected event flag */
 983:Drivers/STM32F4/Drivers/STM32F4xx_HAL_Driver/Src/stm32f4xx_hal_adc.c ****   while (!(__HAL_ADC_GET_FLAG(hadc, EventType)))
 984:Drivers/STM32F4/Drivers/STM32F4xx_HAL_Driver/Src/stm32f4xx_hal_adc.c ****   {
 985:Drivers/STM32F4/Drivers/STM32F4xx_HAL_Driver/Src/stm32f4xx_hal_adc.c ****     /* Check for the Timeout */
 986:Drivers/STM32F4/Drivers/STM32F4xx_HAL_Driver/Src/stm32f4xx_hal_adc.c ****     if (Timeout != HAL_MAX_DELAY)
ARM GAS  /tmp/cciQ8ehY.s 			page 19


 987:Drivers/STM32F4/Drivers/STM32F4xx_HAL_Driver/Src/stm32f4xx_hal_adc.c ****     {
 988:Drivers/STM32F4/Drivers/STM32F4xx_HAL_Driver/Src/stm32f4xx_hal_adc.c ****       if ((Timeout == 0U) || ((HAL_GetTick() - tickstart) > Timeout))
 989:Drivers/STM32F4/Drivers/STM32F4xx_HAL_Driver/Src/stm32f4xx_hal_adc.c ****       {
 990:Drivers/STM32F4/Drivers/STM32F4xx_HAL_Driver/Src/stm32f4xx_hal_adc.c ****         /* New check to avoid false timeout detection in case of preemption */
 991:Drivers/STM32F4/Drivers/STM32F4xx_HAL_Driver/Src/stm32f4xx_hal_adc.c ****         if (!(__HAL_ADC_GET_FLAG(hadc, EventType)))
 992:Drivers/STM32F4/Drivers/STM32F4xx_HAL_Driver/Src/stm32f4xx_hal_adc.c ****         {
 993:Drivers/STM32F4/Drivers/STM32F4xx_HAL_Driver/Src/stm32f4xx_hal_adc.c ****           /* Update ADC state machine to timeout */
 994:Drivers/STM32F4/Drivers/STM32F4xx_HAL_Driver/Src/stm32f4xx_hal_adc.c ****           SET_BIT(hadc->State, HAL_ADC_STATE_TIMEOUT);
 995:Drivers/STM32F4/Drivers/STM32F4xx_HAL_Driver/Src/stm32f4xx_hal_adc.c **** 
 996:Drivers/STM32F4/Drivers/STM32F4xx_HAL_Driver/Src/stm32f4xx_hal_adc.c ****           /* Process unlocked */
 997:Drivers/STM32F4/Drivers/STM32F4xx_HAL_Driver/Src/stm32f4xx_hal_adc.c ****           __HAL_UNLOCK(hadc);
 998:Drivers/STM32F4/Drivers/STM32F4xx_HAL_Driver/Src/stm32f4xx_hal_adc.c **** 
 999:Drivers/STM32F4/Drivers/STM32F4xx_HAL_Driver/Src/stm32f4xx_hal_adc.c ****           return HAL_TIMEOUT;
1000:Drivers/STM32F4/Drivers/STM32F4xx_HAL_Driver/Src/stm32f4xx_hal_adc.c ****         }
1001:Drivers/STM32F4/Drivers/STM32F4xx_HAL_Driver/Src/stm32f4xx_hal_adc.c ****       }
1002:Drivers/STM32F4/Drivers/STM32F4xx_HAL_Driver/Src/stm32f4xx_hal_adc.c ****     }
1003:Drivers/STM32F4/Drivers/STM32F4xx_HAL_Driver/Src/stm32f4xx_hal_adc.c ****   }
1004:Drivers/STM32F4/Drivers/STM32F4xx_HAL_Driver/Src/stm32f4xx_hal_adc.c **** 
1005:Drivers/STM32F4/Drivers/STM32F4xx_HAL_Driver/Src/stm32f4xx_hal_adc.c ****   /* Analog watchdog (level out of window) event */
1006:Drivers/STM32F4/Drivers/STM32F4xx_HAL_Driver/Src/stm32f4xx_hal_adc.c ****   if (EventType == ADC_AWD_EVENT)
1007:Drivers/STM32F4/Drivers/STM32F4xx_HAL_Driver/Src/stm32f4xx_hal_adc.c ****   {
1008:Drivers/STM32F4/Drivers/STM32F4xx_HAL_Driver/Src/stm32f4xx_hal_adc.c ****     /* Set ADC state */
1009:Drivers/STM32F4/Drivers/STM32F4xx_HAL_Driver/Src/stm32f4xx_hal_adc.c ****     SET_BIT(hadc->State, HAL_ADC_STATE_AWD1);
1010:Drivers/STM32F4/Drivers/STM32F4xx_HAL_Driver/Src/stm32f4xx_hal_adc.c **** 
1011:Drivers/STM32F4/Drivers/STM32F4xx_HAL_Driver/Src/stm32f4xx_hal_adc.c ****     /* Clear ADC analog watchdog flag */
1012:Drivers/STM32F4/Drivers/STM32F4xx_HAL_Driver/Src/stm32f4xx_hal_adc.c ****     __HAL_ADC_CLEAR_FLAG(hadc, ADC_FLAG_AWD);
1013:Drivers/STM32F4/Drivers/STM32F4xx_HAL_Driver/Src/stm32f4xx_hal_adc.c ****   }
1014:Drivers/STM32F4/Drivers/STM32F4xx_HAL_Driver/Src/stm32f4xx_hal_adc.c ****   /* Overrun event */
1015:Drivers/STM32F4/Drivers/STM32F4xx_HAL_Driver/Src/stm32f4xx_hal_adc.c ****   else
1016:Drivers/STM32F4/Drivers/STM32F4xx_HAL_Driver/Src/stm32f4xx_hal_adc.c ****   {
1017:Drivers/STM32F4/Drivers/STM32F4xx_HAL_Driver/Src/stm32f4xx_hal_adc.c ****     /* Set ADC state */
1018:Drivers/STM32F4/Drivers/STM32F4xx_HAL_Driver/Src/stm32f4xx_hal_adc.c ****     SET_BIT(hadc->State, HAL_ADC_STATE_REG_OVR);
1019:Drivers/STM32F4/Drivers/STM32F4xx_HAL_Driver/Src/stm32f4xx_hal_adc.c ****     /* Set ADC error code to overrun */
1020:Drivers/STM32F4/Drivers/STM32F4xx_HAL_Driver/Src/stm32f4xx_hal_adc.c ****     SET_BIT(hadc->ErrorCode, HAL_ADC_ERROR_OVR);
1021:Drivers/STM32F4/Drivers/STM32F4xx_HAL_Driver/Src/stm32f4xx_hal_adc.c **** 
1022:Drivers/STM32F4/Drivers/STM32F4xx_HAL_Driver/Src/stm32f4xx_hal_adc.c ****     /* Clear ADC overrun flag */
1023:Drivers/STM32F4/Drivers/STM32F4xx_HAL_Driver/Src/stm32f4xx_hal_adc.c ****     __HAL_ADC_CLEAR_FLAG(hadc, ADC_FLAG_OVR);
1024:Drivers/STM32F4/Drivers/STM32F4xx_HAL_Driver/Src/stm32f4xx_hal_adc.c ****   }
1025:Drivers/STM32F4/Drivers/STM32F4xx_HAL_Driver/Src/stm32f4xx_hal_adc.c **** 
1026:Drivers/STM32F4/Drivers/STM32F4xx_HAL_Driver/Src/stm32f4xx_hal_adc.c ****   /* Return ADC state */
1027:Drivers/STM32F4/Drivers/STM32F4xx_HAL_Driver/Src/stm32f4xx_hal_adc.c ****   return HAL_OK;
1028:Drivers/STM32F4/Drivers/STM32F4xx_HAL_Driver/Src/stm32f4xx_hal_adc.c **** }
1029:Drivers/STM32F4/Drivers/STM32F4xx_HAL_Driver/Src/stm32f4xx_hal_adc.c **** 
1030:Drivers/STM32F4/Drivers/STM32F4xx_HAL_Driver/Src/stm32f4xx_hal_adc.c **** 
1031:Drivers/STM32F4/Drivers/STM32F4xx_HAL_Driver/Src/stm32f4xx_hal_adc.c **** /**
1032:Drivers/STM32F4/Drivers/STM32F4xx_HAL_Driver/Src/stm32f4xx_hal_adc.c ****   * @brief  Enables the interrupt and starts ADC conversion of regular channels.
1033:Drivers/STM32F4/Drivers/STM32F4xx_HAL_Driver/Src/stm32f4xx_hal_adc.c ****   * @param  hadc pointer to a ADC_HandleTypeDef structure that contains
1034:Drivers/STM32F4/Drivers/STM32F4xx_HAL_Driver/Src/stm32f4xx_hal_adc.c ****   *         the configuration information for the specified ADC.
1035:Drivers/STM32F4/Drivers/STM32F4xx_HAL_Driver/Src/stm32f4xx_hal_adc.c ****   * @retval HAL status.
1036:Drivers/STM32F4/Drivers/STM32F4xx_HAL_Driver/Src/stm32f4xx_hal_adc.c ****   */
1037:Drivers/STM32F4/Drivers/STM32F4xx_HAL_Driver/Src/stm32f4xx_hal_adc.c **** HAL_StatusTypeDef HAL_ADC_Start_IT(ADC_HandleTypeDef *hadc)
1038:Drivers/STM32F4/Drivers/STM32F4xx_HAL_Driver/Src/stm32f4xx_hal_adc.c **** {
1039:Drivers/STM32F4/Drivers/STM32F4xx_HAL_Driver/Src/stm32f4xx_hal_adc.c ****   __IO uint32_t counter = 0U;
1040:Drivers/STM32F4/Drivers/STM32F4xx_HAL_Driver/Src/stm32f4xx_hal_adc.c ****   ADC_Common_TypeDef *tmpADC_Common;
1041:Drivers/STM32F4/Drivers/STM32F4xx_HAL_Driver/Src/stm32f4xx_hal_adc.c **** 
1042:Drivers/STM32F4/Drivers/STM32F4xx_HAL_Driver/Src/stm32f4xx_hal_adc.c ****   /* Check the parameters */
1043:Drivers/STM32F4/Drivers/STM32F4xx_HAL_Driver/Src/stm32f4xx_hal_adc.c ****   assert_param(IS_FUNCTIONAL_STATE(hadc->Init.ContinuousConvMode));
ARM GAS  /tmp/cciQ8ehY.s 			page 20


1044:Drivers/STM32F4/Drivers/STM32F4xx_HAL_Driver/Src/stm32f4xx_hal_adc.c ****   assert_param(IS_ADC_EXT_TRIG_EDGE(hadc->Init.ExternalTrigConvEdge));
1045:Drivers/STM32F4/Drivers/STM32F4xx_HAL_Driver/Src/stm32f4xx_hal_adc.c **** 
1046:Drivers/STM32F4/Drivers/STM32F4xx_HAL_Driver/Src/stm32f4xx_hal_adc.c ****   /* Process locked */
1047:Drivers/STM32F4/Drivers/STM32F4xx_HAL_Driver/Src/stm32f4xx_hal_adc.c ****   __HAL_LOCK(hadc);
1048:Drivers/STM32F4/Drivers/STM32F4xx_HAL_Driver/Src/stm32f4xx_hal_adc.c **** 
1049:Drivers/STM32F4/Drivers/STM32F4xx_HAL_Driver/Src/stm32f4xx_hal_adc.c ****   /* Enable the ADC peripheral */
1050:Drivers/STM32F4/Drivers/STM32F4xx_HAL_Driver/Src/stm32f4xx_hal_adc.c ****   /* Check if ADC peripheral is disabled in order to enable it and wait during
1051:Drivers/STM32F4/Drivers/STM32F4xx_HAL_Driver/Src/stm32f4xx_hal_adc.c ****   Tstab time the ADC's stabilization */
1052:Drivers/STM32F4/Drivers/STM32F4xx_HAL_Driver/Src/stm32f4xx_hal_adc.c ****   if ((hadc->Instance->CR2 & ADC_CR2_ADON) != ADC_CR2_ADON)
1053:Drivers/STM32F4/Drivers/STM32F4xx_HAL_Driver/Src/stm32f4xx_hal_adc.c ****   {
1054:Drivers/STM32F4/Drivers/STM32F4xx_HAL_Driver/Src/stm32f4xx_hal_adc.c ****     /* Enable the Peripheral */
1055:Drivers/STM32F4/Drivers/STM32F4xx_HAL_Driver/Src/stm32f4xx_hal_adc.c ****     __HAL_ADC_ENABLE(hadc);
1056:Drivers/STM32F4/Drivers/STM32F4xx_HAL_Driver/Src/stm32f4xx_hal_adc.c **** 
1057:Drivers/STM32F4/Drivers/STM32F4xx_HAL_Driver/Src/stm32f4xx_hal_adc.c ****     /* Delay for ADC stabilization time */
1058:Drivers/STM32F4/Drivers/STM32F4xx_HAL_Driver/Src/stm32f4xx_hal_adc.c ****     /* Compute number of CPU cycles to wait for */
1059:Drivers/STM32F4/Drivers/STM32F4xx_HAL_Driver/Src/stm32f4xx_hal_adc.c ****     counter = (ADC_STAB_DELAY_US * (SystemCoreClock / 1000000U));
1060:Drivers/STM32F4/Drivers/STM32F4xx_HAL_Driver/Src/stm32f4xx_hal_adc.c ****     while (counter != 0U)
1061:Drivers/STM32F4/Drivers/STM32F4xx_HAL_Driver/Src/stm32f4xx_hal_adc.c ****     {
1062:Drivers/STM32F4/Drivers/STM32F4xx_HAL_Driver/Src/stm32f4xx_hal_adc.c ****       counter--;
1063:Drivers/STM32F4/Drivers/STM32F4xx_HAL_Driver/Src/stm32f4xx_hal_adc.c ****     }
1064:Drivers/STM32F4/Drivers/STM32F4xx_HAL_Driver/Src/stm32f4xx_hal_adc.c ****   }
1065:Drivers/STM32F4/Drivers/STM32F4xx_HAL_Driver/Src/stm32f4xx_hal_adc.c **** 
1066:Drivers/STM32F4/Drivers/STM32F4xx_HAL_Driver/Src/stm32f4xx_hal_adc.c ****   /* Start conversion if ADC is effectively enabled */
1067:Drivers/STM32F4/Drivers/STM32F4xx_HAL_Driver/Src/stm32f4xx_hal_adc.c ****   if (HAL_IS_BIT_SET(hadc->Instance->CR2, ADC_CR2_ADON))
1068:Drivers/STM32F4/Drivers/STM32F4xx_HAL_Driver/Src/stm32f4xx_hal_adc.c ****   {
1069:Drivers/STM32F4/Drivers/STM32F4xx_HAL_Driver/Src/stm32f4xx_hal_adc.c ****     /* Set ADC state                                                          */
1070:Drivers/STM32F4/Drivers/STM32F4xx_HAL_Driver/Src/stm32f4xx_hal_adc.c ****     /* - Clear state bitfield related to regular group conversion results     */
1071:Drivers/STM32F4/Drivers/STM32F4xx_HAL_Driver/Src/stm32f4xx_hal_adc.c ****     /* - Set state bitfield related to regular group operation                */
1072:Drivers/STM32F4/Drivers/STM32F4xx_HAL_Driver/Src/stm32f4xx_hal_adc.c ****     ADC_STATE_CLR_SET(hadc->State,
1073:Drivers/STM32F4/Drivers/STM32F4xx_HAL_Driver/Src/stm32f4xx_hal_adc.c ****                       HAL_ADC_STATE_READY | HAL_ADC_STATE_REG_EOC | HAL_ADC_STATE_REG_OVR,
1074:Drivers/STM32F4/Drivers/STM32F4xx_HAL_Driver/Src/stm32f4xx_hal_adc.c ****                       HAL_ADC_STATE_REG_BUSY);
1075:Drivers/STM32F4/Drivers/STM32F4xx_HAL_Driver/Src/stm32f4xx_hal_adc.c **** 
1076:Drivers/STM32F4/Drivers/STM32F4xx_HAL_Driver/Src/stm32f4xx_hal_adc.c ****     /* If conversions on group regular are also triggering group injected,    */
1077:Drivers/STM32F4/Drivers/STM32F4xx_HAL_Driver/Src/stm32f4xx_hal_adc.c ****     /* update ADC state.                                                      */
1078:Drivers/STM32F4/Drivers/STM32F4xx_HAL_Driver/Src/stm32f4xx_hal_adc.c ****     if (READ_BIT(hadc->Instance->CR1, ADC_CR1_JAUTO) != RESET)
1079:Drivers/STM32F4/Drivers/STM32F4xx_HAL_Driver/Src/stm32f4xx_hal_adc.c ****     {
1080:Drivers/STM32F4/Drivers/STM32F4xx_HAL_Driver/Src/stm32f4xx_hal_adc.c ****       ADC_STATE_CLR_SET(hadc->State, HAL_ADC_STATE_INJ_EOC, HAL_ADC_STATE_INJ_BUSY);
1081:Drivers/STM32F4/Drivers/STM32F4xx_HAL_Driver/Src/stm32f4xx_hal_adc.c ****     }
1082:Drivers/STM32F4/Drivers/STM32F4xx_HAL_Driver/Src/stm32f4xx_hal_adc.c **** 
1083:Drivers/STM32F4/Drivers/STM32F4xx_HAL_Driver/Src/stm32f4xx_hal_adc.c ****     /* State machine update: Check if an injected conversion is ongoing */
1084:Drivers/STM32F4/Drivers/STM32F4xx_HAL_Driver/Src/stm32f4xx_hal_adc.c ****     if (HAL_IS_BIT_SET(hadc->State, HAL_ADC_STATE_INJ_BUSY))
1085:Drivers/STM32F4/Drivers/STM32F4xx_HAL_Driver/Src/stm32f4xx_hal_adc.c ****     {
1086:Drivers/STM32F4/Drivers/STM32F4xx_HAL_Driver/Src/stm32f4xx_hal_adc.c ****       /* Reset ADC error code fields related to conversions on group regular */
1087:Drivers/STM32F4/Drivers/STM32F4xx_HAL_Driver/Src/stm32f4xx_hal_adc.c ****       CLEAR_BIT(hadc->ErrorCode, (HAL_ADC_ERROR_OVR | HAL_ADC_ERROR_DMA));
1088:Drivers/STM32F4/Drivers/STM32F4xx_HAL_Driver/Src/stm32f4xx_hal_adc.c ****     }
1089:Drivers/STM32F4/Drivers/STM32F4xx_HAL_Driver/Src/stm32f4xx_hal_adc.c ****     else
1090:Drivers/STM32F4/Drivers/STM32F4xx_HAL_Driver/Src/stm32f4xx_hal_adc.c ****     {
1091:Drivers/STM32F4/Drivers/STM32F4xx_HAL_Driver/Src/stm32f4xx_hal_adc.c ****       /* Reset ADC all error code fields */
1092:Drivers/STM32F4/Drivers/STM32F4xx_HAL_Driver/Src/stm32f4xx_hal_adc.c ****       ADC_CLEAR_ERRORCODE(hadc);
1093:Drivers/STM32F4/Drivers/STM32F4xx_HAL_Driver/Src/stm32f4xx_hal_adc.c ****     }
1094:Drivers/STM32F4/Drivers/STM32F4xx_HAL_Driver/Src/stm32f4xx_hal_adc.c **** 
1095:Drivers/STM32F4/Drivers/STM32F4xx_HAL_Driver/Src/stm32f4xx_hal_adc.c ****     /* Process unlocked */
1096:Drivers/STM32F4/Drivers/STM32F4xx_HAL_Driver/Src/stm32f4xx_hal_adc.c ****     /* Unlock before starting ADC conversions: in case of potential           */
1097:Drivers/STM32F4/Drivers/STM32F4xx_HAL_Driver/Src/stm32f4xx_hal_adc.c ****     /* interruption, to let the process to ADC IRQ Handler.                   */
1098:Drivers/STM32F4/Drivers/STM32F4xx_HAL_Driver/Src/stm32f4xx_hal_adc.c ****     __HAL_UNLOCK(hadc);
1099:Drivers/STM32F4/Drivers/STM32F4xx_HAL_Driver/Src/stm32f4xx_hal_adc.c **** 
1100:Drivers/STM32F4/Drivers/STM32F4xx_HAL_Driver/Src/stm32f4xx_hal_adc.c ****     /* Pointer to the common control register to which is belonging hadc    */
ARM GAS  /tmp/cciQ8ehY.s 			page 21


1101:Drivers/STM32F4/Drivers/STM32F4xx_HAL_Driver/Src/stm32f4xx_hal_adc.c ****     /* (Depending on STM32F4 product, there may be up to 3 ADCs and 1 common */
1102:Drivers/STM32F4/Drivers/STM32F4xx_HAL_Driver/Src/stm32f4xx_hal_adc.c ****     /* control register)                                                    */
1103:Drivers/STM32F4/Drivers/STM32F4xx_HAL_Driver/Src/stm32f4xx_hal_adc.c ****     tmpADC_Common = ADC_COMMON_REGISTER(hadc);
1104:Drivers/STM32F4/Drivers/STM32F4xx_HAL_Driver/Src/stm32f4xx_hal_adc.c **** 
1105:Drivers/STM32F4/Drivers/STM32F4xx_HAL_Driver/Src/stm32f4xx_hal_adc.c ****     /* Clear regular group conversion flag and overrun flag */
1106:Drivers/STM32F4/Drivers/STM32F4xx_HAL_Driver/Src/stm32f4xx_hal_adc.c ****     /* (To ensure of no unknown state from potential previous ADC operations) */
1107:Drivers/STM32F4/Drivers/STM32F4xx_HAL_Driver/Src/stm32f4xx_hal_adc.c ****     __HAL_ADC_CLEAR_FLAG(hadc, ADC_FLAG_EOC | ADC_FLAG_OVR);
1108:Drivers/STM32F4/Drivers/STM32F4xx_HAL_Driver/Src/stm32f4xx_hal_adc.c **** 
1109:Drivers/STM32F4/Drivers/STM32F4xx_HAL_Driver/Src/stm32f4xx_hal_adc.c ****     /* Enable end of conversion interrupt for regular group */
1110:Drivers/STM32F4/Drivers/STM32F4xx_HAL_Driver/Src/stm32f4xx_hal_adc.c ****     __HAL_ADC_ENABLE_IT(hadc, (ADC_IT_EOC | ADC_IT_OVR));
1111:Drivers/STM32F4/Drivers/STM32F4xx_HAL_Driver/Src/stm32f4xx_hal_adc.c **** 
1112:Drivers/STM32F4/Drivers/STM32F4xx_HAL_Driver/Src/stm32f4xx_hal_adc.c ****     /* Check if Multimode enabled */
1113:Drivers/STM32F4/Drivers/STM32F4xx_HAL_Driver/Src/stm32f4xx_hal_adc.c ****     if (HAL_IS_BIT_CLR(tmpADC_Common->CCR, ADC_CCR_MULTI))
1114:Drivers/STM32F4/Drivers/STM32F4xx_HAL_Driver/Src/stm32f4xx_hal_adc.c ****     {
1115:Drivers/STM32F4/Drivers/STM32F4xx_HAL_Driver/Src/stm32f4xx_hal_adc.c **** #if defined(ADC2) && defined(ADC3)
1116:Drivers/STM32F4/Drivers/STM32F4xx_HAL_Driver/Src/stm32f4xx_hal_adc.c ****       if ((hadc->Instance == ADC1) || ((hadc->Instance == ADC2) && ((ADC->CCR & ADC_CCR_MULTI_Msk) 
1117:Drivers/STM32F4/Drivers/STM32F4xx_HAL_Driver/Src/stm32f4xx_hal_adc.c ****           || ((hadc->Instance == ADC3) && ((ADC->CCR & ADC_CCR_MULTI_Msk) < ADC_CCR_MULTI_4)))
1118:Drivers/STM32F4/Drivers/STM32F4xx_HAL_Driver/Src/stm32f4xx_hal_adc.c ****       {
1119:Drivers/STM32F4/Drivers/STM32F4xx_HAL_Driver/Src/stm32f4xx_hal_adc.c **** #endif /* ADC2 || ADC3 */
1120:Drivers/STM32F4/Drivers/STM32F4xx_HAL_Driver/Src/stm32f4xx_hal_adc.c ****         /* if no external trigger present enable software conversion of regular channels */
1121:Drivers/STM32F4/Drivers/STM32F4xx_HAL_Driver/Src/stm32f4xx_hal_adc.c ****         if ((hadc->Instance->CR2 & ADC_CR2_EXTEN) == RESET)
1122:Drivers/STM32F4/Drivers/STM32F4xx_HAL_Driver/Src/stm32f4xx_hal_adc.c ****         {
1123:Drivers/STM32F4/Drivers/STM32F4xx_HAL_Driver/Src/stm32f4xx_hal_adc.c ****           /* Enable the selected ADC software conversion for regular group */
1124:Drivers/STM32F4/Drivers/STM32F4xx_HAL_Driver/Src/stm32f4xx_hal_adc.c ****           hadc->Instance->CR2 |= (uint32_t)ADC_CR2_SWSTART;
1125:Drivers/STM32F4/Drivers/STM32F4xx_HAL_Driver/Src/stm32f4xx_hal_adc.c ****         }
1126:Drivers/STM32F4/Drivers/STM32F4xx_HAL_Driver/Src/stm32f4xx_hal_adc.c **** #if defined(ADC2) && defined(ADC3)
1127:Drivers/STM32F4/Drivers/STM32F4xx_HAL_Driver/Src/stm32f4xx_hal_adc.c ****       }
1128:Drivers/STM32F4/Drivers/STM32F4xx_HAL_Driver/Src/stm32f4xx_hal_adc.c **** #endif /* ADC2 || ADC3 */
1129:Drivers/STM32F4/Drivers/STM32F4xx_HAL_Driver/Src/stm32f4xx_hal_adc.c ****     }
1130:Drivers/STM32F4/Drivers/STM32F4xx_HAL_Driver/Src/stm32f4xx_hal_adc.c ****     else
1131:Drivers/STM32F4/Drivers/STM32F4xx_HAL_Driver/Src/stm32f4xx_hal_adc.c ****     {
1132:Drivers/STM32F4/Drivers/STM32F4xx_HAL_Driver/Src/stm32f4xx_hal_adc.c ****       /* if instance of handle correspond to ADC1 and  no external trigger present enable software 
1133:Drivers/STM32F4/Drivers/STM32F4xx_HAL_Driver/Src/stm32f4xx_hal_adc.c ****       if ((hadc->Instance == ADC1) && ((hadc->Instance->CR2 & ADC_CR2_EXTEN) == RESET))
1134:Drivers/STM32F4/Drivers/STM32F4xx_HAL_Driver/Src/stm32f4xx_hal_adc.c ****       {
1135:Drivers/STM32F4/Drivers/STM32F4xx_HAL_Driver/Src/stm32f4xx_hal_adc.c ****         /* Enable the selected ADC software conversion for regular group */
1136:Drivers/STM32F4/Drivers/STM32F4xx_HAL_Driver/Src/stm32f4xx_hal_adc.c ****         hadc->Instance->CR2 |= (uint32_t)ADC_CR2_SWSTART;
1137:Drivers/STM32F4/Drivers/STM32F4xx_HAL_Driver/Src/stm32f4xx_hal_adc.c ****       }
1138:Drivers/STM32F4/Drivers/STM32F4xx_HAL_Driver/Src/stm32f4xx_hal_adc.c ****     }
1139:Drivers/STM32F4/Drivers/STM32F4xx_HAL_Driver/Src/stm32f4xx_hal_adc.c ****   }
1140:Drivers/STM32F4/Drivers/STM32F4xx_HAL_Driver/Src/stm32f4xx_hal_adc.c ****   else
1141:Drivers/STM32F4/Drivers/STM32F4xx_HAL_Driver/Src/stm32f4xx_hal_adc.c ****   {
1142:Drivers/STM32F4/Drivers/STM32F4xx_HAL_Driver/Src/stm32f4xx_hal_adc.c ****     /* Update ADC state machine to error */
1143:Drivers/STM32F4/Drivers/STM32F4xx_HAL_Driver/Src/stm32f4xx_hal_adc.c ****     SET_BIT(hadc->State, HAL_ADC_STATE_ERROR_INTERNAL);
1144:Drivers/STM32F4/Drivers/STM32F4xx_HAL_Driver/Src/stm32f4xx_hal_adc.c **** 
1145:Drivers/STM32F4/Drivers/STM32F4xx_HAL_Driver/Src/stm32f4xx_hal_adc.c ****     /* Set ADC error code to ADC IP internal error */
1146:Drivers/STM32F4/Drivers/STM32F4xx_HAL_Driver/Src/stm32f4xx_hal_adc.c ****     SET_BIT(hadc->ErrorCode, HAL_ADC_ERROR_INTERNAL);
1147:Drivers/STM32F4/Drivers/STM32F4xx_HAL_Driver/Src/stm32f4xx_hal_adc.c ****   }
1148:Drivers/STM32F4/Drivers/STM32F4xx_HAL_Driver/Src/stm32f4xx_hal_adc.c **** 
1149:Drivers/STM32F4/Drivers/STM32F4xx_HAL_Driver/Src/stm32f4xx_hal_adc.c ****   /* Return function status */
1150:Drivers/STM32F4/Drivers/STM32F4xx_HAL_Driver/Src/stm32f4xx_hal_adc.c ****   return HAL_OK;
1151:Drivers/STM32F4/Drivers/STM32F4xx_HAL_Driver/Src/stm32f4xx_hal_adc.c **** }
1152:Drivers/STM32F4/Drivers/STM32F4xx_HAL_Driver/Src/stm32f4xx_hal_adc.c **** 
1153:Drivers/STM32F4/Drivers/STM32F4xx_HAL_Driver/Src/stm32f4xx_hal_adc.c **** /**
1154:Drivers/STM32F4/Drivers/STM32F4xx_HAL_Driver/Src/stm32f4xx_hal_adc.c ****   * @brief  Disables the interrupt and stop ADC conversion of regular channels.
1155:Drivers/STM32F4/Drivers/STM32F4xx_HAL_Driver/Src/stm32f4xx_hal_adc.c ****   *
1156:Drivers/STM32F4/Drivers/STM32F4xx_HAL_Driver/Src/stm32f4xx_hal_adc.c ****   * @note   Caution: This function will stop also injected channels.
1157:Drivers/STM32F4/Drivers/STM32F4xx_HAL_Driver/Src/stm32f4xx_hal_adc.c ****   *
ARM GAS  /tmp/cciQ8ehY.s 			page 22


1158:Drivers/STM32F4/Drivers/STM32F4xx_HAL_Driver/Src/stm32f4xx_hal_adc.c ****   * @param  hadc pointer to a ADC_HandleTypeDef structure that contains
1159:Drivers/STM32F4/Drivers/STM32F4xx_HAL_Driver/Src/stm32f4xx_hal_adc.c ****   *         the configuration information for the specified ADC.
1160:Drivers/STM32F4/Drivers/STM32F4xx_HAL_Driver/Src/stm32f4xx_hal_adc.c ****   * @retval HAL status.
1161:Drivers/STM32F4/Drivers/STM32F4xx_HAL_Driver/Src/stm32f4xx_hal_adc.c ****   */
1162:Drivers/STM32F4/Drivers/STM32F4xx_HAL_Driver/Src/stm32f4xx_hal_adc.c **** HAL_StatusTypeDef HAL_ADC_Stop_IT(ADC_HandleTypeDef *hadc)
1163:Drivers/STM32F4/Drivers/STM32F4xx_HAL_Driver/Src/stm32f4xx_hal_adc.c **** {
1164:Drivers/STM32F4/Drivers/STM32F4xx_HAL_Driver/Src/stm32f4xx_hal_adc.c ****   /* Check the parameters */
1165:Drivers/STM32F4/Drivers/STM32F4xx_HAL_Driver/Src/stm32f4xx_hal_adc.c ****   assert_param(IS_ADC_ALL_INSTANCE(hadc->Instance));
1166:Drivers/STM32F4/Drivers/STM32F4xx_HAL_Driver/Src/stm32f4xx_hal_adc.c **** 
1167:Drivers/STM32F4/Drivers/STM32F4xx_HAL_Driver/Src/stm32f4xx_hal_adc.c ****   /* Process locked */
1168:Drivers/STM32F4/Drivers/STM32F4xx_HAL_Driver/Src/stm32f4xx_hal_adc.c ****   __HAL_LOCK(hadc);
1169:Drivers/STM32F4/Drivers/STM32F4xx_HAL_Driver/Src/stm32f4xx_hal_adc.c **** 
1170:Drivers/STM32F4/Drivers/STM32F4xx_HAL_Driver/Src/stm32f4xx_hal_adc.c ****   /* Stop potential conversion on going, on regular and injected groups */
1171:Drivers/STM32F4/Drivers/STM32F4xx_HAL_Driver/Src/stm32f4xx_hal_adc.c ****   /* Disable ADC peripheral */
1172:Drivers/STM32F4/Drivers/STM32F4xx_HAL_Driver/Src/stm32f4xx_hal_adc.c ****   __HAL_ADC_DISABLE(hadc);
1173:Drivers/STM32F4/Drivers/STM32F4xx_HAL_Driver/Src/stm32f4xx_hal_adc.c **** 
1174:Drivers/STM32F4/Drivers/STM32F4xx_HAL_Driver/Src/stm32f4xx_hal_adc.c ****   /* Check if ADC is effectively disabled */
1175:Drivers/STM32F4/Drivers/STM32F4xx_HAL_Driver/Src/stm32f4xx_hal_adc.c ****   if (HAL_IS_BIT_CLR(hadc->Instance->CR2, ADC_CR2_ADON))
1176:Drivers/STM32F4/Drivers/STM32F4xx_HAL_Driver/Src/stm32f4xx_hal_adc.c ****   {
1177:Drivers/STM32F4/Drivers/STM32F4xx_HAL_Driver/Src/stm32f4xx_hal_adc.c ****     /* Disable ADC end of conversion interrupt for regular group */
1178:Drivers/STM32F4/Drivers/STM32F4xx_HAL_Driver/Src/stm32f4xx_hal_adc.c ****     __HAL_ADC_DISABLE_IT(hadc, (ADC_IT_EOC | ADC_IT_OVR));
1179:Drivers/STM32F4/Drivers/STM32F4xx_HAL_Driver/Src/stm32f4xx_hal_adc.c **** 
1180:Drivers/STM32F4/Drivers/STM32F4xx_HAL_Driver/Src/stm32f4xx_hal_adc.c ****     /* Set ADC state */
1181:Drivers/STM32F4/Drivers/STM32F4xx_HAL_Driver/Src/stm32f4xx_hal_adc.c ****     ADC_STATE_CLR_SET(hadc->State,
1182:Drivers/STM32F4/Drivers/STM32F4xx_HAL_Driver/Src/stm32f4xx_hal_adc.c ****                       HAL_ADC_STATE_REG_BUSY | HAL_ADC_STATE_INJ_BUSY,
1183:Drivers/STM32F4/Drivers/STM32F4xx_HAL_Driver/Src/stm32f4xx_hal_adc.c ****                       HAL_ADC_STATE_READY);
1184:Drivers/STM32F4/Drivers/STM32F4xx_HAL_Driver/Src/stm32f4xx_hal_adc.c ****   }
1185:Drivers/STM32F4/Drivers/STM32F4xx_HAL_Driver/Src/stm32f4xx_hal_adc.c **** 
1186:Drivers/STM32F4/Drivers/STM32F4xx_HAL_Driver/Src/stm32f4xx_hal_adc.c ****   /* Process unlocked */
1187:Drivers/STM32F4/Drivers/STM32F4xx_HAL_Driver/Src/stm32f4xx_hal_adc.c ****   __HAL_UNLOCK(hadc);
1188:Drivers/STM32F4/Drivers/STM32F4xx_HAL_Driver/Src/stm32f4xx_hal_adc.c **** 
1189:Drivers/STM32F4/Drivers/STM32F4xx_HAL_Driver/Src/stm32f4xx_hal_adc.c ****   /* Return function status */
1190:Drivers/STM32F4/Drivers/STM32F4xx_HAL_Driver/Src/stm32f4xx_hal_adc.c ****   return HAL_OK;
1191:Drivers/STM32F4/Drivers/STM32F4xx_HAL_Driver/Src/stm32f4xx_hal_adc.c **** }
1192:Drivers/STM32F4/Drivers/STM32F4xx_HAL_Driver/Src/stm32f4xx_hal_adc.c **** 
1193:Drivers/STM32F4/Drivers/STM32F4xx_HAL_Driver/Src/stm32f4xx_hal_adc.c **** /**
1194:Drivers/STM32F4/Drivers/STM32F4xx_HAL_Driver/Src/stm32f4xx_hal_adc.c ****   * @brief  Handles ADC interrupt request
1195:Drivers/STM32F4/Drivers/STM32F4xx_HAL_Driver/Src/stm32f4xx_hal_adc.c ****   * @param  hadc pointer to a ADC_HandleTypeDef structure that contains
1196:Drivers/STM32F4/Drivers/STM32F4xx_HAL_Driver/Src/stm32f4xx_hal_adc.c ****   *         the configuration information for the specified ADC.
1197:Drivers/STM32F4/Drivers/STM32F4xx_HAL_Driver/Src/stm32f4xx_hal_adc.c ****   * @retval None
1198:Drivers/STM32F4/Drivers/STM32F4xx_HAL_Driver/Src/stm32f4xx_hal_adc.c ****   */
1199:Drivers/STM32F4/Drivers/STM32F4xx_HAL_Driver/Src/stm32f4xx_hal_adc.c **** void HAL_ADC_IRQHandler(ADC_HandleTypeDef *hadc)
1200:Drivers/STM32F4/Drivers/STM32F4xx_HAL_Driver/Src/stm32f4xx_hal_adc.c **** {
1201:Drivers/STM32F4/Drivers/STM32F4xx_HAL_Driver/Src/stm32f4xx_hal_adc.c ****   uint32_t tmp1 = 0U, tmp2 = 0U;
1202:Drivers/STM32F4/Drivers/STM32F4xx_HAL_Driver/Src/stm32f4xx_hal_adc.c **** 
1203:Drivers/STM32F4/Drivers/STM32F4xx_HAL_Driver/Src/stm32f4xx_hal_adc.c ****   uint32_t tmp_sr = hadc->Instance->SR;
1204:Drivers/STM32F4/Drivers/STM32F4xx_HAL_Driver/Src/stm32f4xx_hal_adc.c ****   uint32_t tmp_cr1 = hadc->Instance->CR1;
1205:Drivers/STM32F4/Drivers/STM32F4xx_HAL_Driver/Src/stm32f4xx_hal_adc.c **** 
1206:Drivers/STM32F4/Drivers/STM32F4xx_HAL_Driver/Src/stm32f4xx_hal_adc.c ****   /* Check the parameters */
1207:Drivers/STM32F4/Drivers/STM32F4xx_HAL_Driver/Src/stm32f4xx_hal_adc.c ****   assert_param(IS_FUNCTIONAL_STATE(hadc->Init.ContinuousConvMode));
1208:Drivers/STM32F4/Drivers/STM32F4xx_HAL_Driver/Src/stm32f4xx_hal_adc.c ****   assert_param(IS_ADC_REGULAR_LENGTH(hadc->Init.NbrOfConversion));
1209:Drivers/STM32F4/Drivers/STM32F4xx_HAL_Driver/Src/stm32f4xx_hal_adc.c ****   assert_param(IS_ADC_EOCSelection(hadc->Init.EOCSelection));
1210:Drivers/STM32F4/Drivers/STM32F4xx_HAL_Driver/Src/stm32f4xx_hal_adc.c **** 
1211:Drivers/STM32F4/Drivers/STM32F4xx_HAL_Driver/Src/stm32f4xx_hal_adc.c ****   tmp1 = tmp_sr & ADC_FLAG_EOC;
1212:Drivers/STM32F4/Drivers/STM32F4xx_HAL_Driver/Src/stm32f4xx_hal_adc.c ****   tmp2 = tmp_cr1 & ADC_IT_EOC;
1213:Drivers/STM32F4/Drivers/STM32F4xx_HAL_Driver/Src/stm32f4xx_hal_adc.c ****   /* Check End of conversion flag for regular channels */
1214:Drivers/STM32F4/Drivers/STM32F4xx_HAL_Driver/Src/stm32f4xx_hal_adc.c ****   if (tmp1 && tmp2)
ARM GAS  /tmp/cciQ8ehY.s 			page 23


1215:Drivers/STM32F4/Drivers/STM32F4xx_HAL_Driver/Src/stm32f4xx_hal_adc.c ****   {
1216:Drivers/STM32F4/Drivers/STM32F4xx_HAL_Driver/Src/stm32f4xx_hal_adc.c ****     /* Update state machine on conversion status if not in error state */
1217:Drivers/STM32F4/Drivers/STM32F4xx_HAL_Driver/Src/stm32f4xx_hal_adc.c ****     if (HAL_IS_BIT_CLR(hadc->State, HAL_ADC_STATE_ERROR_INTERNAL))
1218:Drivers/STM32F4/Drivers/STM32F4xx_HAL_Driver/Src/stm32f4xx_hal_adc.c ****     {
1219:Drivers/STM32F4/Drivers/STM32F4xx_HAL_Driver/Src/stm32f4xx_hal_adc.c ****       /* Set ADC state */
1220:Drivers/STM32F4/Drivers/STM32F4xx_HAL_Driver/Src/stm32f4xx_hal_adc.c ****       SET_BIT(hadc->State, HAL_ADC_STATE_REG_EOC);
1221:Drivers/STM32F4/Drivers/STM32F4xx_HAL_Driver/Src/stm32f4xx_hal_adc.c ****     }
1222:Drivers/STM32F4/Drivers/STM32F4xx_HAL_Driver/Src/stm32f4xx_hal_adc.c **** 
1223:Drivers/STM32F4/Drivers/STM32F4xx_HAL_Driver/Src/stm32f4xx_hal_adc.c ****     /* Determine whether any further conversion upcoming on group regular   */
1224:Drivers/STM32F4/Drivers/STM32F4xx_HAL_Driver/Src/stm32f4xx_hal_adc.c ****     /* by external trigger, continuous mode or scan sequence on going.      */
1225:Drivers/STM32F4/Drivers/STM32F4xx_HAL_Driver/Src/stm32f4xx_hal_adc.c ****     /* Note: On STM32F4, there is no independent flag of end of sequence.   */
1226:Drivers/STM32F4/Drivers/STM32F4xx_HAL_Driver/Src/stm32f4xx_hal_adc.c ****     /*       The test of scan sequence on going is done either with scan    */
1227:Drivers/STM32F4/Drivers/STM32F4xx_HAL_Driver/Src/stm32f4xx_hal_adc.c ****     /*       sequence disabled or with end of conversion flag set to        */
1228:Drivers/STM32F4/Drivers/STM32F4xx_HAL_Driver/Src/stm32f4xx_hal_adc.c ****     /*       of end of sequence.                                            */
1229:Drivers/STM32F4/Drivers/STM32F4xx_HAL_Driver/Src/stm32f4xx_hal_adc.c ****     if (ADC_IS_SOFTWARE_START_REGULAR(hadc)                   &&
1230:Drivers/STM32F4/Drivers/STM32F4xx_HAL_Driver/Src/stm32f4xx_hal_adc.c ****         (hadc->Init.ContinuousConvMode == DISABLE)            &&
1231:Drivers/STM32F4/Drivers/STM32F4xx_HAL_Driver/Src/stm32f4xx_hal_adc.c ****         (HAL_IS_BIT_CLR(hadc->Instance->SQR1, ADC_SQR1_L) ||
1232:Drivers/STM32F4/Drivers/STM32F4xx_HAL_Driver/Src/stm32f4xx_hal_adc.c ****          HAL_IS_BIT_CLR(hadc->Instance->CR2, ADC_CR2_EOCS)))
1233:Drivers/STM32F4/Drivers/STM32F4xx_HAL_Driver/Src/stm32f4xx_hal_adc.c ****     {
1234:Drivers/STM32F4/Drivers/STM32F4xx_HAL_Driver/Src/stm32f4xx_hal_adc.c ****       /* Disable ADC end of single conversion interrupt on group regular */
1235:Drivers/STM32F4/Drivers/STM32F4xx_HAL_Driver/Src/stm32f4xx_hal_adc.c ****       /* Note: Overrun interrupt was enabled with EOC interrupt in          */
1236:Drivers/STM32F4/Drivers/STM32F4xx_HAL_Driver/Src/stm32f4xx_hal_adc.c ****       /* HAL_ADC_Start_IT(), but is not disabled here because can be used   */
1237:Drivers/STM32F4/Drivers/STM32F4xx_HAL_Driver/Src/stm32f4xx_hal_adc.c ****       /* by overrun IRQ process below.                                      */
1238:Drivers/STM32F4/Drivers/STM32F4xx_HAL_Driver/Src/stm32f4xx_hal_adc.c ****       __HAL_ADC_DISABLE_IT(hadc, ADC_IT_EOC);
1239:Drivers/STM32F4/Drivers/STM32F4xx_HAL_Driver/Src/stm32f4xx_hal_adc.c **** 
1240:Drivers/STM32F4/Drivers/STM32F4xx_HAL_Driver/Src/stm32f4xx_hal_adc.c ****       /* Set ADC state */
1241:Drivers/STM32F4/Drivers/STM32F4xx_HAL_Driver/Src/stm32f4xx_hal_adc.c ****       CLEAR_BIT(hadc->State, HAL_ADC_STATE_REG_BUSY);
1242:Drivers/STM32F4/Drivers/STM32F4xx_HAL_Driver/Src/stm32f4xx_hal_adc.c **** 
1243:Drivers/STM32F4/Drivers/STM32F4xx_HAL_Driver/Src/stm32f4xx_hal_adc.c ****       if (HAL_IS_BIT_CLR(hadc->State, HAL_ADC_STATE_INJ_BUSY))
1244:Drivers/STM32F4/Drivers/STM32F4xx_HAL_Driver/Src/stm32f4xx_hal_adc.c ****       {
1245:Drivers/STM32F4/Drivers/STM32F4xx_HAL_Driver/Src/stm32f4xx_hal_adc.c ****         SET_BIT(hadc->State, HAL_ADC_STATE_READY);
1246:Drivers/STM32F4/Drivers/STM32F4xx_HAL_Driver/Src/stm32f4xx_hal_adc.c ****       }
1247:Drivers/STM32F4/Drivers/STM32F4xx_HAL_Driver/Src/stm32f4xx_hal_adc.c ****     }
1248:Drivers/STM32F4/Drivers/STM32F4xx_HAL_Driver/Src/stm32f4xx_hal_adc.c **** 
1249:Drivers/STM32F4/Drivers/STM32F4xx_HAL_Driver/Src/stm32f4xx_hal_adc.c ****     /* Conversion complete callback */
1250:Drivers/STM32F4/Drivers/STM32F4xx_HAL_Driver/Src/stm32f4xx_hal_adc.c **** #if (USE_HAL_ADC_REGISTER_CALLBACKS == 1)
1251:Drivers/STM32F4/Drivers/STM32F4xx_HAL_Driver/Src/stm32f4xx_hal_adc.c ****     hadc->ConvCpltCallback(hadc);
1252:Drivers/STM32F4/Drivers/STM32F4xx_HAL_Driver/Src/stm32f4xx_hal_adc.c **** #else
1253:Drivers/STM32F4/Drivers/STM32F4xx_HAL_Driver/Src/stm32f4xx_hal_adc.c ****     HAL_ADC_ConvCpltCallback(hadc);
1254:Drivers/STM32F4/Drivers/STM32F4xx_HAL_Driver/Src/stm32f4xx_hal_adc.c **** #endif /* USE_HAL_ADC_REGISTER_CALLBACKS */
1255:Drivers/STM32F4/Drivers/STM32F4xx_HAL_Driver/Src/stm32f4xx_hal_adc.c **** 
1256:Drivers/STM32F4/Drivers/STM32F4xx_HAL_Driver/Src/stm32f4xx_hal_adc.c ****     /* Clear regular group conversion flag */
1257:Drivers/STM32F4/Drivers/STM32F4xx_HAL_Driver/Src/stm32f4xx_hal_adc.c ****     __HAL_ADC_CLEAR_FLAG(hadc, ADC_FLAG_STRT | ADC_FLAG_EOC);
1258:Drivers/STM32F4/Drivers/STM32F4xx_HAL_Driver/Src/stm32f4xx_hal_adc.c ****   }
1259:Drivers/STM32F4/Drivers/STM32F4xx_HAL_Driver/Src/stm32f4xx_hal_adc.c **** 
1260:Drivers/STM32F4/Drivers/STM32F4xx_HAL_Driver/Src/stm32f4xx_hal_adc.c ****   tmp1 = tmp_sr & ADC_FLAG_JEOC;
1261:Drivers/STM32F4/Drivers/STM32F4xx_HAL_Driver/Src/stm32f4xx_hal_adc.c ****   tmp2 = tmp_cr1 & ADC_IT_JEOC;
1262:Drivers/STM32F4/Drivers/STM32F4xx_HAL_Driver/Src/stm32f4xx_hal_adc.c ****   /* Check End of conversion flag for injected channels */
1263:Drivers/STM32F4/Drivers/STM32F4xx_HAL_Driver/Src/stm32f4xx_hal_adc.c ****   if (tmp1 && tmp2)
1264:Drivers/STM32F4/Drivers/STM32F4xx_HAL_Driver/Src/stm32f4xx_hal_adc.c ****   {
1265:Drivers/STM32F4/Drivers/STM32F4xx_HAL_Driver/Src/stm32f4xx_hal_adc.c ****     /* Update state machine on conversion status if not in error state */
1266:Drivers/STM32F4/Drivers/STM32F4xx_HAL_Driver/Src/stm32f4xx_hal_adc.c ****     if (HAL_IS_BIT_CLR(hadc->State, HAL_ADC_STATE_ERROR_INTERNAL))
1267:Drivers/STM32F4/Drivers/STM32F4xx_HAL_Driver/Src/stm32f4xx_hal_adc.c ****     {
1268:Drivers/STM32F4/Drivers/STM32F4xx_HAL_Driver/Src/stm32f4xx_hal_adc.c ****       /* Set ADC state */
1269:Drivers/STM32F4/Drivers/STM32F4xx_HAL_Driver/Src/stm32f4xx_hal_adc.c ****       SET_BIT(hadc->State, HAL_ADC_STATE_INJ_EOC);
1270:Drivers/STM32F4/Drivers/STM32F4xx_HAL_Driver/Src/stm32f4xx_hal_adc.c ****     }
1271:Drivers/STM32F4/Drivers/STM32F4xx_HAL_Driver/Src/stm32f4xx_hal_adc.c **** 
ARM GAS  /tmp/cciQ8ehY.s 			page 24


1272:Drivers/STM32F4/Drivers/STM32F4xx_HAL_Driver/Src/stm32f4xx_hal_adc.c ****     /* Determine whether any further conversion upcoming on group injected  */
1273:Drivers/STM32F4/Drivers/STM32F4xx_HAL_Driver/Src/stm32f4xx_hal_adc.c ****     /* by external trigger, scan sequence on going or by automatic injected */
1274:Drivers/STM32F4/Drivers/STM32F4xx_HAL_Driver/Src/stm32f4xx_hal_adc.c ****     /* conversion from group regular (same conditions as group regular      */
1275:Drivers/STM32F4/Drivers/STM32F4xx_HAL_Driver/Src/stm32f4xx_hal_adc.c ****     /* interruption disabling above).                                       */
1276:Drivers/STM32F4/Drivers/STM32F4xx_HAL_Driver/Src/stm32f4xx_hal_adc.c ****     if (ADC_IS_SOFTWARE_START_INJECTED(hadc)                    &&
1277:Drivers/STM32F4/Drivers/STM32F4xx_HAL_Driver/Src/stm32f4xx_hal_adc.c ****         (HAL_IS_BIT_CLR(hadc->Instance->JSQR, ADC_JSQR_JL)  ||
1278:Drivers/STM32F4/Drivers/STM32F4xx_HAL_Driver/Src/stm32f4xx_hal_adc.c ****          HAL_IS_BIT_CLR(hadc->Instance->CR2, ADC_CR2_EOCS)) &&
1279:Drivers/STM32F4/Drivers/STM32F4xx_HAL_Driver/Src/stm32f4xx_hal_adc.c ****         (HAL_IS_BIT_CLR(hadc->Instance->CR1, ADC_CR1_JAUTO) &&
1280:Drivers/STM32F4/Drivers/STM32F4xx_HAL_Driver/Src/stm32f4xx_hal_adc.c ****          (ADC_IS_SOFTWARE_START_REGULAR(hadc)       &&
1281:Drivers/STM32F4/Drivers/STM32F4xx_HAL_Driver/Src/stm32f4xx_hal_adc.c ****           (hadc->Init.ContinuousConvMode == DISABLE))))
1282:Drivers/STM32F4/Drivers/STM32F4xx_HAL_Driver/Src/stm32f4xx_hal_adc.c ****     {
1283:Drivers/STM32F4/Drivers/STM32F4xx_HAL_Driver/Src/stm32f4xx_hal_adc.c ****       /* Disable ADC end of single conversion interrupt on group injected */
1284:Drivers/STM32F4/Drivers/STM32F4xx_HAL_Driver/Src/stm32f4xx_hal_adc.c ****       __HAL_ADC_DISABLE_IT(hadc, ADC_IT_JEOC);
1285:Drivers/STM32F4/Drivers/STM32F4xx_HAL_Driver/Src/stm32f4xx_hal_adc.c **** 
1286:Drivers/STM32F4/Drivers/STM32F4xx_HAL_Driver/Src/stm32f4xx_hal_adc.c ****       /* Set ADC state */
1287:Drivers/STM32F4/Drivers/STM32F4xx_HAL_Driver/Src/stm32f4xx_hal_adc.c ****       CLEAR_BIT(hadc->State, HAL_ADC_STATE_INJ_BUSY);
1288:Drivers/STM32F4/Drivers/STM32F4xx_HAL_Driver/Src/stm32f4xx_hal_adc.c **** 
1289:Drivers/STM32F4/Drivers/STM32F4xx_HAL_Driver/Src/stm32f4xx_hal_adc.c ****       if (HAL_IS_BIT_CLR(hadc->State, HAL_ADC_STATE_REG_BUSY))
1290:Drivers/STM32F4/Drivers/STM32F4xx_HAL_Driver/Src/stm32f4xx_hal_adc.c ****       {
1291:Drivers/STM32F4/Drivers/STM32F4xx_HAL_Driver/Src/stm32f4xx_hal_adc.c ****         SET_BIT(hadc->State, HAL_ADC_STATE_READY);
1292:Drivers/STM32F4/Drivers/STM32F4xx_HAL_Driver/Src/stm32f4xx_hal_adc.c ****       }
1293:Drivers/STM32F4/Drivers/STM32F4xx_HAL_Driver/Src/stm32f4xx_hal_adc.c ****     }
1294:Drivers/STM32F4/Drivers/STM32F4xx_HAL_Driver/Src/stm32f4xx_hal_adc.c **** 
1295:Drivers/STM32F4/Drivers/STM32F4xx_HAL_Driver/Src/stm32f4xx_hal_adc.c ****     /* Conversion complete callback */
1296:Drivers/STM32F4/Drivers/STM32F4xx_HAL_Driver/Src/stm32f4xx_hal_adc.c ****     /* Conversion complete callback */
1297:Drivers/STM32F4/Drivers/STM32F4xx_HAL_Driver/Src/stm32f4xx_hal_adc.c **** #if (USE_HAL_ADC_REGISTER_CALLBACKS == 1)
1298:Drivers/STM32F4/Drivers/STM32F4xx_HAL_Driver/Src/stm32f4xx_hal_adc.c ****     hadc->InjectedConvCpltCallback(hadc);
1299:Drivers/STM32F4/Drivers/STM32F4xx_HAL_Driver/Src/stm32f4xx_hal_adc.c **** #else
1300:Drivers/STM32F4/Drivers/STM32F4xx_HAL_Driver/Src/stm32f4xx_hal_adc.c ****     HAL_ADCEx_InjectedConvCpltCallback(hadc);
1301:Drivers/STM32F4/Drivers/STM32F4xx_HAL_Driver/Src/stm32f4xx_hal_adc.c **** #endif /* USE_HAL_ADC_REGISTER_CALLBACKS */
1302:Drivers/STM32F4/Drivers/STM32F4xx_HAL_Driver/Src/stm32f4xx_hal_adc.c **** 
1303:Drivers/STM32F4/Drivers/STM32F4xx_HAL_Driver/Src/stm32f4xx_hal_adc.c ****     /* Clear injected group conversion flag */
1304:Drivers/STM32F4/Drivers/STM32F4xx_HAL_Driver/Src/stm32f4xx_hal_adc.c ****     __HAL_ADC_CLEAR_FLAG(hadc, (ADC_FLAG_JSTRT | ADC_FLAG_JEOC));
1305:Drivers/STM32F4/Drivers/STM32F4xx_HAL_Driver/Src/stm32f4xx_hal_adc.c ****   }
1306:Drivers/STM32F4/Drivers/STM32F4xx_HAL_Driver/Src/stm32f4xx_hal_adc.c **** 
1307:Drivers/STM32F4/Drivers/STM32F4xx_HAL_Driver/Src/stm32f4xx_hal_adc.c ****   tmp1 = tmp_sr & ADC_FLAG_AWD;
1308:Drivers/STM32F4/Drivers/STM32F4xx_HAL_Driver/Src/stm32f4xx_hal_adc.c ****   tmp2 = tmp_cr1 & ADC_IT_AWD;
1309:Drivers/STM32F4/Drivers/STM32F4xx_HAL_Driver/Src/stm32f4xx_hal_adc.c ****   /* Check Analog watchdog flag */
1310:Drivers/STM32F4/Drivers/STM32F4xx_HAL_Driver/Src/stm32f4xx_hal_adc.c ****   if (tmp1 && tmp2)
1311:Drivers/STM32F4/Drivers/STM32F4xx_HAL_Driver/Src/stm32f4xx_hal_adc.c ****   {
1312:Drivers/STM32F4/Drivers/STM32F4xx_HAL_Driver/Src/stm32f4xx_hal_adc.c ****     if (__HAL_ADC_GET_FLAG(hadc, ADC_FLAG_AWD))
1313:Drivers/STM32F4/Drivers/STM32F4xx_HAL_Driver/Src/stm32f4xx_hal_adc.c ****     {
1314:Drivers/STM32F4/Drivers/STM32F4xx_HAL_Driver/Src/stm32f4xx_hal_adc.c ****       /* Set ADC state */
1315:Drivers/STM32F4/Drivers/STM32F4xx_HAL_Driver/Src/stm32f4xx_hal_adc.c ****       SET_BIT(hadc->State, HAL_ADC_STATE_AWD1);
1316:Drivers/STM32F4/Drivers/STM32F4xx_HAL_Driver/Src/stm32f4xx_hal_adc.c **** 
1317:Drivers/STM32F4/Drivers/STM32F4xx_HAL_Driver/Src/stm32f4xx_hal_adc.c ****       /* Level out of window callback */
1318:Drivers/STM32F4/Drivers/STM32F4xx_HAL_Driver/Src/stm32f4xx_hal_adc.c **** #if (USE_HAL_ADC_REGISTER_CALLBACKS == 1)
1319:Drivers/STM32F4/Drivers/STM32F4xx_HAL_Driver/Src/stm32f4xx_hal_adc.c ****       hadc->LevelOutOfWindowCallback(hadc);
1320:Drivers/STM32F4/Drivers/STM32F4xx_HAL_Driver/Src/stm32f4xx_hal_adc.c **** #else
1321:Drivers/STM32F4/Drivers/STM32F4xx_HAL_Driver/Src/stm32f4xx_hal_adc.c ****       HAL_ADC_LevelOutOfWindowCallback(hadc);
1322:Drivers/STM32F4/Drivers/STM32F4xx_HAL_Driver/Src/stm32f4xx_hal_adc.c **** #endif /* USE_HAL_ADC_REGISTER_CALLBACKS */
1323:Drivers/STM32F4/Drivers/STM32F4xx_HAL_Driver/Src/stm32f4xx_hal_adc.c **** 
1324:Drivers/STM32F4/Drivers/STM32F4xx_HAL_Driver/Src/stm32f4xx_hal_adc.c ****       /* Clear the ADC analog watchdog flag */
1325:Drivers/STM32F4/Drivers/STM32F4xx_HAL_Driver/Src/stm32f4xx_hal_adc.c ****       __HAL_ADC_CLEAR_FLAG(hadc, ADC_FLAG_AWD);
1326:Drivers/STM32F4/Drivers/STM32F4xx_HAL_Driver/Src/stm32f4xx_hal_adc.c ****     }
1327:Drivers/STM32F4/Drivers/STM32F4xx_HAL_Driver/Src/stm32f4xx_hal_adc.c ****   }
1328:Drivers/STM32F4/Drivers/STM32F4xx_HAL_Driver/Src/stm32f4xx_hal_adc.c **** 
ARM GAS  /tmp/cciQ8ehY.s 			page 25


1329:Drivers/STM32F4/Drivers/STM32F4xx_HAL_Driver/Src/stm32f4xx_hal_adc.c ****   tmp1 = tmp_sr & ADC_FLAG_OVR;
1330:Drivers/STM32F4/Drivers/STM32F4xx_HAL_Driver/Src/stm32f4xx_hal_adc.c ****   tmp2 = tmp_cr1 & ADC_IT_OVR;
1331:Drivers/STM32F4/Drivers/STM32F4xx_HAL_Driver/Src/stm32f4xx_hal_adc.c ****   /* Check Overrun flag */
1332:Drivers/STM32F4/Drivers/STM32F4xx_HAL_Driver/Src/stm32f4xx_hal_adc.c ****   if (tmp1 && tmp2)
1333:Drivers/STM32F4/Drivers/STM32F4xx_HAL_Driver/Src/stm32f4xx_hal_adc.c ****   {
1334:Drivers/STM32F4/Drivers/STM32F4xx_HAL_Driver/Src/stm32f4xx_hal_adc.c ****     /* Note: On STM32F4, ADC overrun can be set through other parameters    */
1335:Drivers/STM32F4/Drivers/STM32F4xx_HAL_Driver/Src/stm32f4xx_hal_adc.c ****     /*       refer to description of parameter "EOCSelection" for more      */
1336:Drivers/STM32F4/Drivers/STM32F4xx_HAL_Driver/Src/stm32f4xx_hal_adc.c ****     /*       details.                                                       */
1337:Drivers/STM32F4/Drivers/STM32F4xx_HAL_Driver/Src/stm32f4xx_hal_adc.c **** 
1338:Drivers/STM32F4/Drivers/STM32F4xx_HAL_Driver/Src/stm32f4xx_hal_adc.c ****     /* Set ADC error code to overrun */
1339:Drivers/STM32F4/Drivers/STM32F4xx_HAL_Driver/Src/stm32f4xx_hal_adc.c ****     SET_BIT(hadc->ErrorCode, HAL_ADC_ERROR_OVR);
1340:Drivers/STM32F4/Drivers/STM32F4xx_HAL_Driver/Src/stm32f4xx_hal_adc.c **** 
1341:Drivers/STM32F4/Drivers/STM32F4xx_HAL_Driver/Src/stm32f4xx_hal_adc.c ****     /* Clear ADC overrun flag */
1342:Drivers/STM32F4/Drivers/STM32F4xx_HAL_Driver/Src/stm32f4xx_hal_adc.c ****     __HAL_ADC_CLEAR_FLAG(hadc, ADC_FLAG_OVR);
1343:Drivers/STM32F4/Drivers/STM32F4xx_HAL_Driver/Src/stm32f4xx_hal_adc.c **** 
1344:Drivers/STM32F4/Drivers/STM32F4xx_HAL_Driver/Src/stm32f4xx_hal_adc.c ****     /* Error callback */
1345:Drivers/STM32F4/Drivers/STM32F4xx_HAL_Driver/Src/stm32f4xx_hal_adc.c **** #if (USE_HAL_ADC_REGISTER_CALLBACKS == 1)
1346:Drivers/STM32F4/Drivers/STM32F4xx_HAL_Driver/Src/stm32f4xx_hal_adc.c ****     hadc->ErrorCallback(hadc);
1347:Drivers/STM32F4/Drivers/STM32F4xx_HAL_Driver/Src/stm32f4xx_hal_adc.c **** #else
1348:Drivers/STM32F4/Drivers/STM32F4xx_HAL_Driver/Src/stm32f4xx_hal_adc.c ****     HAL_ADC_ErrorCallback(hadc);
1349:Drivers/STM32F4/Drivers/STM32F4xx_HAL_Driver/Src/stm32f4xx_hal_adc.c **** #endif /* USE_HAL_ADC_REGISTER_CALLBACKS */
1350:Drivers/STM32F4/Drivers/STM32F4xx_HAL_Driver/Src/stm32f4xx_hal_adc.c **** 
1351:Drivers/STM32F4/Drivers/STM32F4xx_HAL_Driver/Src/stm32f4xx_hal_adc.c ****     /* Clear the Overrun flag */
1352:Drivers/STM32F4/Drivers/STM32F4xx_HAL_Driver/Src/stm32f4xx_hal_adc.c ****     __HAL_ADC_CLEAR_FLAG(hadc, ADC_FLAG_OVR);
1353:Drivers/STM32F4/Drivers/STM32F4xx_HAL_Driver/Src/stm32f4xx_hal_adc.c ****   }
1354:Drivers/STM32F4/Drivers/STM32F4xx_HAL_Driver/Src/stm32f4xx_hal_adc.c **** }
1355:Drivers/STM32F4/Drivers/STM32F4xx_HAL_Driver/Src/stm32f4xx_hal_adc.c **** 
1356:Drivers/STM32F4/Drivers/STM32F4xx_HAL_Driver/Src/stm32f4xx_hal_adc.c **** /**
1357:Drivers/STM32F4/Drivers/STM32F4xx_HAL_Driver/Src/stm32f4xx_hal_adc.c ****   * @brief  Enables ADC DMA request after last transfer (Single-ADC mode) and enables ADC periphera
1358:Drivers/STM32F4/Drivers/STM32F4xx_HAL_Driver/Src/stm32f4xx_hal_adc.c ****   * @param  hadc pointer to a ADC_HandleTypeDef structure that contains
1359:Drivers/STM32F4/Drivers/STM32F4xx_HAL_Driver/Src/stm32f4xx_hal_adc.c ****   *         the configuration information for the specified ADC.
1360:Drivers/STM32F4/Drivers/STM32F4xx_HAL_Driver/Src/stm32f4xx_hal_adc.c ****   * @param  pData The destination Buffer address.
1361:Drivers/STM32F4/Drivers/STM32F4xx_HAL_Driver/Src/stm32f4xx_hal_adc.c ****   * @param  Length The length of data to be transferred from ADC peripheral to memory.
1362:Drivers/STM32F4/Drivers/STM32F4xx_HAL_Driver/Src/stm32f4xx_hal_adc.c ****   * @retval HAL status
1363:Drivers/STM32F4/Drivers/STM32F4xx_HAL_Driver/Src/stm32f4xx_hal_adc.c ****   */
1364:Drivers/STM32F4/Drivers/STM32F4xx_HAL_Driver/Src/stm32f4xx_hal_adc.c **** HAL_StatusTypeDef HAL_ADC_Start_DMA(ADC_HandleTypeDef *hadc, uint32_t *pData, uint32_t Length)
1365:Drivers/STM32F4/Drivers/STM32F4xx_HAL_Driver/Src/stm32f4xx_hal_adc.c **** {
1366:Drivers/STM32F4/Drivers/STM32F4xx_HAL_Driver/Src/stm32f4xx_hal_adc.c ****   __IO uint32_t counter = 0U;
1367:Drivers/STM32F4/Drivers/STM32F4xx_HAL_Driver/Src/stm32f4xx_hal_adc.c ****   ADC_Common_TypeDef *tmpADC_Common;
1368:Drivers/STM32F4/Drivers/STM32F4xx_HAL_Driver/Src/stm32f4xx_hal_adc.c ****   HAL_StatusTypeDef tmp_hal_status = HAL_OK;
1369:Drivers/STM32F4/Drivers/STM32F4xx_HAL_Driver/Src/stm32f4xx_hal_adc.c ****   /* Check the parameters */
1370:Drivers/STM32F4/Drivers/STM32F4xx_HAL_Driver/Src/stm32f4xx_hal_adc.c ****   assert_param(IS_FUNCTIONAL_STATE(hadc->Init.ContinuousConvMode));
1371:Drivers/STM32F4/Drivers/STM32F4xx_HAL_Driver/Src/stm32f4xx_hal_adc.c ****   assert_param(IS_ADC_EXT_TRIG_EDGE(hadc->Init.ExternalTrigConvEdge));
1372:Drivers/STM32F4/Drivers/STM32F4xx_HAL_Driver/Src/stm32f4xx_hal_adc.c **** 
1373:Drivers/STM32F4/Drivers/STM32F4xx_HAL_Driver/Src/stm32f4xx_hal_adc.c ****   /* Process locked */
1374:Drivers/STM32F4/Drivers/STM32F4xx_HAL_Driver/Src/stm32f4xx_hal_adc.c ****   __HAL_LOCK(hadc);
1375:Drivers/STM32F4/Drivers/STM32F4xx_HAL_Driver/Src/stm32f4xx_hal_adc.c **** 
1376:Drivers/STM32F4/Drivers/STM32F4xx_HAL_Driver/Src/stm32f4xx_hal_adc.c ****   /* Enable the ADC peripheral */
1377:Drivers/STM32F4/Drivers/STM32F4xx_HAL_Driver/Src/stm32f4xx_hal_adc.c ****   /* Check if ADC peripheral is disabled in order to enable it and wait during
1378:Drivers/STM32F4/Drivers/STM32F4xx_HAL_Driver/Src/stm32f4xx_hal_adc.c ****   Tstab time the ADC's stabilization */
1379:Drivers/STM32F4/Drivers/STM32F4xx_HAL_Driver/Src/stm32f4xx_hal_adc.c ****   if ((hadc->Instance->CR2 & ADC_CR2_ADON) != ADC_CR2_ADON)
1380:Drivers/STM32F4/Drivers/STM32F4xx_HAL_Driver/Src/stm32f4xx_hal_adc.c ****   {
1381:Drivers/STM32F4/Drivers/STM32F4xx_HAL_Driver/Src/stm32f4xx_hal_adc.c ****     /* Enable the Peripheral */
1382:Drivers/STM32F4/Drivers/STM32F4xx_HAL_Driver/Src/stm32f4xx_hal_adc.c ****     __HAL_ADC_ENABLE(hadc);
1383:Drivers/STM32F4/Drivers/STM32F4xx_HAL_Driver/Src/stm32f4xx_hal_adc.c **** 
1384:Drivers/STM32F4/Drivers/STM32F4xx_HAL_Driver/Src/stm32f4xx_hal_adc.c ****     /* Delay for ADC stabilization time */
1385:Drivers/STM32F4/Drivers/STM32F4xx_HAL_Driver/Src/stm32f4xx_hal_adc.c ****     /* Compute number of CPU cycles to wait for */
ARM GAS  /tmp/cciQ8ehY.s 			page 26


1386:Drivers/STM32F4/Drivers/STM32F4xx_HAL_Driver/Src/stm32f4xx_hal_adc.c ****     counter = (ADC_STAB_DELAY_US * (SystemCoreClock / 1000000U));
1387:Drivers/STM32F4/Drivers/STM32F4xx_HAL_Driver/Src/stm32f4xx_hal_adc.c ****     while (counter != 0U)
1388:Drivers/STM32F4/Drivers/STM32F4xx_HAL_Driver/Src/stm32f4xx_hal_adc.c ****     {
1389:Drivers/STM32F4/Drivers/STM32F4xx_HAL_Driver/Src/stm32f4xx_hal_adc.c ****       counter--;
1390:Drivers/STM32F4/Drivers/STM32F4xx_HAL_Driver/Src/stm32f4xx_hal_adc.c ****     }
1391:Drivers/STM32F4/Drivers/STM32F4xx_HAL_Driver/Src/stm32f4xx_hal_adc.c ****   }
1392:Drivers/STM32F4/Drivers/STM32F4xx_HAL_Driver/Src/stm32f4xx_hal_adc.c **** 
1393:Drivers/STM32F4/Drivers/STM32F4xx_HAL_Driver/Src/stm32f4xx_hal_adc.c ****   /* Check ADC DMA Mode                                                     */
1394:Drivers/STM32F4/Drivers/STM32F4xx_HAL_Driver/Src/stm32f4xx_hal_adc.c ****   /* - disable the DMA Mode if it is already enabled                        */
1395:Drivers/STM32F4/Drivers/STM32F4xx_HAL_Driver/Src/stm32f4xx_hal_adc.c ****   if ((hadc->Instance->CR2 & ADC_CR2_DMA) == ADC_CR2_DMA)
1396:Drivers/STM32F4/Drivers/STM32F4xx_HAL_Driver/Src/stm32f4xx_hal_adc.c ****   {
1397:Drivers/STM32F4/Drivers/STM32F4xx_HAL_Driver/Src/stm32f4xx_hal_adc.c ****     CLEAR_BIT(hadc->Instance->CR2, ADC_CR2_DMA);
1398:Drivers/STM32F4/Drivers/STM32F4xx_HAL_Driver/Src/stm32f4xx_hal_adc.c ****   }
1399:Drivers/STM32F4/Drivers/STM32F4xx_HAL_Driver/Src/stm32f4xx_hal_adc.c **** 
1400:Drivers/STM32F4/Drivers/STM32F4xx_HAL_Driver/Src/stm32f4xx_hal_adc.c ****   /* Start conversion if ADC is effectively enabled */
1401:Drivers/STM32F4/Drivers/STM32F4xx_HAL_Driver/Src/stm32f4xx_hal_adc.c ****   if (HAL_IS_BIT_SET(hadc->Instance->CR2, ADC_CR2_ADON))
1402:Drivers/STM32F4/Drivers/STM32F4xx_HAL_Driver/Src/stm32f4xx_hal_adc.c ****   {
1403:Drivers/STM32F4/Drivers/STM32F4xx_HAL_Driver/Src/stm32f4xx_hal_adc.c ****     /* Set ADC state                                                          */
1404:Drivers/STM32F4/Drivers/STM32F4xx_HAL_Driver/Src/stm32f4xx_hal_adc.c ****     /* - Clear state bitfield related to regular group conversion results     */
1405:Drivers/STM32F4/Drivers/STM32F4xx_HAL_Driver/Src/stm32f4xx_hal_adc.c ****     /* - Set state bitfield related to regular group operation                */
1406:Drivers/STM32F4/Drivers/STM32F4xx_HAL_Driver/Src/stm32f4xx_hal_adc.c ****     ADC_STATE_CLR_SET(hadc->State,
1407:Drivers/STM32F4/Drivers/STM32F4xx_HAL_Driver/Src/stm32f4xx_hal_adc.c ****                       HAL_ADC_STATE_READY | HAL_ADC_STATE_REG_EOC | HAL_ADC_STATE_REG_OVR,
1408:Drivers/STM32F4/Drivers/STM32F4xx_HAL_Driver/Src/stm32f4xx_hal_adc.c ****                       HAL_ADC_STATE_REG_BUSY);
1409:Drivers/STM32F4/Drivers/STM32F4xx_HAL_Driver/Src/stm32f4xx_hal_adc.c **** 
1410:Drivers/STM32F4/Drivers/STM32F4xx_HAL_Driver/Src/stm32f4xx_hal_adc.c ****     /* If conversions on group regular are also triggering group injected,    */
1411:Drivers/STM32F4/Drivers/STM32F4xx_HAL_Driver/Src/stm32f4xx_hal_adc.c ****     /* update ADC state.                                                      */
1412:Drivers/STM32F4/Drivers/STM32F4xx_HAL_Driver/Src/stm32f4xx_hal_adc.c ****     if (READ_BIT(hadc->Instance->CR1, ADC_CR1_JAUTO) != RESET)
1413:Drivers/STM32F4/Drivers/STM32F4xx_HAL_Driver/Src/stm32f4xx_hal_adc.c ****     {
1414:Drivers/STM32F4/Drivers/STM32F4xx_HAL_Driver/Src/stm32f4xx_hal_adc.c ****       ADC_STATE_CLR_SET(hadc->State, HAL_ADC_STATE_INJ_EOC, HAL_ADC_STATE_INJ_BUSY);
1415:Drivers/STM32F4/Drivers/STM32F4xx_HAL_Driver/Src/stm32f4xx_hal_adc.c ****     }
1416:Drivers/STM32F4/Drivers/STM32F4xx_HAL_Driver/Src/stm32f4xx_hal_adc.c **** 
1417:Drivers/STM32F4/Drivers/STM32F4xx_HAL_Driver/Src/stm32f4xx_hal_adc.c ****     /* State machine update: Check if an injected conversion is ongoing */
1418:Drivers/STM32F4/Drivers/STM32F4xx_HAL_Driver/Src/stm32f4xx_hal_adc.c ****     if (HAL_IS_BIT_SET(hadc->State, HAL_ADC_STATE_INJ_BUSY))
1419:Drivers/STM32F4/Drivers/STM32F4xx_HAL_Driver/Src/stm32f4xx_hal_adc.c ****     {
1420:Drivers/STM32F4/Drivers/STM32F4xx_HAL_Driver/Src/stm32f4xx_hal_adc.c ****       /* Reset ADC error code fields related to conversions on group regular */
1421:Drivers/STM32F4/Drivers/STM32F4xx_HAL_Driver/Src/stm32f4xx_hal_adc.c ****       CLEAR_BIT(hadc->ErrorCode, (HAL_ADC_ERROR_OVR | HAL_ADC_ERROR_DMA));
1422:Drivers/STM32F4/Drivers/STM32F4xx_HAL_Driver/Src/stm32f4xx_hal_adc.c ****     }
1423:Drivers/STM32F4/Drivers/STM32F4xx_HAL_Driver/Src/stm32f4xx_hal_adc.c ****     else
1424:Drivers/STM32F4/Drivers/STM32F4xx_HAL_Driver/Src/stm32f4xx_hal_adc.c ****     {
1425:Drivers/STM32F4/Drivers/STM32F4xx_HAL_Driver/Src/stm32f4xx_hal_adc.c ****       /* Reset ADC all error code fields */
1426:Drivers/STM32F4/Drivers/STM32F4xx_HAL_Driver/Src/stm32f4xx_hal_adc.c ****       ADC_CLEAR_ERRORCODE(hadc);
1427:Drivers/STM32F4/Drivers/STM32F4xx_HAL_Driver/Src/stm32f4xx_hal_adc.c ****     }
1428:Drivers/STM32F4/Drivers/STM32F4xx_HAL_Driver/Src/stm32f4xx_hal_adc.c **** 
1429:Drivers/STM32F4/Drivers/STM32F4xx_HAL_Driver/Src/stm32f4xx_hal_adc.c ****     /* Process unlocked */
1430:Drivers/STM32F4/Drivers/STM32F4xx_HAL_Driver/Src/stm32f4xx_hal_adc.c ****     /* Unlock before starting ADC conversions: in case of potential           */
1431:Drivers/STM32F4/Drivers/STM32F4xx_HAL_Driver/Src/stm32f4xx_hal_adc.c ****     /* interruption, to let the process to ADC IRQ Handler.                   */
1432:Drivers/STM32F4/Drivers/STM32F4xx_HAL_Driver/Src/stm32f4xx_hal_adc.c ****     __HAL_UNLOCK(hadc);
1433:Drivers/STM32F4/Drivers/STM32F4xx_HAL_Driver/Src/stm32f4xx_hal_adc.c **** 
1434:Drivers/STM32F4/Drivers/STM32F4xx_HAL_Driver/Src/stm32f4xx_hal_adc.c ****     /* Pointer to the common control register to which is belonging hadc    */
1435:Drivers/STM32F4/Drivers/STM32F4xx_HAL_Driver/Src/stm32f4xx_hal_adc.c ****     /* (Depending on STM32F4 product, there may be up to 3 ADCs and 1 common */
1436:Drivers/STM32F4/Drivers/STM32F4xx_HAL_Driver/Src/stm32f4xx_hal_adc.c ****     /* control register)                                                    */
1437:Drivers/STM32F4/Drivers/STM32F4xx_HAL_Driver/Src/stm32f4xx_hal_adc.c ****     tmpADC_Common = ADC_COMMON_REGISTER(hadc);
1438:Drivers/STM32F4/Drivers/STM32F4xx_HAL_Driver/Src/stm32f4xx_hal_adc.c **** 
1439:Drivers/STM32F4/Drivers/STM32F4xx_HAL_Driver/Src/stm32f4xx_hal_adc.c ****     /* Set the DMA transfer complete callback */
1440:Drivers/STM32F4/Drivers/STM32F4xx_HAL_Driver/Src/stm32f4xx_hal_adc.c ****     hadc->DMA_Handle->XferCpltCallback = ADC_DMAConvCplt;
1441:Drivers/STM32F4/Drivers/STM32F4xx_HAL_Driver/Src/stm32f4xx_hal_adc.c **** 
1442:Drivers/STM32F4/Drivers/STM32F4xx_HAL_Driver/Src/stm32f4xx_hal_adc.c ****     /* Set the DMA half transfer complete callback */
ARM GAS  /tmp/cciQ8ehY.s 			page 27


1443:Drivers/STM32F4/Drivers/STM32F4xx_HAL_Driver/Src/stm32f4xx_hal_adc.c ****     hadc->DMA_Handle->XferHalfCpltCallback = ADC_DMAHalfConvCplt;
1444:Drivers/STM32F4/Drivers/STM32F4xx_HAL_Driver/Src/stm32f4xx_hal_adc.c **** 
1445:Drivers/STM32F4/Drivers/STM32F4xx_HAL_Driver/Src/stm32f4xx_hal_adc.c ****     /* Set the DMA error callback */
1446:Drivers/STM32F4/Drivers/STM32F4xx_HAL_Driver/Src/stm32f4xx_hal_adc.c ****     hadc->DMA_Handle->XferErrorCallback = ADC_DMAError;
1447:Drivers/STM32F4/Drivers/STM32F4xx_HAL_Driver/Src/stm32f4xx_hal_adc.c **** 
1448:Drivers/STM32F4/Drivers/STM32F4xx_HAL_Driver/Src/stm32f4xx_hal_adc.c **** 
1449:Drivers/STM32F4/Drivers/STM32F4xx_HAL_Driver/Src/stm32f4xx_hal_adc.c ****     /* Manage ADC and DMA start: ADC overrun interruption, DMA start, ADC     */
1450:Drivers/STM32F4/Drivers/STM32F4xx_HAL_Driver/Src/stm32f4xx_hal_adc.c ****     /* start (in case of SW start):                                           */
1451:Drivers/STM32F4/Drivers/STM32F4xx_HAL_Driver/Src/stm32f4xx_hal_adc.c **** 
1452:Drivers/STM32F4/Drivers/STM32F4xx_HAL_Driver/Src/stm32f4xx_hal_adc.c ****     /* Clear regular group conversion flag and overrun flag */
1453:Drivers/STM32F4/Drivers/STM32F4xx_HAL_Driver/Src/stm32f4xx_hal_adc.c ****     /* (To ensure of no unknown state from potential previous ADC operations) */
1454:Drivers/STM32F4/Drivers/STM32F4xx_HAL_Driver/Src/stm32f4xx_hal_adc.c ****     __HAL_ADC_CLEAR_FLAG(hadc, ADC_FLAG_EOC | ADC_FLAG_OVR);
1455:Drivers/STM32F4/Drivers/STM32F4xx_HAL_Driver/Src/stm32f4xx_hal_adc.c **** 
1456:Drivers/STM32F4/Drivers/STM32F4xx_HAL_Driver/Src/stm32f4xx_hal_adc.c ****     /* Enable ADC overrun interrupt */
1457:Drivers/STM32F4/Drivers/STM32F4xx_HAL_Driver/Src/stm32f4xx_hal_adc.c ****     __HAL_ADC_ENABLE_IT(hadc, ADC_IT_OVR);
1458:Drivers/STM32F4/Drivers/STM32F4xx_HAL_Driver/Src/stm32f4xx_hal_adc.c **** 
1459:Drivers/STM32F4/Drivers/STM32F4xx_HAL_Driver/Src/stm32f4xx_hal_adc.c ****     /* Enable ADC DMA mode */
1460:Drivers/STM32F4/Drivers/STM32F4xx_HAL_Driver/Src/stm32f4xx_hal_adc.c ****     hadc->Instance->CR2 |= ADC_CR2_DMA;
1461:Drivers/STM32F4/Drivers/STM32F4xx_HAL_Driver/Src/stm32f4xx_hal_adc.c **** 
1462:Drivers/STM32F4/Drivers/STM32F4xx_HAL_Driver/Src/stm32f4xx_hal_adc.c ****     /* Start the DMA channel */
1463:Drivers/STM32F4/Drivers/STM32F4xx_HAL_Driver/Src/stm32f4xx_hal_adc.c ****     tmp_hal_status = HAL_DMA_Start_IT(hadc->DMA_Handle, (uint32_t)&hadc->Instance->DR, (uint32_t)pD
1464:Drivers/STM32F4/Drivers/STM32F4xx_HAL_Driver/Src/stm32f4xx_hal_adc.c **** 
1465:Drivers/STM32F4/Drivers/STM32F4xx_HAL_Driver/Src/stm32f4xx_hal_adc.c ****     /* Check if Multimode enabled */
1466:Drivers/STM32F4/Drivers/STM32F4xx_HAL_Driver/Src/stm32f4xx_hal_adc.c ****     if (HAL_IS_BIT_CLR(tmpADC_Common->CCR, ADC_CCR_MULTI))
1467:Drivers/STM32F4/Drivers/STM32F4xx_HAL_Driver/Src/stm32f4xx_hal_adc.c ****     {
1468:Drivers/STM32F4/Drivers/STM32F4xx_HAL_Driver/Src/stm32f4xx_hal_adc.c **** #if defined(ADC2) && defined(ADC3)
1469:Drivers/STM32F4/Drivers/STM32F4xx_HAL_Driver/Src/stm32f4xx_hal_adc.c ****       if ((hadc->Instance == ADC1) || ((hadc->Instance == ADC2) && ((ADC->CCR & ADC_CCR_MULTI_Msk) 
1470:Drivers/STM32F4/Drivers/STM32F4xx_HAL_Driver/Src/stm32f4xx_hal_adc.c ****           || ((hadc->Instance == ADC3) && ((ADC->CCR & ADC_CCR_MULTI_Msk) < ADC_CCR_MULTI_4)))
1471:Drivers/STM32F4/Drivers/STM32F4xx_HAL_Driver/Src/stm32f4xx_hal_adc.c ****       {
1472:Drivers/STM32F4/Drivers/STM32F4xx_HAL_Driver/Src/stm32f4xx_hal_adc.c **** #endif /* ADC2 || ADC3 */
1473:Drivers/STM32F4/Drivers/STM32F4xx_HAL_Driver/Src/stm32f4xx_hal_adc.c ****         /* if no external trigger present enable software conversion of regular channels */
1474:Drivers/STM32F4/Drivers/STM32F4xx_HAL_Driver/Src/stm32f4xx_hal_adc.c ****         if ((hadc->Instance->CR2 & ADC_CR2_EXTEN) == RESET)
1475:Drivers/STM32F4/Drivers/STM32F4xx_HAL_Driver/Src/stm32f4xx_hal_adc.c ****         {
1476:Drivers/STM32F4/Drivers/STM32F4xx_HAL_Driver/Src/stm32f4xx_hal_adc.c ****           /* Enable the selected ADC software conversion for regular group */
1477:Drivers/STM32F4/Drivers/STM32F4xx_HAL_Driver/Src/stm32f4xx_hal_adc.c ****           hadc->Instance->CR2 |= (uint32_t)ADC_CR2_SWSTART;
1478:Drivers/STM32F4/Drivers/STM32F4xx_HAL_Driver/Src/stm32f4xx_hal_adc.c ****         }
1479:Drivers/STM32F4/Drivers/STM32F4xx_HAL_Driver/Src/stm32f4xx_hal_adc.c **** #if defined(ADC2) && defined(ADC3)
1480:Drivers/STM32F4/Drivers/STM32F4xx_HAL_Driver/Src/stm32f4xx_hal_adc.c ****       }
1481:Drivers/STM32F4/Drivers/STM32F4xx_HAL_Driver/Src/stm32f4xx_hal_adc.c **** #endif /* ADC2 || ADC3 */
1482:Drivers/STM32F4/Drivers/STM32F4xx_HAL_Driver/Src/stm32f4xx_hal_adc.c ****     }
1483:Drivers/STM32F4/Drivers/STM32F4xx_HAL_Driver/Src/stm32f4xx_hal_adc.c ****     else
1484:Drivers/STM32F4/Drivers/STM32F4xx_HAL_Driver/Src/stm32f4xx_hal_adc.c ****     {
1485:Drivers/STM32F4/Drivers/STM32F4xx_HAL_Driver/Src/stm32f4xx_hal_adc.c ****       /* if instance of handle correspond to ADC1 and  no external trigger present enable software 
1486:Drivers/STM32F4/Drivers/STM32F4xx_HAL_Driver/Src/stm32f4xx_hal_adc.c ****       if ((hadc->Instance == ADC1) && ((hadc->Instance->CR2 & ADC_CR2_EXTEN) == RESET))
1487:Drivers/STM32F4/Drivers/STM32F4xx_HAL_Driver/Src/stm32f4xx_hal_adc.c ****       {
1488:Drivers/STM32F4/Drivers/STM32F4xx_HAL_Driver/Src/stm32f4xx_hal_adc.c ****         /* Enable the selected ADC software conversion for regular group */
1489:Drivers/STM32F4/Drivers/STM32F4xx_HAL_Driver/Src/stm32f4xx_hal_adc.c ****         hadc->Instance->CR2 |= (uint32_t)ADC_CR2_SWSTART;
1490:Drivers/STM32F4/Drivers/STM32F4xx_HAL_Driver/Src/stm32f4xx_hal_adc.c ****       }
1491:Drivers/STM32F4/Drivers/STM32F4xx_HAL_Driver/Src/stm32f4xx_hal_adc.c ****     }
1492:Drivers/STM32F4/Drivers/STM32F4xx_HAL_Driver/Src/stm32f4xx_hal_adc.c ****   }
1493:Drivers/STM32F4/Drivers/STM32F4xx_HAL_Driver/Src/stm32f4xx_hal_adc.c ****   else
1494:Drivers/STM32F4/Drivers/STM32F4xx_HAL_Driver/Src/stm32f4xx_hal_adc.c ****   {
1495:Drivers/STM32F4/Drivers/STM32F4xx_HAL_Driver/Src/stm32f4xx_hal_adc.c ****     /* Update ADC state machine to error */
1496:Drivers/STM32F4/Drivers/STM32F4xx_HAL_Driver/Src/stm32f4xx_hal_adc.c ****     SET_BIT(hadc->State, HAL_ADC_STATE_ERROR_INTERNAL);
1497:Drivers/STM32F4/Drivers/STM32F4xx_HAL_Driver/Src/stm32f4xx_hal_adc.c **** 
1498:Drivers/STM32F4/Drivers/STM32F4xx_HAL_Driver/Src/stm32f4xx_hal_adc.c ****     /* Set ADC error code to ADC IP internal error */
1499:Drivers/STM32F4/Drivers/STM32F4xx_HAL_Driver/Src/stm32f4xx_hal_adc.c ****     SET_BIT(hadc->ErrorCode, HAL_ADC_ERROR_INTERNAL);
ARM GAS  /tmp/cciQ8ehY.s 			page 28


1500:Drivers/STM32F4/Drivers/STM32F4xx_HAL_Driver/Src/stm32f4xx_hal_adc.c ****   }
1501:Drivers/STM32F4/Drivers/STM32F4xx_HAL_Driver/Src/stm32f4xx_hal_adc.c **** 
1502:Drivers/STM32F4/Drivers/STM32F4xx_HAL_Driver/Src/stm32f4xx_hal_adc.c ****   /* Return function status */
1503:Drivers/STM32F4/Drivers/STM32F4xx_HAL_Driver/Src/stm32f4xx_hal_adc.c ****   return tmp_hal_status;
1504:Drivers/STM32F4/Drivers/STM32F4xx_HAL_Driver/Src/stm32f4xx_hal_adc.c **** }
1505:Drivers/STM32F4/Drivers/STM32F4xx_HAL_Driver/Src/stm32f4xx_hal_adc.c **** 
1506:Drivers/STM32F4/Drivers/STM32F4xx_HAL_Driver/Src/stm32f4xx_hal_adc.c **** /**
1507:Drivers/STM32F4/Drivers/STM32F4xx_HAL_Driver/Src/stm32f4xx_hal_adc.c ****   * @brief  Disables ADC DMA (Single-ADC mode) and disables ADC peripheral
1508:Drivers/STM32F4/Drivers/STM32F4xx_HAL_Driver/Src/stm32f4xx_hal_adc.c ****   * @param  hadc pointer to a ADC_HandleTypeDef structure that contains
1509:Drivers/STM32F4/Drivers/STM32F4xx_HAL_Driver/Src/stm32f4xx_hal_adc.c ****   *         the configuration information for the specified ADC.
1510:Drivers/STM32F4/Drivers/STM32F4xx_HAL_Driver/Src/stm32f4xx_hal_adc.c ****   * @retval HAL status
1511:Drivers/STM32F4/Drivers/STM32F4xx_HAL_Driver/Src/stm32f4xx_hal_adc.c ****   */
1512:Drivers/STM32F4/Drivers/STM32F4xx_HAL_Driver/Src/stm32f4xx_hal_adc.c **** HAL_StatusTypeDef HAL_ADC_Stop_DMA(ADC_HandleTypeDef *hadc)
1513:Drivers/STM32F4/Drivers/STM32F4xx_HAL_Driver/Src/stm32f4xx_hal_adc.c **** {
1514:Drivers/STM32F4/Drivers/STM32F4xx_HAL_Driver/Src/stm32f4xx_hal_adc.c ****   HAL_StatusTypeDef tmp_hal_status = HAL_OK;
1515:Drivers/STM32F4/Drivers/STM32F4xx_HAL_Driver/Src/stm32f4xx_hal_adc.c **** 
1516:Drivers/STM32F4/Drivers/STM32F4xx_HAL_Driver/Src/stm32f4xx_hal_adc.c ****   /* Check the parameters */
1517:Drivers/STM32F4/Drivers/STM32F4xx_HAL_Driver/Src/stm32f4xx_hal_adc.c ****   assert_param(IS_ADC_ALL_INSTANCE(hadc->Instance));
1518:Drivers/STM32F4/Drivers/STM32F4xx_HAL_Driver/Src/stm32f4xx_hal_adc.c **** 
1519:Drivers/STM32F4/Drivers/STM32F4xx_HAL_Driver/Src/stm32f4xx_hal_adc.c ****   /* Process locked */
1520:Drivers/STM32F4/Drivers/STM32F4xx_HAL_Driver/Src/stm32f4xx_hal_adc.c ****   __HAL_LOCK(hadc);
1521:Drivers/STM32F4/Drivers/STM32F4xx_HAL_Driver/Src/stm32f4xx_hal_adc.c **** 
1522:Drivers/STM32F4/Drivers/STM32F4xx_HAL_Driver/Src/stm32f4xx_hal_adc.c ****   /* Stop potential conversion on going, on regular and injected groups */
1523:Drivers/STM32F4/Drivers/STM32F4xx_HAL_Driver/Src/stm32f4xx_hal_adc.c ****   /* Disable ADC peripheral */
1524:Drivers/STM32F4/Drivers/STM32F4xx_HAL_Driver/Src/stm32f4xx_hal_adc.c ****   __HAL_ADC_DISABLE(hadc);
1525:Drivers/STM32F4/Drivers/STM32F4xx_HAL_Driver/Src/stm32f4xx_hal_adc.c **** 
1526:Drivers/STM32F4/Drivers/STM32F4xx_HAL_Driver/Src/stm32f4xx_hal_adc.c ****   /* Check if ADC is effectively disabled */
1527:Drivers/STM32F4/Drivers/STM32F4xx_HAL_Driver/Src/stm32f4xx_hal_adc.c ****   if (HAL_IS_BIT_CLR(hadc->Instance->CR2, ADC_CR2_ADON))
1528:Drivers/STM32F4/Drivers/STM32F4xx_HAL_Driver/Src/stm32f4xx_hal_adc.c ****   {
1529:Drivers/STM32F4/Drivers/STM32F4xx_HAL_Driver/Src/stm32f4xx_hal_adc.c ****     /* Disable the selected ADC DMA mode */
1530:Drivers/STM32F4/Drivers/STM32F4xx_HAL_Driver/Src/stm32f4xx_hal_adc.c ****     hadc->Instance->CR2 &= ~ADC_CR2_DMA;
1531:Drivers/STM32F4/Drivers/STM32F4xx_HAL_Driver/Src/stm32f4xx_hal_adc.c **** 
1532:Drivers/STM32F4/Drivers/STM32F4xx_HAL_Driver/Src/stm32f4xx_hal_adc.c ****     /* Disable the DMA channel (in case of DMA in circular mode or stop while */
1533:Drivers/STM32F4/Drivers/STM32F4xx_HAL_Driver/Src/stm32f4xx_hal_adc.c ****     /* DMA transfer is on going)                                              */
1534:Drivers/STM32F4/Drivers/STM32F4xx_HAL_Driver/Src/stm32f4xx_hal_adc.c ****     if (hadc->DMA_Handle->State == HAL_DMA_STATE_BUSY)
1535:Drivers/STM32F4/Drivers/STM32F4xx_HAL_Driver/Src/stm32f4xx_hal_adc.c ****     {
1536:Drivers/STM32F4/Drivers/STM32F4xx_HAL_Driver/Src/stm32f4xx_hal_adc.c ****       tmp_hal_status = HAL_DMA_Abort(hadc->DMA_Handle);
1537:Drivers/STM32F4/Drivers/STM32F4xx_HAL_Driver/Src/stm32f4xx_hal_adc.c **** 
1538:Drivers/STM32F4/Drivers/STM32F4xx_HAL_Driver/Src/stm32f4xx_hal_adc.c ****       /* Check if DMA channel effectively disabled */
1539:Drivers/STM32F4/Drivers/STM32F4xx_HAL_Driver/Src/stm32f4xx_hal_adc.c ****       if (tmp_hal_status != HAL_OK)
1540:Drivers/STM32F4/Drivers/STM32F4xx_HAL_Driver/Src/stm32f4xx_hal_adc.c ****       {
1541:Drivers/STM32F4/Drivers/STM32F4xx_HAL_Driver/Src/stm32f4xx_hal_adc.c ****         /* Update ADC state machine to error */
1542:Drivers/STM32F4/Drivers/STM32F4xx_HAL_Driver/Src/stm32f4xx_hal_adc.c ****         SET_BIT(hadc->State, HAL_ADC_STATE_ERROR_DMA);
1543:Drivers/STM32F4/Drivers/STM32F4xx_HAL_Driver/Src/stm32f4xx_hal_adc.c ****       }
1544:Drivers/STM32F4/Drivers/STM32F4xx_HAL_Driver/Src/stm32f4xx_hal_adc.c ****     }
1545:Drivers/STM32F4/Drivers/STM32F4xx_HAL_Driver/Src/stm32f4xx_hal_adc.c **** 
1546:Drivers/STM32F4/Drivers/STM32F4xx_HAL_Driver/Src/stm32f4xx_hal_adc.c ****     /* Disable ADC overrun interrupt */
1547:Drivers/STM32F4/Drivers/STM32F4xx_HAL_Driver/Src/stm32f4xx_hal_adc.c ****     __HAL_ADC_DISABLE_IT(hadc, ADC_IT_OVR);
1548:Drivers/STM32F4/Drivers/STM32F4xx_HAL_Driver/Src/stm32f4xx_hal_adc.c **** 
1549:Drivers/STM32F4/Drivers/STM32F4xx_HAL_Driver/Src/stm32f4xx_hal_adc.c ****     /* Set ADC state */
1550:Drivers/STM32F4/Drivers/STM32F4xx_HAL_Driver/Src/stm32f4xx_hal_adc.c ****     ADC_STATE_CLR_SET(hadc->State,
1551:Drivers/STM32F4/Drivers/STM32F4xx_HAL_Driver/Src/stm32f4xx_hal_adc.c ****                       HAL_ADC_STATE_REG_BUSY | HAL_ADC_STATE_INJ_BUSY,
1552:Drivers/STM32F4/Drivers/STM32F4xx_HAL_Driver/Src/stm32f4xx_hal_adc.c ****                       HAL_ADC_STATE_READY);
1553:Drivers/STM32F4/Drivers/STM32F4xx_HAL_Driver/Src/stm32f4xx_hal_adc.c ****   }
1554:Drivers/STM32F4/Drivers/STM32F4xx_HAL_Driver/Src/stm32f4xx_hal_adc.c **** 
1555:Drivers/STM32F4/Drivers/STM32F4xx_HAL_Driver/Src/stm32f4xx_hal_adc.c ****   /* Process unlocked */
1556:Drivers/STM32F4/Drivers/STM32F4xx_HAL_Driver/Src/stm32f4xx_hal_adc.c ****   __HAL_UNLOCK(hadc);
ARM GAS  /tmp/cciQ8ehY.s 			page 29


1557:Drivers/STM32F4/Drivers/STM32F4xx_HAL_Driver/Src/stm32f4xx_hal_adc.c **** 
1558:Drivers/STM32F4/Drivers/STM32F4xx_HAL_Driver/Src/stm32f4xx_hal_adc.c ****   /* Return function status */
1559:Drivers/STM32F4/Drivers/STM32F4xx_HAL_Driver/Src/stm32f4xx_hal_adc.c ****   return tmp_hal_status;
1560:Drivers/STM32F4/Drivers/STM32F4xx_HAL_Driver/Src/stm32f4xx_hal_adc.c **** }
1561:Drivers/STM32F4/Drivers/STM32F4xx_HAL_Driver/Src/stm32f4xx_hal_adc.c **** 
1562:Drivers/STM32F4/Drivers/STM32F4xx_HAL_Driver/Src/stm32f4xx_hal_adc.c **** /**
1563:Drivers/STM32F4/Drivers/STM32F4xx_HAL_Driver/Src/stm32f4xx_hal_adc.c ****   * @brief  Gets the converted value from data register of regular channel.
1564:Drivers/STM32F4/Drivers/STM32F4xx_HAL_Driver/Src/stm32f4xx_hal_adc.c ****   * @param  hadc pointer to a ADC_HandleTypeDef structure that contains
1565:Drivers/STM32F4/Drivers/STM32F4xx_HAL_Driver/Src/stm32f4xx_hal_adc.c ****   *         the configuration information for the specified ADC.
1566:Drivers/STM32F4/Drivers/STM32F4xx_HAL_Driver/Src/stm32f4xx_hal_adc.c ****   * @retval Converted value
1567:Drivers/STM32F4/Drivers/STM32F4xx_HAL_Driver/Src/stm32f4xx_hal_adc.c ****   */
1568:Drivers/STM32F4/Drivers/STM32F4xx_HAL_Driver/Src/stm32f4xx_hal_adc.c **** uint32_t HAL_ADC_GetValue(ADC_HandleTypeDef *hadc)
1569:Drivers/STM32F4/Drivers/STM32F4xx_HAL_Driver/Src/stm32f4xx_hal_adc.c **** {
1570:Drivers/STM32F4/Drivers/STM32F4xx_HAL_Driver/Src/stm32f4xx_hal_adc.c ****   /* Return the selected ADC converted value */
1571:Drivers/STM32F4/Drivers/STM32F4xx_HAL_Driver/Src/stm32f4xx_hal_adc.c ****   return hadc->Instance->DR;
1572:Drivers/STM32F4/Drivers/STM32F4xx_HAL_Driver/Src/stm32f4xx_hal_adc.c **** }
1573:Drivers/STM32F4/Drivers/STM32F4xx_HAL_Driver/Src/stm32f4xx_hal_adc.c **** 
1574:Drivers/STM32F4/Drivers/STM32F4xx_HAL_Driver/Src/stm32f4xx_hal_adc.c **** /**
1575:Drivers/STM32F4/Drivers/STM32F4xx_HAL_Driver/Src/stm32f4xx_hal_adc.c ****   * @brief  Regular conversion complete callback in non blocking mode
1576:Drivers/STM32F4/Drivers/STM32F4xx_HAL_Driver/Src/stm32f4xx_hal_adc.c ****   * @param  hadc pointer to a ADC_HandleTypeDef structure that contains
1577:Drivers/STM32F4/Drivers/STM32F4xx_HAL_Driver/Src/stm32f4xx_hal_adc.c ****   *         the configuration information for the specified ADC.
1578:Drivers/STM32F4/Drivers/STM32F4xx_HAL_Driver/Src/stm32f4xx_hal_adc.c ****   * @retval None
1579:Drivers/STM32F4/Drivers/STM32F4xx_HAL_Driver/Src/stm32f4xx_hal_adc.c ****   */
1580:Drivers/STM32F4/Drivers/STM32F4xx_HAL_Driver/Src/stm32f4xx_hal_adc.c **** __weak void HAL_ADC_ConvCpltCallback(ADC_HandleTypeDef *hadc)
1581:Drivers/STM32F4/Drivers/STM32F4xx_HAL_Driver/Src/stm32f4xx_hal_adc.c **** {
1582:Drivers/STM32F4/Drivers/STM32F4xx_HAL_Driver/Src/stm32f4xx_hal_adc.c ****   /* Prevent unused argument(s) compilation warning */
1583:Drivers/STM32F4/Drivers/STM32F4xx_HAL_Driver/Src/stm32f4xx_hal_adc.c ****   UNUSED(hadc);
1584:Drivers/STM32F4/Drivers/STM32F4xx_HAL_Driver/Src/stm32f4xx_hal_adc.c ****   /* NOTE : This function Should not be modified, when the callback is needed,
1585:Drivers/STM32F4/Drivers/STM32F4xx_HAL_Driver/Src/stm32f4xx_hal_adc.c ****             the HAL_ADC_ConvCpltCallback could be implemented in the user file
1586:Drivers/STM32F4/Drivers/STM32F4xx_HAL_Driver/Src/stm32f4xx_hal_adc.c ****    */
1587:Drivers/STM32F4/Drivers/STM32F4xx_HAL_Driver/Src/stm32f4xx_hal_adc.c **** }
1588:Drivers/STM32F4/Drivers/STM32F4xx_HAL_Driver/Src/stm32f4xx_hal_adc.c **** 
1589:Drivers/STM32F4/Drivers/STM32F4xx_HAL_Driver/Src/stm32f4xx_hal_adc.c **** /**
1590:Drivers/STM32F4/Drivers/STM32F4xx_HAL_Driver/Src/stm32f4xx_hal_adc.c ****   * @brief  Regular conversion half DMA transfer callback in non blocking mode
1591:Drivers/STM32F4/Drivers/STM32F4xx_HAL_Driver/Src/stm32f4xx_hal_adc.c ****   * @param  hadc pointer to a ADC_HandleTypeDef structure that contains
1592:Drivers/STM32F4/Drivers/STM32F4xx_HAL_Driver/Src/stm32f4xx_hal_adc.c ****   *         the configuration information for the specified ADC.
1593:Drivers/STM32F4/Drivers/STM32F4xx_HAL_Driver/Src/stm32f4xx_hal_adc.c ****   * @retval None
1594:Drivers/STM32F4/Drivers/STM32F4xx_HAL_Driver/Src/stm32f4xx_hal_adc.c ****   */
1595:Drivers/STM32F4/Drivers/STM32F4xx_HAL_Driver/Src/stm32f4xx_hal_adc.c **** __weak void HAL_ADC_ConvHalfCpltCallback(ADC_HandleTypeDef *hadc)
1596:Drivers/STM32F4/Drivers/STM32F4xx_HAL_Driver/Src/stm32f4xx_hal_adc.c **** {
1597:Drivers/STM32F4/Drivers/STM32F4xx_HAL_Driver/Src/stm32f4xx_hal_adc.c ****   /* Prevent unused argument(s) compilation warning */
1598:Drivers/STM32F4/Drivers/STM32F4xx_HAL_Driver/Src/stm32f4xx_hal_adc.c ****   UNUSED(hadc);
1599:Drivers/STM32F4/Drivers/STM32F4xx_HAL_Driver/Src/stm32f4xx_hal_adc.c ****   /* NOTE : This function Should not be modified, when the callback is needed,
1600:Drivers/STM32F4/Drivers/STM32F4xx_HAL_Driver/Src/stm32f4xx_hal_adc.c ****             the HAL_ADC_ConvHalfCpltCallback could be implemented in the user file
1601:Drivers/STM32F4/Drivers/STM32F4xx_HAL_Driver/Src/stm32f4xx_hal_adc.c ****    */
1602:Drivers/STM32F4/Drivers/STM32F4xx_HAL_Driver/Src/stm32f4xx_hal_adc.c **** }
1603:Drivers/STM32F4/Drivers/STM32F4xx_HAL_Driver/Src/stm32f4xx_hal_adc.c **** 
1604:Drivers/STM32F4/Drivers/STM32F4xx_HAL_Driver/Src/stm32f4xx_hal_adc.c **** /**
1605:Drivers/STM32F4/Drivers/STM32F4xx_HAL_Driver/Src/stm32f4xx_hal_adc.c ****   * @brief  Analog watchdog callback in non blocking mode
1606:Drivers/STM32F4/Drivers/STM32F4xx_HAL_Driver/Src/stm32f4xx_hal_adc.c ****   * @param  hadc pointer to a ADC_HandleTypeDef structure that contains
1607:Drivers/STM32F4/Drivers/STM32F4xx_HAL_Driver/Src/stm32f4xx_hal_adc.c ****   *         the configuration information for the specified ADC.
1608:Drivers/STM32F4/Drivers/STM32F4xx_HAL_Driver/Src/stm32f4xx_hal_adc.c ****   * @retval None
1609:Drivers/STM32F4/Drivers/STM32F4xx_HAL_Driver/Src/stm32f4xx_hal_adc.c ****   */
1610:Drivers/STM32F4/Drivers/STM32F4xx_HAL_Driver/Src/stm32f4xx_hal_adc.c **** __weak void HAL_ADC_LevelOutOfWindowCallback(ADC_HandleTypeDef *hadc)
1611:Drivers/STM32F4/Drivers/STM32F4xx_HAL_Driver/Src/stm32f4xx_hal_adc.c **** {
1612:Drivers/STM32F4/Drivers/STM32F4xx_HAL_Driver/Src/stm32f4xx_hal_adc.c ****   /* Prevent unused argument(s) compilation warning */
1613:Drivers/STM32F4/Drivers/STM32F4xx_HAL_Driver/Src/stm32f4xx_hal_adc.c ****   UNUSED(hadc);
ARM GAS  /tmp/cciQ8ehY.s 			page 30


1614:Drivers/STM32F4/Drivers/STM32F4xx_HAL_Driver/Src/stm32f4xx_hal_adc.c ****   /* NOTE : This function Should not be modified, when the callback is needed,
1615:Drivers/STM32F4/Drivers/STM32F4xx_HAL_Driver/Src/stm32f4xx_hal_adc.c ****             the HAL_ADC_LevelOoutOfWindowCallback could be implemented in the user file
1616:Drivers/STM32F4/Drivers/STM32F4xx_HAL_Driver/Src/stm32f4xx_hal_adc.c ****    */
1617:Drivers/STM32F4/Drivers/STM32F4xx_HAL_Driver/Src/stm32f4xx_hal_adc.c **** }
1618:Drivers/STM32F4/Drivers/STM32F4xx_HAL_Driver/Src/stm32f4xx_hal_adc.c **** 
1619:Drivers/STM32F4/Drivers/STM32F4xx_HAL_Driver/Src/stm32f4xx_hal_adc.c **** /**
1620:Drivers/STM32F4/Drivers/STM32F4xx_HAL_Driver/Src/stm32f4xx_hal_adc.c ****   * @brief  Error ADC callback.
1621:Drivers/STM32F4/Drivers/STM32F4xx_HAL_Driver/Src/stm32f4xx_hal_adc.c ****   * @note   In case of error due to overrun when using ADC with DMA transfer
1622:Drivers/STM32F4/Drivers/STM32F4xx_HAL_Driver/Src/stm32f4xx_hal_adc.c ****   *         (HAL ADC handle parameter "ErrorCode" to state "HAL_ADC_ERROR_OVR"):
1623:Drivers/STM32F4/Drivers/STM32F4xx_HAL_Driver/Src/stm32f4xx_hal_adc.c ****   *         - Reinitialize the DMA using function "HAL_ADC_Stop_DMA()".
1624:Drivers/STM32F4/Drivers/STM32F4xx_HAL_Driver/Src/stm32f4xx_hal_adc.c ****   *         - If needed, restart a new ADC conversion using function
1625:Drivers/STM32F4/Drivers/STM32F4xx_HAL_Driver/Src/stm32f4xx_hal_adc.c ****   *           "HAL_ADC_Start_DMA()"
1626:Drivers/STM32F4/Drivers/STM32F4xx_HAL_Driver/Src/stm32f4xx_hal_adc.c ****   *           (this function is also clearing overrun flag)
1627:Drivers/STM32F4/Drivers/STM32F4xx_HAL_Driver/Src/stm32f4xx_hal_adc.c ****   * @param  hadc pointer to a ADC_HandleTypeDef structure that contains
1628:Drivers/STM32F4/Drivers/STM32F4xx_HAL_Driver/Src/stm32f4xx_hal_adc.c ****   *         the configuration information for the specified ADC.
1629:Drivers/STM32F4/Drivers/STM32F4xx_HAL_Driver/Src/stm32f4xx_hal_adc.c ****   * @retval None
1630:Drivers/STM32F4/Drivers/STM32F4xx_HAL_Driver/Src/stm32f4xx_hal_adc.c ****   */
1631:Drivers/STM32F4/Drivers/STM32F4xx_HAL_Driver/Src/stm32f4xx_hal_adc.c **** __weak void HAL_ADC_ErrorCallback(ADC_HandleTypeDef *hadc)
1632:Drivers/STM32F4/Drivers/STM32F4xx_HAL_Driver/Src/stm32f4xx_hal_adc.c **** {
1633:Drivers/STM32F4/Drivers/STM32F4xx_HAL_Driver/Src/stm32f4xx_hal_adc.c ****   /* Prevent unused argument(s) compilation warning */
1634:Drivers/STM32F4/Drivers/STM32F4xx_HAL_Driver/Src/stm32f4xx_hal_adc.c ****   UNUSED(hadc);
1635:Drivers/STM32F4/Drivers/STM32F4xx_HAL_Driver/Src/stm32f4xx_hal_adc.c ****   /* NOTE : This function Should not be modified, when the callback is needed,
1636:Drivers/STM32F4/Drivers/STM32F4xx_HAL_Driver/Src/stm32f4xx_hal_adc.c ****             the HAL_ADC_ErrorCallback could be implemented in the user file
1637:Drivers/STM32F4/Drivers/STM32F4xx_HAL_Driver/Src/stm32f4xx_hal_adc.c ****    */
1638:Drivers/STM32F4/Drivers/STM32F4xx_HAL_Driver/Src/stm32f4xx_hal_adc.c **** }
1639:Drivers/STM32F4/Drivers/STM32F4xx_HAL_Driver/Src/stm32f4xx_hal_adc.c **** 
1640:Drivers/STM32F4/Drivers/STM32F4xx_HAL_Driver/Src/stm32f4xx_hal_adc.c **** /**
1641:Drivers/STM32F4/Drivers/STM32F4xx_HAL_Driver/Src/stm32f4xx_hal_adc.c ****   * @}
1642:Drivers/STM32F4/Drivers/STM32F4xx_HAL_Driver/Src/stm32f4xx_hal_adc.c ****   */
1643:Drivers/STM32F4/Drivers/STM32F4xx_HAL_Driver/Src/stm32f4xx_hal_adc.c **** 
1644:Drivers/STM32F4/Drivers/STM32F4xx_HAL_Driver/Src/stm32f4xx_hal_adc.c **** /** @defgroup ADC_Exported_Functions_Group3 Peripheral Control functions
1645:Drivers/STM32F4/Drivers/STM32F4xx_HAL_Driver/Src/stm32f4xx_hal_adc.c ****  *  @brief    Peripheral Control functions
1646:Drivers/STM32F4/Drivers/STM32F4xx_HAL_Driver/Src/stm32f4xx_hal_adc.c ****  *
1647:Drivers/STM32F4/Drivers/STM32F4xx_HAL_Driver/Src/stm32f4xx_hal_adc.c **** @verbatim
1648:Drivers/STM32F4/Drivers/STM32F4xx_HAL_Driver/Src/stm32f4xx_hal_adc.c ****  ===============================================================================
1649:Drivers/STM32F4/Drivers/STM32F4xx_HAL_Driver/Src/stm32f4xx_hal_adc.c ****              ##### Peripheral Control functions #####
1650:Drivers/STM32F4/Drivers/STM32F4xx_HAL_Driver/Src/stm32f4xx_hal_adc.c ****  ===============================================================================
1651:Drivers/STM32F4/Drivers/STM32F4xx_HAL_Driver/Src/stm32f4xx_hal_adc.c ****     [..]  This section provides functions allowing to:
1652:Drivers/STM32F4/Drivers/STM32F4xx_HAL_Driver/Src/stm32f4xx_hal_adc.c ****       (+) Configure regular channels.
1653:Drivers/STM32F4/Drivers/STM32F4xx_HAL_Driver/Src/stm32f4xx_hal_adc.c ****       (+) Configure injected channels.
1654:Drivers/STM32F4/Drivers/STM32F4xx_HAL_Driver/Src/stm32f4xx_hal_adc.c ****       (+) Configure multimode.
1655:Drivers/STM32F4/Drivers/STM32F4xx_HAL_Driver/Src/stm32f4xx_hal_adc.c ****       (+) Configure the analog watch dog.
1656:Drivers/STM32F4/Drivers/STM32F4xx_HAL_Driver/Src/stm32f4xx_hal_adc.c **** 
1657:Drivers/STM32F4/Drivers/STM32F4xx_HAL_Driver/Src/stm32f4xx_hal_adc.c **** @endverbatim
1658:Drivers/STM32F4/Drivers/STM32F4xx_HAL_Driver/Src/stm32f4xx_hal_adc.c ****   * @{
1659:Drivers/STM32F4/Drivers/STM32F4xx_HAL_Driver/Src/stm32f4xx_hal_adc.c ****   */
1660:Drivers/STM32F4/Drivers/STM32F4xx_HAL_Driver/Src/stm32f4xx_hal_adc.c **** 
1661:Drivers/STM32F4/Drivers/STM32F4xx_HAL_Driver/Src/stm32f4xx_hal_adc.c **** /**
1662:Drivers/STM32F4/Drivers/STM32F4xx_HAL_Driver/Src/stm32f4xx_hal_adc.c **** * @brief  Configures for the selected ADC regular channel its corresponding
1663:Drivers/STM32F4/Drivers/STM32F4xx_HAL_Driver/Src/stm32f4xx_hal_adc.c **** *         rank in the sequencer and its sample time.
1664:Drivers/STM32F4/Drivers/STM32F4xx_HAL_Driver/Src/stm32f4xx_hal_adc.c **** * @param  hadc pointer to a ADC_HandleTypeDef structure that contains
1665:Drivers/STM32F4/Drivers/STM32F4xx_HAL_Driver/Src/stm32f4xx_hal_adc.c **** *         the configuration information for the specified ADC.
1666:Drivers/STM32F4/Drivers/STM32F4xx_HAL_Driver/Src/stm32f4xx_hal_adc.c **** * @param  sConfig ADC configuration structure.
1667:Drivers/STM32F4/Drivers/STM32F4xx_HAL_Driver/Src/stm32f4xx_hal_adc.c **** * @retval HAL status
1668:Drivers/STM32F4/Drivers/STM32F4xx_HAL_Driver/Src/stm32f4xx_hal_adc.c **** */
1669:Drivers/STM32F4/Drivers/STM32F4xx_HAL_Driver/Src/stm32f4xx_hal_adc.c **** HAL_StatusTypeDef HAL_ADC_ConfigChannel(ADC_HandleTypeDef *hadc, ADC_ChannelConfTypeDef *sConfig)
1670:Drivers/STM32F4/Drivers/STM32F4xx_HAL_Driver/Src/stm32f4xx_hal_adc.c **** {
ARM GAS  /tmp/cciQ8ehY.s 			page 31


1671:Drivers/STM32F4/Drivers/STM32F4xx_HAL_Driver/Src/stm32f4xx_hal_adc.c ****   __IO uint32_t counter = 0U;
1672:Drivers/STM32F4/Drivers/STM32F4xx_HAL_Driver/Src/stm32f4xx_hal_adc.c ****   ADC_Common_TypeDef *tmpADC_Common;
1673:Drivers/STM32F4/Drivers/STM32F4xx_HAL_Driver/Src/stm32f4xx_hal_adc.c **** 
1674:Drivers/STM32F4/Drivers/STM32F4xx_HAL_Driver/Src/stm32f4xx_hal_adc.c ****   /* Check the parameters */
1675:Drivers/STM32F4/Drivers/STM32F4xx_HAL_Driver/Src/stm32f4xx_hal_adc.c ****   assert_param(IS_ADC_CHANNEL(sConfig->Channel));
1676:Drivers/STM32F4/Drivers/STM32F4xx_HAL_Driver/Src/stm32f4xx_hal_adc.c ****   assert_param(IS_ADC_REGULAR_RANK(sConfig->Rank));
1677:Drivers/STM32F4/Drivers/STM32F4xx_HAL_Driver/Src/stm32f4xx_hal_adc.c ****   assert_param(IS_ADC_SAMPLE_TIME(sConfig->SamplingTime));
1678:Drivers/STM32F4/Drivers/STM32F4xx_HAL_Driver/Src/stm32f4xx_hal_adc.c **** 
1679:Drivers/STM32F4/Drivers/STM32F4xx_HAL_Driver/Src/stm32f4xx_hal_adc.c ****   /* Process locked */
1680:Drivers/STM32F4/Drivers/STM32F4xx_HAL_Driver/Src/stm32f4xx_hal_adc.c ****   __HAL_LOCK(hadc);
1681:Drivers/STM32F4/Drivers/STM32F4xx_HAL_Driver/Src/stm32f4xx_hal_adc.c **** 
1682:Drivers/STM32F4/Drivers/STM32F4xx_HAL_Driver/Src/stm32f4xx_hal_adc.c ****   /* if ADC_Channel_10 ... ADC_Channel_18 is selected */
1683:Drivers/STM32F4/Drivers/STM32F4xx_HAL_Driver/Src/stm32f4xx_hal_adc.c ****   if (sConfig->Channel > ADC_CHANNEL_9)
1684:Drivers/STM32F4/Drivers/STM32F4xx_HAL_Driver/Src/stm32f4xx_hal_adc.c ****   {
1685:Drivers/STM32F4/Drivers/STM32F4xx_HAL_Driver/Src/stm32f4xx_hal_adc.c ****     /* Clear the old sample time */
1686:Drivers/STM32F4/Drivers/STM32F4xx_HAL_Driver/Src/stm32f4xx_hal_adc.c ****     hadc->Instance->SMPR1 &= ~ADC_SMPR1(ADC_SMPR1_SMP10, sConfig->Channel);
1687:Drivers/STM32F4/Drivers/STM32F4xx_HAL_Driver/Src/stm32f4xx_hal_adc.c **** 
1688:Drivers/STM32F4/Drivers/STM32F4xx_HAL_Driver/Src/stm32f4xx_hal_adc.c ****     /* Set the new sample time */
1689:Drivers/STM32F4/Drivers/STM32F4xx_HAL_Driver/Src/stm32f4xx_hal_adc.c ****     hadc->Instance->SMPR1 |= ADC_SMPR1(sConfig->SamplingTime, sConfig->Channel);
1690:Drivers/STM32F4/Drivers/STM32F4xx_HAL_Driver/Src/stm32f4xx_hal_adc.c ****   }
1691:Drivers/STM32F4/Drivers/STM32F4xx_HAL_Driver/Src/stm32f4xx_hal_adc.c ****   else /* ADC_Channel include in ADC_Channel_[0..9] */
1692:Drivers/STM32F4/Drivers/STM32F4xx_HAL_Driver/Src/stm32f4xx_hal_adc.c ****   {
1693:Drivers/STM32F4/Drivers/STM32F4xx_HAL_Driver/Src/stm32f4xx_hal_adc.c ****     /* Clear the old sample time */
1694:Drivers/STM32F4/Drivers/STM32F4xx_HAL_Driver/Src/stm32f4xx_hal_adc.c ****     hadc->Instance->SMPR2 &= ~ADC_SMPR2(ADC_SMPR2_SMP0, sConfig->Channel);
1695:Drivers/STM32F4/Drivers/STM32F4xx_HAL_Driver/Src/stm32f4xx_hal_adc.c **** 
1696:Drivers/STM32F4/Drivers/STM32F4xx_HAL_Driver/Src/stm32f4xx_hal_adc.c ****     /* Set the new sample time */
1697:Drivers/STM32F4/Drivers/STM32F4xx_HAL_Driver/Src/stm32f4xx_hal_adc.c ****     hadc->Instance->SMPR2 |= ADC_SMPR2(sConfig->SamplingTime, sConfig->Channel);
1698:Drivers/STM32F4/Drivers/STM32F4xx_HAL_Driver/Src/stm32f4xx_hal_adc.c ****   }
1699:Drivers/STM32F4/Drivers/STM32F4xx_HAL_Driver/Src/stm32f4xx_hal_adc.c **** 
1700:Drivers/STM32F4/Drivers/STM32F4xx_HAL_Driver/Src/stm32f4xx_hal_adc.c ****   /* For Rank 1 to 6 */
1701:Drivers/STM32F4/Drivers/STM32F4xx_HAL_Driver/Src/stm32f4xx_hal_adc.c ****   if (sConfig->Rank < 7U)
1702:Drivers/STM32F4/Drivers/STM32F4xx_HAL_Driver/Src/stm32f4xx_hal_adc.c ****   {
1703:Drivers/STM32F4/Drivers/STM32F4xx_HAL_Driver/Src/stm32f4xx_hal_adc.c ****     /* Clear the old SQx bits for the selected rank */
1704:Drivers/STM32F4/Drivers/STM32F4xx_HAL_Driver/Src/stm32f4xx_hal_adc.c ****     hadc->Instance->SQR3 &= ~ADC_SQR3_RK(ADC_SQR3_SQ1, sConfig->Rank);
1705:Drivers/STM32F4/Drivers/STM32F4xx_HAL_Driver/Src/stm32f4xx_hal_adc.c **** 
1706:Drivers/STM32F4/Drivers/STM32F4xx_HAL_Driver/Src/stm32f4xx_hal_adc.c ****     /* Set the SQx bits for the selected rank */
1707:Drivers/STM32F4/Drivers/STM32F4xx_HAL_Driver/Src/stm32f4xx_hal_adc.c ****     hadc->Instance->SQR3 |= ADC_SQR3_RK(sConfig->Channel, sConfig->Rank);
1708:Drivers/STM32F4/Drivers/STM32F4xx_HAL_Driver/Src/stm32f4xx_hal_adc.c ****   }
1709:Drivers/STM32F4/Drivers/STM32F4xx_HAL_Driver/Src/stm32f4xx_hal_adc.c ****   /* For Rank 7 to 12 */
1710:Drivers/STM32F4/Drivers/STM32F4xx_HAL_Driver/Src/stm32f4xx_hal_adc.c ****   else if (sConfig->Rank < 13U)
1711:Drivers/STM32F4/Drivers/STM32F4xx_HAL_Driver/Src/stm32f4xx_hal_adc.c ****   {
1712:Drivers/STM32F4/Drivers/STM32F4xx_HAL_Driver/Src/stm32f4xx_hal_adc.c ****     /* Clear the old SQx bits for the selected rank */
1713:Drivers/STM32F4/Drivers/STM32F4xx_HAL_Driver/Src/stm32f4xx_hal_adc.c ****     hadc->Instance->SQR2 &= ~ADC_SQR2_RK(ADC_SQR2_SQ7, sConfig->Rank);
1714:Drivers/STM32F4/Drivers/STM32F4xx_HAL_Driver/Src/stm32f4xx_hal_adc.c **** 
1715:Drivers/STM32F4/Drivers/STM32F4xx_HAL_Driver/Src/stm32f4xx_hal_adc.c ****     /* Set the SQx bits for the selected rank */
1716:Drivers/STM32F4/Drivers/STM32F4xx_HAL_Driver/Src/stm32f4xx_hal_adc.c ****     hadc->Instance->SQR2 |= ADC_SQR2_RK(sConfig->Channel, sConfig->Rank);
1717:Drivers/STM32F4/Drivers/STM32F4xx_HAL_Driver/Src/stm32f4xx_hal_adc.c ****   }
1718:Drivers/STM32F4/Drivers/STM32F4xx_HAL_Driver/Src/stm32f4xx_hal_adc.c ****   /* For Rank 13 to 16 */
1719:Drivers/STM32F4/Drivers/STM32F4xx_HAL_Driver/Src/stm32f4xx_hal_adc.c ****   else
1720:Drivers/STM32F4/Drivers/STM32F4xx_HAL_Driver/Src/stm32f4xx_hal_adc.c ****   {
1721:Drivers/STM32F4/Drivers/STM32F4xx_HAL_Driver/Src/stm32f4xx_hal_adc.c ****     /* Clear the old SQx bits for the selected rank */
1722:Drivers/STM32F4/Drivers/STM32F4xx_HAL_Driver/Src/stm32f4xx_hal_adc.c ****     hadc->Instance->SQR1 &= ~ADC_SQR1_RK(ADC_SQR1_SQ13, sConfig->Rank);
1723:Drivers/STM32F4/Drivers/STM32F4xx_HAL_Driver/Src/stm32f4xx_hal_adc.c **** 
1724:Drivers/STM32F4/Drivers/STM32F4xx_HAL_Driver/Src/stm32f4xx_hal_adc.c ****     /* Set the SQx bits for the selected rank */
1725:Drivers/STM32F4/Drivers/STM32F4xx_HAL_Driver/Src/stm32f4xx_hal_adc.c ****     hadc->Instance->SQR1 |= ADC_SQR1_RK(sConfig->Channel, sConfig->Rank);
1726:Drivers/STM32F4/Drivers/STM32F4xx_HAL_Driver/Src/stm32f4xx_hal_adc.c ****   }
1727:Drivers/STM32F4/Drivers/STM32F4xx_HAL_Driver/Src/stm32f4xx_hal_adc.c **** 
ARM GAS  /tmp/cciQ8ehY.s 			page 32


1728:Drivers/STM32F4/Drivers/STM32F4xx_HAL_Driver/Src/stm32f4xx_hal_adc.c ****   /* Pointer to the common control register to which is belonging hadc    */
1729:Drivers/STM32F4/Drivers/STM32F4xx_HAL_Driver/Src/stm32f4xx_hal_adc.c ****   /* (Depending on STM32F4 product, there may be up to 3 ADCs and 1 common */
1730:Drivers/STM32F4/Drivers/STM32F4xx_HAL_Driver/Src/stm32f4xx_hal_adc.c ****   /* control register)                                                    */
1731:Drivers/STM32F4/Drivers/STM32F4xx_HAL_Driver/Src/stm32f4xx_hal_adc.c ****   tmpADC_Common = ADC_COMMON_REGISTER(hadc);
1732:Drivers/STM32F4/Drivers/STM32F4xx_HAL_Driver/Src/stm32f4xx_hal_adc.c **** 
1733:Drivers/STM32F4/Drivers/STM32F4xx_HAL_Driver/Src/stm32f4xx_hal_adc.c ****   /* if ADC1 Channel_18 is selected for VBAT Channel ennable VBATE */
1734:Drivers/STM32F4/Drivers/STM32F4xx_HAL_Driver/Src/stm32f4xx_hal_adc.c ****   if ((hadc->Instance == ADC1) && (sConfig->Channel == ADC_CHANNEL_VBAT))
1735:Drivers/STM32F4/Drivers/STM32F4xx_HAL_Driver/Src/stm32f4xx_hal_adc.c ****   {
1736:Drivers/STM32F4/Drivers/STM32F4xx_HAL_Driver/Src/stm32f4xx_hal_adc.c ****     /* Disable the TEMPSENSOR channel in case of using board with multiplixed ADC_CHANNEL_VBAT & AD
1737:Drivers/STM32F4/Drivers/STM32F4xx_HAL_Driver/Src/stm32f4xx_hal_adc.c ****     if ((uint16_t)ADC_CHANNEL_TEMPSENSOR == (uint16_t)ADC_CHANNEL_VBAT)
1738:Drivers/STM32F4/Drivers/STM32F4xx_HAL_Driver/Src/stm32f4xx_hal_adc.c ****     {
1739:Drivers/STM32F4/Drivers/STM32F4xx_HAL_Driver/Src/stm32f4xx_hal_adc.c ****       tmpADC_Common->CCR &= ~ADC_CCR_TSVREFE;
1740:Drivers/STM32F4/Drivers/STM32F4xx_HAL_Driver/Src/stm32f4xx_hal_adc.c ****     }
1741:Drivers/STM32F4/Drivers/STM32F4xx_HAL_Driver/Src/stm32f4xx_hal_adc.c ****     /* Enable the VBAT channel*/
1742:Drivers/STM32F4/Drivers/STM32F4xx_HAL_Driver/Src/stm32f4xx_hal_adc.c ****     tmpADC_Common->CCR |= ADC_CCR_VBATE;
1743:Drivers/STM32F4/Drivers/STM32F4xx_HAL_Driver/Src/stm32f4xx_hal_adc.c ****   }
1744:Drivers/STM32F4/Drivers/STM32F4xx_HAL_Driver/Src/stm32f4xx_hal_adc.c **** 
1745:Drivers/STM32F4/Drivers/STM32F4xx_HAL_Driver/Src/stm32f4xx_hal_adc.c ****   /* if ADC1 Channel_16 or Channel_18 is selected for Temperature sensor or
1746:Drivers/STM32F4/Drivers/STM32F4xx_HAL_Driver/Src/stm32f4xx_hal_adc.c ****      Channel_17 is selected for VREFINT enable TSVREFE */
1747:Drivers/STM32F4/Drivers/STM32F4xx_HAL_Driver/Src/stm32f4xx_hal_adc.c ****   if ((hadc->Instance == ADC1) && ((sConfig->Channel == ADC_CHANNEL_TEMPSENSOR) || (sConfig->Channe
1748:Drivers/STM32F4/Drivers/STM32F4xx_HAL_Driver/Src/stm32f4xx_hal_adc.c ****   {
1749:Drivers/STM32F4/Drivers/STM32F4xx_HAL_Driver/Src/stm32f4xx_hal_adc.c ****     /* Disable the VBAT channel in case of using board with multiplixed ADC_CHANNEL_VBAT & ADC_CHAN
1750:Drivers/STM32F4/Drivers/STM32F4xx_HAL_Driver/Src/stm32f4xx_hal_adc.c ****     if ((uint16_t)ADC_CHANNEL_TEMPSENSOR == (uint16_t)ADC_CHANNEL_VBAT)
1751:Drivers/STM32F4/Drivers/STM32F4xx_HAL_Driver/Src/stm32f4xx_hal_adc.c ****     {
1752:Drivers/STM32F4/Drivers/STM32F4xx_HAL_Driver/Src/stm32f4xx_hal_adc.c ****       tmpADC_Common->CCR &= ~ADC_CCR_VBATE;
1753:Drivers/STM32F4/Drivers/STM32F4xx_HAL_Driver/Src/stm32f4xx_hal_adc.c ****     }
1754:Drivers/STM32F4/Drivers/STM32F4xx_HAL_Driver/Src/stm32f4xx_hal_adc.c ****     /* Enable the Temperature sensor and VREFINT channel*/
1755:Drivers/STM32F4/Drivers/STM32F4xx_HAL_Driver/Src/stm32f4xx_hal_adc.c ****     tmpADC_Common->CCR |= ADC_CCR_TSVREFE;
1756:Drivers/STM32F4/Drivers/STM32F4xx_HAL_Driver/Src/stm32f4xx_hal_adc.c **** 
1757:Drivers/STM32F4/Drivers/STM32F4xx_HAL_Driver/Src/stm32f4xx_hal_adc.c ****     if (sConfig->Channel == ADC_CHANNEL_TEMPSENSOR)
1758:Drivers/STM32F4/Drivers/STM32F4xx_HAL_Driver/Src/stm32f4xx_hal_adc.c ****     {
1759:Drivers/STM32F4/Drivers/STM32F4xx_HAL_Driver/Src/stm32f4xx_hal_adc.c ****       /* Delay for temperature sensor stabilization time */
1760:Drivers/STM32F4/Drivers/STM32F4xx_HAL_Driver/Src/stm32f4xx_hal_adc.c ****       /* Compute number of CPU cycles to wait for */
1761:Drivers/STM32F4/Drivers/STM32F4xx_HAL_Driver/Src/stm32f4xx_hal_adc.c ****       counter = (ADC_TEMPSENSOR_DELAY_US * (SystemCoreClock / 1000000U));
1762:Drivers/STM32F4/Drivers/STM32F4xx_HAL_Driver/Src/stm32f4xx_hal_adc.c ****       while (counter != 0U)
1763:Drivers/STM32F4/Drivers/STM32F4xx_HAL_Driver/Src/stm32f4xx_hal_adc.c ****       {
1764:Drivers/STM32F4/Drivers/STM32F4xx_HAL_Driver/Src/stm32f4xx_hal_adc.c ****         counter--;
1765:Drivers/STM32F4/Drivers/STM32F4xx_HAL_Driver/Src/stm32f4xx_hal_adc.c ****       }
1766:Drivers/STM32F4/Drivers/STM32F4xx_HAL_Driver/Src/stm32f4xx_hal_adc.c ****     }
1767:Drivers/STM32F4/Drivers/STM32F4xx_HAL_Driver/Src/stm32f4xx_hal_adc.c ****   }
1768:Drivers/STM32F4/Drivers/STM32F4xx_HAL_Driver/Src/stm32f4xx_hal_adc.c **** 
1769:Drivers/STM32F4/Drivers/STM32F4xx_HAL_Driver/Src/stm32f4xx_hal_adc.c ****   /* Process unlocked */
1770:Drivers/STM32F4/Drivers/STM32F4xx_HAL_Driver/Src/stm32f4xx_hal_adc.c ****   __HAL_UNLOCK(hadc);
1771:Drivers/STM32F4/Drivers/STM32F4xx_HAL_Driver/Src/stm32f4xx_hal_adc.c **** 
1772:Drivers/STM32F4/Drivers/STM32F4xx_HAL_Driver/Src/stm32f4xx_hal_adc.c ****   /* Return function status */
1773:Drivers/STM32F4/Drivers/STM32F4xx_HAL_Driver/Src/stm32f4xx_hal_adc.c ****   return HAL_OK;
1774:Drivers/STM32F4/Drivers/STM32F4xx_HAL_Driver/Src/stm32f4xx_hal_adc.c **** }
1775:Drivers/STM32F4/Drivers/STM32F4xx_HAL_Driver/Src/stm32f4xx_hal_adc.c **** 
1776:Drivers/STM32F4/Drivers/STM32F4xx_HAL_Driver/Src/stm32f4xx_hal_adc.c **** /**
1777:Drivers/STM32F4/Drivers/STM32F4xx_HAL_Driver/Src/stm32f4xx_hal_adc.c ****   * @brief  Configures the analog watchdog.
1778:Drivers/STM32F4/Drivers/STM32F4xx_HAL_Driver/Src/stm32f4xx_hal_adc.c ****   * @note Analog watchdog thresholds can be modified while ADC conversion
1779:Drivers/STM32F4/Drivers/STM32F4xx_HAL_Driver/Src/stm32f4xx_hal_adc.c ****   * is on going.
1780:Drivers/STM32F4/Drivers/STM32F4xx_HAL_Driver/Src/stm32f4xx_hal_adc.c ****   * In this case, some constraints must be taken into account:
1781:Drivers/STM32F4/Drivers/STM32F4xx_HAL_Driver/Src/stm32f4xx_hal_adc.c ****   * The programmed threshold values are effective from the next
1782:Drivers/STM32F4/Drivers/STM32F4xx_HAL_Driver/Src/stm32f4xx_hal_adc.c ****   * ADC EOC (end of unitary conversion).
1783:Drivers/STM32F4/Drivers/STM32F4xx_HAL_Driver/Src/stm32f4xx_hal_adc.c ****   * Considering that registers write delay may happen due to
1784:Drivers/STM32F4/Drivers/STM32F4xx_HAL_Driver/Src/stm32f4xx_hal_adc.c ****   * bus activity, this might cause an uncertainty on the
ARM GAS  /tmp/cciQ8ehY.s 			page 33


1785:Drivers/STM32F4/Drivers/STM32F4xx_HAL_Driver/Src/stm32f4xx_hal_adc.c ****   * effective timing of the new programmed threshold values.
1786:Drivers/STM32F4/Drivers/STM32F4xx_HAL_Driver/Src/stm32f4xx_hal_adc.c ****   * @param  hadc pointer to a ADC_HandleTypeDef structure that contains
1787:Drivers/STM32F4/Drivers/STM32F4xx_HAL_Driver/Src/stm32f4xx_hal_adc.c ****   *         the configuration information for the specified ADC.
1788:Drivers/STM32F4/Drivers/STM32F4xx_HAL_Driver/Src/stm32f4xx_hal_adc.c ****   * @param  AnalogWDGConfig  pointer to an ADC_AnalogWDGConfTypeDef structure
1789:Drivers/STM32F4/Drivers/STM32F4xx_HAL_Driver/Src/stm32f4xx_hal_adc.c ****   *         that contains the configuration information of ADC analog watchdog.
1790:Drivers/STM32F4/Drivers/STM32F4xx_HAL_Driver/Src/stm32f4xx_hal_adc.c ****   * @retval HAL status
1791:Drivers/STM32F4/Drivers/STM32F4xx_HAL_Driver/Src/stm32f4xx_hal_adc.c ****   */
1792:Drivers/STM32F4/Drivers/STM32F4xx_HAL_Driver/Src/stm32f4xx_hal_adc.c **** HAL_StatusTypeDef HAL_ADC_AnalogWDGConfig(ADC_HandleTypeDef *hadc, ADC_AnalogWDGConfTypeDef *Analog
1793:Drivers/STM32F4/Drivers/STM32F4xx_HAL_Driver/Src/stm32f4xx_hal_adc.c **** {
1794:Drivers/STM32F4/Drivers/STM32F4xx_HAL_Driver/Src/stm32f4xx_hal_adc.c **** #ifdef USE_FULL_ASSERT
1795:Drivers/STM32F4/Drivers/STM32F4xx_HAL_Driver/Src/stm32f4xx_hal_adc.c ****   uint32_t tmp = 0U;
1796:Drivers/STM32F4/Drivers/STM32F4xx_HAL_Driver/Src/stm32f4xx_hal_adc.c **** #endif /* USE_FULL_ASSERT  */
1797:Drivers/STM32F4/Drivers/STM32F4xx_HAL_Driver/Src/stm32f4xx_hal_adc.c **** 
1798:Drivers/STM32F4/Drivers/STM32F4xx_HAL_Driver/Src/stm32f4xx_hal_adc.c ****   /* Check the parameters */
1799:Drivers/STM32F4/Drivers/STM32F4xx_HAL_Driver/Src/stm32f4xx_hal_adc.c ****   assert_param(IS_ADC_ANALOG_WATCHDOG(AnalogWDGConfig->WatchdogMode));
1800:Drivers/STM32F4/Drivers/STM32F4xx_HAL_Driver/Src/stm32f4xx_hal_adc.c ****   assert_param(IS_ADC_CHANNEL(AnalogWDGConfig->Channel));
1801:Drivers/STM32F4/Drivers/STM32F4xx_HAL_Driver/Src/stm32f4xx_hal_adc.c ****   assert_param(IS_FUNCTIONAL_STATE(AnalogWDGConfig->ITMode));
1802:Drivers/STM32F4/Drivers/STM32F4xx_HAL_Driver/Src/stm32f4xx_hal_adc.c **** 
1803:Drivers/STM32F4/Drivers/STM32F4xx_HAL_Driver/Src/stm32f4xx_hal_adc.c **** #ifdef USE_FULL_ASSERT
1804:Drivers/STM32F4/Drivers/STM32F4xx_HAL_Driver/Src/stm32f4xx_hal_adc.c ****   tmp = ADC_GET_RESOLUTION(hadc);
1805:Drivers/STM32F4/Drivers/STM32F4xx_HAL_Driver/Src/stm32f4xx_hal_adc.c ****   assert_param(IS_ADC_RANGE(tmp, AnalogWDGConfig->HighThreshold));
1806:Drivers/STM32F4/Drivers/STM32F4xx_HAL_Driver/Src/stm32f4xx_hal_adc.c ****   assert_param(IS_ADC_RANGE(tmp, AnalogWDGConfig->LowThreshold));
1807:Drivers/STM32F4/Drivers/STM32F4xx_HAL_Driver/Src/stm32f4xx_hal_adc.c **** #endif /* USE_FULL_ASSERT  */
1808:Drivers/STM32F4/Drivers/STM32F4xx_HAL_Driver/Src/stm32f4xx_hal_adc.c **** 
1809:Drivers/STM32F4/Drivers/STM32F4xx_HAL_Driver/Src/stm32f4xx_hal_adc.c ****   /* Process locked */
1810:Drivers/STM32F4/Drivers/STM32F4xx_HAL_Driver/Src/stm32f4xx_hal_adc.c ****   __HAL_LOCK(hadc);
1811:Drivers/STM32F4/Drivers/STM32F4xx_HAL_Driver/Src/stm32f4xx_hal_adc.c **** 
1812:Drivers/STM32F4/Drivers/STM32F4xx_HAL_Driver/Src/stm32f4xx_hal_adc.c ****   if (AnalogWDGConfig->ITMode == ENABLE)
1813:Drivers/STM32F4/Drivers/STM32F4xx_HAL_Driver/Src/stm32f4xx_hal_adc.c ****   {
1814:Drivers/STM32F4/Drivers/STM32F4xx_HAL_Driver/Src/stm32f4xx_hal_adc.c ****     /* Enable the ADC Analog watchdog interrupt */
1815:Drivers/STM32F4/Drivers/STM32F4xx_HAL_Driver/Src/stm32f4xx_hal_adc.c ****     __HAL_ADC_ENABLE_IT(hadc, ADC_IT_AWD);
1816:Drivers/STM32F4/Drivers/STM32F4xx_HAL_Driver/Src/stm32f4xx_hal_adc.c ****   }
1817:Drivers/STM32F4/Drivers/STM32F4xx_HAL_Driver/Src/stm32f4xx_hal_adc.c ****   else
1818:Drivers/STM32F4/Drivers/STM32F4xx_HAL_Driver/Src/stm32f4xx_hal_adc.c ****   {
1819:Drivers/STM32F4/Drivers/STM32F4xx_HAL_Driver/Src/stm32f4xx_hal_adc.c ****     /* Disable the ADC Analog watchdog interrupt */
1820:Drivers/STM32F4/Drivers/STM32F4xx_HAL_Driver/Src/stm32f4xx_hal_adc.c ****     __HAL_ADC_DISABLE_IT(hadc, ADC_IT_AWD);
1821:Drivers/STM32F4/Drivers/STM32F4xx_HAL_Driver/Src/stm32f4xx_hal_adc.c ****   }
1822:Drivers/STM32F4/Drivers/STM32F4xx_HAL_Driver/Src/stm32f4xx_hal_adc.c **** 
1823:Drivers/STM32F4/Drivers/STM32F4xx_HAL_Driver/Src/stm32f4xx_hal_adc.c ****   /* Clear AWDEN, JAWDEN and AWDSGL bits */
1824:Drivers/STM32F4/Drivers/STM32F4xx_HAL_Driver/Src/stm32f4xx_hal_adc.c ****   hadc->Instance->CR1 &=  ~(ADC_CR1_AWDSGL | ADC_CR1_JAWDEN | ADC_CR1_AWDEN);
1825:Drivers/STM32F4/Drivers/STM32F4xx_HAL_Driver/Src/stm32f4xx_hal_adc.c **** 
1826:Drivers/STM32F4/Drivers/STM32F4xx_HAL_Driver/Src/stm32f4xx_hal_adc.c ****   /* Set the analog watchdog enable mode */
1827:Drivers/STM32F4/Drivers/STM32F4xx_HAL_Driver/Src/stm32f4xx_hal_adc.c ****   hadc->Instance->CR1 |= AnalogWDGConfig->WatchdogMode;
1828:Drivers/STM32F4/Drivers/STM32F4xx_HAL_Driver/Src/stm32f4xx_hal_adc.c **** 
1829:Drivers/STM32F4/Drivers/STM32F4xx_HAL_Driver/Src/stm32f4xx_hal_adc.c ****   /* Set the high threshold */
1830:Drivers/STM32F4/Drivers/STM32F4xx_HAL_Driver/Src/stm32f4xx_hal_adc.c ****   hadc->Instance->HTR = AnalogWDGConfig->HighThreshold;
1831:Drivers/STM32F4/Drivers/STM32F4xx_HAL_Driver/Src/stm32f4xx_hal_adc.c **** 
1832:Drivers/STM32F4/Drivers/STM32F4xx_HAL_Driver/Src/stm32f4xx_hal_adc.c ****   /* Set the low threshold */
1833:Drivers/STM32F4/Drivers/STM32F4xx_HAL_Driver/Src/stm32f4xx_hal_adc.c ****   hadc->Instance->LTR = AnalogWDGConfig->LowThreshold;
1834:Drivers/STM32F4/Drivers/STM32F4xx_HAL_Driver/Src/stm32f4xx_hal_adc.c **** 
1835:Drivers/STM32F4/Drivers/STM32F4xx_HAL_Driver/Src/stm32f4xx_hal_adc.c ****   /* Clear the Analog watchdog channel select bits */
1836:Drivers/STM32F4/Drivers/STM32F4xx_HAL_Driver/Src/stm32f4xx_hal_adc.c ****   hadc->Instance->CR1 &= ~ADC_CR1_AWDCH;
1837:Drivers/STM32F4/Drivers/STM32F4xx_HAL_Driver/Src/stm32f4xx_hal_adc.c **** 
1838:Drivers/STM32F4/Drivers/STM32F4xx_HAL_Driver/Src/stm32f4xx_hal_adc.c ****   /* Set the Analog watchdog channel */
1839:Drivers/STM32F4/Drivers/STM32F4xx_HAL_Driver/Src/stm32f4xx_hal_adc.c ****   hadc->Instance->CR1 |= (uint32_t)((uint16_t)(AnalogWDGConfig->Channel));
1840:Drivers/STM32F4/Drivers/STM32F4xx_HAL_Driver/Src/stm32f4xx_hal_adc.c **** 
1841:Drivers/STM32F4/Drivers/STM32F4xx_HAL_Driver/Src/stm32f4xx_hal_adc.c ****   /* Process unlocked */
ARM GAS  /tmp/cciQ8ehY.s 			page 34


1842:Drivers/STM32F4/Drivers/STM32F4xx_HAL_Driver/Src/stm32f4xx_hal_adc.c ****   __HAL_UNLOCK(hadc);
1843:Drivers/STM32F4/Drivers/STM32F4xx_HAL_Driver/Src/stm32f4xx_hal_adc.c **** 
1844:Drivers/STM32F4/Drivers/STM32F4xx_HAL_Driver/Src/stm32f4xx_hal_adc.c ****   /* Return function status */
1845:Drivers/STM32F4/Drivers/STM32F4xx_HAL_Driver/Src/stm32f4xx_hal_adc.c ****   return HAL_OK;
1846:Drivers/STM32F4/Drivers/STM32F4xx_HAL_Driver/Src/stm32f4xx_hal_adc.c **** }
1847:Drivers/STM32F4/Drivers/STM32F4xx_HAL_Driver/Src/stm32f4xx_hal_adc.c **** 
1848:Drivers/STM32F4/Drivers/STM32F4xx_HAL_Driver/Src/stm32f4xx_hal_adc.c **** /**
1849:Drivers/STM32F4/Drivers/STM32F4xx_HAL_Driver/Src/stm32f4xx_hal_adc.c ****   * @}
1850:Drivers/STM32F4/Drivers/STM32F4xx_HAL_Driver/Src/stm32f4xx_hal_adc.c ****   */
1851:Drivers/STM32F4/Drivers/STM32F4xx_HAL_Driver/Src/stm32f4xx_hal_adc.c **** 
1852:Drivers/STM32F4/Drivers/STM32F4xx_HAL_Driver/Src/stm32f4xx_hal_adc.c **** /** @defgroup ADC_Exported_Functions_Group4 ADC Peripheral State functions
1853:Drivers/STM32F4/Drivers/STM32F4xx_HAL_Driver/Src/stm32f4xx_hal_adc.c ****  *  @brief   ADC Peripheral State functions
1854:Drivers/STM32F4/Drivers/STM32F4xx_HAL_Driver/Src/stm32f4xx_hal_adc.c ****  *
1855:Drivers/STM32F4/Drivers/STM32F4xx_HAL_Driver/Src/stm32f4xx_hal_adc.c **** @verbatim
1856:Drivers/STM32F4/Drivers/STM32F4xx_HAL_Driver/Src/stm32f4xx_hal_adc.c ****  ===============================================================================
1857:Drivers/STM32F4/Drivers/STM32F4xx_HAL_Driver/Src/stm32f4xx_hal_adc.c ****             ##### Peripheral State and errors functions #####
1858:Drivers/STM32F4/Drivers/STM32F4xx_HAL_Driver/Src/stm32f4xx_hal_adc.c ****  ===============================================================================
1859:Drivers/STM32F4/Drivers/STM32F4xx_HAL_Driver/Src/stm32f4xx_hal_adc.c ****     [..]
1860:Drivers/STM32F4/Drivers/STM32F4xx_HAL_Driver/Src/stm32f4xx_hal_adc.c ****     This subsection provides functions allowing to
1861:Drivers/STM32F4/Drivers/STM32F4xx_HAL_Driver/Src/stm32f4xx_hal_adc.c ****       (+) Check the ADC state
1862:Drivers/STM32F4/Drivers/STM32F4xx_HAL_Driver/Src/stm32f4xx_hal_adc.c ****       (+) Check the ADC Error
1863:Drivers/STM32F4/Drivers/STM32F4xx_HAL_Driver/Src/stm32f4xx_hal_adc.c **** 
1864:Drivers/STM32F4/Drivers/STM32F4xx_HAL_Driver/Src/stm32f4xx_hal_adc.c **** @endverbatim
1865:Drivers/STM32F4/Drivers/STM32F4xx_HAL_Driver/Src/stm32f4xx_hal_adc.c ****   * @{
1866:Drivers/STM32F4/Drivers/STM32F4xx_HAL_Driver/Src/stm32f4xx_hal_adc.c ****   */
1867:Drivers/STM32F4/Drivers/STM32F4xx_HAL_Driver/Src/stm32f4xx_hal_adc.c **** 
1868:Drivers/STM32F4/Drivers/STM32F4xx_HAL_Driver/Src/stm32f4xx_hal_adc.c **** /**
1869:Drivers/STM32F4/Drivers/STM32F4xx_HAL_Driver/Src/stm32f4xx_hal_adc.c ****   * @brief  return the ADC state
1870:Drivers/STM32F4/Drivers/STM32F4xx_HAL_Driver/Src/stm32f4xx_hal_adc.c ****   * @param  hadc pointer to a ADC_HandleTypeDef structure that contains
1871:Drivers/STM32F4/Drivers/STM32F4xx_HAL_Driver/Src/stm32f4xx_hal_adc.c ****   *         the configuration information for the specified ADC.
1872:Drivers/STM32F4/Drivers/STM32F4xx_HAL_Driver/Src/stm32f4xx_hal_adc.c ****   * @retval HAL state
1873:Drivers/STM32F4/Drivers/STM32F4xx_HAL_Driver/Src/stm32f4xx_hal_adc.c ****   */
1874:Drivers/STM32F4/Drivers/STM32F4xx_HAL_Driver/Src/stm32f4xx_hal_adc.c **** uint32_t HAL_ADC_GetState(ADC_HandleTypeDef *hadc)
1875:Drivers/STM32F4/Drivers/STM32F4xx_HAL_Driver/Src/stm32f4xx_hal_adc.c **** {
1876:Drivers/STM32F4/Drivers/STM32F4xx_HAL_Driver/Src/stm32f4xx_hal_adc.c ****   /* Return ADC state */
1877:Drivers/STM32F4/Drivers/STM32F4xx_HAL_Driver/Src/stm32f4xx_hal_adc.c ****   return hadc->State;
1878:Drivers/STM32F4/Drivers/STM32F4xx_HAL_Driver/Src/stm32f4xx_hal_adc.c **** }
1879:Drivers/STM32F4/Drivers/STM32F4xx_HAL_Driver/Src/stm32f4xx_hal_adc.c **** 
1880:Drivers/STM32F4/Drivers/STM32F4xx_HAL_Driver/Src/stm32f4xx_hal_adc.c **** /**
1881:Drivers/STM32F4/Drivers/STM32F4xx_HAL_Driver/Src/stm32f4xx_hal_adc.c ****   * @brief  Return the ADC error code
1882:Drivers/STM32F4/Drivers/STM32F4xx_HAL_Driver/Src/stm32f4xx_hal_adc.c ****   * @param  hadc pointer to a ADC_HandleTypeDef structure that contains
1883:Drivers/STM32F4/Drivers/STM32F4xx_HAL_Driver/Src/stm32f4xx_hal_adc.c ****   *         the configuration information for the specified ADC.
1884:Drivers/STM32F4/Drivers/STM32F4xx_HAL_Driver/Src/stm32f4xx_hal_adc.c ****   * @retval ADC Error Code
1885:Drivers/STM32F4/Drivers/STM32F4xx_HAL_Driver/Src/stm32f4xx_hal_adc.c ****   */
1886:Drivers/STM32F4/Drivers/STM32F4xx_HAL_Driver/Src/stm32f4xx_hal_adc.c **** uint32_t HAL_ADC_GetError(ADC_HandleTypeDef *hadc)
1887:Drivers/STM32F4/Drivers/STM32F4xx_HAL_Driver/Src/stm32f4xx_hal_adc.c **** {
1888:Drivers/STM32F4/Drivers/STM32F4xx_HAL_Driver/Src/stm32f4xx_hal_adc.c ****   return hadc->ErrorCode;
1889:Drivers/STM32F4/Drivers/STM32F4xx_HAL_Driver/Src/stm32f4xx_hal_adc.c **** }
1890:Drivers/STM32F4/Drivers/STM32F4xx_HAL_Driver/Src/stm32f4xx_hal_adc.c **** 
1891:Drivers/STM32F4/Drivers/STM32F4xx_HAL_Driver/Src/stm32f4xx_hal_adc.c **** /**
1892:Drivers/STM32F4/Drivers/STM32F4xx_HAL_Driver/Src/stm32f4xx_hal_adc.c ****   * @}
1893:Drivers/STM32F4/Drivers/STM32F4xx_HAL_Driver/Src/stm32f4xx_hal_adc.c ****   */
1894:Drivers/STM32F4/Drivers/STM32F4xx_HAL_Driver/Src/stm32f4xx_hal_adc.c **** 
1895:Drivers/STM32F4/Drivers/STM32F4xx_HAL_Driver/Src/stm32f4xx_hal_adc.c **** /** @addtogroup ADC_Private_Functions
1896:Drivers/STM32F4/Drivers/STM32F4xx_HAL_Driver/Src/stm32f4xx_hal_adc.c ****   * @{
1897:Drivers/STM32F4/Drivers/STM32F4xx_HAL_Driver/Src/stm32f4xx_hal_adc.c ****   */
1898:Drivers/STM32F4/Drivers/STM32F4xx_HAL_Driver/Src/stm32f4xx_hal_adc.c **** 
ARM GAS  /tmp/cciQ8ehY.s 			page 35


1899:Drivers/STM32F4/Drivers/STM32F4xx_HAL_Driver/Src/stm32f4xx_hal_adc.c **** /**
1900:Drivers/STM32F4/Drivers/STM32F4xx_HAL_Driver/Src/stm32f4xx_hal_adc.c ****   * @brief  Initializes the ADCx peripheral according to the specified parameters
1901:Drivers/STM32F4/Drivers/STM32F4xx_HAL_Driver/Src/stm32f4xx_hal_adc.c ****   *         in the ADC_InitStruct without initializing the ADC MSP.
1902:Drivers/STM32F4/Drivers/STM32F4xx_HAL_Driver/Src/stm32f4xx_hal_adc.c ****   * @param  hadc pointer to a ADC_HandleTypeDef structure that contains
1903:Drivers/STM32F4/Drivers/STM32F4xx_HAL_Driver/Src/stm32f4xx_hal_adc.c ****   *         the configuration information for the specified ADC.
1904:Drivers/STM32F4/Drivers/STM32F4xx_HAL_Driver/Src/stm32f4xx_hal_adc.c ****   * @retval None
1905:Drivers/STM32F4/Drivers/STM32F4xx_HAL_Driver/Src/stm32f4xx_hal_adc.c ****   */
1906:Drivers/STM32F4/Drivers/STM32F4xx_HAL_Driver/Src/stm32f4xx_hal_adc.c **** static void ADC_Init(ADC_HandleTypeDef *hadc)
1907:Drivers/STM32F4/Drivers/STM32F4xx_HAL_Driver/Src/stm32f4xx_hal_adc.c **** {
  34              		.loc 1 1907 1 view -0
  35              		.cfi_startproc
  36              		@ args = 0, pretend = 0, frame = 0
  37              		@ frame_needed = 0, uses_anonymous_args = 0
  38              		.loc 1 1907 1 is_stmt 0 view .LVU1
  39 0000 10B5     		push	{r4, lr}
  40              	.LCFI0:
  41              		.cfi_def_cfa_offset 8
  42              		.cfi_offset 4, -8
  43              		.cfi_offset 14, -4
  44 0002 0446     		mov	r4, r0
1908:Drivers/STM32F4/Drivers/STM32F4xx_HAL_Driver/Src/stm32f4xx_hal_adc.c ****   ADC_Common_TypeDef *tmpADC_Common;
  45              		.loc 1 1908 3 is_stmt 1 view .LVU2
1909:Drivers/STM32F4/Drivers/STM32F4xx_HAL_Driver/Src/stm32f4xx_hal_adc.c **** 
1910:Drivers/STM32F4/Drivers/STM32F4xx_HAL_Driver/Src/stm32f4xx_hal_adc.c ****   /* Set ADC parameters */
1911:Drivers/STM32F4/Drivers/STM32F4xx_HAL_Driver/Src/stm32f4xx_hal_adc.c ****   /* Pointer to the common control register to which is belonging hadc    */
1912:Drivers/STM32F4/Drivers/STM32F4xx_HAL_Driver/Src/stm32f4xx_hal_adc.c ****   /* (Depending on STM32F4 product, there may be up to 3 ADCs and 1 common */
1913:Drivers/STM32F4/Drivers/STM32F4xx_HAL_Driver/Src/stm32f4xx_hal_adc.c ****   /* control register)                                                    */
1914:Drivers/STM32F4/Drivers/STM32F4xx_HAL_Driver/Src/stm32f4xx_hal_adc.c ****   tmpADC_Common = ADC_COMMON_REGISTER(hadc);
  46              		.loc 1 1914 3 view .LVU3
  47              	.LVL1:
1915:Drivers/STM32F4/Drivers/STM32F4xx_HAL_Driver/Src/stm32f4xx_hal_adc.c **** 
1916:Drivers/STM32F4/Drivers/STM32F4xx_HAL_Driver/Src/stm32f4xx_hal_adc.c ****   /* Set the ADC clock prescaler */
1917:Drivers/STM32F4/Drivers/STM32F4xx_HAL_Driver/Src/stm32f4xx_hal_adc.c ****   tmpADC_Common->CCR &= ~(ADC_CCR_ADCPRE);
  48              		.loc 1 1917 3 view .LVU4
  49              		.loc 1 1917 16 is_stmt 0 view .LVU5
  50 0004 4F4B     		ldr	r3, .L9
  51 0006 5A68     		ldr	r2, [r3, #4]
  52              		.loc 1 1917 22 view .LVU6
  53 0008 22F44032 		bic	r2, r2, #196608
  54 000c 5A60     		str	r2, [r3, #4]
1918:Drivers/STM32F4/Drivers/STM32F4xx_HAL_Driver/Src/stm32f4xx_hal_adc.c ****   tmpADC_Common->CCR |=  hadc->Init.ClockPrescaler;
  55              		.loc 1 1918 3 is_stmt 1 view .LVU7
  56              		.loc 1 1918 16 is_stmt 0 view .LVU8
  57 000e 5A68     		ldr	r2, [r3, #4]
  58              		.loc 1 1918 36 view .LVU9
  59 0010 4168     		ldr	r1, [r0, #4]
  60              		.loc 1 1918 22 view .LVU10
  61 0012 0A43     		orrs	r2, r2, r1
  62 0014 5A60     		str	r2, [r3, #4]
1919:Drivers/STM32F4/Drivers/STM32F4xx_HAL_Driver/Src/stm32f4xx_hal_adc.c **** 
1920:Drivers/STM32F4/Drivers/STM32F4xx_HAL_Driver/Src/stm32f4xx_hal_adc.c ****   /* Set ADC scan mode */
1921:Drivers/STM32F4/Drivers/STM32F4xx_HAL_Driver/Src/stm32f4xx_hal_adc.c ****   hadc->Instance->CR1 &= ~(ADC_CR1_SCAN);
  63              		.loc 1 1921 3 is_stmt 1 view .LVU11
  64              		.loc 1 1921 7 is_stmt 0 view .LVU12
  65 0016 0268     		ldr	r2, [r0]
  66              		.loc 1 1921 17 view .LVU13
  67 0018 5368     		ldr	r3, [r2, #4]
ARM GAS  /tmp/cciQ8ehY.s 			page 36


  68              		.loc 1 1921 23 view .LVU14
  69 001a 23F48073 		bic	r3, r3, #256
  70 001e 5360     		str	r3, [r2, #4]
1922:Drivers/STM32F4/Drivers/STM32F4xx_HAL_Driver/Src/stm32f4xx_hal_adc.c ****   hadc->Instance->CR1 |=  ADC_CR1_SCANCONV(hadc->Init.ScanConvMode);
  71              		.loc 1 1922 3 is_stmt 1 view .LVU15
  72              		.loc 1 1922 7 is_stmt 0 view .LVU16
  73 0020 0268     		ldr	r2, [r0]
  74              		.loc 1 1922 17 view .LVU17
  75 0022 5368     		ldr	r3, [r2, #4]
  76              		.loc 1 1922 27 view .LVU18
  77 0024 0169     		ldr	r1, [r0, #16]
  78              		.loc 1 1922 23 view .LVU19
  79 0026 43EA0123 		orr	r3, r3, r1, lsl #8
  80 002a 5360     		str	r3, [r2, #4]
1923:Drivers/STM32F4/Drivers/STM32F4xx_HAL_Driver/Src/stm32f4xx_hal_adc.c **** 
1924:Drivers/STM32F4/Drivers/STM32F4xx_HAL_Driver/Src/stm32f4xx_hal_adc.c ****   /* Set ADC resolution */
1925:Drivers/STM32F4/Drivers/STM32F4xx_HAL_Driver/Src/stm32f4xx_hal_adc.c ****   hadc->Instance->CR1 &= ~(ADC_CR1_RES);
  81              		.loc 1 1925 3 is_stmt 1 view .LVU20
  82              		.loc 1 1925 7 is_stmt 0 view .LVU21
  83 002c 0268     		ldr	r2, [r0]
  84              		.loc 1 1925 17 view .LVU22
  85 002e 5368     		ldr	r3, [r2, #4]
  86              		.loc 1 1925 23 view .LVU23
  87 0030 23F04073 		bic	r3, r3, #50331648
  88 0034 5360     		str	r3, [r2, #4]
1926:Drivers/STM32F4/Drivers/STM32F4xx_HAL_Driver/Src/stm32f4xx_hal_adc.c ****   hadc->Instance->CR1 |=  hadc->Init.Resolution;
  89              		.loc 1 1926 3 is_stmt 1 view .LVU24
  90              		.loc 1 1926 7 is_stmt 0 view .LVU25
  91 0036 0268     		ldr	r2, [r0]
  92              		.loc 1 1926 17 view .LVU26
  93 0038 5368     		ldr	r3, [r2, #4]
  94              		.loc 1 1926 37 view .LVU27
  95 003a 8168     		ldr	r1, [r0, #8]
  96              		.loc 1 1926 23 view .LVU28
  97 003c 0B43     		orrs	r3, r3, r1
  98 003e 5360     		str	r3, [r2, #4]
1927:Drivers/STM32F4/Drivers/STM32F4xx_HAL_Driver/Src/stm32f4xx_hal_adc.c **** 
1928:Drivers/STM32F4/Drivers/STM32F4xx_HAL_Driver/Src/stm32f4xx_hal_adc.c ****   /* Set ADC data alignment */
1929:Drivers/STM32F4/Drivers/STM32F4xx_HAL_Driver/Src/stm32f4xx_hal_adc.c ****   hadc->Instance->CR2 &= ~(ADC_CR2_ALIGN);
  99              		.loc 1 1929 3 is_stmt 1 view .LVU29
 100              		.loc 1 1929 7 is_stmt 0 view .LVU30
 101 0040 0268     		ldr	r2, [r0]
 102              		.loc 1 1929 17 view .LVU31
 103 0042 9368     		ldr	r3, [r2, #8]
 104              		.loc 1 1929 23 view .LVU32
 105 0044 23F40063 		bic	r3, r3, #2048
 106 0048 9360     		str	r3, [r2, #8]
1930:Drivers/STM32F4/Drivers/STM32F4xx_HAL_Driver/Src/stm32f4xx_hal_adc.c ****   hadc->Instance->CR2 |= hadc->Init.DataAlign;
 107              		.loc 1 1930 3 is_stmt 1 view .LVU33
 108              		.loc 1 1930 7 is_stmt 0 view .LVU34
 109 004a 0268     		ldr	r2, [r0]
 110              		.loc 1 1930 17 view .LVU35
 111 004c 9368     		ldr	r3, [r2, #8]
 112              		.loc 1 1930 36 view .LVU36
 113 004e C168     		ldr	r1, [r0, #12]
 114              		.loc 1 1930 23 view .LVU37
 115 0050 0B43     		orrs	r3, r3, r1
ARM GAS  /tmp/cciQ8ehY.s 			page 37


 116 0052 9360     		str	r3, [r2, #8]
1931:Drivers/STM32F4/Drivers/STM32F4xx_HAL_Driver/Src/stm32f4xx_hal_adc.c **** 
1932:Drivers/STM32F4/Drivers/STM32F4xx_HAL_Driver/Src/stm32f4xx_hal_adc.c ****   /* Enable external trigger if trigger selection is different of software  */
1933:Drivers/STM32F4/Drivers/STM32F4xx_HAL_Driver/Src/stm32f4xx_hal_adc.c ****   /* start.                                                                 */
1934:Drivers/STM32F4/Drivers/STM32F4xx_HAL_Driver/Src/stm32f4xx_hal_adc.c ****   /* Note: This configuration keeps the hardware feature of parameter       */
1935:Drivers/STM32F4/Drivers/STM32F4xx_HAL_Driver/Src/stm32f4xx_hal_adc.c ****   /*       ExternalTrigConvEdge "trigger edge none" equivalent to           */
1936:Drivers/STM32F4/Drivers/STM32F4xx_HAL_Driver/Src/stm32f4xx_hal_adc.c ****   /*       software start.                                                  */
1937:Drivers/STM32F4/Drivers/STM32F4xx_HAL_Driver/Src/stm32f4xx_hal_adc.c ****   if (hadc->Init.ExternalTrigConv != ADC_SOFTWARE_START)
 117              		.loc 1 1937 3 is_stmt 1 view .LVU38
 118              		.loc 1 1937 17 is_stmt 0 view .LVU39
 119 0054 826A     		ldr	r2, [r0, #40]
 120              		.loc 1 1937 6 view .LVU40
 121 0056 3C4B     		ldr	r3, .L9+4
 122 0058 9A42     		cmp	r2, r3
 123 005a 5BD0     		beq	.L2
1938:Drivers/STM32F4/Drivers/STM32F4xx_HAL_Driver/Src/stm32f4xx_hal_adc.c ****   {
1939:Drivers/STM32F4/Drivers/STM32F4xx_HAL_Driver/Src/stm32f4xx_hal_adc.c ****     /* Select external trigger to start conversion */
1940:Drivers/STM32F4/Drivers/STM32F4xx_HAL_Driver/Src/stm32f4xx_hal_adc.c ****     hadc->Instance->CR2 &= ~(ADC_CR2_EXTSEL);
 124              		.loc 1 1940 5 is_stmt 1 view .LVU41
 125              		.loc 1 1940 9 is_stmt 0 view .LVU42
 126 005c 0268     		ldr	r2, [r0]
 127              		.loc 1 1940 19 view .LVU43
 128 005e 9368     		ldr	r3, [r2, #8]
 129              		.loc 1 1940 25 view .LVU44
 130 0060 23F07063 		bic	r3, r3, #251658240
 131 0064 9360     		str	r3, [r2, #8]
1941:Drivers/STM32F4/Drivers/STM32F4xx_HAL_Driver/Src/stm32f4xx_hal_adc.c ****     hadc->Instance->CR2 |= hadc->Init.ExternalTrigConv;
 132              		.loc 1 1941 5 is_stmt 1 view .LVU45
 133              		.loc 1 1941 9 is_stmt 0 view .LVU46
 134 0066 0268     		ldr	r2, [r0]
 135              		.loc 1 1941 19 view .LVU47
 136 0068 9368     		ldr	r3, [r2, #8]
 137              		.loc 1 1941 38 view .LVU48
 138 006a 816A     		ldr	r1, [r0, #40]
 139              		.loc 1 1941 25 view .LVU49
 140 006c 0B43     		orrs	r3, r3, r1
 141 006e 9360     		str	r3, [r2, #8]
1942:Drivers/STM32F4/Drivers/STM32F4xx_HAL_Driver/Src/stm32f4xx_hal_adc.c **** 
1943:Drivers/STM32F4/Drivers/STM32F4xx_HAL_Driver/Src/stm32f4xx_hal_adc.c ****     /* Select external trigger polarity */
1944:Drivers/STM32F4/Drivers/STM32F4xx_HAL_Driver/Src/stm32f4xx_hal_adc.c ****     hadc->Instance->CR2 &= ~(ADC_CR2_EXTEN);
 142              		.loc 1 1944 5 is_stmt 1 view .LVU50
 143              		.loc 1 1944 9 is_stmt 0 view .LVU51
 144 0070 0268     		ldr	r2, [r0]
 145              		.loc 1 1944 19 view .LVU52
 146 0072 9368     		ldr	r3, [r2, #8]
 147              		.loc 1 1944 25 view .LVU53
 148 0074 23F04053 		bic	r3, r3, #805306368
 149 0078 9360     		str	r3, [r2, #8]
1945:Drivers/STM32F4/Drivers/STM32F4xx_HAL_Driver/Src/stm32f4xx_hal_adc.c ****     hadc->Instance->CR2 |= hadc->Init.ExternalTrigConvEdge;
 150              		.loc 1 1945 5 is_stmt 1 view .LVU54
 151              		.loc 1 1945 9 is_stmt 0 view .LVU55
 152 007a 0268     		ldr	r2, [r0]
 153              		.loc 1 1945 19 view .LVU56
 154 007c 9368     		ldr	r3, [r2, #8]
 155              		.loc 1 1945 38 view .LVU57
 156 007e C16A     		ldr	r1, [r0, #44]
 157              		.loc 1 1945 25 view .LVU58
ARM GAS  /tmp/cciQ8ehY.s 			page 38


 158 0080 0B43     		orrs	r3, r3, r1
 159 0082 9360     		str	r3, [r2, #8]
 160              	.L3:
1946:Drivers/STM32F4/Drivers/STM32F4xx_HAL_Driver/Src/stm32f4xx_hal_adc.c ****   }
1947:Drivers/STM32F4/Drivers/STM32F4xx_HAL_Driver/Src/stm32f4xx_hal_adc.c ****   else
1948:Drivers/STM32F4/Drivers/STM32F4xx_HAL_Driver/Src/stm32f4xx_hal_adc.c ****   {
1949:Drivers/STM32F4/Drivers/STM32F4xx_HAL_Driver/Src/stm32f4xx_hal_adc.c ****     /* Reset the external trigger */
1950:Drivers/STM32F4/Drivers/STM32F4xx_HAL_Driver/Src/stm32f4xx_hal_adc.c ****     hadc->Instance->CR2 &= ~(ADC_CR2_EXTSEL);
1951:Drivers/STM32F4/Drivers/STM32F4xx_HAL_Driver/Src/stm32f4xx_hal_adc.c ****     hadc->Instance->CR2 &= ~(ADC_CR2_EXTEN);
1952:Drivers/STM32F4/Drivers/STM32F4xx_HAL_Driver/Src/stm32f4xx_hal_adc.c ****   }
1953:Drivers/STM32F4/Drivers/STM32F4xx_HAL_Driver/Src/stm32f4xx_hal_adc.c **** 
1954:Drivers/STM32F4/Drivers/STM32F4xx_HAL_Driver/Src/stm32f4xx_hal_adc.c ****   /* Enable or disable ADC continuous conversion mode */
1955:Drivers/STM32F4/Drivers/STM32F4xx_HAL_Driver/Src/stm32f4xx_hal_adc.c ****   hadc->Instance->CR2 &= ~(ADC_CR2_CONT);
 161              		.loc 1 1955 3 is_stmt 1 view .LVU59
 162              		.loc 1 1955 7 is_stmt 0 view .LVU60
 163 0084 2268     		ldr	r2, [r4]
 164              		.loc 1 1955 17 view .LVU61
 165 0086 9368     		ldr	r3, [r2, #8]
 166              		.loc 1 1955 23 view .LVU62
 167 0088 23F00203 		bic	r3, r3, #2
 168 008c 9360     		str	r3, [r2, #8]
1956:Drivers/STM32F4/Drivers/STM32F4xx_HAL_Driver/Src/stm32f4xx_hal_adc.c ****   hadc->Instance->CR2 |= ADC_CR2_CONTINUOUS((uint32_t)hadc->Init.ContinuousConvMode);
 169              		.loc 1 1956 3 is_stmt 1 view .LVU63
 170              		.loc 1 1956 7 is_stmt 0 view .LVU64
 171 008e 2268     		ldr	r2, [r4]
 172              		.loc 1 1956 17 view .LVU65
 173 0090 9368     		ldr	r3, [r2, #8]
 174              		.loc 1 1956 26 view .LVU66
 175 0092 217E     		ldrb	r1, [r4, #24]	@ zero_extendqisi2
 176              		.loc 1 1956 23 view .LVU67
 177 0094 43EA4103 		orr	r3, r3, r1, lsl #1
 178 0098 9360     		str	r3, [r2, #8]
1957:Drivers/STM32F4/Drivers/STM32F4xx_HAL_Driver/Src/stm32f4xx_hal_adc.c **** 
1958:Drivers/STM32F4/Drivers/STM32F4xx_HAL_Driver/Src/stm32f4xx_hal_adc.c ****   if (hadc->Init.DiscontinuousConvMode != DISABLE)
 179              		.loc 1 1958 3 is_stmt 1 view .LVU68
 180              		.loc 1 1958 17 is_stmt 0 view .LVU69
 181 009a 94F82030 		ldrb	r3, [r4, #32]	@ zero_extendqisi2
 182              		.loc 1 1958 6 view .LVU70
 183 009e 002B     		cmp	r3, #0
 184 00a0 49D0     		beq	.L4
1959:Drivers/STM32F4/Drivers/STM32F4xx_HAL_Driver/Src/stm32f4xx_hal_adc.c ****   {
1960:Drivers/STM32F4/Drivers/STM32F4xx_HAL_Driver/Src/stm32f4xx_hal_adc.c ****     assert_param(IS_ADC_REGULAR_DISC_NUMBER(hadc->Init.NbrOfDiscConversion));
 185              		.loc 1 1960 5 is_stmt 1 view .LVU71
 186 00a2 636A     		ldr	r3, [r4, #36]
 187 00a4 013B     		subs	r3, r3, #1
 188 00a6 072B     		cmp	r3, #7
 189 00a8 3FD8     		bhi	.L8
 190              	.LVL2:
 191              	.L5:
1961:Drivers/STM32F4/Drivers/STM32F4xx_HAL_Driver/Src/stm32f4xx_hal_adc.c **** 
1962:Drivers/STM32F4/Drivers/STM32F4xx_HAL_Driver/Src/stm32f4xx_hal_adc.c ****     /* Enable the selected ADC regular discontinuous mode */
1963:Drivers/STM32F4/Drivers/STM32F4xx_HAL_Driver/Src/stm32f4xx_hal_adc.c ****     hadc->Instance->CR1 |= (uint32_t)ADC_CR1_DISCEN;
 192              		.loc 1 1963 5 view .LVU72
 193              		.loc 1 1963 9 is_stmt 0 view .LVU73
 194 00aa 2268     		ldr	r2, [r4]
 195              		.loc 1 1963 19 view .LVU74
 196 00ac 5368     		ldr	r3, [r2, #4]
ARM GAS  /tmp/cciQ8ehY.s 			page 39


 197              		.loc 1 1963 25 view .LVU75
 198 00ae 43F40063 		orr	r3, r3, #2048
 199 00b2 5360     		str	r3, [r2, #4]
1964:Drivers/STM32F4/Drivers/STM32F4xx_HAL_Driver/Src/stm32f4xx_hal_adc.c **** 
1965:Drivers/STM32F4/Drivers/STM32F4xx_HAL_Driver/Src/stm32f4xx_hal_adc.c ****     /* Set the number of channels to be converted in discontinuous mode */
1966:Drivers/STM32F4/Drivers/STM32F4xx_HAL_Driver/Src/stm32f4xx_hal_adc.c ****     hadc->Instance->CR1 &= ~(ADC_CR1_DISCNUM);
 200              		.loc 1 1966 5 is_stmt 1 view .LVU76
 201              		.loc 1 1966 9 is_stmt 0 view .LVU77
 202 00b4 2268     		ldr	r2, [r4]
 203              		.loc 1 1966 19 view .LVU78
 204 00b6 5368     		ldr	r3, [r2, #4]
 205              		.loc 1 1966 25 view .LVU79
 206 00b8 23F46043 		bic	r3, r3, #57344
 207 00bc 5360     		str	r3, [r2, #4]
1967:Drivers/STM32F4/Drivers/STM32F4xx_HAL_Driver/Src/stm32f4xx_hal_adc.c ****     hadc->Instance->CR1 |=  ADC_CR1_DISCONTINUOUS(hadc->Init.NbrOfDiscConversion);
 208              		.loc 1 1967 5 is_stmt 1 view .LVU80
 209              		.loc 1 1967 9 is_stmt 0 view .LVU81
 210 00be 2168     		ldr	r1, [r4]
 211              		.loc 1 1967 19 view .LVU82
 212 00c0 4B68     		ldr	r3, [r1, #4]
 213              		.loc 1 1967 29 view .LVU83
 214 00c2 626A     		ldr	r2, [r4, #36]
 215 00c4 013A     		subs	r2, r2, #1
 216              		.loc 1 1967 25 view .LVU84
 217 00c6 43EA4233 		orr	r3, r3, r2, lsl #13
 218 00ca 4B60     		str	r3, [r1, #4]
 219              	.L6:
1968:Drivers/STM32F4/Drivers/STM32F4xx_HAL_Driver/Src/stm32f4xx_hal_adc.c ****   }
1969:Drivers/STM32F4/Drivers/STM32F4xx_HAL_Driver/Src/stm32f4xx_hal_adc.c ****   else
1970:Drivers/STM32F4/Drivers/STM32F4xx_HAL_Driver/Src/stm32f4xx_hal_adc.c ****   {
1971:Drivers/STM32F4/Drivers/STM32F4xx_HAL_Driver/Src/stm32f4xx_hal_adc.c ****     /* Disable the selected ADC regular discontinuous mode */
1972:Drivers/STM32F4/Drivers/STM32F4xx_HAL_Driver/Src/stm32f4xx_hal_adc.c ****     hadc->Instance->CR1 &= ~(ADC_CR1_DISCEN);
1973:Drivers/STM32F4/Drivers/STM32F4xx_HAL_Driver/Src/stm32f4xx_hal_adc.c ****   }
1974:Drivers/STM32F4/Drivers/STM32F4xx_HAL_Driver/Src/stm32f4xx_hal_adc.c **** 
1975:Drivers/STM32F4/Drivers/STM32F4xx_HAL_Driver/Src/stm32f4xx_hal_adc.c ****   /* Set ADC number of conversion */
1976:Drivers/STM32F4/Drivers/STM32F4xx_HAL_Driver/Src/stm32f4xx_hal_adc.c ****   hadc->Instance->SQR1 &= ~(ADC_SQR1_L);
 220              		.loc 1 1976 3 is_stmt 1 view .LVU85
 221              		.loc 1 1976 7 is_stmt 0 view .LVU86
 222 00cc 2268     		ldr	r2, [r4]
 223              		.loc 1 1976 17 view .LVU87
 224 00ce D36A     		ldr	r3, [r2, #44]
 225              		.loc 1 1976 24 view .LVU88
 226 00d0 23F47003 		bic	r3, r3, #15728640
 227 00d4 D362     		str	r3, [r2, #44]
1977:Drivers/STM32F4/Drivers/STM32F4xx_HAL_Driver/Src/stm32f4xx_hal_adc.c ****   hadc->Instance->SQR1 |=  ADC_SQR1(hadc->Init.NbrOfConversion);
 228              		.loc 1 1977 3 is_stmt 1 view .LVU89
 229              		.loc 1 1977 7 is_stmt 0 view .LVU90
 230 00d6 2168     		ldr	r1, [r4]
 231              		.loc 1 1977 17 view .LVU91
 232 00d8 CB6A     		ldr	r3, [r1, #44]
 233              		.loc 1 1977 28 view .LVU92
 234 00da E269     		ldr	r2, [r4, #28]
 235 00dc 013A     		subs	r2, r2, #1
 236              		.loc 1 1977 24 view .LVU93
 237 00de 43EA0253 		orr	r3, r3, r2, lsl #20
 238 00e2 CB62     		str	r3, [r1, #44]
1978:Drivers/STM32F4/Drivers/STM32F4xx_HAL_Driver/Src/stm32f4xx_hal_adc.c **** 
ARM GAS  /tmp/cciQ8ehY.s 			page 40


1979:Drivers/STM32F4/Drivers/STM32F4xx_HAL_Driver/Src/stm32f4xx_hal_adc.c ****   /* Enable or disable ADC DMA continuous request */
1980:Drivers/STM32F4/Drivers/STM32F4xx_HAL_Driver/Src/stm32f4xx_hal_adc.c ****   hadc->Instance->CR2 &= ~(ADC_CR2_DDS);
 239              		.loc 1 1980 3 is_stmt 1 view .LVU94
 240              		.loc 1 1980 7 is_stmt 0 view .LVU95
 241 00e4 2268     		ldr	r2, [r4]
 242              		.loc 1 1980 17 view .LVU96
 243 00e6 9368     		ldr	r3, [r2, #8]
 244              		.loc 1 1980 23 view .LVU97
 245 00e8 23F40073 		bic	r3, r3, #512
 246 00ec 9360     		str	r3, [r2, #8]
1981:Drivers/STM32F4/Drivers/STM32F4xx_HAL_Driver/Src/stm32f4xx_hal_adc.c ****   hadc->Instance->CR2 |= ADC_CR2_DMAContReq((uint32_t)hadc->Init.DMAContinuousRequests);
 247              		.loc 1 1981 3 is_stmt 1 view .LVU98
 248              		.loc 1 1981 7 is_stmt 0 view .LVU99
 249 00ee 2268     		ldr	r2, [r4]
 250              		.loc 1 1981 17 view .LVU100
 251 00f0 9368     		ldr	r3, [r2, #8]
 252              		.loc 1 1981 26 view .LVU101
 253 00f2 94F83010 		ldrb	r1, [r4, #48]	@ zero_extendqisi2
 254              		.loc 1 1981 23 view .LVU102
 255 00f6 43EA4123 		orr	r3, r3, r1, lsl #9
 256 00fa 9360     		str	r3, [r2, #8]
1982:Drivers/STM32F4/Drivers/STM32F4xx_HAL_Driver/Src/stm32f4xx_hal_adc.c **** 
1983:Drivers/STM32F4/Drivers/STM32F4xx_HAL_Driver/Src/stm32f4xx_hal_adc.c ****   /* Enable or disable ADC end of conversion selection */
1984:Drivers/STM32F4/Drivers/STM32F4xx_HAL_Driver/Src/stm32f4xx_hal_adc.c ****   hadc->Instance->CR2 &= ~(ADC_CR2_EOCS);
 257              		.loc 1 1984 3 is_stmt 1 view .LVU103
 258              		.loc 1 1984 7 is_stmt 0 view .LVU104
 259 00fc 2268     		ldr	r2, [r4]
 260              		.loc 1 1984 17 view .LVU105
 261 00fe 9368     		ldr	r3, [r2, #8]
 262              		.loc 1 1984 23 view .LVU106
 263 0100 23F48063 		bic	r3, r3, #1024
 264 0104 9360     		str	r3, [r2, #8]
1985:Drivers/STM32F4/Drivers/STM32F4xx_HAL_Driver/Src/stm32f4xx_hal_adc.c ****   hadc->Instance->CR2 |= ADC_CR2_EOCSelection(hadc->Init.EOCSelection);
 265              		.loc 1 1985 3 is_stmt 1 view .LVU107
 266              		.loc 1 1985 7 is_stmt 0 view .LVU108
 267 0106 2268     		ldr	r2, [r4]
 268              		.loc 1 1985 17 view .LVU109
 269 0108 9368     		ldr	r3, [r2, #8]
 270              		.loc 1 1985 26 view .LVU110
 271 010a 6169     		ldr	r1, [r4, #20]
 272              		.loc 1 1985 23 view .LVU111
 273 010c 43EA8123 		orr	r3, r3, r1, lsl #10
 274 0110 9360     		str	r3, [r2, #8]
1986:Drivers/STM32F4/Drivers/STM32F4xx_HAL_Driver/Src/stm32f4xx_hal_adc.c **** }
 275              		.loc 1 1986 1 view .LVU112
 276 0112 10BD     		pop	{r4, pc}
 277              	.LVL3:
 278              	.L2:
1950:Drivers/STM32F4/Drivers/STM32F4xx_HAL_Driver/Src/stm32f4xx_hal_adc.c ****     hadc->Instance->CR2 &= ~(ADC_CR2_EXTEN);
 279              		.loc 1 1950 5 is_stmt 1 view .LVU113
1950:Drivers/STM32F4/Drivers/STM32F4xx_HAL_Driver/Src/stm32f4xx_hal_adc.c ****     hadc->Instance->CR2 &= ~(ADC_CR2_EXTEN);
 280              		.loc 1 1950 9 is_stmt 0 view .LVU114
 281 0114 0268     		ldr	r2, [r0]
1950:Drivers/STM32F4/Drivers/STM32F4xx_HAL_Driver/Src/stm32f4xx_hal_adc.c ****     hadc->Instance->CR2 &= ~(ADC_CR2_EXTEN);
 282              		.loc 1 1950 19 view .LVU115
 283 0116 9368     		ldr	r3, [r2, #8]
1950:Drivers/STM32F4/Drivers/STM32F4xx_HAL_Driver/Src/stm32f4xx_hal_adc.c ****     hadc->Instance->CR2 &= ~(ADC_CR2_EXTEN);
ARM GAS  /tmp/cciQ8ehY.s 			page 41


 284              		.loc 1 1950 25 view .LVU116
 285 0118 23F07063 		bic	r3, r3, #251658240
 286 011c 9360     		str	r3, [r2, #8]
1951:Drivers/STM32F4/Drivers/STM32F4xx_HAL_Driver/Src/stm32f4xx_hal_adc.c ****   }
 287              		.loc 1 1951 5 is_stmt 1 view .LVU117
1951:Drivers/STM32F4/Drivers/STM32F4xx_HAL_Driver/Src/stm32f4xx_hal_adc.c ****   }
 288              		.loc 1 1951 9 is_stmt 0 view .LVU118
 289 011e 0268     		ldr	r2, [r0]
1951:Drivers/STM32F4/Drivers/STM32F4xx_HAL_Driver/Src/stm32f4xx_hal_adc.c ****   }
 290              		.loc 1 1951 19 view .LVU119
 291 0120 9368     		ldr	r3, [r2, #8]
1951:Drivers/STM32F4/Drivers/STM32F4xx_HAL_Driver/Src/stm32f4xx_hal_adc.c ****   }
 292              		.loc 1 1951 25 view .LVU120
 293 0122 23F04053 		bic	r3, r3, #805306368
 294 0126 9360     		str	r3, [r2, #8]
 295 0128 ACE7     		b	.L3
 296              	.L8:
1960:Drivers/STM32F4/Drivers/STM32F4xx_HAL_Driver/Src/stm32f4xx_hal_adc.c **** 
 297              		.loc 1 1960 5 discriminator 1 view .LVU121
 298 012a 4FF4F561 		mov	r1, #1960
 299 012e 0748     		ldr	r0, .L9+8
 300              	.LVL4:
1960:Drivers/STM32F4/Drivers/STM32F4xx_HAL_Driver/Src/stm32f4xx_hal_adc.c **** 
 301              		.loc 1 1960 5 discriminator 1 view .LVU122
 302 0130 FFF7FEFF 		bl	assert_failed
 303              	.LVL5:
 304 0134 B9E7     		b	.L5
 305              	.LVL6:
 306              	.L4:
1972:Drivers/STM32F4/Drivers/STM32F4xx_HAL_Driver/Src/stm32f4xx_hal_adc.c ****   }
 307              		.loc 1 1972 5 is_stmt 1 view .LVU123
1972:Drivers/STM32F4/Drivers/STM32F4xx_HAL_Driver/Src/stm32f4xx_hal_adc.c ****   }
 308              		.loc 1 1972 9 is_stmt 0 view .LVU124
 309 0136 2268     		ldr	r2, [r4]
1972:Drivers/STM32F4/Drivers/STM32F4xx_HAL_Driver/Src/stm32f4xx_hal_adc.c ****   }
 310              		.loc 1 1972 19 view .LVU125
 311 0138 5368     		ldr	r3, [r2, #4]
1972:Drivers/STM32F4/Drivers/STM32F4xx_HAL_Driver/Src/stm32f4xx_hal_adc.c ****   }
 312              		.loc 1 1972 25 view .LVU126
 313 013a 23F40063 		bic	r3, r3, #2048
 314 013e 5360     		str	r3, [r2, #4]
 315 0140 C4E7     		b	.L6
 316              	.L10:
 317 0142 00BF     		.align	2
 318              	.L9:
 319 0144 00230140 		.word	1073816320
 320 0148 0100000F 		.word	251658241
 321 014c 00000000 		.word	.LC0
 322              		.cfi_endproc
 323              	.LFE261:
 325              		.section	.text.HAL_ADC_MspInit,"ax",%progbits
 326              		.align	1
 327              		.weak	HAL_ADC_MspInit
 328              		.syntax unified
 329              		.thumb
 330              		.thumb_func
 332              	HAL_ADC_MspInit:
ARM GAS  /tmp/cciQ8ehY.s 			page 42


 333              	.LVL7:
 334              	.LFB241:
 663:Drivers/STM32F4/Drivers/STM32F4xx_HAL_Driver/Src/stm32f4xx_hal_adc.c ****   /* Prevent unused argument(s) compilation warning */
 335              		.loc 1 663 1 is_stmt 1 view -0
 336              		.cfi_startproc
 337              		@ args = 0, pretend = 0, frame = 0
 338              		@ frame_needed = 0, uses_anonymous_args = 0
 339              		@ link register save eliminated.
 665:Drivers/STM32F4/Drivers/STM32F4xx_HAL_Driver/Src/stm32f4xx_hal_adc.c ****   /* NOTE : This function Should not be modified, when the callback is needed,
 340              		.loc 1 665 3 view .LVU128
 669:Drivers/STM32F4/Drivers/STM32F4xx_HAL_Driver/Src/stm32f4xx_hal_adc.c **** 
 341              		.loc 1 669 1 is_stmt 0 view .LVU129
 342 0000 7047     		bx	lr
 343              		.cfi_endproc
 344              	.LFE241:
 346              		.section	.text.HAL_ADC_Init,"ax",%progbits
 347              		.align	1
 348              		.global	HAL_ADC_Init
 349              		.syntax unified
 350              		.thumb
 351              		.thumb_func
 353              	HAL_ADC_Init:
 354              	.LVL8:
 355              	.LFB239:
 312:Drivers/STM32F4/Drivers/STM32F4xx_HAL_Driver/Src/stm32f4xx_hal_adc.c ****   HAL_StatusTypeDef tmp_hal_status = HAL_OK;
 356              		.loc 1 312 1 is_stmt 1 view -0
 357              		.cfi_startproc
 358              		@ args = 0, pretend = 0, frame = 0
 359              		@ frame_needed = 0, uses_anonymous_args = 0
 313:Drivers/STM32F4/Drivers/STM32F4xx_HAL_Driver/Src/stm32f4xx_hal_adc.c **** 
 360              		.loc 1 313 3 view .LVU131
 316:Drivers/STM32F4/Drivers/STM32F4xx_HAL_Driver/Src/stm32f4xx_hal_adc.c ****   {
 361              		.loc 1 316 3 view .LVU132
 316:Drivers/STM32F4/Drivers/STM32F4xx_HAL_Driver/Src/stm32f4xx_hal_adc.c ****   {
 362              		.loc 1 316 6 is_stmt 0 view .LVU133
 363 0000 0028     		cmp	r0, #0
 364 0002 00F0EE80 		beq	.L28
 312:Drivers/STM32F4/Drivers/STM32F4xx_HAL_Driver/Src/stm32f4xx_hal_adc.c ****   HAL_StatusTypeDef tmp_hal_status = HAL_OK;
 365              		.loc 1 312 1 view .LVU134
 366 0006 10B5     		push	{r4, lr}
 367              	.LCFI1:
 368              		.cfi_def_cfa_offset 8
 369              		.cfi_offset 4, -8
 370              		.cfi_offset 14, -4
 371 0008 0446     		mov	r4, r0
 322:Drivers/STM32F4/Drivers/STM32F4xx_HAL_Driver/Src/stm32f4xx_hal_adc.c ****   assert_param(IS_ADC_CLOCKPRESCALER(hadc->Init.ClockPrescaler));
 372              		.loc 1 322 3 is_stmt 1 view .LVU135
 373 000a 0368     		ldr	r3, [r0]
 374 000c 764A     		ldr	r2, .L47
 375 000e 9342     		cmp	r3, r2
 376 0010 0CD0     		beq	.L14
 322:Drivers/STM32F4/Drivers/STM32F4xx_HAL_Driver/Src/stm32f4xx_hal_adc.c ****   assert_param(IS_ADC_CLOCKPRESCALER(hadc->Init.ClockPrescaler));
 377              		.loc 1 322 3 is_stmt 0 discriminator 1 view .LVU136
 378 0012 02F58072 		add	r2, r2, #256
 379 0016 9342     		cmp	r3, r2
 380 0018 08D0     		beq	.L14
 322:Drivers/STM32F4/Drivers/STM32F4xx_HAL_Driver/Src/stm32f4xx_hal_adc.c ****   assert_param(IS_ADC_CLOCKPRESCALER(hadc->Init.ClockPrescaler));
ARM GAS  /tmp/cciQ8ehY.s 			page 43


 381              		.loc 1 322 3 discriminator 2 view .LVU137
 382 001a 02F58072 		add	r2, r2, #256
 383 001e 9342     		cmp	r3, r2
 384 0020 04D0     		beq	.L14
 322:Drivers/STM32F4/Drivers/STM32F4xx_HAL_Driver/Src/stm32f4xx_hal_adc.c ****   assert_param(IS_ADC_CLOCKPRESCALER(hadc->Init.ClockPrescaler));
 385              		.loc 1 322 3 discriminator 3 view .LVU138
 386 0022 4FF4A171 		mov	r1, #322
 387 0026 7148     		ldr	r0, .L47+4
 388              	.LVL9:
 322:Drivers/STM32F4/Drivers/STM32F4xx_HAL_Driver/Src/stm32f4xx_hal_adc.c ****   assert_param(IS_ADC_CLOCKPRESCALER(hadc->Init.ClockPrescaler));
 389              		.loc 1 322 3 discriminator 3 view .LVU139
 390 0028 FFF7FEFF 		bl	assert_failed
 391              	.LVL10:
 392              	.L14:
 323:Drivers/STM32F4/Drivers/STM32F4xx_HAL_Driver/Src/stm32f4xx_hal_adc.c ****   assert_param(IS_ADC_RESOLUTION(hadc->Init.Resolution));
 393              		.loc 1 323 3 is_stmt 1 view .LVU140
 394 002c 6368     		ldr	r3, [r4, #4]
 395 002e 43B1     		cbz	r3, .L15
 323:Drivers/STM32F4/Drivers/STM32F4xx_HAL_Driver/Src/stm32f4xx_hal_adc.c ****   assert_param(IS_ADC_RESOLUTION(hadc->Init.Resolution));
 396              		.loc 1 323 3 is_stmt 0 discriminator 1 view .LVU141
 397 0030 B3F5803F 		cmp	r3, #65536
 398 0034 05D0     		beq	.L15
 323:Drivers/STM32F4/Drivers/STM32F4xx_HAL_Driver/Src/stm32f4xx_hal_adc.c ****   assert_param(IS_ADC_RESOLUTION(hadc->Init.Resolution));
 399              		.loc 1 323 3 discriminator 2 view .LVU142
 400 0036 B3F5003F 		cmp	r3, #131072
 401 003a 02D0     		beq	.L15
 323:Drivers/STM32F4/Drivers/STM32F4xx_HAL_Driver/Src/stm32f4xx_hal_adc.c ****   assert_param(IS_ADC_RESOLUTION(hadc->Init.Resolution));
 402              		.loc 1 323 3 discriminator 3 view .LVU143
 403 003c B3F5403F 		cmp	r3, #196608
 404 0040 71D1     		bne	.L34
 405              	.L15:
 324:Drivers/STM32F4/Drivers/STM32F4xx_HAL_Driver/Src/stm32f4xx_hal_adc.c ****   assert_param(IS_FUNCTIONAL_STATE(hadc->Init.ScanConvMode));
 406              		.loc 1 324 3 is_stmt 1 view .LVU144
 407 0042 A368     		ldr	r3, [r4, #8]
 408 0044 43B1     		cbz	r3, .L16
 324:Drivers/STM32F4/Drivers/STM32F4xx_HAL_Driver/Src/stm32f4xx_hal_adc.c ****   assert_param(IS_FUNCTIONAL_STATE(hadc->Init.ScanConvMode));
 409              		.loc 1 324 3 is_stmt 0 discriminator 1 view .LVU145
 410 0046 B3F1807F 		cmp	r3, #16777216
 411 004a 05D0     		beq	.L16
 324:Drivers/STM32F4/Drivers/STM32F4xx_HAL_Driver/Src/stm32f4xx_hal_adc.c ****   assert_param(IS_FUNCTIONAL_STATE(hadc->Init.ScanConvMode));
 412              		.loc 1 324 3 discriminator 2 view .LVU146
 413 004c B3F1007F 		cmp	r3, #33554432
 414 0050 02D0     		beq	.L16
 324:Drivers/STM32F4/Drivers/STM32F4xx_HAL_Driver/Src/stm32f4xx_hal_adc.c ****   assert_param(IS_FUNCTIONAL_STATE(hadc->Init.ScanConvMode));
 415              		.loc 1 324 3 discriminator 3 view .LVU147
 416 0052 B3F1407F 		cmp	r3, #50331648
 417 0056 6CD1     		bne	.L35
 418              	.L16:
 325:Drivers/STM32F4/Drivers/STM32F4xx_HAL_Driver/Src/stm32f4xx_hal_adc.c ****   assert_param(IS_FUNCTIONAL_STATE(hadc->Init.ContinuousConvMode));
 419              		.loc 1 325 3 is_stmt 1 view .LVU148
 420 0058 2369     		ldr	r3, [r4, #16]
 421 005a 012B     		cmp	r3, #1
 422 005c 6FD8     		bhi	.L36
 423              	.L17:
 326:Drivers/STM32F4/Drivers/STM32F4xx_HAL_Driver/Src/stm32f4xx_hal_adc.c ****   assert_param(IS_ADC_EXT_TRIG(hadc->Init.ExternalTrigConv));
 424              		.loc 1 326 3 view .LVU149
 425 005e 237E     		ldrb	r3, [r4, #24]	@ zero_extendqisi2
ARM GAS  /tmp/cciQ8ehY.s 			page 44


 426 0060 012B     		cmp	r3, #1
 427 0062 72D8     		bhi	.L37
 428              	.L18:
 327:Drivers/STM32F4/Drivers/STM32F4xx_HAL_Driver/Src/stm32f4xx_hal_adc.c ****   assert_param(IS_ADC_DATA_ALIGN(hadc->Init.DataAlign));
 429              		.loc 1 327 3 view .LVU150
 430 0064 A36A     		ldr	r3, [r4, #40]
 431 0066 7BB3     		cbz	r3, .L19
 327:Drivers/STM32F4/Drivers/STM32F4xx_HAL_Driver/Src/stm32f4xx_hal_adc.c ****   assert_param(IS_ADC_DATA_ALIGN(hadc->Init.DataAlign));
 432              		.loc 1 327 3 is_stmt 0 discriminator 1 view .LVU151
 433 0068 B3F1807F 		cmp	r3, #16777216
 434 006c 2CD0     		beq	.L19
 327:Drivers/STM32F4/Drivers/STM32F4xx_HAL_Driver/Src/stm32f4xx_hal_adc.c ****   assert_param(IS_ADC_DATA_ALIGN(hadc->Init.DataAlign));
 435              		.loc 1 327 3 discriminator 2 view .LVU152
 436 006e B3F1007F 		cmp	r3, #33554432
 437 0072 29D0     		beq	.L19
 327:Drivers/STM32F4/Drivers/STM32F4xx_HAL_Driver/Src/stm32f4xx_hal_adc.c ****   assert_param(IS_ADC_DATA_ALIGN(hadc->Init.DataAlign));
 438              		.loc 1 327 3 discriminator 3 view .LVU153
 439 0074 B3F1407F 		cmp	r3, #50331648
 440 0078 26D0     		beq	.L19
 327:Drivers/STM32F4/Drivers/STM32F4xx_HAL_Driver/Src/stm32f4xx_hal_adc.c ****   assert_param(IS_ADC_DATA_ALIGN(hadc->Init.DataAlign));
 441              		.loc 1 327 3 discriminator 4 view .LVU154
 442 007a B3F1806F 		cmp	r3, #67108864
 443 007e 23D0     		beq	.L19
 327:Drivers/STM32F4/Drivers/STM32F4xx_HAL_Driver/Src/stm32f4xx_hal_adc.c ****   assert_param(IS_ADC_DATA_ALIGN(hadc->Init.DataAlign));
 444              		.loc 1 327 3 discriminator 5 view .LVU155
 445 0080 B3F1A06F 		cmp	r3, #83886080
 446 0084 20D0     		beq	.L19
 327:Drivers/STM32F4/Drivers/STM32F4xx_HAL_Driver/Src/stm32f4xx_hal_adc.c ****   assert_param(IS_ADC_DATA_ALIGN(hadc->Init.DataAlign));
 447              		.loc 1 327 3 discriminator 6 view .LVU156
 448 0086 B3F1C06F 		cmp	r3, #100663296
 449 008a 1DD0     		beq	.L19
 327:Drivers/STM32F4/Drivers/STM32F4xx_HAL_Driver/Src/stm32f4xx_hal_adc.c ****   assert_param(IS_ADC_DATA_ALIGN(hadc->Init.DataAlign));
 450              		.loc 1 327 3 discriminator 7 view .LVU157
 451 008c B3F1E06F 		cmp	r3, #117440512
 452 0090 1AD0     		beq	.L19
 327:Drivers/STM32F4/Drivers/STM32F4xx_HAL_Driver/Src/stm32f4xx_hal_adc.c ****   assert_param(IS_ADC_DATA_ALIGN(hadc->Init.DataAlign));
 453              		.loc 1 327 3 discriminator 8 view .LVU158
 454 0092 B3F1006F 		cmp	r3, #134217728
 455 0096 17D0     		beq	.L19
 327:Drivers/STM32F4/Drivers/STM32F4xx_HAL_Driver/Src/stm32f4xx_hal_adc.c ****   assert_param(IS_ADC_DATA_ALIGN(hadc->Init.DataAlign));
 456              		.loc 1 327 3 discriminator 9 view .LVU159
 457 0098 B3F1106F 		cmp	r3, #150994944
 458 009c 14D0     		beq	.L19
 327:Drivers/STM32F4/Drivers/STM32F4xx_HAL_Driver/Src/stm32f4xx_hal_adc.c ****   assert_param(IS_ADC_DATA_ALIGN(hadc->Init.DataAlign));
 459              		.loc 1 327 3 discriminator 10 view .LVU160
 460 009e B3F1206F 		cmp	r3, #167772160
 461 00a2 11D0     		beq	.L19
 327:Drivers/STM32F4/Drivers/STM32F4xx_HAL_Driver/Src/stm32f4xx_hal_adc.c ****   assert_param(IS_ADC_DATA_ALIGN(hadc->Init.DataAlign));
 462              		.loc 1 327 3 discriminator 11 view .LVU161
 463 00a4 B3F1306F 		cmp	r3, #184549376
 464 00a8 0ED0     		beq	.L19
 327:Drivers/STM32F4/Drivers/STM32F4xx_HAL_Driver/Src/stm32f4xx_hal_adc.c ****   assert_param(IS_ADC_DATA_ALIGN(hadc->Init.DataAlign));
 465              		.loc 1 327 3 discriminator 12 view .LVU162
 466 00aa B3F1406F 		cmp	r3, #201326592
 467 00ae 0BD0     		beq	.L19
 327:Drivers/STM32F4/Drivers/STM32F4xx_HAL_Driver/Src/stm32f4xx_hal_adc.c ****   assert_param(IS_ADC_DATA_ALIGN(hadc->Init.DataAlign));
 468              		.loc 1 327 3 discriminator 13 view .LVU163
ARM GAS  /tmp/cciQ8ehY.s 			page 45


 469 00b0 B3F1506F 		cmp	r3, #218103808
 470 00b4 08D0     		beq	.L19
 327:Drivers/STM32F4/Drivers/STM32F4xx_HAL_Driver/Src/stm32f4xx_hal_adc.c ****   assert_param(IS_ADC_DATA_ALIGN(hadc->Init.DataAlign));
 471              		.loc 1 327 3 discriminator 14 view .LVU164
 472 00b6 B3F1606F 		cmp	r3, #234881024
 473 00ba 05D0     		beq	.L19
 327:Drivers/STM32F4/Drivers/STM32F4xx_HAL_Driver/Src/stm32f4xx_hal_adc.c ****   assert_param(IS_ADC_DATA_ALIGN(hadc->Init.DataAlign));
 474              		.loc 1 327 3 discriminator 15 view .LVU165
 475 00bc B3F1706F 		cmp	r3, #251658240
 476 00c0 02D0     		beq	.L19
 327:Drivers/STM32F4/Drivers/STM32F4xx_HAL_Driver/Src/stm32f4xx_hal_adc.c ****   assert_param(IS_ADC_DATA_ALIGN(hadc->Init.DataAlign));
 477              		.loc 1 327 3 discriminator 16 view .LVU166
 478 00c2 4B4A     		ldr	r2, .L47+8
 479 00c4 9342     		cmp	r3, r2
 480 00c6 46D1     		bne	.L38
 481              	.L19:
 328:Drivers/STM32F4/Drivers/STM32F4xx_HAL_Driver/Src/stm32f4xx_hal_adc.c ****   assert_param(IS_ADC_REGULAR_LENGTH(hadc->Init.NbrOfConversion));
 482              		.loc 1 328 3 is_stmt 1 view .LVU167
 483 00c8 E368     		ldr	r3, [r4, #12]
 484 00ca 13B1     		cbz	r3, .L20
 328:Drivers/STM32F4/Drivers/STM32F4xx_HAL_Driver/Src/stm32f4xx_hal_adc.c ****   assert_param(IS_ADC_REGULAR_LENGTH(hadc->Init.NbrOfConversion));
 485              		.loc 1 328 3 is_stmt 0 discriminator 1 view .LVU168
 486 00cc B3F5006F 		cmp	r3, #2048
 487 00d0 47D1     		bne	.L39
 488              	.L20:
 329:Drivers/STM32F4/Drivers/STM32F4xx_HAL_Driver/Src/stm32f4xx_hal_adc.c ****   assert_param(IS_FUNCTIONAL_STATE(hadc->Init.DMAContinuousRequests));
 489              		.loc 1 329 3 is_stmt 1 view .LVU169
 490 00d2 E369     		ldr	r3, [r4, #28]
 491 00d4 013B     		subs	r3, r3, #1
 492 00d6 0F2B     		cmp	r3, #15
 493 00d8 49D8     		bhi	.L40
 494              	.L21:
 330:Drivers/STM32F4/Drivers/STM32F4xx_HAL_Driver/Src/stm32f4xx_hal_adc.c ****   assert_param(IS_ADC_EOCSelection(hadc->Init.EOCSelection));
 495              		.loc 1 330 3 view .LVU170
 496 00da 94F83030 		ldrb	r3, [r4, #48]	@ zero_extendqisi2
 497 00de 012B     		cmp	r3, #1
 498 00e0 4BD8     		bhi	.L41
 499              	.L22:
 331:Drivers/STM32F4/Drivers/STM32F4xx_HAL_Driver/Src/stm32f4xx_hal_adc.c ****   assert_param(IS_FUNCTIONAL_STATE(hadc->Init.DiscontinuousConvMode));
 500              		.loc 1 331 3 view .LVU171
 501 00e2 6369     		ldr	r3, [r4, #20]
 502 00e4 022B     		cmp	r3, #2
 503 00e6 4ED8     		bhi	.L42
 504              	.L23:
 332:Drivers/STM32F4/Drivers/STM32F4xx_HAL_Driver/Src/stm32f4xx_hal_adc.c **** 
 505              		.loc 1 332 3 view .LVU172
 506 00e8 94F82030 		ldrb	r3, [r4, #32]	@ zero_extendqisi2
 507 00ec 012B     		cmp	r3, #1
 508 00ee 50D8     		bhi	.L43
 509              	.L24:
 334:Drivers/STM32F4/Drivers/STM32F4xx_HAL_Driver/Src/stm32f4xx_hal_adc.c ****   {
 510              		.loc 1 334 3 view .LVU173
 334:Drivers/STM32F4/Drivers/STM32F4xx_HAL_Driver/Src/stm32f4xx_hal_adc.c ****   {
 511              		.loc 1 334 17 is_stmt 0 view .LVU174
 512 00f0 A26A     		ldr	r2, [r4, #40]
 334:Drivers/STM32F4/Drivers/STM32F4xx_HAL_Driver/Src/stm32f4xx_hal_adc.c ****   {
 513              		.loc 1 334 6 view .LVU175
ARM GAS  /tmp/cciQ8ehY.s 			page 46


 514 00f2 3F4B     		ldr	r3, .L47+8
 515 00f4 9A42     		cmp	r2, r3
 516 00f6 0AD0     		beq	.L25
 336:Drivers/STM32F4/Drivers/STM32F4xx_HAL_Driver/Src/stm32f4xx_hal_adc.c ****   }
 517              		.loc 1 336 5 is_stmt 1 view .LVU176
 518 00f8 E36A     		ldr	r3, [r4, #44]
 519 00fa 43B1     		cbz	r3, .L25
 336:Drivers/STM32F4/Drivers/STM32F4xx_HAL_Driver/Src/stm32f4xx_hal_adc.c ****   }
 520              		.loc 1 336 5 is_stmt 0 discriminator 1 view .LVU177
 521 00fc B3F1805F 		cmp	r3, #268435456
 522 0100 05D0     		beq	.L25
 336:Drivers/STM32F4/Drivers/STM32F4xx_HAL_Driver/Src/stm32f4xx_hal_adc.c ****   }
 523              		.loc 1 336 5 discriminator 2 view .LVU178
 524 0102 B3F1005F 		cmp	r3, #536870912
 525 0106 02D0     		beq	.L25
 336:Drivers/STM32F4/Drivers/STM32F4xx_HAL_Driver/Src/stm32f4xx_hal_adc.c ****   }
 526              		.loc 1 336 5 discriminator 3 view .LVU179
 527 0108 B3F1405F 		cmp	r3, #805306368
 528 010c 47D1     		bne	.L44
 529              	.L25:
 339:Drivers/STM32F4/Drivers/STM32F4xx_HAL_Driver/Src/stm32f4xx_hal_adc.c ****   {
 530              		.loc 1 339 3 is_stmt 1 view .LVU180
 339:Drivers/STM32F4/Drivers/STM32F4xx_HAL_Driver/Src/stm32f4xx_hal_adc.c ****   {
 531              		.loc 1 339 11 is_stmt 0 view .LVU181
 532 010e 236C     		ldr	r3, [r4, #64]
 339:Drivers/STM32F4/Drivers/STM32F4xx_HAL_Driver/Src/stm32f4xx_hal_adc.c ****   {
 533              		.loc 1 339 6 view .LVU182
 534 0110 002B     		cmp	r3, #0
 535 0112 4AD0     		beq	.L45
 536              	.L26:
 369:Drivers/STM32F4/Drivers/STM32F4xx_HAL_Driver/Src/stm32f4xx_hal_adc.c ****   {
 537              		.loc 1 369 3 is_stmt 1 view .LVU183
 369:Drivers/STM32F4/Drivers/STM32F4xx_HAL_Driver/Src/stm32f4xx_hal_adc.c ****   {
 538              		.loc 1 369 7 is_stmt 0 view .LVU184
 539 0114 236C     		ldr	r3, [r4, #64]
 369:Drivers/STM32F4/Drivers/STM32F4xx_HAL_Driver/Src/stm32f4xx_hal_adc.c ****   {
 540              		.loc 1 369 6 view .LVU185
 541 0116 13F0100F 		tst	r3, #16
 542 011a 4ED0     		beq	.L46
 389:Drivers/STM32F4/Drivers/STM32F4xx_HAL_Driver/Src/stm32f4xx_hal_adc.c ****   }
 543              		.loc 1 389 20 view .LVU186
 544 011c 0120     		movs	r0, #1
 545              	.L27:
 546              	.LVL11:
 393:Drivers/STM32F4/Drivers/STM32F4xx_HAL_Driver/Src/stm32f4xx_hal_adc.c **** 
 547              		.loc 1 393 3 is_stmt 1 view .LVU187
 393:Drivers/STM32F4/Drivers/STM32F4xx_HAL_Driver/Src/stm32f4xx_hal_adc.c **** 
 548              		.loc 1 393 3 view .LVU188
 549 011e 0023     		movs	r3, #0
 550 0120 84F83C30 		strb	r3, [r4, #60]
 393:Drivers/STM32F4/Drivers/STM32F4xx_HAL_Driver/Src/stm32f4xx_hal_adc.c **** 
 551              		.loc 1 393 3 view .LVU189
 396:Drivers/STM32F4/Drivers/STM32F4xx_HAL_Driver/Src/stm32f4xx_hal_adc.c **** }
 552              		.loc 1 396 3 view .LVU190
 397:Drivers/STM32F4/Drivers/STM32F4xx_HAL_Driver/Src/stm32f4xx_hal_adc.c **** 
 553              		.loc 1 397 1 is_stmt 0 view .LVU191
 554 0124 10BD     		pop	{r4, pc}
ARM GAS  /tmp/cciQ8ehY.s 			page 47


 555              	.LVL12:
 556              	.L34:
 323:Drivers/STM32F4/Drivers/STM32F4xx_HAL_Driver/Src/stm32f4xx_hal_adc.c ****   assert_param(IS_ADC_RESOLUTION(hadc->Init.Resolution));
 557              		.loc 1 323 3 discriminator 4 view .LVU192
 558 0126 40F24311 		movw	r1, #323
 559 012a 3048     		ldr	r0, .L47+4
 560 012c FFF7FEFF 		bl	assert_failed
 561              	.LVL13:
 562 0130 87E7     		b	.L15
 563              	.L35:
 324:Drivers/STM32F4/Drivers/STM32F4xx_HAL_Driver/Src/stm32f4xx_hal_adc.c ****   assert_param(IS_FUNCTIONAL_STATE(hadc->Init.ScanConvMode));
 564              		.loc 1 324 3 discriminator 4 view .LVU193
 565 0132 4FF4A271 		mov	r1, #324
 566 0136 2D48     		ldr	r0, .L47+4
 567 0138 FFF7FEFF 		bl	assert_failed
 568              	.LVL14:
 569 013c 8CE7     		b	.L16
 570              	.L36:
 325:Drivers/STM32F4/Drivers/STM32F4xx_HAL_Driver/Src/stm32f4xx_hal_adc.c ****   assert_param(IS_FUNCTIONAL_STATE(hadc->Init.ContinuousConvMode));
 571              		.loc 1 325 3 discriminator 1 view .LVU194
 572 013e 40F24511 		movw	r1, #325
 573 0142 2A48     		ldr	r0, .L47+4
 574 0144 FFF7FEFF 		bl	assert_failed
 575              	.LVL15:
 576 0148 89E7     		b	.L17
 577              	.L37:
 326:Drivers/STM32F4/Drivers/STM32F4xx_HAL_Driver/Src/stm32f4xx_hal_adc.c ****   assert_param(IS_ADC_EXT_TRIG(hadc->Init.ExternalTrigConv));
 578              		.loc 1 326 3 discriminator 1 view .LVU195
 579 014a 4FF4A371 		mov	r1, #326
 580 014e 2748     		ldr	r0, .L47+4
 581 0150 FFF7FEFF 		bl	assert_failed
 582              	.LVL16:
 583 0154 86E7     		b	.L18
 584              	.L38:
 327:Drivers/STM32F4/Drivers/STM32F4xx_HAL_Driver/Src/stm32f4xx_hal_adc.c ****   assert_param(IS_ADC_DATA_ALIGN(hadc->Init.DataAlign));
 585              		.loc 1 327 3 discriminator 17 view .LVU196
 586 0156 40F24711 		movw	r1, #327
 587 015a 2448     		ldr	r0, .L47+4
 588 015c FFF7FEFF 		bl	assert_failed
 589              	.LVL17:
 590 0160 B2E7     		b	.L19
 591              	.L39:
 328:Drivers/STM32F4/Drivers/STM32F4xx_HAL_Driver/Src/stm32f4xx_hal_adc.c ****   assert_param(IS_ADC_REGULAR_LENGTH(hadc->Init.NbrOfConversion));
 592              		.loc 1 328 3 discriminator 2 view .LVU197
 593 0162 4FF4A471 		mov	r1, #328
 594 0166 2148     		ldr	r0, .L47+4
 595 0168 FFF7FEFF 		bl	assert_failed
 596              	.LVL18:
 597 016c B1E7     		b	.L20
 598              	.L40:
 329:Drivers/STM32F4/Drivers/STM32F4xx_HAL_Driver/Src/stm32f4xx_hal_adc.c ****   assert_param(IS_FUNCTIONAL_STATE(hadc->Init.DMAContinuousRequests));
 599              		.loc 1 329 3 discriminator 1 view .LVU198
 600 016e 40F24911 		movw	r1, #329
 601 0172 1E48     		ldr	r0, .L47+4
 602 0174 FFF7FEFF 		bl	assert_failed
 603              	.LVL19:
 604 0178 AFE7     		b	.L21
ARM GAS  /tmp/cciQ8ehY.s 			page 48


 605              	.L41:
 330:Drivers/STM32F4/Drivers/STM32F4xx_HAL_Driver/Src/stm32f4xx_hal_adc.c ****   assert_param(IS_ADC_EOCSelection(hadc->Init.EOCSelection));
 606              		.loc 1 330 3 discriminator 1 view .LVU199
 607 017a 4FF4A571 		mov	r1, #330
 608 017e 1B48     		ldr	r0, .L47+4
 609 0180 FFF7FEFF 		bl	assert_failed
 610              	.LVL20:
 611 0184 ADE7     		b	.L22
 612              	.L42:
 331:Drivers/STM32F4/Drivers/STM32F4xx_HAL_Driver/Src/stm32f4xx_hal_adc.c ****   assert_param(IS_FUNCTIONAL_STATE(hadc->Init.DiscontinuousConvMode));
 613              		.loc 1 331 3 discriminator 1 view .LVU200
 614 0186 40F24B11 		movw	r1, #331
 615 018a 1848     		ldr	r0, .L47+4
 616 018c FFF7FEFF 		bl	assert_failed
 617              	.LVL21:
 618 0190 AAE7     		b	.L23
 619              	.L43:
 332:Drivers/STM32F4/Drivers/STM32F4xx_HAL_Driver/Src/stm32f4xx_hal_adc.c **** 
 620              		.loc 1 332 3 discriminator 1 view .LVU201
 621 0192 4FF4A671 		mov	r1, #332
 622 0196 1548     		ldr	r0, .L47+4
 623 0198 FFF7FEFF 		bl	assert_failed
 624              	.LVL22:
 625 019c A8E7     		b	.L24
 626              	.L44:
 336:Drivers/STM32F4/Drivers/STM32F4xx_HAL_Driver/Src/stm32f4xx_hal_adc.c ****   }
 627              		.loc 1 336 5 discriminator 4 view .LVU202
 628 019e 4FF4A871 		mov	r1, #336
 629 01a2 1248     		ldr	r0, .L47+4
 630 01a4 FFF7FEFF 		bl	assert_failed
 631              	.LVL23:
 632 01a8 B1E7     		b	.L25
 633              	.L45:
 357:Drivers/STM32F4/Drivers/STM32F4xx_HAL_Driver/Src/stm32f4xx_hal_adc.c **** #endif /* USE_HAL_ADC_REGISTER_CALLBACKS */
 634              		.loc 1 357 5 is_stmt 1 view .LVU203
 635 01aa 2046     		mov	r0, r4
 636 01ac FFF7FEFF 		bl	HAL_ADC_MspInit
 637              	.LVL24:
 361:Drivers/STM32F4/Drivers/STM32F4xx_HAL_Driver/Src/stm32f4xx_hal_adc.c **** 
 638              		.loc 1 361 5 view .LVU204
 639 01b0 0023     		movs	r3, #0
 640 01b2 6364     		str	r3, [r4, #68]
 364:Drivers/STM32F4/Drivers/STM32F4xx_HAL_Driver/Src/stm32f4xx_hal_adc.c ****   }
 641              		.loc 1 364 5 view .LVU205
 364:Drivers/STM32F4/Drivers/STM32F4xx_HAL_Driver/Src/stm32f4xx_hal_adc.c ****   }
 642              		.loc 1 364 16 is_stmt 0 view .LVU206
 643 01b4 84F83C30 		strb	r3, [r4, #60]
 644 01b8 ACE7     		b	.L26
 645              	.L46:
 372:Drivers/STM32F4/Drivers/STM32F4xx_HAL_Driver/Src/stm32f4xx_hal_adc.c ****                       HAL_ADC_STATE_REG_BUSY | HAL_ADC_STATE_INJ_BUSY,
 646              		.loc 1 372 5 is_stmt 1 view .LVU207
 647 01ba 236C     		ldr	r3, [r4, #64]
 648 01bc 23F48853 		bic	r3, r3, #4352
 649 01c0 23F00203 		bic	r3, r3, #2
 650 01c4 43F00203 		orr	r3, r3, #2
 651 01c8 2364     		str	r3, [r4, #64]
 377:Drivers/STM32F4/Drivers/STM32F4xx_HAL_Driver/Src/stm32f4xx_hal_adc.c **** 
ARM GAS  /tmp/cciQ8ehY.s 			page 49


 652              		.loc 1 377 5 view .LVU208
 653 01ca 2046     		mov	r0, r4
 654 01cc FFF7FEFF 		bl	ADC_Init
 655              	.LVL25:
 380:Drivers/STM32F4/Drivers/STM32F4xx_HAL_Driver/Src/stm32f4xx_hal_adc.c **** 
 656              		.loc 1 380 5 view .LVU209
 657 01d0 0020     		movs	r0, #0
 658 01d2 6064     		str	r0, [r4, #68]
 383:Drivers/STM32F4/Drivers/STM32F4xx_HAL_Driver/Src/stm32f4xx_hal_adc.c ****                       HAL_ADC_STATE_BUSY_INTERNAL,
 659              		.loc 1 383 5 view .LVU210
 660 01d4 236C     		ldr	r3, [r4, #64]
 661 01d6 23F00303 		bic	r3, r3, #3
 662 01da 43F00103 		orr	r3, r3, #1
 663 01de 2364     		str	r3, [r4, #64]
 664 01e0 9DE7     		b	.L27
 665              	.LVL26:
 666              	.L28:
 667              	.LCFI2:
 668              		.cfi_def_cfa_offset 0
 669              		.cfi_restore 4
 670              		.cfi_restore 14
 318:Drivers/STM32F4/Drivers/STM32F4xx_HAL_Driver/Src/stm32f4xx_hal_adc.c ****   }
 671              		.loc 1 318 12 is_stmt 0 view .LVU211
 672 01e2 0120     		movs	r0, #1
 673              	.LVL27:
 397:Drivers/STM32F4/Drivers/STM32F4xx_HAL_Driver/Src/stm32f4xx_hal_adc.c **** 
 674              		.loc 1 397 1 view .LVU212
 675 01e4 7047     		bx	lr
 676              	.L48:
 677 01e6 00BF     		.align	2
 678              	.L47:
 679 01e8 00200140 		.word	1073815552
 680 01ec 00000000 		.word	.LC0
 681 01f0 0100000F 		.word	251658241
 682              		.cfi_endproc
 683              	.LFE239:
 685              		.section	.text.HAL_ADC_MspDeInit,"ax",%progbits
 686              		.align	1
 687              		.weak	HAL_ADC_MspDeInit
 688              		.syntax unified
 689              		.thumb
 690              		.thumb_func
 692              	HAL_ADC_MspDeInit:
 693              	.LVL28:
 694              	.LFB242:
 678:Drivers/STM32F4/Drivers/STM32F4xx_HAL_Driver/Src/stm32f4xx_hal_adc.c ****   /* Prevent unused argument(s) compilation warning */
 695              		.loc 1 678 1 is_stmt 1 view -0
 696              		.cfi_startproc
 697              		@ args = 0, pretend = 0, frame = 0
 698              		@ frame_needed = 0, uses_anonymous_args = 0
 699              		@ link register save eliminated.
 680:Drivers/STM32F4/Drivers/STM32F4xx_HAL_Driver/Src/stm32f4xx_hal_adc.c ****   /* NOTE : This function Should not be modified, when the callback is needed,
 700              		.loc 1 680 3 view .LVU214
 684:Drivers/STM32F4/Drivers/STM32F4xx_HAL_Driver/Src/stm32f4xx_hal_adc.c **** 
 701              		.loc 1 684 1 is_stmt 0 view .LVU215
 702 0000 7047     		bx	lr
 703              		.cfi_endproc
ARM GAS  /tmp/cciQ8ehY.s 			page 50


 704              	.LFE242:
 706              		.section	.text.HAL_ADC_DeInit,"ax",%progbits
 707              		.align	1
 708              		.global	HAL_ADC_DeInit
 709              		.syntax unified
 710              		.thumb
 711              		.thumb_func
 713              	HAL_ADC_DeInit:
 714              	.LVL29:
 715              	.LFB240:
 406:Drivers/STM32F4/Drivers/STM32F4xx_HAL_Driver/Src/stm32f4xx_hal_adc.c ****   HAL_StatusTypeDef tmp_hal_status = HAL_OK;
 716              		.loc 1 406 1 is_stmt 1 view -0
 717              		.cfi_startproc
 718              		@ args = 0, pretend = 0, frame = 0
 719              		@ frame_needed = 0, uses_anonymous_args = 0
 407:Drivers/STM32F4/Drivers/STM32F4xx_HAL_Driver/Src/stm32f4xx_hal_adc.c **** 
 720              		.loc 1 407 3 view .LVU217
 410:Drivers/STM32F4/Drivers/STM32F4xx_HAL_Driver/Src/stm32f4xx_hal_adc.c ****   {
 721              		.loc 1 410 3 view .LVU218
 410:Drivers/STM32F4/Drivers/STM32F4xx_HAL_Driver/Src/stm32f4xx_hal_adc.c ****   {
 722              		.loc 1 410 6 is_stmt 0 view .LVU219
 723 0000 58B3     		cbz	r0, .L54
 406:Drivers/STM32F4/Drivers/STM32F4xx_HAL_Driver/Src/stm32f4xx_hal_adc.c ****   HAL_StatusTypeDef tmp_hal_status = HAL_OK;
 724              		.loc 1 406 1 view .LVU220
 725 0002 10B5     		push	{r4, lr}
 726              	.LCFI3:
 727              		.cfi_def_cfa_offset 8
 728              		.cfi_offset 4, -8
 729              		.cfi_offset 14, -4
 730 0004 0446     		mov	r4, r0
 416:Drivers/STM32F4/Drivers/STM32F4xx_HAL_Driver/Src/stm32f4xx_hal_adc.c **** 
 731              		.loc 1 416 3 is_stmt 1 view .LVU221
 732 0006 0368     		ldr	r3, [r0]
 733 0008 154A     		ldr	r2, .L60
 734 000a 9342     		cmp	r3, r2
 735 000c 0CD0     		beq	.L52
 416:Drivers/STM32F4/Drivers/STM32F4xx_HAL_Driver/Src/stm32f4xx_hal_adc.c **** 
 736              		.loc 1 416 3 is_stmt 0 discriminator 1 view .LVU222
 737 000e 02F58072 		add	r2, r2, #256
 738 0012 9342     		cmp	r3, r2
 739 0014 08D0     		beq	.L52
 416:Drivers/STM32F4/Drivers/STM32F4xx_HAL_Driver/Src/stm32f4xx_hal_adc.c **** 
 740              		.loc 1 416 3 discriminator 2 view .LVU223
 741 0016 02F58072 		add	r2, r2, #256
 742 001a 9342     		cmp	r3, r2
 743 001c 04D0     		beq	.L52
 416:Drivers/STM32F4/Drivers/STM32F4xx_HAL_Driver/Src/stm32f4xx_hal_adc.c **** 
 744              		.loc 1 416 3 discriminator 3 view .LVU224
 745 001e 4FF4D071 		mov	r1, #416
 746 0022 1048     		ldr	r0, .L60+4
 747              	.LVL30:
 416:Drivers/STM32F4/Drivers/STM32F4xx_HAL_Driver/Src/stm32f4xx_hal_adc.c **** 
 748              		.loc 1 416 3 discriminator 3 view .LVU225
 749 0024 FFF7FEFF 		bl	assert_failed
 750              	.LVL31:
 751              	.L52:
 419:Drivers/STM32F4/Drivers/STM32F4xx_HAL_Driver/Src/stm32f4xx_hal_adc.c **** 
ARM GAS  /tmp/cciQ8ehY.s 			page 51


 752              		.loc 1 419 3 is_stmt 1 view .LVU226
 753 0028 236C     		ldr	r3, [r4, #64]
 754 002a 43F00203 		orr	r3, r3, #2
 755 002e 2364     		str	r3, [r4, #64]
 423:Drivers/STM32F4/Drivers/STM32F4xx_HAL_Driver/Src/stm32f4xx_hal_adc.c **** 
 756              		.loc 1 423 3 view .LVU227
 757 0030 2268     		ldr	r2, [r4]
 758 0032 9368     		ldr	r3, [r2, #8]
 759 0034 23F00103 		bic	r3, r3, #1
 760 0038 9360     		str	r3, [r2, #8]
 427:Drivers/STM32F4/Drivers/STM32F4xx_HAL_Driver/Src/stm32f4xx_hal_adc.c ****   {
 761              		.loc 1 427 3 view .LVU228
 427:Drivers/STM32F4/Drivers/STM32F4xx_HAL_Driver/Src/stm32f4xx_hal_adc.c ****   {
 762              		.loc 1 427 7 is_stmt 0 view .LVU229
 763 003a 2368     		ldr	r3, [r4]
 764 003c 9B68     		ldr	r3, [r3, #8]
 427:Drivers/STM32F4/Drivers/STM32F4xx_HAL_Driver/Src/stm32f4xx_hal_adc.c ****   {
 765              		.loc 1 427 6 view .LVU230
 766 003e 13F0010F 		tst	r3, #1
 767 0042 03D0     		beq	.L59
 768              	.L53:
 450:Drivers/STM32F4/Drivers/STM32F4xx_HAL_Driver/Src/stm32f4xx_hal_adc.c **** 
 769              		.loc 1 450 3 is_stmt 1 view .LVU231
 450:Drivers/STM32F4/Drivers/STM32F4xx_HAL_Driver/Src/stm32f4xx_hal_adc.c **** 
 770              		.loc 1 450 3 view .LVU232
 771 0044 0020     		movs	r0, #0
 772 0046 84F83C00 		strb	r0, [r4, #60]
 450:Drivers/STM32F4/Drivers/STM32F4xx_HAL_Driver/Src/stm32f4xx_hal_adc.c **** 
 773              		.loc 1 450 3 view .LVU233
 453:Drivers/STM32F4/Drivers/STM32F4xx_HAL_Driver/Src/stm32f4xx_hal_adc.c **** }
 774              		.loc 1 453 3 view .LVU234
 454:Drivers/STM32F4/Drivers/STM32F4xx_HAL_Driver/Src/stm32f4xx_hal_adc.c **** 
 775              		.loc 1 454 1 is_stmt 0 view .LVU235
 776 004a 10BD     		pop	{r4, pc}
 777              	.LVL32:
 778              	.L59:
 439:Drivers/STM32F4/Drivers/STM32F4xx_HAL_Driver/Src/stm32f4xx_hal_adc.c **** #endif /* USE_HAL_ADC_REGISTER_CALLBACKS */
 779              		.loc 1 439 5 is_stmt 1 view .LVU236
 780 004c 2046     		mov	r0, r4
 781 004e FFF7FEFF 		bl	HAL_ADC_MspDeInit
 782              	.LVL33:
 443:Drivers/STM32F4/Drivers/STM32F4xx_HAL_Driver/Src/stm32f4xx_hal_adc.c **** 
 783              		.loc 1 443 5 view .LVU237
 784 0052 0023     		movs	r3, #0
 785 0054 6364     		str	r3, [r4, #68]
 446:Drivers/STM32F4/Drivers/STM32F4xx_HAL_Driver/Src/stm32f4xx_hal_adc.c ****   }
 786              		.loc 1 446 5 view .LVU238
 446:Drivers/STM32F4/Drivers/STM32F4xx_HAL_Driver/Src/stm32f4xx_hal_adc.c ****   }
 787              		.loc 1 446 17 is_stmt 0 view .LVU239
 788 0056 2364     		str	r3, [r4, #64]
 789 0058 F4E7     		b	.L53
 790              	.LVL34:
 791              	.L54:
 792              	.LCFI4:
 793              		.cfi_def_cfa_offset 0
 794              		.cfi_restore 4
 795              		.cfi_restore 14
ARM GAS  /tmp/cciQ8ehY.s 			page 52


 412:Drivers/STM32F4/Drivers/STM32F4xx_HAL_Driver/Src/stm32f4xx_hal_adc.c ****   }
 796              		.loc 1 412 12 view .LVU240
 797 005a 0120     		movs	r0, #1
 798              	.LVL35:
 454:Drivers/STM32F4/Drivers/STM32F4xx_HAL_Driver/Src/stm32f4xx_hal_adc.c **** 
 799              		.loc 1 454 1 view .LVU241
 800 005c 7047     		bx	lr
 801              	.L61:
 802 005e 00BF     		.align	2
 803              	.L60:
 804 0060 00200140 		.word	1073815552
 805 0064 00000000 		.word	.LC0
 806              		.cfi_endproc
 807              	.LFE240:
 809              		.section	.text.HAL_ADC_Start,"ax",%progbits
 810              		.align	1
 811              		.global	HAL_ADC_Start
 812              		.syntax unified
 813              		.thumb
 814              		.thumb_func
 816              	HAL_ADC_Start:
 817              	.LVL36:
 818              	.LFB243:
 717:Drivers/STM32F4/Drivers/STM32F4xx_HAL_Driver/Src/stm32f4xx_hal_adc.c ****   __IO uint32_t counter = 0U;
 819              		.loc 1 717 1 is_stmt 1 view -0
 820              		.cfi_startproc
 821              		@ args = 0, pretend = 0, frame = 8
 822              		@ frame_needed = 0, uses_anonymous_args = 0
 717:Drivers/STM32F4/Drivers/STM32F4xx_HAL_Driver/Src/stm32f4xx_hal_adc.c ****   __IO uint32_t counter = 0U;
 823              		.loc 1 717 1 is_stmt 0 view .LVU243
 824 0000 10B5     		push	{r4, lr}
 825              	.LCFI5:
 826              		.cfi_def_cfa_offset 8
 827              		.cfi_offset 4, -8
 828              		.cfi_offset 14, -4
 829 0002 82B0     		sub	sp, sp, #8
 830              	.LCFI6:
 831              		.cfi_def_cfa_offset 16
 832 0004 0446     		mov	r4, r0
 718:Drivers/STM32F4/Drivers/STM32F4xx_HAL_Driver/Src/stm32f4xx_hal_adc.c ****   ADC_Common_TypeDef *tmpADC_Common;
 833              		.loc 1 718 3 is_stmt 1 view .LVU244
 718:Drivers/STM32F4/Drivers/STM32F4xx_HAL_Driver/Src/stm32f4xx_hal_adc.c ****   ADC_Common_TypeDef *tmpADC_Common;
 834              		.loc 1 718 17 is_stmt 0 view .LVU245
 835 0006 0023     		movs	r3, #0
 836 0008 0193     		str	r3, [sp, #4]
 719:Drivers/STM32F4/Drivers/STM32F4xx_HAL_Driver/Src/stm32f4xx_hal_adc.c **** 
 837              		.loc 1 719 3 is_stmt 1 view .LVU246
 722:Drivers/STM32F4/Drivers/STM32F4xx_HAL_Driver/Src/stm32f4xx_hal_adc.c ****   assert_param(IS_ADC_EXT_TRIG_EDGE(hadc->Init.ExternalTrigConvEdge));
 838              		.loc 1 722 3 view .LVU247
 839 000a 037E     		ldrb	r3, [r0, #24]	@ zero_extendqisi2
 840 000c 012B     		cmp	r3, #1
 841 000e 25D8     		bhi	.L83
 842              	.LVL37:
 843              	.L63:
 723:Drivers/STM32F4/Drivers/STM32F4xx_HAL_Driver/Src/stm32f4xx_hal_adc.c **** 
 844              		.loc 1 723 3 view .LVU248
 845 0010 E36A     		ldr	r3, [r4, #44]
ARM GAS  /tmp/cciQ8ehY.s 			page 53


 846 0012 43B1     		cbz	r3, .L64
 723:Drivers/STM32F4/Drivers/STM32F4xx_HAL_Driver/Src/stm32f4xx_hal_adc.c **** 
 847              		.loc 1 723 3 is_stmt 0 discriminator 1 view .LVU249
 848 0014 B3F1805F 		cmp	r3, #268435456
 849 0018 05D0     		beq	.L64
 723:Drivers/STM32F4/Drivers/STM32F4xx_HAL_Driver/Src/stm32f4xx_hal_adc.c **** 
 850              		.loc 1 723 3 discriminator 2 view .LVU250
 851 001a B3F1005F 		cmp	r3, #536870912
 852 001e 02D0     		beq	.L64
 723:Drivers/STM32F4/Drivers/STM32F4xx_HAL_Driver/Src/stm32f4xx_hal_adc.c **** 
 853              		.loc 1 723 3 discriminator 3 view .LVU251
 854 0020 B3F1405F 		cmp	r3, #805306368
 855 0024 20D1     		bne	.L84
 856              	.L64:
 726:Drivers/STM32F4/Drivers/STM32F4xx_HAL_Driver/Src/stm32f4xx_hal_adc.c **** 
 857              		.loc 1 726 3 is_stmt 1 view .LVU252
 726:Drivers/STM32F4/Drivers/STM32F4xx_HAL_Driver/Src/stm32f4xx_hal_adc.c **** 
 858              		.loc 1 726 3 view .LVU253
 859 0026 94F83C30 		ldrb	r3, [r4, #60]	@ zero_extendqisi2
 860 002a 012B     		cmp	r3, #1
 861 002c 00F09580 		beq	.L76
 726:Drivers/STM32F4/Drivers/STM32F4xx_HAL_Driver/Src/stm32f4xx_hal_adc.c **** 
 862              		.loc 1 726 3 discriminator 2 view .LVU254
 863 0030 0123     		movs	r3, #1
 864 0032 84F83C30 		strb	r3, [r4, #60]
 726:Drivers/STM32F4/Drivers/STM32F4xx_HAL_Driver/Src/stm32f4xx_hal_adc.c **** 
 865              		.loc 1 726 3 discriminator 2 view .LVU255
 731:Drivers/STM32F4/Drivers/STM32F4xx_HAL_Driver/Src/stm32f4xx_hal_adc.c ****   {
 866              		.loc 1 731 3 view .LVU256
 731:Drivers/STM32F4/Drivers/STM32F4xx_HAL_Driver/Src/stm32f4xx_hal_adc.c ****   {
 867              		.loc 1 731 12 is_stmt 0 view .LVU257
 868 0036 2368     		ldr	r3, [r4]
 731:Drivers/STM32F4/Drivers/STM32F4xx_HAL_Driver/Src/stm32f4xx_hal_adc.c ****   {
 869              		.loc 1 731 22 view .LVU258
 870 0038 9A68     		ldr	r2, [r3, #8]
 731:Drivers/STM32F4/Drivers/STM32F4xx_HAL_Driver/Src/stm32f4xx_hal_adc.c ****   {
 871              		.loc 1 731 6 view .LVU259
 872 003a 12F0010F 		tst	r2, #1
 873 003e 1FD1     		bne	.L66
 734:Drivers/STM32F4/Drivers/STM32F4xx_HAL_Driver/Src/stm32f4xx_hal_adc.c **** 
 874              		.loc 1 734 5 is_stmt 1 view .LVU260
 875 0040 9A68     		ldr	r2, [r3, #8]
 876 0042 42F00102 		orr	r2, r2, #1
 877 0046 9A60     		str	r2, [r3, #8]
 738:Drivers/STM32F4/Drivers/STM32F4xx_HAL_Driver/Src/stm32f4xx_hal_adc.c ****     while (counter != 0U)
 878              		.loc 1 738 5 view .LVU261
 738:Drivers/STM32F4/Drivers/STM32F4xx_HAL_Driver/Src/stm32f4xx_hal_adc.c ****     while (counter != 0U)
 879              		.loc 1 738 53 is_stmt 0 view .LVU262
 880 0048 474B     		ldr	r3, .L88
 881 004a 1B68     		ldr	r3, [r3]
 882 004c 474A     		ldr	r2, .L88+4
 883 004e A2FB0323 		umull	r2, r3, r2, r3
 884 0052 9B0C     		lsrs	r3, r3, #18
 738:Drivers/STM32F4/Drivers/STM32F4xx_HAL_Driver/Src/stm32f4xx_hal_adc.c ****     while (counter != 0U)
 885              		.loc 1 738 34 view .LVU263
 886 0054 03EB4303 		add	r3, r3, r3, lsl #1
 738:Drivers/STM32F4/Drivers/STM32F4xx_HAL_Driver/Src/stm32f4xx_hal_adc.c ****     while (counter != 0U)
ARM GAS  /tmp/cciQ8ehY.s 			page 54


 887              		.loc 1 738 13 view .LVU264
 888 0058 0193     		str	r3, [sp, #4]
 739:Drivers/STM32F4/Drivers/STM32F4xx_HAL_Driver/Src/stm32f4xx_hal_adc.c ****     {
 889              		.loc 1 739 5 is_stmt 1 view .LVU265
 739:Drivers/STM32F4/Drivers/STM32F4xx_HAL_Driver/Src/stm32f4xx_hal_adc.c ****     {
 890              		.loc 1 739 11 is_stmt 0 view .LVU266
 891 005a 0EE0     		b	.L67
 892              	.LVL38:
 893              	.L83:
 722:Drivers/STM32F4/Drivers/STM32F4xx_HAL_Driver/Src/stm32f4xx_hal_adc.c ****   assert_param(IS_ADC_EXT_TRIG_EDGE(hadc->Init.ExternalTrigConvEdge));
 894              		.loc 1 722 3 discriminator 1 view .LVU267
 895 005c 40F2D221 		movw	r1, #722
 896 0060 4348     		ldr	r0, .L88+8
 897              	.LVL39:
 722:Drivers/STM32F4/Drivers/STM32F4xx_HAL_Driver/Src/stm32f4xx_hal_adc.c ****   assert_param(IS_ADC_EXT_TRIG_EDGE(hadc->Init.ExternalTrigConvEdge));
 898              		.loc 1 722 3 discriminator 1 view .LVU268
 899 0062 FFF7FEFF 		bl	assert_failed
 900              	.LVL40:
 901 0066 D3E7     		b	.L63
 902              	.L84:
 723:Drivers/STM32F4/Drivers/STM32F4xx_HAL_Driver/Src/stm32f4xx_hal_adc.c **** 
 903              		.loc 1 723 3 discriminator 4 view .LVU269
 904 0068 40F2D321 		movw	r1, #723
 905 006c 4048     		ldr	r0, .L88+8
 906 006e FFF7FEFF 		bl	assert_failed
 907              	.LVL41:
 908 0072 D8E7     		b	.L64
 909              	.L68:
 741:Drivers/STM32F4/Drivers/STM32F4xx_HAL_Driver/Src/stm32f4xx_hal_adc.c ****     }
 910              		.loc 1 741 7 is_stmt 1 view .LVU270
 741:Drivers/STM32F4/Drivers/STM32F4xx_HAL_Driver/Src/stm32f4xx_hal_adc.c ****     }
 911              		.loc 1 741 14 is_stmt 0 view .LVU271
 912 0074 019B     		ldr	r3, [sp, #4]
 913 0076 013B     		subs	r3, r3, #1
 914 0078 0193     		str	r3, [sp, #4]
 915              	.L67:
 739:Drivers/STM32F4/Drivers/STM32F4xx_HAL_Driver/Src/stm32f4xx_hal_adc.c ****     {
 916              		.loc 1 739 20 is_stmt 1 view .LVU272
 917 007a 019B     		ldr	r3, [sp, #4]
 918 007c 002B     		cmp	r3, #0
 919 007e F9D1     		bne	.L68
 920              	.L66:
 746:Drivers/STM32F4/Drivers/STM32F4xx_HAL_Driver/Src/stm32f4xx_hal_adc.c ****   {
 921              		.loc 1 746 3 view .LVU273
 746:Drivers/STM32F4/Drivers/STM32F4xx_HAL_Driver/Src/stm32f4xx_hal_adc.c ****   {
 922              		.loc 1 746 7 is_stmt 0 view .LVU274
 923 0080 2268     		ldr	r2, [r4]
 924 0082 9368     		ldr	r3, [r2, #8]
 746:Drivers/STM32F4/Drivers/STM32F4xx_HAL_Driver/Src/stm32f4xx_hal_adc.c ****   {
 925              		.loc 1 746 6 view .LVU275
 926 0084 13F0010F 		tst	r3, #1
 927 0088 5CD0     		beq	.L69
 751:Drivers/STM32F4/Drivers/STM32F4xx_HAL_Driver/Src/stm32f4xx_hal_adc.c ****                       HAL_ADC_STATE_READY | HAL_ADC_STATE_REG_EOC | HAL_ADC_STATE_REG_OVR,
 928              		.loc 1 751 5 is_stmt 1 view .LVU276
 929 008a 236C     		ldr	r3, [r4, #64]
 930 008c 23F4E063 		bic	r3, r3, #1792
 931 0090 23F00103 		bic	r3, r3, #1
ARM GAS  /tmp/cciQ8ehY.s 			page 55


 932 0094 43F48073 		orr	r3, r3, #256
 933 0098 2364     		str	r3, [r4, #64]
 757:Drivers/STM32F4/Drivers/STM32F4xx_HAL_Driver/Src/stm32f4xx_hal_adc.c ****     {
 934              		.loc 1 757 5 view .LVU277
 757:Drivers/STM32F4/Drivers/STM32F4xx_HAL_Driver/Src/stm32f4xx_hal_adc.c ****     {
 935              		.loc 1 757 9 is_stmt 0 view .LVU278
 936 009a 5368     		ldr	r3, [r2, #4]
 757:Drivers/STM32F4/Drivers/STM32F4xx_HAL_Driver/Src/stm32f4xx_hal_adc.c ****     {
 937              		.loc 1 757 8 view .LVU279
 938 009c 13F4806F 		tst	r3, #1024
 939 00a0 05D0     		beq	.L70
 759:Drivers/STM32F4/Drivers/STM32F4xx_HAL_Driver/Src/stm32f4xx_hal_adc.c ****     }
 940              		.loc 1 759 7 is_stmt 1 view .LVU280
 941 00a2 236C     		ldr	r3, [r4, #64]
 942 00a4 23F44053 		bic	r3, r3, #12288
 943 00a8 43F48053 		orr	r3, r3, #4096
 944 00ac 2364     		str	r3, [r4, #64]
 945              	.L70:
 763:Drivers/STM32F4/Drivers/STM32F4xx_HAL_Driver/Src/stm32f4xx_hal_adc.c ****     {
 946              		.loc 1 763 5 view .LVU281
 763:Drivers/STM32F4/Drivers/STM32F4xx_HAL_Driver/Src/stm32f4xx_hal_adc.c ****     {
 947              		.loc 1 763 9 is_stmt 0 view .LVU282
 948 00ae 236C     		ldr	r3, [r4, #64]
 763:Drivers/STM32F4/Drivers/STM32F4xx_HAL_Driver/Src/stm32f4xx_hal_adc.c ****     {
 949              		.loc 1 763 8 view .LVU283
 950 00b0 13F4805F 		tst	r3, #4096
 951 00b4 1BD0     		beq	.L71
 766:Drivers/STM32F4/Drivers/STM32F4xx_HAL_Driver/Src/stm32f4xx_hal_adc.c ****     }
 952              		.loc 1 766 7 is_stmt 1 view .LVU284
 953 00b6 636C     		ldr	r3, [r4, #68]
 954 00b8 23F00603 		bic	r3, r3, #6
 955 00bc 6364     		str	r3, [r4, #68]
 956              	.L72:
 777:Drivers/STM32F4/Drivers/STM32F4xx_HAL_Driver/Src/stm32f4xx_hal_adc.c **** 
 957              		.loc 1 777 5 view .LVU285
 777:Drivers/STM32F4/Drivers/STM32F4xx_HAL_Driver/Src/stm32f4xx_hal_adc.c **** 
 958              		.loc 1 777 5 view .LVU286
 959 00be 0023     		movs	r3, #0
 960 00c0 84F83C30 		strb	r3, [r4, #60]
 777:Drivers/STM32F4/Drivers/STM32F4xx_HAL_Driver/Src/stm32f4xx_hal_adc.c **** 
 961              		.loc 1 777 5 view .LVU287
 782:Drivers/STM32F4/Drivers/STM32F4xx_HAL_Driver/Src/stm32f4xx_hal_adc.c **** 
 962              		.loc 1 782 5 view .LVU288
 963              	.LVL42:
 786:Drivers/STM32F4/Drivers/STM32F4xx_HAL_Driver/Src/stm32f4xx_hal_adc.c **** 
 964              		.loc 1 786 5 view .LVU289
 965 00c4 6FF02203 		mvn	r3, #34
 966 00c8 1360     		str	r3, [r2]
 789:Drivers/STM32F4/Drivers/STM32F4xx_HAL_Driver/Src/stm32f4xx_hal_adc.c ****     {
 967              		.loc 1 789 5 view .LVU290
 789:Drivers/STM32F4/Drivers/STM32F4xx_HAL_Driver/Src/stm32f4xx_hal_adc.c ****     {
 968              		.loc 1 789 9 is_stmt 0 view .LVU291
 969 00ca 2A4B     		ldr	r3, .L88+12
 970 00cc 5B68     		ldr	r3, [r3, #4]
 789:Drivers/STM32F4/Drivers/STM32F4xx_HAL_Driver/Src/stm32f4xx_hal_adc.c ****     {
 971              		.loc 1 789 8 view .LVU292
 972 00ce 13F01F0F 		tst	r3, #31
ARM GAS  /tmp/cciQ8ehY.s 			page 56


 973 00d2 27D1     		bne	.L73
 792:Drivers/STM32F4/Drivers/STM32F4xx_HAL_Driver/Src/stm32f4xx_hal_adc.c ****           || ((hadc->Instance == ADC3) && ((ADC->CCR & ADC_CCR_MULTI_Msk) < ADC_CCR_MULTI_4)))
 974              		.loc 1 792 7 is_stmt 1 view .LVU293
 792:Drivers/STM32F4/Drivers/STM32F4xx_HAL_Driver/Src/stm32f4xx_hal_adc.c ****           || ((hadc->Instance == ADC3) && ((ADC->CCR & ADC_CCR_MULTI_Msk) < ADC_CCR_MULTI_4)))
 975              		.loc 1 792 16 is_stmt 0 view .LVU294
 976 00d4 2368     		ldr	r3, [r4]
 792:Drivers/STM32F4/Drivers/STM32F4xx_HAL_Driver/Src/stm32f4xx_hal_adc.c ****           || ((hadc->Instance == ADC3) && ((ADC->CCR & ADC_CCR_MULTI_Msk) < ADC_CCR_MULTI_4)))
 977              		.loc 1 792 10 view .LVU295
 978 00d6 284A     		ldr	r2, .L88+16
 979 00d8 9342     		cmp	r3, r2
 980 00da 11D0     		beq	.L74
 792:Drivers/STM32F4/Drivers/STM32F4xx_HAL_Driver/Src/stm32f4xx_hal_adc.c ****           || ((hadc->Instance == ADC3) && ((ADC->CCR & ADC_CCR_MULTI_Msk) < ADC_CCR_MULTI_4)))
 981              		.loc 1 792 36 discriminator 1 view .LVU296
 982 00dc 02F58072 		add	r2, r2, #256
 983 00e0 9342     		cmp	r3, r2
 984 00e2 07D0     		beq	.L85
 985              	.L75:
 793:Drivers/STM32F4/Drivers/STM32F4xx_HAL_Driver/Src/stm32f4xx_hal_adc.c ****       {
 986              		.loc 1 793 11 view .LVU297
 987 00e4 254A     		ldr	r2, .L88+20
 988 00e6 9342     		cmp	r3, r2
 989 00e8 14D0     		beq	.L86
 826:Drivers/STM32F4/Drivers/STM32F4xx_HAL_Driver/Src/stm32f4xx_hal_adc.c **** }
 990              		.loc 1 826 10 view .LVU298
 991 00ea 0020     		movs	r0, #0
 992 00ec 33E0     		b	.L65
 993              	.LVL43:
 994              	.L71:
 771:Drivers/STM32F4/Drivers/STM32F4xx_HAL_Driver/Src/stm32f4xx_hal_adc.c ****     }
 995              		.loc 1 771 7 is_stmt 1 view .LVU299
 996 00ee 0023     		movs	r3, #0
 997 00f0 6364     		str	r3, [r4, #68]
 998 00f2 E4E7     		b	.L72
 999              	.LVL44:
 1000              	.L85:
 792:Drivers/STM32F4/Drivers/STM32F4xx_HAL_Driver/Src/stm32f4xx_hal_adc.c ****           || ((hadc->Instance == ADC3) && ((ADC->CCR & ADC_CCR_MULTI_Msk) < ADC_CCR_MULTI_4)))
 1001              		.loc 1 792 73 is_stmt 0 discriminator 2 view .LVU300
 1002 00f4 02F50072 		add	r2, r2, #512
 1003 00f8 5268     		ldr	r2, [r2, #4]
 792:Drivers/STM32F4/Drivers/STM32F4xx_HAL_Driver/Src/stm32f4xx_hal_adc.c ****           || ((hadc->Instance == ADC3) && ((ADC->CCR & ADC_CCR_MULTI_Msk) < ADC_CCR_MULTI_4)))
 1004              		.loc 1 792 65 discriminator 2 view .LVU301
 1005 00fa 12F01F0F 		tst	r2, #31
 1006 00fe F1D1     		bne	.L75
 1007              	.L74:
 797:Drivers/STM32F4/Drivers/STM32F4xx_HAL_Driver/Src/stm32f4xx_hal_adc.c ****         {
 1008              		.loc 1 797 9 is_stmt 1 view .LVU302
 797:Drivers/STM32F4/Drivers/STM32F4xx_HAL_Driver/Src/stm32f4xx_hal_adc.c ****         {
 1009              		.loc 1 797 28 is_stmt 0 view .LVU303
 1010 0100 9A68     		ldr	r2, [r3, #8]
 797:Drivers/STM32F4/Drivers/STM32F4xx_HAL_Driver/Src/stm32f4xx_hal_adc.c ****         {
 1011              		.loc 1 797 12 view .LVU304
 1012 0102 12F0405F 		tst	r2, #805306368
 1013 0106 2AD1     		bne	.L79
 800:Drivers/STM32F4/Drivers/STM32F4xx_HAL_Driver/Src/stm32f4xx_hal_adc.c ****         }
 1014              		.loc 1 800 11 is_stmt 1 view .LVU305
 800:Drivers/STM32F4/Drivers/STM32F4xx_HAL_Driver/Src/stm32f4xx_hal_adc.c ****         }
 1015              		.loc 1 800 25 is_stmt 0 view .LVU306
ARM GAS  /tmp/cciQ8ehY.s 			page 57


 1016 0108 9A68     		ldr	r2, [r3, #8]
 800:Drivers/STM32F4/Drivers/STM32F4xx_HAL_Driver/Src/stm32f4xx_hal_adc.c ****         }
 1017              		.loc 1 800 31 view .LVU307
 1018 010a 42F08042 		orr	r2, r2, #1073741824
 1019 010e 9A60     		str	r2, [r3, #8]
 826:Drivers/STM32F4/Drivers/STM32F4xx_HAL_Driver/Src/stm32f4xx_hal_adc.c **** }
 1020              		.loc 1 826 10 view .LVU308
 1021 0110 0020     		movs	r0, #0
 1022 0112 20E0     		b	.L65
 1023              	.L86:
 793:Drivers/STM32F4/Drivers/STM32F4xx_HAL_Driver/Src/stm32f4xx_hal_adc.c ****       {
 1024              		.loc 1 793 48 discriminator 1 view .LVU309
 1025 0114 02F58072 		add	r2, r2, #256
 1026 0118 5268     		ldr	r2, [r2, #4]
 793:Drivers/STM32F4/Drivers/STM32F4xx_HAL_Driver/Src/stm32f4xx_hal_adc.c ****       {
 1027              		.loc 1 793 40 discriminator 1 view .LVU310
 1028 011a 12F0100F 		tst	r2, #16
 1029 011e EFD0     		beq	.L74
 826:Drivers/STM32F4/Drivers/STM32F4xx_HAL_Driver/Src/stm32f4xx_hal_adc.c **** }
 1030              		.loc 1 826 10 view .LVU311
 1031 0120 0020     		movs	r0, #0
 1032 0122 18E0     		b	.L65
 1033              	.L73:
 809:Drivers/STM32F4/Drivers/STM32F4xx_HAL_Driver/Src/stm32f4xx_hal_adc.c ****       {
 1034              		.loc 1 809 7 is_stmt 1 view .LVU312
 809:Drivers/STM32F4/Drivers/STM32F4xx_HAL_Driver/Src/stm32f4xx_hal_adc.c ****       {
 1035              		.loc 1 809 16 is_stmt 0 view .LVU313
 1036 0124 2368     		ldr	r3, [r4]
 809:Drivers/STM32F4/Drivers/STM32F4xx_HAL_Driver/Src/stm32f4xx_hal_adc.c ****       {
 1037              		.loc 1 809 10 view .LVU314
 1038 0126 144A     		ldr	r2, .L88+16
 1039 0128 9342     		cmp	r3, r2
 1040 012a 01D0     		beq	.L87
 826:Drivers/STM32F4/Drivers/STM32F4xx_HAL_Driver/Src/stm32f4xx_hal_adc.c **** }
 1041              		.loc 1 826 10 view .LVU315
 1042 012c 0020     		movs	r0, #0
 1043 012e 12E0     		b	.L65
 1044              	.L87:
 809:Drivers/STM32F4/Drivers/STM32F4xx_HAL_Driver/Src/stm32f4xx_hal_adc.c ****       {
 1045              		.loc 1 809 55 discriminator 1 view .LVU316
 1046 0130 9A68     		ldr	r2, [r3, #8]
 809:Drivers/STM32F4/Drivers/STM32F4xx_HAL_Driver/Src/stm32f4xx_hal_adc.c ****       {
 1047              		.loc 1 809 36 discriminator 1 view .LVU317
 1048 0132 12F0405F 		tst	r2, #805306368
 1049 0136 14D1     		bne	.L81
 812:Drivers/STM32F4/Drivers/STM32F4xx_HAL_Driver/Src/stm32f4xx_hal_adc.c ****       }
 1050              		.loc 1 812 9 is_stmt 1 view .LVU318
 812:Drivers/STM32F4/Drivers/STM32F4xx_HAL_Driver/Src/stm32f4xx_hal_adc.c ****       }
 1051              		.loc 1 812 23 is_stmt 0 view .LVU319
 1052 0138 9A68     		ldr	r2, [r3, #8]
 812:Drivers/STM32F4/Drivers/STM32F4xx_HAL_Driver/Src/stm32f4xx_hal_adc.c ****       }
 1053              		.loc 1 812 29 view .LVU320
 1054 013a 42F08042 		orr	r2, r2, #1073741824
 1055 013e 9A60     		str	r2, [r3, #8]
 826:Drivers/STM32F4/Drivers/STM32F4xx_HAL_Driver/Src/stm32f4xx_hal_adc.c **** }
 1056              		.loc 1 826 10 view .LVU321
 1057 0140 0020     		movs	r0, #0
ARM GAS  /tmp/cciQ8ehY.s 			page 58


 1058 0142 08E0     		b	.L65
 1059              	.LVL45:
 1060              	.L69:
 819:Drivers/STM32F4/Drivers/STM32F4xx_HAL_Driver/Src/stm32f4xx_hal_adc.c **** 
 1061              		.loc 1 819 5 is_stmt 1 view .LVU322
 1062 0144 236C     		ldr	r3, [r4, #64]
 1063 0146 43F01003 		orr	r3, r3, #16
 1064 014a 2364     		str	r3, [r4, #64]
 822:Drivers/STM32F4/Drivers/STM32F4xx_HAL_Driver/Src/stm32f4xx_hal_adc.c ****   }
 1065              		.loc 1 822 5 view .LVU323
 1066 014c 636C     		ldr	r3, [r4, #68]
 1067 014e 43F00103 		orr	r3, r3, #1
 1068 0152 6364     		str	r3, [r4, #68]
 826:Drivers/STM32F4/Drivers/STM32F4xx_HAL_Driver/Src/stm32f4xx_hal_adc.c **** }
 1069              		.loc 1 826 10 is_stmt 0 view .LVU324
 1070 0154 0020     		movs	r0, #0
 1071              	.L65:
 827:Drivers/STM32F4/Drivers/STM32F4xx_HAL_Driver/Src/stm32f4xx_hal_adc.c **** 
 1072              		.loc 1 827 1 view .LVU325
 1073 0156 02B0     		add	sp, sp, #8
 1074              	.LCFI7:
 1075              		.cfi_remember_state
 1076              		.cfi_def_cfa_offset 8
 1077              		@ sp needed
 1078 0158 10BD     		pop	{r4, pc}
 1079              	.LVL46:
 1080              	.L76:
 1081              	.LCFI8:
 1082              		.cfi_restore_state
 726:Drivers/STM32F4/Drivers/STM32F4xx_HAL_Driver/Src/stm32f4xx_hal_adc.c **** 
 1083              		.loc 1 726 3 discriminator 1 view .LVU326
 1084 015a 0220     		movs	r0, #2
 1085 015c FBE7     		b	.L65
 1086              	.LVL47:
 1087              	.L79:
 826:Drivers/STM32F4/Drivers/STM32F4xx_HAL_Driver/Src/stm32f4xx_hal_adc.c **** }
 1088              		.loc 1 826 10 view .LVU327
 1089 015e 0020     		movs	r0, #0
 1090 0160 F9E7     		b	.L65
 1091              	.L81:
 826:Drivers/STM32F4/Drivers/STM32F4xx_HAL_Driver/Src/stm32f4xx_hal_adc.c **** }
 1092              		.loc 1 826 10 view .LVU328
 1093 0162 0020     		movs	r0, #0
 1094 0164 F7E7     		b	.L65
 1095              	.L89:
 1096 0166 00BF     		.align	2
 1097              	.L88:
 1098 0168 00000000 		.word	SystemCoreClock
 1099 016c 83DE1B43 		.word	1125899907
 1100 0170 00000000 		.word	.LC0
 1101 0174 00230140 		.word	1073816320
 1102 0178 00200140 		.word	1073815552
 1103 017c 00220140 		.word	1073816064
 1104              		.cfi_endproc
 1105              	.LFE243:
 1107              		.section	.text.HAL_ADC_Stop,"ax",%progbits
 1108              		.align	1
ARM GAS  /tmp/cciQ8ehY.s 			page 59


 1109              		.global	HAL_ADC_Stop
 1110              		.syntax unified
 1111              		.thumb
 1112              		.thumb_func
 1114              	HAL_ADC_Stop:
 1115              	.LVL48:
 1116              	.LFB244:
 840:Drivers/STM32F4/Drivers/STM32F4xx_HAL_Driver/Src/stm32f4xx_hal_adc.c ****   /* Check the parameters */
 1117              		.loc 1 840 1 is_stmt 1 view -0
 1118              		.cfi_startproc
 1119              		@ args = 0, pretend = 0, frame = 0
 1120              		@ frame_needed = 0, uses_anonymous_args = 0
 840:Drivers/STM32F4/Drivers/STM32F4xx_HAL_Driver/Src/stm32f4xx_hal_adc.c ****   /* Check the parameters */
 1121              		.loc 1 840 1 is_stmt 0 view .LVU330
 1122 0000 10B5     		push	{r4, lr}
 1123              	.LCFI9:
 1124              		.cfi_def_cfa_offset 8
 1125              		.cfi_offset 4, -8
 1126              		.cfi_offset 14, -4
 1127 0002 0446     		mov	r4, r0
 842:Drivers/STM32F4/Drivers/STM32F4xx_HAL_Driver/Src/stm32f4xx_hal_adc.c **** 
 1128              		.loc 1 842 3 is_stmt 1 view .LVU331
 1129 0004 0368     		ldr	r3, [r0]
 1130 0006 174A     		ldr	r2, .L96
 1131 0008 9342     		cmp	r3, r2
 1132 000a 0CD0     		beq	.L91
 842:Drivers/STM32F4/Drivers/STM32F4xx_HAL_Driver/Src/stm32f4xx_hal_adc.c **** 
 1133              		.loc 1 842 3 is_stmt 0 discriminator 1 view .LVU332
 1134 000c 02F58072 		add	r2, r2, #256
 1135 0010 9342     		cmp	r3, r2
 1136 0012 08D0     		beq	.L91
 842:Drivers/STM32F4/Drivers/STM32F4xx_HAL_Driver/Src/stm32f4xx_hal_adc.c **** 
 1137              		.loc 1 842 3 discriminator 2 view .LVU333
 1138 0014 02F58072 		add	r2, r2, #256
 1139 0018 9342     		cmp	r3, r2
 1140 001a 04D0     		beq	.L91
 842:Drivers/STM32F4/Drivers/STM32F4xx_HAL_Driver/Src/stm32f4xx_hal_adc.c **** 
 1141              		.loc 1 842 3 discriminator 3 view .LVU334
 1142 001c 40F24A31 		movw	r1, #842
 1143 0020 1148     		ldr	r0, .L96+4
 1144              	.LVL49:
 842:Drivers/STM32F4/Drivers/STM32F4xx_HAL_Driver/Src/stm32f4xx_hal_adc.c **** 
 1145              		.loc 1 842 3 discriminator 3 view .LVU335
 1146 0022 FFF7FEFF 		bl	assert_failed
 1147              	.LVL50:
 1148              	.L91:
 845:Drivers/STM32F4/Drivers/STM32F4xx_HAL_Driver/Src/stm32f4xx_hal_adc.c **** 
 1149              		.loc 1 845 3 is_stmt 1 view .LVU336
 845:Drivers/STM32F4/Drivers/STM32F4xx_HAL_Driver/Src/stm32f4xx_hal_adc.c **** 
 1150              		.loc 1 845 3 view .LVU337
 1151 0026 94F83C30 		ldrb	r3, [r4, #60]	@ zero_extendqisi2
 1152 002a 012B     		cmp	r3, #1
 1153 002c 18D0     		beq	.L94
 845:Drivers/STM32F4/Drivers/STM32F4xx_HAL_Driver/Src/stm32f4xx_hal_adc.c **** 
 1154              		.loc 1 845 3 discriminator 2 view .LVU338
 1155 002e 0123     		movs	r3, #1
 1156 0030 84F83C30 		strb	r3, [r4, #60]
ARM GAS  /tmp/cciQ8ehY.s 			page 60


 845:Drivers/STM32F4/Drivers/STM32F4xx_HAL_Driver/Src/stm32f4xx_hal_adc.c **** 
 1157              		.loc 1 845 3 discriminator 2 view .LVU339
 849:Drivers/STM32F4/Drivers/STM32F4xx_HAL_Driver/Src/stm32f4xx_hal_adc.c **** 
 1158              		.loc 1 849 3 view .LVU340
 1159 0034 2268     		ldr	r2, [r4]
 1160 0036 9368     		ldr	r3, [r2, #8]
 1161 0038 23F00103 		bic	r3, r3, #1
 1162 003c 9360     		str	r3, [r2, #8]
 852:Drivers/STM32F4/Drivers/STM32F4xx_HAL_Driver/Src/stm32f4xx_hal_adc.c ****   {
 1163              		.loc 1 852 3 view .LVU341
 852:Drivers/STM32F4/Drivers/STM32F4xx_HAL_Driver/Src/stm32f4xx_hal_adc.c ****   {
 1164              		.loc 1 852 7 is_stmt 0 view .LVU342
 1165 003e 2368     		ldr	r3, [r4]
 1166 0040 9B68     		ldr	r3, [r3, #8]
 852:Drivers/STM32F4/Drivers/STM32F4xx_HAL_Driver/Src/stm32f4xx_hal_adc.c ****   {
 1167              		.loc 1 852 6 view .LVU343
 1168 0042 13F0010F 		tst	r3, #1
 1169 0046 07D1     		bne	.L93
 855:Drivers/STM32F4/Drivers/STM32F4xx_HAL_Driver/Src/stm32f4xx_hal_adc.c ****                       HAL_ADC_STATE_REG_BUSY | HAL_ADC_STATE_INJ_BUSY,
 1170              		.loc 1 855 5 is_stmt 1 view .LVU344
 1171 0048 236C     		ldr	r3, [r4, #64]
 1172 004a 23F48853 		bic	r3, r3, #4352
 1173 004e 23F00103 		bic	r3, r3, #1
 1174 0052 43F00103 		orr	r3, r3, #1
 1175 0056 2364     		str	r3, [r4, #64]
 1176              	.L93:
 861:Drivers/STM32F4/Drivers/STM32F4xx_HAL_Driver/Src/stm32f4xx_hal_adc.c **** 
 1177              		.loc 1 861 3 view .LVU345
 861:Drivers/STM32F4/Drivers/STM32F4xx_HAL_Driver/Src/stm32f4xx_hal_adc.c **** 
 1178              		.loc 1 861 3 view .LVU346
 1179 0058 0020     		movs	r0, #0
 1180 005a 84F83C00 		strb	r0, [r4, #60]
 861:Drivers/STM32F4/Drivers/STM32F4xx_HAL_Driver/Src/stm32f4xx_hal_adc.c **** 
 1181              		.loc 1 861 3 view .LVU347
 864:Drivers/STM32F4/Drivers/STM32F4xx_HAL_Driver/Src/stm32f4xx_hal_adc.c **** }
 1182              		.loc 1 864 3 view .LVU348
 1183              	.L92:
 865:Drivers/STM32F4/Drivers/STM32F4xx_HAL_Driver/Src/stm32f4xx_hal_adc.c **** 
 1184              		.loc 1 865 1 is_stmt 0 view .LVU349
 1185 005e 10BD     		pop	{r4, pc}
 1186              	.LVL51:
 1187              	.L94:
 845:Drivers/STM32F4/Drivers/STM32F4xx_HAL_Driver/Src/stm32f4xx_hal_adc.c **** 
 1188              		.loc 1 845 3 discriminator 1 view .LVU350
 1189 0060 0220     		movs	r0, #2
 1190 0062 FCE7     		b	.L92
 1191              	.L97:
 1192              		.align	2
 1193              	.L96:
 1194 0064 00200140 		.word	1073815552
 1195 0068 00000000 		.word	.LC0
 1196              		.cfi_endproc
 1197              	.LFE244:
 1199              		.section	.text.HAL_ADC_PollForConversion,"ax",%progbits
 1200              		.align	1
 1201              		.global	HAL_ADC_PollForConversion
 1202              		.syntax unified
ARM GAS  /tmp/cciQ8ehY.s 			page 61


 1203              		.thumb
 1204              		.thumb_func
 1206              	HAL_ADC_PollForConversion:
 1207              	.LVL52:
 1208              	.LFB245:
 883:Drivers/STM32F4/Drivers/STM32F4xx_HAL_Driver/Src/stm32f4xx_hal_adc.c ****   uint32_t tickstart = 0U;
 1209              		.loc 1 883 1 is_stmt 1 view -0
 1210              		.cfi_startproc
 1211              		@ args = 0, pretend = 0, frame = 0
 1212              		@ frame_needed = 0, uses_anonymous_args = 0
 883:Drivers/STM32F4/Drivers/STM32F4xx_HAL_Driver/Src/stm32f4xx_hal_adc.c ****   uint32_t tickstart = 0U;
 1213              		.loc 1 883 1 is_stmt 0 view .LVU352
 1214 0000 70B5     		push	{r4, r5, r6, lr}
 1215              	.LCFI10:
 1216              		.cfi_def_cfa_offset 16
 1217              		.cfi_offset 4, -16
 1218              		.cfi_offset 5, -12
 1219              		.cfi_offset 6, -8
 1220              		.cfi_offset 14, -4
 1221 0002 0446     		mov	r4, r0
 1222 0004 0D46     		mov	r5, r1
 884:Drivers/STM32F4/Drivers/STM32F4xx_HAL_Driver/Src/stm32f4xx_hal_adc.c **** 
 1223              		.loc 1 884 3 is_stmt 1 view .LVU353
 1224              	.LVL53:
 892:Drivers/STM32F4/Drivers/STM32F4xx_HAL_Driver/Src/stm32f4xx_hal_adc.c ****       HAL_IS_BIT_SET(hadc->Instance->CR2, ADC_CR2_DMA))
 1225              		.loc 1 892 3 view .LVU354
 892:Drivers/STM32F4/Drivers/STM32F4xx_HAL_Driver/Src/stm32f4xx_hal_adc.c ****       HAL_IS_BIT_SET(hadc->Instance->CR2, ADC_CR2_DMA))
 1226              		.loc 1 892 7 is_stmt 0 view .LVU355
 1227 0006 0368     		ldr	r3, [r0]
 1228 0008 9A68     		ldr	r2, [r3, #8]
 892:Drivers/STM32F4/Drivers/STM32F4xx_HAL_Driver/Src/stm32f4xx_hal_adc.c ****       HAL_IS_BIT_SET(hadc->Instance->CR2, ADC_CR2_DMA))
 1229              		.loc 1 892 6 view .LVU356
 1230 000a 12F4806F 		tst	r2, #1024
 1231 000e 03D0     		beq	.L99
 893:Drivers/STM32F4/Drivers/STM32F4xx_HAL_Driver/Src/stm32f4xx_hal_adc.c ****   {
 1232              		.loc 1 893 7 view .LVU357
 1233 0010 9B68     		ldr	r3, [r3, #8]
 892:Drivers/STM32F4/Drivers/STM32F4xx_HAL_Driver/Src/stm32f4xx_hal_adc.c ****       HAL_IS_BIT_SET(hadc->Instance->CR2, ADC_CR2_DMA))
 1234              		.loc 1 892 57 discriminator 1 view .LVU358
 1235 0012 13F4807F 		tst	r3, #256
 1236 0016 19D1     		bne	.L110
 1237              	.L99:
 905:Drivers/STM32F4/Drivers/STM32F4xx_HAL_Driver/Src/stm32f4xx_hal_adc.c **** 
 1238              		.loc 1 905 3 is_stmt 1 view .LVU359
 905:Drivers/STM32F4/Drivers/STM32F4xx_HAL_Driver/Src/stm32f4xx_hal_adc.c **** 
 1239              		.loc 1 905 15 is_stmt 0 view .LVU360
 1240 0018 FFF7FEFF 		bl	HAL_GetTick
 1241              	.LVL54:
 905:Drivers/STM32F4/Drivers/STM32F4xx_HAL_Driver/Src/stm32f4xx_hal_adc.c **** 
 1242              		.loc 1 905 15 view .LVU361
 1243 001c 0646     		mov	r6, r0
 1244              	.LVL55:
 908:Drivers/STM32F4/Drivers/STM32F4xx_HAL_Driver/Src/stm32f4xx_hal_adc.c ****   {
 1245              		.loc 1 908 3 is_stmt 1 view .LVU362
 1246              	.L102:
 908:Drivers/STM32F4/Drivers/STM32F4xx_HAL_Driver/Src/stm32f4xx_hal_adc.c ****   {
 1247              		.loc 1 908 10 view .LVU363
ARM GAS  /tmp/cciQ8ehY.s 			page 62


 908:Drivers/STM32F4/Drivers/STM32F4xx_HAL_Driver/Src/stm32f4xx_hal_adc.c ****   {
 1248              		.loc 1 908 12 is_stmt 0 view .LVU364
 1249 001e 2368     		ldr	r3, [r4]
 1250 0020 1A68     		ldr	r2, [r3]
 908:Drivers/STM32F4/Drivers/STM32F4xx_HAL_Driver/Src/stm32f4xx_hal_adc.c ****   {
 1251              		.loc 1 908 10 view .LVU365
 1252 0022 12F0020F 		tst	r2, #2
 1253 0026 20D1     		bne	.L111
 911:Drivers/STM32F4/Drivers/STM32F4xx_HAL_Driver/Src/stm32f4xx_hal_adc.c ****     {
 1254              		.loc 1 911 5 is_stmt 1 view .LVU366
 911:Drivers/STM32F4/Drivers/STM32F4xx_HAL_Driver/Src/stm32f4xx_hal_adc.c ****     {
 1255              		.loc 1 911 8 is_stmt 0 view .LVU367
 1256 0028 B5F1FF3F 		cmp	r5, #-1
 1257 002c F7D0     		beq	.L102
 913:Drivers/STM32F4/Drivers/STM32F4xx_HAL_Driver/Src/stm32f4xx_hal_adc.c ****       {
 1258              		.loc 1 913 7 is_stmt 1 view .LVU368
 913:Drivers/STM32F4/Drivers/STM32F4xx_HAL_Driver/Src/stm32f4xx_hal_adc.c ****       {
 1259              		.loc 1 913 10 is_stmt 0 view .LVU369
 1260 002e B5B9     		cbnz	r5, .L112
 1261              	.L103:
 916:Drivers/STM32F4/Drivers/STM32F4xx_HAL_Driver/Src/stm32f4xx_hal_adc.c ****         {
 1262              		.loc 1 916 9 is_stmt 1 view .LVU370
 916:Drivers/STM32F4/Drivers/STM32F4xx_HAL_Driver/Src/stm32f4xx_hal_adc.c ****         {
 1263              		.loc 1 916 15 is_stmt 0 view .LVU371
 1264 0030 2368     		ldr	r3, [r4]
 1265 0032 1B68     		ldr	r3, [r3]
 916:Drivers/STM32F4/Drivers/STM32F4xx_HAL_Driver/Src/stm32f4xx_hal_adc.c ****         {
 1266              		.loc 1 916 12 view .LVU372
 1267 0034 13F0020F 		tst	r3, #2
 1268 0038 F1D1     		bne	.L102
 919:Drivers/STM32F4/Drivers/STM32F4xx_HAL_Driver/Src/stm32f4xx_hal_adc.c **** 
 1269              		.loc 1 919 11 is_stmt 1 view .LVU373
 1270 003a 236C     		ldr	r3, [r4, #64]
 1271 003c 43F00403 		orr	r3, r3, #4
 1272 0040 2364     		str	r3, [r4, #64]
 922:Drivers/STM32F4/Drivers/STM32F4xx_HAL_Driver/Src/stm32f4xx_hal_adc.c **** 
 1273              		.loc 1 922 11 view .LVU374
 922:Drivers/STM32F4/Drivers/STM32F4xx_HAL_Driver/Src/stm32f4xx_hal_adc.c **** 
 1274              		.loc 1 922 11 view .LVU375
 1275 0042 0023     		movs	r3, #0
 1276 0044 84F83C30 		strb	r3, [r4, #60]
 922:Drivers/STM32F4/Drivers/STM32F4xx_HAL_Driver/Src/stm32f4xx_hal_adc.c **** 
 1277              		.loc 1 922 11 view .LVU376
 924:Drivers/STM32F4/Drivers/STM32F4xx_HAL_Driver/Src/stm32f4xx_hal_adc.c ****         }
 1278              		.loc 1 924 11 view .LVU377
 924:Drivers/STM32F4/Drivers/STM32F4xx_HAL_Driver/Src/stm32f4xx_hal_adc.c ****         }
 1279              		.loc 1 924 18 is_stmt 0 view .LVU378
 1280 0048 0320     		movs	r0, #3
 1281 004a 32E0     		b	.L100
 1282              	.LVL56:
 1283              	.L110:
 896:Drivers/STM32F4/Drivers/STM32F4xx_HAL_Driver/Src/stm32f4xx_hal_adc.c **** 
 1284              		.loc 1 896 5 is_stmt 1 view .LVU379
 1285 004c 036C     		ldr	r3, [r0, #64]
 1286 004e 43F02003 		orr	r3, r3, #32
 1287 0052 0364     		str	r3, [r0, #64]
 899:Drivers/STM32F4/Drivers/STM32F4xx_HAL_Driver/Src/stm32f4xx_hal_adc.c **** 
ARM GAS  /tmp/cciQ8ehY.s 			page 63


 1288              		.loc 1 899 5 view .LVU380
 899:Drivers/STM32F4/Drivers/STM32F4xx_HAL_Driver/Src/stm32f4xx_hal_adc.c **** 
 1289              		.loc 1 899 5 view .LVU381
 1290 0054 0023     		movs	r3, #0
 1291 0056 80F83C30 		strb	r3, [r0, #60]
 899:Drivers/STM32F4/Drivers/STM32F4xx_HAL_Driver/Src/stm32f4xx_hal_adc.c **** 
 1292              		.loc 1 899 5 view .LVU382
 901:Drivers/STM32F4/Drivers/STM32F4xx_HAL_Driver/Src/stm32f4xx_hal_adc.c ****   }
 1293              		.loc 1 901 5 view .LVU383
 901:Drivers/STM32F4/Drivers/STM32F4xx_HAL_Driver/Src/stm32f4xx_hal_adc.c ****   }
 1294              		.loc 1 901 12 is_stmt 0 view .LVU384
 1295 005a 0120     		movs	r0, #1
 1296              	.LVL57:
 901:Drivers/STM32F4/Drivers/STM32F4xx_HAL_Driver/Src/stm32f4xx_hal_adc.c ****   }
 1297              		.loc 1 901 12 view .LVU385
 1298 005c 29E0     		b	.L100
 1299              	.LVL58:
 1300              	.L112:
 913:Drivers/STM32F4/Drivers/STM32F4xx_HAL_Driver/Src/stm32f4xx_hal_adc.c ****       {
 1301              		.loc 1 913 32 discriminator 1 view .LVU386
 1302 005e FFF7FEFF 		bl	HAL_GetTick
 1303              	.LVL59:
 913:Drivers/STM32F4/Drivers/STM32F4xx_HAL_Driver/Src/stm32f4xx_hal_adc.c ****       {
 1304              		.loc 1 913 46 discriminator 1 view .LVU387
 1305 0062 801B     		subs	r0, r0, r6
 913:Drivers/STM32F4/Drivers/STM32F4xx_HAL_Driver/Src/stm32f4xx_hal_adc.c ****       {
 1306              		.loc 1 913 27 discriminator 1 view .LVU388
 1307 0064 A842     		cmp	r0, r5
 1308 0066 DAD9     		bls	.L102
 1309 0068 E2E7     		b	.L103
 1310              	.L111:
 931:Drivers/STM32F4/Drivers/STM32F4xx_HAL_Driver/Src/stm32f4xx_hal_adc.c **** 
 1311              		.loc 1 931 3 is_stmt 1 view .LVU389
 1312 006a 6FF01202 		mvn	r2, #18
 1313 006e 1A60     		str	r2, [r3]
 934:Drivers/STM32F4/Drivers/STM32F4xx_HAL_Driver/Src/stm32f4xx_hal_adc.c **** 
 1314              		.loc 1 934 3 view .LVU390
 1315 0070 236C     		ldr	r3, [r4, #64]
 1316 0072 43F40073 		orr	r3, r3, #512
 1317 0076 2364     		str	r3, [r4, #64]
 942:Drivers/STM32F4/Drivers/STM32F4xx_HAL_Driver/Src/stm32f4xx_hal_adc.c ****       (hadc->Init.ContinuousConvMode == DISABLE)            &&
 1318              		.loc 1 942 3 view .LVU391
 942:Drivers/STM32F4/Drivers/STM32F4xx_HAL_Driver/Src/stm32f4xx_hal_adc.c ****       (hadc->Init.ContinuousConvMode == DISABLE)            &&
 1319              		.loc 1 942 7 is_stmt 0 view .LVU392
 1320 0078 2368     		ldr	r3, [r4]
 1321 007a 9A68     		ldr	r2, [r3, #8]
 942:Drivers/STM32F4/Drivers/STM32F4xx_HAL_Driver/Src/stm32f4xx_hal_adc.c ****       (hadc->Init.ContinuousConvMode == DISABLE)            &&
 1322              		.loc 1 942 6 view .LVU393
 1323 007c 12F0405F 		tst	r2, #805306368
 1324 0080 16D1     		bne	.L107
 943:Drivers/STM32F4/Drivers/STM32F4xx_HAL_Driver/Src/stm32f4xx_hal_adc.c ****       (HAL_IS_BIT_CLR(hadc->Instance->SQR1, ADC_SQR1_L) ||
 1325              		.loc 1 943 18 view .LVU394
 1326 0082 207E     		ldrb	r0, [r4, #24]	@ zero_extendqisi2
 942:Drivers/STM32F4/Drivers/STM32F4xx_HAL_Driver/Src/stm32f4xx_hal_adc.c ****       (hadc->Init.ContinuousConvMode == DISABLE)            &&
 1327              		.loc 1 942 61 discriminator 1 view .LVU395
 1328 0084 B0B9     		cbnz	r0, .L108
 944:Drivers/STM32F4/Drivers/STM32F4xx_HAL_Driver/Src/stm32f4xx_hal_adc.c ****        HAL_IS_BIT_CLR(hadc->Instance->CR2, ADC_CR2_EOCS)))
ARM GAS  /tmp/cciQ8ehY.s 			page 64


 1329              		.loc 1 944 8 view .LVU396
 1330 0086 DA6A     		ldr	r2, [r3, #44]
 943:Drivers/STM32F4/Drivers/STM32F4xx_HAL_Driver/Src/stm32f4xx_hal_adc.c ****       (HAL_IS_BIT_CLR(hadc->Instance->SQR1, ADC_SQR1_L) ||
 1331              		.loc 1 943 61 view .LVU397
 1332 0088 12F4700F 		tst	r2, #15728640
 1333 008c 03D0     		beq	.L106
 945:Drivers/STM32F4/Drivers/STM32F4xx_HAL_Driver/Src/stm32f4xx_hal_adc.c ****   {
 1334              		.loc 1 945 8 view .LVU398
 1335 008e 9B68     		ldr	r3, [r3, #8]
 944:Drivers/STM32F4/Drivers/STM32F4xx_HAL_Driver/Src/stm32f4xx_hal_adc.c ****        HAL_IS_BIT_CLR(hadc->Instance->CR2, ADC_CR2_EOCS)))
 1336              		.loc 1 944 57 view .LVU399
 1337 0090 13F4806F 		tst	r3, #1024
 1338 0094 0DD1     		bne	.L100
 1339              	.L106:
 948:Drivers/STM32F4/Drivers/STM32F4xx_HAL_Driver/Src/stm32f4xx_hal_adc.c **** 
 1340              		.loc 1 948 5 is_stmt 1 view .LVU400
 1341 0096 236C     		ldr	r3, [r4, #64]
 1342 0098 23F48073 		bic	r3, r3, #256
 1343 009c 2364     		str	r3, [r4, #64]
 950:Drivers/STM32F4/Drivers/STM32F4xx_HAL_Driver/Src/stm32f4xx_hal_adc.c ****     {
 1344              		.loc 1 950 5 view .LVU401
 950:Drivers/STM32F4/Drivers/STM32F4xx_HAL_Driver/Src/stm32f4xx_hal_adc.c ****     {
 1345              		.loc 1 950 9 is_stmt 0 view .LVU402
 1346 009e 236C     		ldr	r3, [r4, #64]
 950:Drivers/STM32F4/Drivers/STM32F4xx_HAL_Driver/Src/stm32f4xx_hal_adc.c ****     {
 1347              		.loc 1 950 8 view .LVU403
 1348 00a0 13F4805F 		tst	r3, #4096
 1349 00a4 05D1     		bne	.L100
 952:Drivers/STM32F4/Drivers/STM32F4xx_HAL_Driver/Src/stm32f4xx_hal_adc.c ****     }
 1350              		.loc 1 952 7 is_stmt 1 view .LVU404
 1351 00a6 236C     		ldr	r3, [r4, #64]
 1352 00a8 43F00103 		orr	r3, r3, #1
 1353 00ac 2364     		str	r3, [r4, #64]
 1354 00ae 00E0     		b	.L100
 1355              	.L107:
 957:Drivers/STM32F4/Drivers/STM32F4xx_HAL_Driver/Src/stm32f4xx_hal_adc.c **** }
 1356              		.loc 1 957 10 is_stmt 0 view .LVU405
 1357 00b0 0020     		movs	r0, #0
 1358              	.LVL60:
 1359              	.L100:
 958:Drivers/STM32F4/Drivers/STM32F4xx_HAL_Driver/Src/stm32f4xx_hal_adc.c **** 
 1360              		.loc 1 958 1 view .LVU406
 1361 00b2 70BD     		pop	{r4, r5, r6, pc}
 1362              	.LVL61:
 1363              	.L108:
 957:Drivers/STM32F4/Drivers/STM32F4xx_HAL_Driver/Src/stm32f4xx_hal_adc.c **** }
 1364              		.loc 1 957 10 view .LVU407
 1365 00b4 0020     		movs	r0, #0
 1366 00b6 FCE7     		b	.L100
 1367              		.cfi_endproc
 1368              	.LFE245:
 1370              		.section	.text.HAL_ADC_PollForEvent,"ax",%progbits
 1371              		.align	1
 1372              		.global	HAL_ADC_PollForEvent
 1373              		.syntax unified
 1374              		.thumb
 1375              		.thumb_func
ARM GAS  /tmp/cciQ8ehY.s 			page 65


 1377              	HAL_ADC_PollForEvent:
 1378              	.LVL62:
 1379              	.LFB246:
 972:Drivers/STM32F4/Drivers/STM32F4xx_HAL_Driver/Src/stm32f4xx_hal_adc.c ****   uint32_t tickstart = 0U;
 1380              		.loc 1 972 1 is_stmt 1 view -0
 1381              		.cfi_startproc
 1382              		@ args = 0, pretend = 0, frame = 0
 1383              		@ frame_needed = 0, uses_anonymous_args = 0
 972:Drivers/STM32F4/Drivers/STM32F4xx_HAL_Driver/Src/stm32f4xx_hal_adc.c ****   uint32_t tickstart = 0U;
 1384              		.loc 1 972 1 is_stmt 0 view .LVU409
 1385 0000 2DE9F041 		push	{r4, r5, r6, r7, r8, lr}
 1386              	.LCFI11:
 1387              		.cfi_def_cfa_offset 24
 1388              		.cfi_offset 4, -24
 1389              		.cfi_offset 5, -20
 1390              		.cfi_offset 6, -16
 1391              		.cfi_offset 7, -12
 1392              		.cfi_offset 8, -8
 1393              		.cfi_offset 14, -4
 1394 0004 0546     		mov	r5, r0
 1395 0006 0E46     		mov	r6, r1
 1396 0008 1746     		mov	r7, r2
 973:Drivers/STM32F4/Drivers/STM32F4xx_HAL_Driver/Src/stm32f4xx_hal_adc.c **** 
 1397              		.loc 1 973 3 is_stmt 1 view .LVU410
 1398              	.LVL63:
 976:Drivers/STM32F4/Drivers/STM32F4xx_HAL_Driver/Src/stm32f4xx_hal_adc.c ****   assert_param(IS_ADC_EVENT_TYPE(EventType));
 1399              		.loc 1 976 3 view .LVU411
 1400 000a 0368     		ldr	r3, [r0]
 1401 000c 294A     		ldr	r2, .L128
 1402              	.LVL64:
 976:Drivers/STM32F4/Drivers/STM32F4xx_HAL_Driver/Src/stm32f4xx_hal_adc.c ****   assert_param(IS_ADC_EVENT_TYPE(EventType));
 1403              		.loc 1 976 3 is_stmt 0 view .LVU412
 1404 000e 9342     		cmp	r3, r2
 1405 0010 0CD0     		beq	.L114
 976:Drivers/STM32F4/Drivers/STM32F4xx_HAL_Driver/Src/stm32f4xx_hal_adc.c ****   assert_param(IS_ADC_EVENT_TYPE(EventType));
 1406              		.loc 1 976 3 discriminator 1 view .LVU413
 1407 0012 02F58072 		add	r2, r2, #256
 1408 0016 9342     		cmp	r3, r2
 1409 0018 08D0     		beq	.L114
 976:Drivers/STM32F4/Drivers/STM32F4xx_HAL_Driver/Src/stm32f4xx_hal_adc.c ****   assert_param(IS_ADC_EVENT_TYPE(EventType));
 1410              		.loc 1 976 3 discriminator 2 view .LVU414
 1411 001a 02F58072 		add	r2, r2, #256
 1412 001e 9342     		cmp	r3, r2
 1413 0020 04D0     		beq	.L114
 976:Drivers/STM32F4/Drivers/STM32F4xx_HAL_Driver/Src/stm32f4xx_hal_adc.c ****   assert_param(IS_ADC_EVENT_TYPE(EventType));
 1414              		.loc 1 976 3 discriminator 3 view .LVU415
 1415 0022 4FF47471 		mov	r1, #976
 1416              	.LVL65:
 976:Drivers/STM32F4/Drivers/STM32F4xx_HAL_Driver/Src/stm32f4xx_hal_adc.c ****   assert_param(IS_ADC_EVENT_TYPE(EventType));
 1417              		.loc 1 976 3 discriminator 3 view .LVU416
 1418 0026 2448     		ldr	r0, .L128+4
 1419              	.LVL66:
 976:Drivers/STM32F4/Drivers/STM32F4xx_HAL_Driver/Src/stm32f4xx_hal_adc.c ****   assert_param(IS_ADC_EVENT_TYPE(EventType));
 1420              		.loc 1 976 3 discriminator 3 view .LVU417
 1421 0028 FFF7FEFF 		bl	assert_failed
 1422              	.LVL67:
 1423              	.L114:
ARM GAS  /tmp/cciQ8ehY.s 			page 66


 977:Drivers/STM32F4/Drivers/STM32F4xx_HAL_Driver/Src/stm32f4xx_hal_adc.c **** 
 1424              		.loc 1 977 3 is_stmt 1 view .LVU418
 1425 002c 012E     		cmp	r6, #1
 1426 002e 01D0     		beq	.L115
 977:Drivers/STM32F4/Drivers/STM32F4xx_HAL_Driver/Src/stm32f4xx_hal_adc.c **** 
 1427              		.loc 1 977 3 is_stmt 0 discriminator 1 view .LVU419
 1428 0030 202E     		cmp	r6, #32
 1429 0032 19D1     		bne	.L124
 1430              	.L115:
 980:Drivers/STM32F4/Drivers/STM32F4xx_HAL_Driver/Src/stm32f4xx_hal_adc.c **** 
 1431              		.loc 1 980 3 is_stmt 1 view .LVU420
 980:Drivers/STM32F4/Drivers/STM32F4xx_HAL_Driver/Src/stm32f4xx_hal_adc.c **** 
 1432              		.loc 1 980 15 is_stmt 0 view .LVU421
 1433 0034 FFF7FEFF 		bl	HAL_GetTick
 1434              	.LVL68:
 1435 0038 8046     		mov	r8, r0
 1436              	.LVL69:
 983:Drivers/STM32F4/Drivers/STM32F4xx_HAL_Driver/Src/stm32f4xx_hal_adc.c ****   {
 1437              		.loc 1 983 3 is_stmt 1 view .LVU422
 1438              	.L117:
 983:Drivers/STM32F4/Drivers/STM32F4xx_HAL_Driver/Src/stm32f4xx_hal_adc.c ****   {
 1439              		.loc 1 983 10 view .LVU423
 983:Drivers/STM32F4/Drivers/STM32F4xx_HAL_Driver/Src/stm32f4xx_hal_adc.c ****   {
 1440              		.loc 1 983 12 is_stmt 0 view .LVU424
 1441 003a 2C68     		ldr	r4, [r5]
 1442 003c 2368     		ldr	r3, [r4]
 983:Drivers/STM32F4/Drivers/STM32F4xx_HAL_Driver/Src/stm32f4xx_hal_adc.c ****   {
 1443              		.loc 1 983 10 view .LVU425
 1444 003e 36EA0303 		bics	r3, r6, r3
 1445 0042 1ED0     		beq	.L125
 986:Drivers/STM32F4/Drivers/STM32F4xx_HAL_Driver/Src/stm32f4xx_hal_adc.c ****     {
 1446              		.loc 1 986 5 is_stmt 1 view .LVU426
 986:Drivers/STM32F4/Drivers/STM32F4xx_HAL_Driver/Src/stm32f4xx_hal_adc.c ****     {
 1447              		.loc 1 986 8 is_stmt 0 view .LVU427
 1448 0044 B7F1FF3F 		cmp	r7, #-1
 1449 0048 F7D0     		beq	.L117
 988:Drivers/STM32F4/Drivers/STM32F4xx_HAL_Driver/Src/stm32f4xx_hal_adc.c ****       {
 1450              		.loc 1 988 7 is_stmt 1 view .LVU428
 988:Drivers/STM32F4/Drivers/STM32F4xx_HAL_Driver/Src/stm32f4xx_hal_adc.c ****       {
 1451              		.loc 1 988 10 is_stmt 0 view .LVU429
 1452 004a 9FB9     		cbnz	r7, .L126
 1453              	.L118:
 991:Drivers/STM32F4/Drivers/STM32F4xx_HAL_Driver/Src/stm32f4xx_hal_adc.c ****         {
 1454              		.loc 1 991 9 is_stmt 1 view .LVU430
 991:Drivers/STM32F4/Drivers/STM32F4xx_HAL_Driver/Src/stm32f4xx_hal_adc.c ****         {
 1455              		.loc 1 991 15 is_stmt 0 view .LVU431
 1456 004c 2B68     		ldr	r3, [r5]
 1457 004e 1B68     		ldr	r3, [r3]
 991:Drivers/STM32F4/Drivers/STM32F4xx_HAL_Driver/Src/stm32f4xx_hal_adc.c ****         {
 1458              		.loc 1 991 12 view .LVU432
 1459 0050 36EA0303 		bics	r3, r6, r3
 1460 0054 F1D0     		beq	.L117
 994:Drivers/STM32F4/Drivers/STM32F4xx_HAL_Driver/Src/stm32f4xx_hal_adc.c **** 
 1461              		.loc 1 994 11 is_stmt 1 view .LVU433
 1462 0056 2B6C     		ldr	r3, [r5, #64]
 1463 0058 43F00403 		orr	r3, r3, #4
 1464 005c 2B64     		str	r3, [r5, #64]
ARM GAS  /tmp/cciQ8ehY.s 			page 67


 997:Drivers/STM32F4/Drivers/STM32F4xx_HAL_Driver/Src/stm32f4xx_hal_adc.c **** 
 1465              		.loc 1 997 11 view .LVU434
 997:Drivers/STM32F4/Drivers/STM32F4xx_HAL_Driver/Src/stm32f4xx_hal_adc.c **** 
 1466              		.loc 1 997 11 view .LVU435
 1467 005e 0023     		movs	r3, #0
 1468 0060 85F83C30 		strb	r3, [r5, #60]
 997:Drivers/STM32F4/Drivers/STM32F4xx_HAL_Driver/Src/stm32f4xx_hal_adc.c **** 
 1469              		.loc 1 997 11 view .LVU436
 999:Drivers/STM32F4/Drivers/STM32F4xx_HAL_Driver/Src/stm32f4xx_hal_adc.c ****         }
 1470              		.loc 1 999 11 view .LVU437
 999:Drivers/STM32F4/Drivers/STM32F4xx_HAL_Driver/Src/stm32f4xx_hal_adc.c ****         }
 1471              		.loc 1 999 18 is_stmt 0 view .LVU438
 1472 0064 0320     		movs	r0, #3
 1473 0066 1AE0     		b	.L120
 1474              	.LVL70:
 1475              	.L124:
 977:Drivers/STM32F4/Drivers/STM32F4xx_HAL_Driver/Src/stm32f4xx_hal_adc.c **** 
 1476              		.loc 1 977 3 discriminator 2 view .LVU439
 1477 0068 40F2D131 		movw	r1, #977
 1478 006c 1248     		ldr	r0, .L128+4
 1479 006e FFF7FEFF 		bl	assert_failed
 1480              	.LVL71:
 1481 0072 DFE7     		b	.L115
 1482              	.LVL72:
 1483              	.L126:
 988:Drivers/STM32F4/Drivers/STM32F4xx_HAL_Driver/Src/stm32f4xx_hal_adc.c ****       {
 1484              		.loc 1 988 32 discriminator 1 view .LVU440
 1485 0074 FFF7FEFF 		bl	HAL_GetTick
 1486              	.LVL73:
 988:Drivers/STM32F4/Drivers/STM32F4xx_HAL_Driver/Src/stm32f4xx_hal_adc.c ****       {
 1487              		.loc 1 988 46 discriminator 1 view .LVU441
 1488 0078 A0EB0800 		sub	r0, r0, r8
 988:Drivers/STM32F4/Drivers/STM32F4xx_HAL_Driver/Src/stm32f4xx_hal_adc.c ****       {
 1489              		.loc 1 988 27 discriminator 1 view .LVU442
 1490 007c B842     		cmp	r0, r7
 1491 007e DCD9     		bls	.L117
 1492 0080 E4E7     		b	.L118
 1493              	.L125:
1006:Drivers/STM32F4/Drivers/STM32F4xx_HAL_Driver/Src/stm32f4xx_hal_adc.c ****   {
 1494              		.loc 1 1006 3 is_stmt 1 view .LVU443
1006:Drivers/STM32F4/Drivers/STM32F4xx_HAL_Driver/Src/stm32f4xx_hal_adc.c ****   {
 1495              		.loc 1 1006 6 is_stmt 0 view .LVU444
 1496 0082 012E     		cmp	r6, #1
 1497 0084 0DD0     		beq	.L127
1018:Drivers/STM32F4/Drivers/STM32F4xx_HAL_Driver/Src/stm32f4xx_hal_adc.c ****     /* Set ADC error code to overrun */
 1498              		.loc 1 1018 5 is_stmt 1 view .LVU445
 1499 0086 2B6C     		ldr	r3, [r5, #64]
 1500 0088 43F48063 		orr	r3, r3, #1024
 1501 008c 2B64     		str	r3, [r5, #64]
1020:Drivers/STM32F4/Drivers/STM32F4xx_HAL_Driver/Src/stm32f4xx_hal_adc.c **** 
 1502              		.loc 1 1020 5 view .LVU446
 1503 008e 6B6C     		ldr	r3, [r5, #68]
 1504 0090 43F00203 		orr	r3, r3, #2
 1505 0094 6B64     		str	r3, [r5, #68]
1023:Drivers/STM32F4/Drivers/STM32F4xx_HAL_Driver/Src/stm32f4xx_hal_adc.c ****   }
 1506              		.loc 1 1023 5 view .LVU447
 1507 0096 6FF02003 		mvn	r3, #32
ARM GAS  /tmp/cciQ8ehY.s 			page 68


 1508 009a 2360     		str	r3, [r4]
1027:Drivers/STM32F4/Drivers/STM32F4xx_HAL_Driver/Src/stm32f4xx_hal_adc.c **** }
 1509              		.loc 1 1027 10 is_stmt 0 view .LVU448
 1510 009c 0020     		movs	r0, #0
 1511              	.L120:
1028:Drivers/STM32F4/Drivers/STM32F4xx_HAL_Driver/Src/stm32f4xx_hal_adc.c **** 
 1512              		.loc 1 1028 1 view .LVU449
 1513 009e BDE8F081 		pop	{r4, r5, r6, r7, r8, pc}
 1514              	.LVL74:
 1515              	.L127:
1009:Drivers/STM32F4/Drivers/STM32F4xx_HAL_Driver/Src/stm32f4xx_hal_adc.c **** 
 1516              		.loc 1 1009 5 is_stmt 1 view .LVU450
 1517 00a2 2B6C     		ldr	r3, [r5, #64]
 1518 00a4 43F48033 		orr	r3, r3, #65536
 1519 00a8 2B64     		str	r3, [r5, #64]
1012:Drivers/STM32F4/Drivers/STM32F4xx_HAL_Driver/Src/stm32f4xx_hal_adc.c ****   }
 1520              		.loc 1 1012 5 view .LVU451
 1521 00aa 6FF00103 		mvn	r3, #1
 1522 00ae 2360     		str	r3, [r4]
1027:Drivers/STM32F4/Drivers/STM32F4xx_HAL_Driver/Src/stm32f4xx_hal_adc.c **** }
 1523              		.loc 1 1027 10 is_stmt 0 view .LVU452
 1524 00b0 0020     		movs	r0, #0
 1525 00b2 F4E7     		b	.L120
 1526              	.L129:
 1527              		.align	2
 1528              	.L128:
 1529 00b4 00200140 		.word	1073815552
 1530 00b8 00000000 		.word	.LC0
 1531              		.cfi_endproc
 1532              	.LFE246:
 1534              		.section	.text.HAL_ADC_Start_IT,"ax",%progbits
 1535              		.align	1
 1536              		.global	HAL_ADC_Start_IT
 1537              		.syntax unified
 1538              		.thumb
 1539              		.thumb_func
 1541              	HAL_ADC_Start_IT:
 1542              	.LVL75:
 1543              	.LFB247:
1038:Drivers/STM32F4/Drivers/STM32F4xx_HAL_Driver/Src/stm32f4xx_hal_adc.c ****   __IO uint32_t counter = 0U;
 1544              		.loc 1 1038 1 is_stmt 1 view -0
 1545              		.cfi_startproc
 1546              		@ args = 0, pretend = 0, frame = 8
 1547              		@ frame_needed = 0, uses_anonymous_args = 0
1038:Drivers/STM32F4/Drivers/STM32F4xx_HAL_Driver/Src/stm32f4xx_hal_adc.c ****   __IO uint32_t counter = 0U;
 1548              		.loc 1 1038 1 is_stmt 0 view .LVU454
 1549 0000 10B5     		push	{r4, lr}
 1550              	.LCFI12:
 1551              		.cfi_def_cfa_offset 8
 1552              		.cfi_offset 4, -8
 1553              		.cfi_offset 14, -4
 1554 0002 82B0     		sub	sp, sp, #8
 1555              	.LCFI13:
 1556              		.cfi_def_cfa_offset 16
 1557 0004 0446     		mov	r4, r0
1039:Drivers/STM32F4/Drivers/STM32F4xx_HAL_Driver/Src/stm32f4xx_hal_adc.c ****   ADC_Common_TypeDef *tmpADC_Common;
 1558              		.loc 1 1039 3 is_stmt 1 view .LVU455
ARM GAS  /tmp/cciQ8ehY.s 			page 69


1039:Drivers/STM32F4/Drivers/STM32F4xx_HAL_Driver/Src/stm32f4xx_hal_adc.c ****   ADC_Common_TypeDef *tmpADC_Common;
 1559              		.loc 1 1039 17 is_stmt 0 view .LVU456
 1560 0006 0023     		movs	r3, #0
 1561 0008 0193     		str	r3, [sp, #4]
1040:Drivers/STM32F4/Drivers/STM32F4xx_HAL_Driver/Src/stm32f4xx_hal_adc.c **** 
 1562              		.loc 1 1040 3 is_stmt 1 view .LVU457
1043:Drivers/STM32F4/Drivers/STM32F4xx_HAL_Driver/Src/stm32f4xx_hal_adc.c ****   assert_param(IS_ADC_EXT_TRIG_EDGE(hadc->Init.ExternalTrigConvEdge));
 1563              		.loc 1 1043 3 view .LVU458
 1564 000a 037E     		ldrb	r3, [r0, #24]	@ zero_extendqisi2
 1565 000c 012B     		cmp	r3, #1
 1566 000e 25D8     		bhi	.L151
 1567              	.LVL76:
 1568              	.L131:
1044:Drivers/STM32F4/Drivers/STM32F4xx_HAL_Driver/Src/stm32f4xx_hal_adc.c **** 
 1569              		.loc 1 1044 3 view .LVU459
 1570 0010 E36A     		ldr	r3, [r4, #44]
 1571 0012 43B1     		cbz	r3, .L132
1044:Drivers/STM32F4/Drivers/STM32F4xx_HAL_Driver/Src/stm32f4xx_hal_adc.c **** 
 1572              		.loc 1 1044 3 is_stmt 0 discriminator 1 view .LVU460
 1573 0014 B3F1805F 		cmp	r3, #268435456
 1574 0018 05D0     		beq	.L132
1044:Drivers/STM32F4/Drivers/STM32F4xx_HAL_Driver/Src/stm32f4xx_hal_adc.c **** 
 1575              		.loc 1 1044 3 discriminator 2 view .LVU461
 1576 001a B3F1005F 		cmp	r3, #536870912
 1577 001e 02D0     		beq	.L132
1044:Drivers/STM32F4/Drivers/STM32F4xx_HAL_Driver/Src/stm32f4xx_hal_adc.c **** 
 1578              		.loc 1 1044 3 discriminator 3 view .LVU462
 1579 0020 B3F1405F 		cmp	r3, #805306368
 1580 0024 20D1     		bne	.L152
 1581              	.L132:
1047:Drivers/STM32F4/Drivers/STM32F4xx_HAL_Driver/Src/stm32f4xx_hal_adc.c **** 
 1582              		.loc 1 1047 3 is_stmt 1 view .LVU463
1047:Drivers/STM32F4/Drivers/STM32F4xx_HAL_Driver/Src/stm32f4xx_hal_adc.c **** 
 1583              		.loc 1 1047 3 view .LVU464
 1584 0026 94F83C30 		ldrb	r3, [r4, #60]	@ zero_extendqisi2
 1585 002a 012B     		cmp	r3, #1
 1586 002c 00F09C80 		beq	.L144
1047:Drivers/STM32F4/Drivers/STM32F4xx_HAL_Driver/Src/stm32f4xx_hal_adc.c **** 
 1587              		.loc 1 1047 3 discriminator 2 view .LVU465
 1588 0030 0123     		movs	r3, #1
 1589 0032 84F83C30 		strb	r3, [r4, #60]
1047:Drivers/STM32F4/Drivers/STM32F4xx_HAL_Driver/Src/stm32f4xx_hal_adc.c **** 
 1590              		.loc 1 1047 3 discriminator 2 view .LVU466
1052:Drivers/STM32F4/Drivers/STM32F4xx_HAL_Driver/Src/stm32f4xx_hal_adc.c ****   {
 1591              		.loc 1 1052 3 view .LVU467
1052:Drivers/STM32F4/Drivers/STM32F4xx_HAL_Driver/Src/stm32f4xx_hal_adc.c ****   {
 1592              		.loc 1 1052 12 is_stmt 0 view .LVU468
 1593 0036 2368     		ldr	r3, [r4]
1052:Drivers/STM32F4/Drivers/STM32F4xx_HAL_Driver/Src/stm32f4xx_hal_adc.c ****   {
 1594              		.loc 1 1052 22 view .LVU469
 1595 0038 9A68     		ldr	r2, [r3, #8]
1052:Drivers/STM32F4/Drivers/STM32F4xx_HAL_Driver/Src/stm32f4xx_hal_adc.c ****   {
 1596              		.loc 1 1052 6 view .LVU470
 1597 003a 12F0010F 		tst	r2, #1
 1598 003e 1FD1     		bne	.L134
1055:Drivers/STM32F4/Drivers/STM32F4xx_HAL_Driver/Src/stm32f4xx_hal_adc.c **** 
 1599              		.loc 1 1055 5 is_stmt 1 view .LVU471
ARM GAS  /tmp/cciQ8ehY.s 			page 70


 1600 0040 9A68     		ldr	r2, [r3, #8]
 1601 0042 42F00102 		orr	r2, r2, #1
 1602 0046 9A60     		str	r2, [r3, #8]
1059:Drivers/STM32F4/Drivers/STM32F4xx_HAL_Driver/Src/stm32f4xx_hal_adc.c ****     while (counter != 0U)
 1603              		.loc 1 1059 5 view .LVU472
1059:Drivers/STM32F4/Drivers/STM32F4xx_HAL_Driver/Src/stm32f4xx_hal_adc.c ****     while (counter != 0U)
 1604              		.loc 1 1059 53 is_stmt 0 view .LVU473
 1605 0048 4A4B     		ldr	r3, .L156
 1606 004a 1B68     		ldr	r3, [r3]
 1607 004c 4A4A     		ldr	r2, .L156+4
 1608 004e A2FB0323 		umull	r2, r3, r2, r3
 1609 0052 9B0C     		lsrs	r3, r3, #18
1059:Drivers/STM32F4/Drivers/STM32F4xx_HAL_Driver/Src/stm32f4xx_hal_adc.c ****     while (counter != 0U)
 1610              		.loc 1 1059 34 view .LVU474
 1611 0054 03EB4303 		add	r3, r3, r3, lsl #1
1059:Drivers/STM32F4/Drivers/STM32F4xx_HAL_Driver/Src/stm32f4xx_hal_adc.c ****     while (counter != 0U)
 1612              		.loc 1 1059 13 view .LVU475
 1613 0058 0193     		str	r3, [sp, #4]
1060:Drivers/STM32F4/Drivers/STM32F4xx_HAL_Driver/Src/stm32f4xx_hal_adc.c ****     {
 1614              		.loc 1 1060 5 is_stmt 1 view .LVU476
1060:Drivers/STM32F4/Drivers/STM32F4xx_HAL_Driver/Src/stm32f4xx_hal_adc.c ****     {
 1615              		.loc 1 1060 11 is_stmt 0 view .LVU477
 1616 005a 0EE0     		b	.L135
 1617              	.LVL77:
 1618              	.L151:
1043:Drivers/STM32F4/Drivers/STM32F4xx_HAL_Driver/Src/stm32f4xx_hal_adc.c ****   assert_param(IS_ADC_EXT_TRIG_EDGE(hadc->Init.ExternalTrigConvEdge));
 1619              		.loc 1 1043 3 discriminator 1 view .LVU478
 1620 005c 40F21341 		movw	r1, #1043
 1621 0060 4648     		ldr	r0, .L156+8
 1622              	.LVL78:
1043:Drivers/STM32F4/Drivers/STM32F4xx_HAL_Driver/Src/stm32f4xx_hal_adc.c ****   assert_param(IS_ADC_EXT_TRIG_EDGE(hadc->Init.ExternalTrigConvEdge));
 1623              		.loc 1 1043 3 discriminator 1 view .LVU479
 1624 0062 FFF7FEFF 		bl	assert_failed
 1625              	.LVL79:
 1626 0066 D3E7     		b	.L131
 1627              	.L152:
1044:Drivers/STM32F4/Drivers/STM32F4xx_HAL_Driver/Src/stm32f4xx_hal_adc.c **** 
 1628              		.loc 1 1044 3 discriminator 4 view .LVU480
 1629 0068 40F21441 		movw	r1, #1044
 1630 006c 4348     		ldr	r0, .L156+8
 1631 006e FFF7FEFF 		bl	assert_failed
 1632              	.LVL80:
 1633 0072 D8E7     		b	.L132
 1634              	.L136:
1062:Drivers/STM32F4/Drivers/STM32F4xx_HAL_Driver/Src/stm32f4xx_hal_adc.c ****     }
 1635              		.loc 1 1062 7 is_stmt 1 view .LVU481
1062:Drivers/STM32F4/Drivers/STM32F4xx_HAL_Driver/Src/stm32f4xx_hal_adc.c ****     }
 1636              		.loc 1 1062 14 is_stmt 0 view .LVU482
 1637 0074 019B     		ldr	r3, [sp, #4]
 1638 0076 013B     		subs	r3, r3, #1
 1639 0078 0193     		str	r3, [sp, #4]
 1640              	.L135:
1060:Drivers/STM32F4/Drivers/STM32F4xx_HAL_Driver/Src/stm32f4xx_hal_adc.c ****     {
 1641              		.loc 1 1060 20 is_stmt 1 view .LVU483
 1642 007a 019B     		ldr	r3, [sp, #4]
 1643 007c 002B     		cmp	r3, #0
 1644 007e F9D1     		bne	.L136
ARM GAS  /tmp/cciQ8ehY.s 			page 71


 1645              	.L134:
1067:Drivers/STM32F4/Drivers/STM32F4xx_HAL_Driver/Src/stm32f4xx_hal_adc.c ****   {
 1646              		.loc 1 1067 3 view .LVU484
1067:Drivers/STM32F4/Drivers/STM32F4xx_HAL_Driver/Src/stm32f4xx_hal_adc.c ****   {
 1647              		.loc 1 1067 7 is_stmt 0 view .LVU485
 1648 0080 2268     		ldr	r2, [r4]
 1649 0082 9368     		ldr	r3, [r2, #8]
1067:Drivers/STM32F4/Drivers/STM32F4xx_HAL_Driver/Src/stm32f4xx_hal_adc.c ****   {
 1650              		.loc 1 1067 6 view .LVU486
 1651 0084 13F0010F 		tst	r3, #1
 1652 0088 63D0     		beq	.L137
1072:Drivers/STM32F4/Drivers/STM32F4xx_HAL_Driver/Src/stm32f4xx_hal_adc.c ****                       HAL_ADC_STATE_READY | HAL_ADC_STATE_REG_EOC | HAL_ADC_STATE_REG_OVR,
 1653              		.loc 1 1072 5 is_stmt 1 view .LVU487
 1654 008a 236C     		ldr	r3, [r4, #64]
 1655 008c 23F4E063 		bic	r3, r3, #1792
 1656 0090 23F00103 		bic	r3, r3, #1
 1657 0094 43F48073 		orr	r3, r3, #256
 1658 0098 2364     		str	r3, [r4, #64]
1078:Drivers/STM32F4/Drivers/STM32F4xx_HAL_Driver/Src/stm32f4xx_hal_adc.c ****     {
 1659              		.loc 1 1078 5 view .LVU488
1078:Drivers/STM32F4/Drivers/STM32F4xx_HAL_Driver/Src/stm32f4xx_hal_adc.c ****     {
 1660              		.loc 1 1078 9 is_stmt 0 view .LVU489
 1661 009a 5368     		ldr	r3, [r2, #4]
1078:Drivers/STM32F4/Drivers/STM32F4xx_HAL_Driver/Src/stm32f4xx_hal_adc.c ****     {
 1662              		.loc 1 1078 8 view .LVU490
 1663 009c 13F4806F 		tst	r3, #1024
 1664 00a0 05D0     		beq	.L138
1080:Drivers/STM32F4/Drivers/STM32F4xx_HAL_Driver/Src/stm32f4xx_hal_adc.c ****     }
 1665              		.loc 1 1080 7 is_stmt 1 view .LVU491
 1666 00a2 236C     		ldr	r3, [r4, #64]
 1667 00a4 23F44053 		bic	r3, r3, #12288
 1668 00a8 43F48053 		orr	r3, r3, #4096
 1669 00ac 2364     		str	r3, [r4, #64]
 1670              	.L138:
1084:Drivers/STM32F4/Drivers/STM32F4xx_HAL_Driver/Src/stm32f4xx_hal_adc.c ****     {
 1671              		.loc 1 1084 5 view .LVU492
1084:Drivers/STM32F4/Drivers/STM32F4xx_HAL_Driver/Src/stm32f4xx_hal_adc.c ****     {
 1672              		.loc 1 1084 9 is_stmt 0 view .LVU493
 1673 00ae 236C     		ldr	r3, [r4, #64]
1084:Drivers/STM32F4/Drivers/STM32F4xx_HAL_Driver/Src/stm32f4xx_hal_adc.c ****     {
 1674              		.loc 1 1084 8 view .LVU494
 1675 00b0 13F4805F 		tst	r3, #4096
 1676 00b4 22D0     		beq	.L139
1087:Drivers/STM32F4/Drivers/STM32F4xx_HAL_Driver/Src/stm32f4xx_hal_adc.c ****     }
 1677              		.loc 1 1087 7 is_stmt 1 view .LVU495
 1678 00b6 636C     		ldr	r3, [r4, #68]
 1679 00b8 23F00603 		bic	r3, r3, #6
 1680 00bc 6364     		str	r3, [r4, #68]
 1681              	.L140:
1098:Drivers/STM32F4/Drivers/STM32F4xx_HAL_Driver/Src/stm32f4xx_hal_adc.c **** 
 1682              		.loc 1 1098 5 view .LVU496
1098:Drivers/STM32F4/Drivers/STM32F4xx_HAL_Driver/Src/stm32f4xx_hal_adc.c **** 
 1683              		.loc 1 1098 5 view .LVU497
 1684 00be 0023     		movs	r3, #0
 1685 00c0 84F83C30 		strb	r3, [r4, #60]
1098:Drivers/STM32F4/Drivers/STM32F4xx_HAL_Driver/Src/stm32f4xx_hal_adc.c **** 
 1686              		.loc 1 1098 5 view .LVU498
ARM GAS  /tmp/cciQ8ehY.s 			page 72


1103:Drivers/STM32F4/Drivers/STM32F4xx_HAL_Driver/Src/stm32f4xx_hal_adc.c **** 
 1687              		.loc 1 1103 5 view .LVU499
 1688              	.LVL81:
1107:Drivers/STM32F4/Drivers/STM32F4xx_HAL_Driver/Src/stm32f4xx_hal_adc.c **** 
 1689              		.loc 1 1107 5 view .LVU500
 1690 00c4 6FF02203 		mvn	r3, #34
 1691 00c8 1360     		str	r3, [r2]
1110:Drivers/STM32F4/Drivers/STM32F4xx_HAL_Driver/Src/stm32f4xx_hal_adc.c **** 
 1692              		.loc 1 1110 5 view .LVU501
 1693 00ca 2268     		ldr	r2, [r4]
 1694 00cc 5368     		ldr	r3, [r2, #4]
 1695 00ce 43F08063 		orr	r3, r3, #67108864
 1696 00d2 43F02003 		orr	r3, r3, #32
 1697 00d6 5360     		str	r3, [r2, #4]
1113:Drivers/STM32F4/Drivers/STM32F4xx_HAL_Driver/Src/stm32f4xx_hal_adc.c ****     {
 1698              		.loc 1 1113 5 view .LVU502
1113:Drivers/STM32F4/Drivers/STM32F4xx_HAL_Driver/Src/stm32f4xx_hal_adc.c ****     {
 1699              		.loc 1 1113 9 is_stmt 0 view .LVU503
 1700 00d8 294B     		ldr	r3, .L156+12
 1701 00da 5B68     		ldr	r3, [r3, #4]
1113:Drivers/STM32F4/Drivers/STM32F4xx_HAL_Driver/Src/stm32f4xx_hal_adc.c ****     {
 1702              		.loc 1 1113 8 view .LVU504
 1703 00dc 13F01F0F 		tst	r3, #31
 1704 00e0 27D1     		bne	.L141
1116:Drivers/STM32F4/Drivers/STM32F4xx_HAL_Driver/Src/stm32f4xx_hal_adc.c ****           || ((hadc->Instance == ADC3) && ((ADC->CCR & ADC_CCR_MULTI_Msk) < ADC_CCR_MULTI_4)))
 1705              		.loc 1 1116 7 is_stmt 1 view .LVU505
1116:Drivers/STM32F4/Drivers/STM32F4xx_HAL_Driver/Src/stm32f4xx_hal_adc.c ****           || ((hadc->Instance == ADC3) && ((ADC->CCR & ADC_CCR_MULTI_Msk) < ADC_CCR_MULTI_4)))
 1706              		.loc 1 1116 16 is_stmt 0 view .LVU506
 1707 00e2 2368     		ldr	r3, [r4]
1116:Drivers/STM32F4/Drivers/STM32F4xx_HAL_Driver/Src/stm32f4xx_hal_adc.c ****           || ((hadc->Instance == ADC3) && ((ADC->CCR & ADC_CCR_MULTI_Msk) < ADC_CCR_MULTI_4)))
 1708              		.loc 1 1116 10 view .LVU507
 1709 00e4 274A     		ldr	r2, .L156+16
 1710 00e6 9342     		cmp	r3, r2
 1711 00e8 11D0     		beq	.L142
1116:Drivers/STM32F4/Drivers/STM32F4xx_HAL_Driver/Src/stm32f4xx_hal_adc.c ****           || ((hadc->Instance == ADC3) && ((ADC->CCR & ADC_CCR_MULTI_Msk) < ADC_CCR_MULTI_4)))
 1712              		.loc 1 1116 36 discriminator 1 view .LVU508
 1713 00ea 02F58072 		add	r2, r2, #256
 1714 00ee 9342     		cmp	r3, r2
 1715 00f0 07D0     		beq	.L153
 1716              	.L143:
1117:Drivers/STM32F4/Drivers/STM32F4xx_HAL_Driver/Src/stm32f4xx_hal_adc.c ****       {
 1717              		.loc 1 1117 11 view .LVU509
 1718 00f2 254A     		ldr	r2, .L156+20
 1719 00f4 9342     		cmp	r3, r2
 1720 00f6 14D0     		beq	.L154
1150:Drivers/STM32F4/Drivers/STM32F4xx_HAL_Driver/Src/stm32f4xx_hal_adc.c **** }
 1721              		.loc 1 1150 10 view .LVU510
 1722 00f8 0020     		movs	r0, #0
 1723 00fa 33E0     		b	.L133
 1724              	.LVL82:
 1725              	.L139:
1092:Drivers/STM32F4/Drivers/STM32F4xx_HAL_Driver/Src/stm32f4xx_hal_adc.c ****     }
 1726              		.loc 1 1092 7 is_stmt 1 view .LVU511
 1727 00fc 0023     		movs	r3, #0
 1728 00fe 6364     		str	r3, [r4, #68]
 1729 0100 DDE7     		b	.L140
 1730              	.LVL83:
ARM GAS  /tmp/cciQ8ehY.s 			page 73


 1731              	.L153:
1116:Drivers/STM32F4/Drivers/STM32F4xx_HAL_Driver/Src/stm32f4xx_hal_adc.c ****           || ((hadc->Instance == ADC3) && ((ADC->CCR & ADC_CCR_MULTI_Msk) < ADC_CCR_MULTI_4)))
 1732              		.loc 1 1116 73 is_stmt 0 discriminator 2 view .LVU512
 1733 0102 02F50072 		add	r2, r2, #512
 1734 0106 5268     		ldr	r2, [r2, #4]
1116:Drivers/STM32F4/Drivers/STM32F4xx_HAL_Driver/Src/stm32f4xx_hal_adc.c ****           || ((hadc->Instance == ADC3) && ((ADC->CCR & ADC_CCR_MULTI_Msk) < ADC_CCR_MULTI_4)))
 1735              		.loc 1 1116 65 discriminator 2 view .LVU513
 1736 0108 12F01F0F 		tst	r2, #31
 1737 010c F1D1     		bne	.L143
 1738              	.L142:
1121:Drivers/STM32F4/Drivers/STM32F4xx_HAL_Driver/Src/stm32f4xx_hal_adc.c ****         {
 1739              		.loc 1 1121 9 is_stmt 1 view .LVU514
1121:Drivers/STM32F4/Drivers/STM32F4xx_HAL_Driver/Src/stm32f4xx_hal_adc.c ****         {
 1740              		.loc 1 1121 28 is_stmt 0 view .LVU515
 1741 010e 9A68     		ldr	r2, [r3, #8]
1121:Drivers/STM32F4/Drivers/STM32F4xx_HAL_Driver/Src/stm32f4xx_hal_adc.c ****         {
 1742              		.loc 1 1121 12 view .LVU516
 1743 0110 12F0405F 		tst	r2, #805306368
 1744 0114 2AD1     		bne	.L147
1124:Drivers/STM32F4/Drivers/STM32F4xx_HAL_Driver/Src/stm32f4xx_hal_adc.c ****         }
 1745              		.loc 1 1124 11 is_stmt 1 view .LVU517
1124:Drivers/STM32F4/Drivers/STM32F4xx_HAL_Driver/Src/stm32f4xx_hal_adc.c ****         }
 1746              		.loc 1 1124 25 is_stmt 0 view .LVU518
 1747 0116 9A68     		ldr	r2, [r3, #8]
1124:Drivers/STM32F4/Drivers/STM32F4xx_HAL_Driver/Src/stm32f4xx_hal_adc.c ****         }
 1748              		.loc 1 1124 31 view .LVU519
 1749 0118 42F08042 		orr	r2, r2, #1073741824
 1750 011c 9A60     		str	r2, [r3, #8]
1150:Drivers/STM32F4/Drivers/STM32F4xx_HAL_Driver/Src/stm32f4xx_hal_adc.c **** }
 1751              		.loc 1 1150 10 view .LVU520
 1752 011e 0020     		movs	r0, #0
 1753 0120 20E0     		b	.L133
 1754              	.L154:
1117:Drivers/STM32F4/Drivers/STM32F4xx_HAL_Driver/Src/stm32f4xx_hal_adc.c ****       {
 1755              		.loc 1 1117 48 discriminator 1 view .LVU521
 1756 0122 02F58072 		add	r2, r2, #256
 1757 0126 5268     		ldr	r2, [r2, #4]
1117:Drivers/STM32F4/Drivers/STM32F4xx_HAL_Driver/Src/stm32f4xx_hal_adc.c ****       {
 1758              		.loc 1 1117 40 discriminator 1 view .LVU522
 1759 0128 12F0100F 		tst	r2, #16
 1760 012c EFD0     		beq	.L142
1150:Drivers/STM32F4/Drivers/STM32F4xx_HAL_Driver/Src/stm32f4xx_hal_adc.c **** }
 1761              		.loc 1 1150 10 view .LVU523
 1762 012e 0020     		movs	r0, #0
 1763 0130 18E0     		b	.L133
 1764              	.L141:
1133:Drivers/STM32F4/Drivers/STM32F4xx_HAL_Driver/Src/stm32f4xx_hal_adc.c ****       {
 1765              		.loc 1 1133 7 is_stmt 1 view .LVU524
1133:Drivers/STM32F4/Drivers/STM32F4xx_HAL_Driver/Src/stm32f4xx_hal_adc.c ****       {
 1766              		.loc 1 1133 16 is_stmt 0 view .LVU525
 1767 0132 2368     		ldr	r3, [r4]
1133:Drivers/STM32F4/Drivers/STM32F4xx_HAL_Driver/Src/stm32f4xx_hal_adc.c ****       {
 1768              		.loc 1 1133 10 view .LVU526
 1769 0134 134A     		ldr	r2, .L156+16
 1770 0136 9342     		cmp	r3, r2
 1771 0138 01D0     		beq	.L155
1150:Drivers/STM32F4/Drivers/STM32F4xx_HAL_Driver/Src/stm32f4xx_hal_adc.c **** }
ARM GAS  /tmp/cciQ8ehY.s 			page 74


 1772              		.loc 1 1150 10 view .LVU527
 1773 013a 0020     		movs	r0, #0
 1774 013c 12E0     		b	.L133
 1775              	.L155:
1133:Drivers/STM32F4/Drivers/STM32F4xx_HAL_Driver/Src/stm32f4xx_hal_adc.c ****       {
 1776              		.loc 1 1133 55 discriminator 1 view .LVU528
 1777 013e 9A68     		ldr	r2, [r3, #8]
1133:Drivers/STM32F4/Drivers/STM32F4xx_HAL_Driver/Src/stm32f4xx_hal_adc.c ****       {
 1778              		.loc 1 1133 36 discriminator 1 view .LVU529
 1779 0140 12F0405F 		tst	r2, #805306368
 1780 0144 14D1     		bne	.L149
1136:Drivers/STM32F4/Drivers/STM32F4xx_HAL_Driver/Src/stm32f4xx_hal_adc.c ****       }
 1781              		.loc 1 1136 9 is_stmt 1 view .LVU530
1136:Drivers/STM32F4/Drivers/STM32F4xx_HAL_Driver/Src/stm32f4xx_hal_adc.c ****       }
 1782              		.loc 1 1136 23 is_stmt 0 view .LVU531
 1783 0146 9A68     		ldr	r2, [r3, #8]
1136:Drivers/STM32F4/Drivers/STM32F4xx_HAL_Driver/Src/stm32f4xx_hal_adc.c ****       }
 1784              		.loc 1 1136 29 view .LVU532
 1785 0148 42F08042 		orr	r2, r2, #1073741824
 1786 014c 9A60     		str	r2, [r3, #8]
1150:Drivers/STM32F4/Drivers/STM32F4xx_HAL_Driver/Src/stm32f4xx_hal_adc.c **** }
 1787              		.loc 1 1150 10 view .LVU533
 1788 014e 0020     		movs	r0, #0
 1789 0150 08E0     		b	.L133
 1790              	.LVL84:
 1791              	.L137:
1143:Drivers/STM32F4/Drivers/STM32F4xx_HAL_Driver/Src/stm32f4xx_hal_adc.c **** 
 1792              		.loc 1 1143 5 is_stmt 1 view .LVU534
 1793 0152 236C     		ldr	r3, [r4, #64]
 1794 0154 43F01003 		orr	r3, r3, #16
 1795 0158 2364     		str	r3, [r4, #64]
1146:Drivers/STM32F4/Drivers/STM32F4xx_HAL_Driver/Src/stm32f4xx_hal_adc.c ****   }
 1796              		.loc 1 1146 5 view .LVU535
 1797 015a 636C     		ldr	r3, [r4, #68]
 1798 015c 43F00103 		orr	r3, r3, #1
 1799 0160 6364     		str	r3, [r4, #68]
1150:Drivers/STM32F4/Drivers/STM32F4xx_HAL_Driver/Src/stm32f4xx_hal_adc.c **** }
 1800              		.loc 1 1150 10 is_stmt 0 view .LVU536
 1801 0162 0020     		movs	r0, #0
 1802              	.L133:
1151:Drivers/STM32F4/Drivers/STM32F4xx_HAL_Driver/Src/stm32f4xx_hal_adc.c **** 
 1803              		.loc 1 1151 1 view .LVU537
 1804 0164 02B0     		add	sp, sp, #8
 1805              	.LCFI14:
 1806              		.cfi_remember_state
 1807              		.cfi_def_cfa_offset 8
 1808              		@ sp needed
 1809 0166 10BD     		pop	{r4, pc}
 1810              	.LVL85:
 1811              	.L144:
 1812              	.LCFI15:
 1813              		.cfi_restore_state
1047:Drivers/STM32F4/Drivers/STM32F4xx_HAL_Driver/Src/stm32f4xx_hal_adc.c **** 
 1814              		.loc 1 1047 3 discriminator 1 view .LVU538
 1815 0168 0220     		movs	r0, #2
 1816 016a FBE7     		b	.L133
 1817              	.LVL86:
ARM GAS  /tmp/cciQ8ehY.s 			page 75


 1818              	.L147:
1150:Drivers/STM32F4/Drivers/STM32F4xx_HAL_Driver/Src/stm32f4xx_hal_adc.c **** }
 1819              		.loc 1 1150 10 view .LVU539
 1820 016c 0020     		movs	r0, #0
 1821 016e F9E7     		b	.L133
 1822              	.L149:
1150:Drivers/STM32F4/Drivers/STM32F4xx_HAL_Driver/Src/stm32f4xx_hal_adc.c **** }
 1823              		.loc 1 1150 10 view .LVU540
 1824 0170 0020     		movs	r0, #0
 1825 0172 F7E7     		b	.L133
 1826              	.L157:
 1827              		.align	2
 1828              	.L156:
 1829 0174 00000000 		.word	SystemCoreClock
 1830 0178 83DE1B43 		.word	1125899907
 1831 017c 00000000 		.word	.LC0
 1832 0180 00230140 		.word	1073816320
 1833 0184 00200140 		.word	1073815552
 1834 0188 00220140 		.word	1073816064
 1835              		.cfi_endproc
 1836              	.LFE247:
 1838              		.section	.text.HAL_ADC_Stop_IT,"ax",%progbits
 1839              		.align	1
 1840              		.global	HAL_ADC_Stop_IT
 1841              		.syntax unified
 1842              		.thumb
 1843              		.thumb_func
 1845              	HAL_ADC_Stop_IT:
 1846              	.LVL87:
 1847              	.LFB248:
1163:Drivers/STM32F4/Drivers/STM32F4xx_HAL_Driver/Src/stm32f4xx_hal_adc.c ****   /* Check the parameters */
 1848              		.loc 1 1163 1 is_stmt 1 view -0
 1849              		.cfi_startproc
 1850              		@ args = 0, pretend = 0, frame = 0
 1851              		@ frame_needed = 0, uses_anonymous_args = 0
1163:Drivers/STM32F4/Drivers/STM32F4xx_HAL_Driver/Src/stm32f4xx_hal_adc.c ****   /* Check the parameters */
 1852              		.loc 1 1163 1 is_stmt 0 view .LVU542
 1853 0000 10B5     		push	{r4, lr}
 1854              	.LCFI16:
 1855              		.cfi_def_cfa_offset 8
 1856              		.cfi_offset 4, -8
 1857              		.cfi_offset 14, -4
 1858 0002 0446     		mov	r4, r0
1165:Drivers/STM32F4/Drivers/STM32F4xx_HAL_Driver/Src/stm32f4xx_hal_adc.c **** 
 1859              		.loc 1 1165 3 is_stmt 1 view .LVU543
 1860 0004 0368     		ldr	r3, [r0]
 1861 0006 1A4A     		ldr	r2, .L164
 1862 0008 9342     		cmp	r3, r2
 1863 000a 0CD0     		beq	.L159
1165:Drivers/STM32F4/Drivers/STM32F4xx_HAL_Driver/Src/stm32f4xx_hal_adc.c **** 
 1864              		.loc 1 1165 3 is_stmt 0 discriminator 1 view .LVU544
 1865 000c 02F58072 		add	r2, r2, #256
 1866 0010 9342     		cmp	r3, r2
 1867 0012 08D0     		beq	.L159
1165:Drivers/STM32F4/Drivers/STM32F4xx_HAL_Driver/Src/stm32f4xx_hal_adc.c **** 
 1868              		.loc 1 1165 3 discriminator 2 view .LVU545
 1869 0014 02F58072 		add	r2, r2, #256
ARM GAS  /tmp/cciQ8ehY.s 			page 76


 1870 0018 9342     		cmp	r3, r2
 1871 001a 04D0     		beq	.L159
1165:Drivers/STM32F4/Drivers/STM32F4xx_HAL_Driver/Src/stm32f4xx_hal_adc.c **** 
 1872              		.loc 1 1165 3 discriminator 3 view .LVU546
 1873 001c 40F28D41 		movw	r1, #1165
 1874 0020 1448     		ldr	r0, .L164+4
 1875              	.LVL88:
1165:Drivers/STM32F4/Drivers/STM32F4xx_HAL_Driver/Src/stm32f4xx_hal_adc.c **** 
 1876              		.loc 1 1165 3 discriminator 3 view .LVU547
 1877 0022 FFF7FEFF 		bl	assert_failed
 1878              	.LVL89:
 1879              	.L159:
1168:Drivers/STM32F4/Drivers/STM32F4xx_HAL_Driver/Src/stm32f4xx_hal_adc.c **** 
 1880              		.loc 1 1168 3 is_stmt 1 view .LVU548
1168:Drivers/STM32F4/Drivers/STM32F4xx_HAL_Driver/Src/stm32f4xx_hal_adc.c **** 
 1881              		.loc 1 1168 3 view .LVU549
 1882 0026 94F83C30 		ldrb	r3, [r4, #60]	@ zero_extendqisi2
 1883 002a 012B     		cmp	r3, #1
 1884 002c 1ED0     		beq	.L162
1168:Drivers/STM32F4/Drivers/STM32F4xx_HAL_Driver/Src/stm32f4xx_hal_adc.c **** 
 1885              		.loc 1 1168 3 discriminator 2 view .LVU550
 1886 002e 0123     		movs	r3, #1
 1887 0030 84F83C30 		strb	r3, [r4, #60]
1168:Drivers/STM32F4/Drivers/STM32F4xx_HAL_Driver/Src/stm32f4xx_hal_adc.c **** 
 1888              		.loc 1 1168 3 discriminator 2 view .LVU551
1172:Drivers/STM32F4/Drivers/STM32F4xx_HAL_Driver/Src/stm32f4xx_hal_adc.c **** 
 1889              		.loc 1 1172 3 view .LVU552
 1890 0034 2268     		ldr	r2, [r4]
 1891 0036 9368     		ldr	r3, [r2, #8]
 1892 0038 23F00103 		bic	r3, r3, #1
 1893 003c 9360     		str	r3, [r2, #8]
1175:Drivers/STM32F4/Drivers/STM32F4xx_HAL_Driver/Src/stm32f4xx_hal_adc.c ****   {
 1894              		.loc 1 1175 3 view .LVU553
1175:Drivers/STM32F4/Drivers/STM32F4xx_HAL_Driver/Src/stm32f4xx_hal_adc.c ****   {
 1895              		.loc 1 1175 7 is_stmt 0 view .LVU554
 1896 003e 2368     		ldr	r3, [r4]
 1897 0040 9A68     		ldr	r2, [r3, #8]
1175:Drivers/STM32F4/Drivers/STM32F4xx_HAL_Driver/Src/stm32f4xx_hal_adc.c ****   {
 1898              		.loc 1 1175 6 view .LVU555
 1899 0042 12F0010F 		tst	r2, #1
 1900 0046 0DD1     		bne	.L161
1178:Drivers/STM32F4/Drivers/STM32F4xx_HAL_Driver/Src/stm32f4xx_hal_adc.c **** 
 1901              		.loc 1 1178 5 is_stmt 1 view .LVU556
 1902 0048 5A68     		ldr	r2, [r3, #4]
 1903 004a 22F08062 		bic	r2, r2, #67108864
 1904 004e 22F02002 		bic	r2, r2, #32
 1905 0052 5A60     		str	r2, [r3, #4]
1181:Drivers/STM32F4/Drivers/STM32F4xx_HAL_Driver/Src/stm32f4xx_hal_adc.c ****                       HAL_ADC_STATE_REG_BUSY | HAL_ADC_STATE_INJ_BUSY,
 1906              		.loc 1 1181 5 view .LVU557
 1907 0054 236C     		ldr	r3, [r4, #64]
 1908 0056 23F48853 		bic	r3, r3, #4352
 1909 005a 23F00103 		bic	r3, r3, #1
 1910 005e 43F00103 		orr	r3, r3, #1
 1911 0062 2364     		str	r3, [r4, #64]
 1912              	.L161:
1187:Drivers/STM32F4/Drivers/STM32F4xx_HAL_Driver/Src/stm32f4xx_hal_adc.c **** 
 1913              		.loc 1 1187 3 view .LVU558
ARM GAS  /tmp/cciQ8ehY.s 			page 77


1187:Drivers/STM32F4/Drivers/STM32F4xx_HAL_Driver/Src/stm32f4xx_hal_adc.c **** 
 1914              		.loc 1 1187 3 view .LVU559
 1915 0064 0020     		movs	r0, #0
 1916 0066 84F83C00 		strb	r0, [r4, #60]
1187:Drivers/STM32F4/Drivers/STM32F4xx_HAL_Driver/Src/stm32f4xx_hal_adc.c **** 
 1917              		.loc 1 1187 3 view .LVU560
1190:Drivers/STM32F4/Drivers/STM32F4xx_HAL_Driver/Src/stm32f4xx_hal_adc.c **** }
 1918              		.loc 1 1190 3 view .LVU561
 1919              	.L160:
1191:Drivers/STM32F4/Drivers/STM32F4xx_HAL_Driver/Src/stm32f4xx_hal_adc.c **** 
 1920              		.loc 1 1191 1 is_stmt 0 view .LVU562
 1921 006a 10BD     		pop	{r4, pc}
 1922              	.LVL90:
 1923              	.L162:
1168:Drivers/STM32F4/Drivers/STM32F4xx_HAL_Driver/Src/stm32f4xx_hal_adc.c **** 
 1924              		.loc 1 1168 3 discriminator 1 view .LVU563
 1925 006c 0220     		movs	r0, #2
 1926 006e FCE7     		b	.L160
 1927              	.L165:
 1928              		.align	2
 1929              	.L164:
 1930 0070 00200140 		.word	1073815552
 1931 0074 00000000 		.word	.LC0
 1932              		.cfi_endproc
 1933              	.LFE248:
 1935              		.section	.text.HAL_ADC_Start_DMA,"ax",%progbits
 1936              		.align	1
 1937              		.global	HAL_ADC_Start_DMA
 1938              		.syntax unified
 1939              		.thumb
 1940              		.thumb_func
 1942              	HAL_ADC_Start_DMA:
 1943              	.LVL91:
 1944              	.LFB250:
1365:Drivers/STM32F4/Drivers/STM32F4xx_HAL_Driver/Src/stm32f4xx_hal_adc.c ****   __IO uint32_t counter = 0U;
 1945              		.loc 1 1365 1 is_stmt 1 view -0
 1946              		.cfi_startproc
 1947              		@ args = 0, pretend = 0, frame = 8
 1948              		@ frame_needed = 0, uses_anonymous_args = 0
1365:Drivers/STM32F4/Drivers/STM32F4xx_HAL_Driver/Src/stm32f4xx_hal_adc.c ****   __IO uint32_t counter = 0U;
 1949              		.loc 1 1365 1 is_stmt 0 view .LVU565
 1950 0000 70B5     		push	{r4, r5, r6, lr}
 1951              	.LCFI17:
 1952              		.cfi_def_cfa_offset 16
 1953              		.cfi_offset 4, -16
 1954              		.cfi_offset 5, -12
 1955              		.cfi_offset 6, -8
 1956              		.cfi_offset 14, -4
 1957 0002 82B0     		sub	sp, sp, #8
 1958              	.LCFI18:
 1959              		.cfi_def_cfa_offset 24
 1960 0004 0446     		mov	r4, r0
 1961 0006 0D46     		mov	r5, r1
 1962 0008 1646     		mov	r6, r2
1366:Drivers/STM32F4/Drivers/STM32F4xx_HAL_Driver/Src/stm32f4xx_hal_adc.c ****   ADC_Common_TypeDef *tmpADC_Common;
 1963              		.loc 1 1366 3 is_stmt 1 view .LVU566
1366:Drivers/STM32F4/Drivers/STM32F4xx_HAL_Driver/Src/stm32f4xx_hal_adc.c ****   ADC_Common_TypeDef *tmpADC_Common;
ARM GAS  /tmp/cciQ8ehY.s 			page 78


 1964              		.loc 1 1366 17 is_stmt 0 view .LVU567
 1965 000a 0023     		movs	r3, #0
 1966 000c 0193     		str	r3, [sp, #4]
1367:Drivers/STM32F4/Drivers/STM32F4xx_HAL_Driver/Src/stm32f4xx_hal_adc.c ****   HAL_StatusTypeDef tmp_hal_status = HAL_OK;
 1967              		.loc 1 1367 3 is_stmt 1 view .LVU568
1368:Drivers/STM32F4/Drivers/STM32F4xx_HAL_Driver/Src/stm32f4xx_hal_adc.c ****   /* Check the parameters */
 1968              		.loc 1 1368 3 view .LVU569
 1969              	.LVL92:
1370:Drivers/STM32F4/Drivers/STM32F4xx_HAL_Driver/Src/stm32f4xx_hal_adc.c ****   assert_param(IS_ADC_EXT_TRIG_EDGE(hadc->Init.ExternalTrigConvEdge));
 1970              		.loc 1 1370 3 view .LVU570
 1971 000e 037E     		ldrb	r3, [r0, #24]	@ zero_extendqisi2
 1972 0010 012B     		cmp	r3, #1
 1973 0012 25D8     		bhi	.L183
 1974              	.LVL93:
 1975              	.L167:
1371:Drivers/STM32F4/Drivers/STM32F4xx_HAL_Driver/Src/stm32f4xx_hal_adc.c **** 
 1976              		.loc 1 1371 3 view .LVU571
 1977 0014 E36A     		ldr	r3, [r4, #44]
 1978 0016 43B1     		cbz	r3, .L168
1371:Drivers/STM32F4/Drivers/STM32F4xx_HAL_Driver/Src/stm32f4xx_hal_adc.c **** 
 1979              		.loc 1 1371 3 is_stmt 0 discriminator 1 view .LVU572
 1980 0018 B3F1805F 		cmp	r3, #268435456
 1981 001c 05D0     		beq	.L168
1371:Drivers/STM32F4/Drivers/STM32F4xx_HAL_Driver/Src/stm32f4xx_hal_adc.c **** 
 1982              		.loc 1 1371 3 discriminator 2 view .LVU573
 1983 001e B3F1005F 		cmp	r3, #536870912
 1984 0022 02D0     		beq	.L168
1371:Drivers/STM32F4/Drivers/STM32F4xx_HAL_Driver/Src/stm32f4xx_hal_adc.c **** 
 1985              		.loc 1 1371 3 discriminator 3 view .LVU574
 1986 0024 B3F1405F 		cmp	r3, #805306368
 1987 0028 20D1     		bne	.L184
 1988              	.L168:
1374:Drivers/STM32F4/Drivers/STM32F4xx_HAL_Driver/Src/stm32f4xx_hal_adc.c **** 
 1989              		.loc 1 1374 3 is_stmt 1 view .LVU575
1374:Drivers/STM32F4/Drivers/STM32F4xx_HAL_Driver/Src/stm32f4xx_hal_adc.c **** 
 1990              		.loc 1 1374 3 view .LVU576
 1991 002a 94F83C30 		ldrb	r3, [r4, #60]	@ zero_extendqisi2
 1992 002e 012B     		cmp	r3, #1
 1993 0030 00F0B280 		beq	.L181
1374:Drivers/STM32F4/Drivers/STM32F4xx_HAL_Driver/Src/stm32f4xx_hal_adc.c **** 
 1994              		.loc 1 1374 3 discriminator 2 view .LVU577
 1995 0034 0123     		movs	r3, #1
 1996 0036 84F83C30 		strb	r3, [r4, #60]
1374:Drivers/STM32F4/Drivers/STM32F4xx_HAL_Driver/Src/stm32f4xx_hal_adc.c **** 
 1997              		.loc 1 1374 3 discriminator 2 view .LVU578
1379:Drivers/STM32F4/Drivers/STM32F4xx_HAL_Driver/Src/stm32f4xx_hal_adc.c ****   {
 1998              		.loc 1 1379 3 view .LVU579
1379:Drivers/STM32F4/Drivers/STM32F4xx_HAL_Driver/Src/stm32f4xx_hal_adc.c ****   {
 1999              		.loc 1 1379 12 is_stmt 0 view .LVU580
 2000 003a 2368     		ldr	r3, [r4]
1379:Drivers/STM32F4/Drivers/STM32F4xx_HAL_Driver/Src/stm32f4xx_hal_adc.c ****   {
 2001              		.loc 1 1379 22 view .LVU581
 2002 003c 9A68     		ldr	r2, [r3, #8]
1379:Drivers/STM32F4/Drivers/STM32F4xx_HAL_Driver/Src/stm32f4xx_hal_adc.c ****   {
 2003              		.loc 1 1379 6 view .LVU582
 2004 003e 12F0010F 		tst	r2, #1
 2005 0042 1FD1     		bne	.L170
ARM GAS  /tmp/cciQ8ehY.s 			page 79


1382:Drivers/STM32F4/Drivers/STM32F4xx_HAL_Driver/Src/stm32f4xx_hal_adc.c **** 
 2006              		.loc 1 1382 5 is_stmt 1 view .LVU583
 2007 0044 9A68     		ldr	r2, [r3, #8]
 2008 0046 42F00102 		orr	r2, r2, #1
 2009 004a 9A60     		str	r2, [r3, #8]
1386:Drivers/STM32F4/Drivers/STM32F4xx_HAL_Driver/Src/stm32f4xx_hal_adc.c ****     while (counter != 0U)
 2010              		.loc 1 1386 5 view .LVU584
1386:Drivers/STM32F4/Drivers/STM32F4xx_HAL_Driver/Src/stm32f4xx_hal_adc.c ****     while (counter != 0U)
 2011              		.loc 1 1386 53 is_stmt 0 view .LVU585
 2012 004c 534B     		ldr	r3, .L186
 2013 004e 1868     		ldr	r0, [r3]
 2014 0050 534B     		ldr	r3, .L186+4
 2015 0052 A3FB0030 		umull	r3, r0, r3, r0
 2016 0056 800C     		lsrs	r0, r0, #18
1386:Drivers/STM32F4/Drivers/STM32F4xx_HAL_Driver/Src/stm32f4xx_hal_adc.c ****     while (counter != 0U)
 2017              		.loc 1 1386 34 view .LVU586
 2018 0058 00EB4000 		add	r0, r0, r0, lsl #1
1386:Drivers/STM32F4/Drivers/STM32F4xx_HAL_Driver/Src/stm32f4xx_hal_adc.c ****     while (counter != 0U)
 2019              		.loc 1 1386 13 view .LVU587
 2020 005c 0190     		str	r0, [sp, #4]
1387:Drivers/STM32F4/Drivers/STM32F4xx_HAL_Driver/Src/stm32f4xx_hal_adc.c ****     {
 2021              		.loc 1 1387 5 is_stmt 1 view .LVU588
1387:Drivers/STM32F4/Drivers/STM32F4xx_HAL_Driver/Src/stm32f4xx_hal_adc.c ****     {
 2022              		.loc 1 1387 11 is_stmt 0 view .LVU589
 2023 005e 0EE0     		b	.L171
 2024              	.LVL94:
 2025              	.L183:
1370:Drivers/STM32F4/Drivers/STM32F4xx_HAL_Driver/Src/stm32f4xx_hal_adc.c ****   assert_param(IS_ADC_EXT_TRIG_EDGE(hadc->Init.ExternalTrigConvEdge));
 2026              		.loc 1 1370 3 discriminator 1 view .LVU590
 2027 0060 40F25A51 		movw	r1, #1370
 2028              	.LVL95:
1370:Drivers/STM32F4/Drivers/STM32F4xx_HAL_Driver/Src/stm32f4xx_hal_adc.c ****   assert_param(IS_ADC_EXT_TRIG_EDGE(hadc->Init.ExternalTrigConvEdge));
 2029              		.loc 1 1370 3 discriminator 1 view .LVU591
 2030 0064 4F48     		ldr	r0, .L186+8
 2031              	.LVL96:
1370:Drivers/STM32F4/Drivers/STM32F4xx_HAL_Driver/Src/stm32f4xx_hal_adc.c ****   assert_param(IS_ADC_EXT_TRIG_EDGE(hadc->Init.ExternalTrigConvEdge));
 2032              		.loc 1 1370 3 discriminator 1 view .LVU592
 2033 0066 FFF7FEFF 		bl	assert_failed
 2034              	.LVL97:
1370:Drivers/STM32F4/Drivers/STM32F4xx_HAL_Driver/Src/stm32f4xx_hal_adc.c ****   assert_param(IS_ADC_EXT_TRIG_EDGE(hadc->Init.ExternalTrigConvEdge));
 2035              		.loc 1 1370 3 discriminator 1 view .LVU593
 2036 006a D3E7     		b	.L167
 2037              	.L184:
1371:Drivers/STM32F4/Drivers/STM32F4xx_HAL_Driver/Src/stm32f4xx_hal_adc.c **** 
 2038              		.loc 1 1371 3 discriminator 4 view .LVU594
 2039 006c 40F25B51 		movw	r1, #1371
 2040 0070 4C48     		ldr	r0, .L186+8
 2041 0072 FFF7FEFF 		bl	assert_failed
 2042              	.LVL98:
 2043 0076 D8E7     		b	.L168
 2044              	.L172:
1389:Drivers/STM32F4/Drivers/STM32F4xx_HAL_Driver/Src/stm32f4xx_hal_adc.c ****     }
 2045              		.loc 1 1389 7 is_stmt 1 view .LVU595
1389:Drivers/STM32F4/Drivers/STM32F4xx_HAL_Driver/Src/stm32f4xx_hal_adc.c ****     }
 2046              		.loc 1 1389 14 is_stmt 0 view .LVU596
 2047 0078 0198     		ldr	r0, [sp, #4]
 2048 007a 0138     		subs	r0, r0, #1
ARM GAS  /tmp/cciQ8ehY.s 			page 80


 2049 007c 0190     		str	r0, [sp, #4]
 2050              	.L171:
1387:Drivers/STM32F4/Drivers/STM32F4xx_HAL_Driver/Src/stm32f4xx_hal_adc.c ****     {
 2051              		.loc 1 1387 20 is_stmt 1 view .LVU597
 2052 007e 0198     		ldr	r0, [sp, #4]
 2053 0080 0028     		cmp	r0, #0
 2054 0082 F9D1     		bne	.L172
 2055              	.L170:
1395:Drivers/STM32F4/Drivers/STM32F4xx_HAL_Driver/Src/stm32f4xx_hal_adc.c ****   {
 2056              		.loc 1 1395 3 view .LVU598
1395:Drivers/STM32F4/Drivers/STM32F4xx_HAL_Driver/Src/stm32f4xx_hal_adc.c ****   {
 2057              		.loc 1 1395 12 is_stmt 0 view .LVU599
 2058 0084 2368     		ldr	r3, [r4]
1395:Drivers/STM32F4/Drivers/STM32F4xx_HAL_Driver/Src/stm32f4xx_hal_adc.c ****   {
 2059              		.loc 1 1395 22 view .LVU600
 2060 0086 9A68     		ldr	r2, [r3, #8]
1395:Drivers/STM32F4/Drivers/STM32F4xx_HAL_Driver/Src/stm32f4xx_hal_adc.c ****   {
 2061              		.loc 1 1395 6 view .LVU601
 2062 0088 12F4807F 		tst	r2, #256
 2063 008c 03D0     		beq	.L173
1397:Drivers/STM32F4/Drivers/STM32F4xx_HAL_Driver/Src/stm32f4xx_hal_adc.c ****   }
 2064              		.loc 1 1397 5 is_stmt 1 view .LVU602
 2065 008e 9A68     		ldr	r2, [r3, #8]
 2066 0090 22F48072 		bic	r2, r2, #256
 2067 0094 9A60     		str	r2, [r3, #8]
 2068              	.L173:
1401:Drivers/STM32F4/Drivers/STM32F4xx_HAL_Driver/Src/stm32f4xx_hal_adc.c ****   {
 2069              		.loc 1 1401 3 view .LVU603
1401:Drivers/STM32F4/Drivers/STM32F4xx_HAL_Driver/Src/stm32f4xx_hal_adc.c ****   {
 2070              		.loc 1 1401 7 is_stmt 0 view .LVU604
 2071 0096 2268     		ldr	r2, [r4]
 2072 0098 9368     		ldr	r3, [r2, #8]
1401:Drivers/STM32F4/Drivers/STM32F4xx_HAL_Driver/Src/stm32f4xx_hal_adc.c ****   {
 2073              		.loc 1 1401 6 view .LVU605
 2074 009a 13F0010F 		tst	r3, #1
 2075 009e 70D0     		beq	.L174
1406:Drivers/STM32F4/Drivers/STM32F4xx_HAL_Driver/Src/stm32f4xx_hal_adc.c ****                       HAL_ADC_STATE_READY | HAL_ADC_STATE_REG_EOC | HAL_ADC_STATE_REG_OVR,
 2076              		.loc 1 1406 5 is_stmt 1 view .LVU606
 2077 00a0 236C     		ldr	r3, [r4, #64]
 2078 00a2 23F4E063 		bic	r3, r3, #1792
 2079 00a6 23F00103 		bic	r3, r3, #1
 2080 00aa 43F48073 		orr	r3, r3, #256
 2081 00ae 2364     		str	r3, [r4, #64]
1412:Drivers/STM32F4/Drivers/STM32F4xx_HAL_Driver/Src/stm32f4xx_hal_adc.c ****     {
 2082              		.loc 1 1412 5 view .LVU607
1412:Drivers/STM32F4/Drivers/STM32F4xx_HAL_Driver/Src/stm32f4xx_hal_adc.c ****     {
 2083              		.loc 1 1412 9 is_stmt 0 view .LVU608
 2084 00b0 5368     		ldr	r3, [r2, #4]
1412:Drivers/STM32F4/Drivers/STM32F4xx_HAL_Driver/Src/stm32f4xx_hal_adc.c ****     {
 2085              		.loc 1 1412 8 view .LVU609
 2086 00b2 13F4806F 		tst	r3, #1024
 2087 00b6 05D0     		beq	.L175
1414:Drivers/STM32F4/Drivers/STM32F4xx_HAL_Driver/Src/stm32f4xx_hal_adc.c ****     }
 2088              		.loc 1 1414 7 is_stmt 1 view .LVU610
 2089 00b8 236C     		ldr	r3, [r4, #64]
 2090 00ba 23F44053 		bic	r3, r3, #12288
 2091 00be 43F48053 		orr	r3, r3, #4096
ARM GAS  /tmp/cciQ8ehY.s 			page 81


 2092 00c2 2364     		str	r3, [r4, #64]
 2093              	.L175:
1418:Drivers/STM32F4/Drivers/STM32F4xx_HAL_Driver/Src/stm32f4xx_hal_adc.c ****     {
 2094              		.loc 1 1418 5 view .LVU611
1418:Drivers/STM32F4/Drivers/STM32F4xx_HAL_Driver/Src/stm32f4xx_hal_adc.c ****     {
 2095              		.loc 1 1418 9 is_stmt 0 view .LVU612
 2096 00c4 236C     		ldr	r3, [r4, #64]
1418:Drivers/STM32F4/Drivers/STM32F4xx_HAL_Driver/Src/stm32f4xx_hal_adc.c ****     {
 2097              		.loc 1 1418 8 view .LVU613
 2098 00c6 13F4805F 		tst	r3, #4096
 2099 00ca 3BD0     		beq	.L176
1421:Drivers/STM32F4/Drivers/STM32F4xx_HAL_Driver/Src/stm32f4xx_hal_adc.c ****     }
 2100              		.loc 1 1421 7 is_stmt 1 view .LVU614
 2101 00cc 636C     		ldr	r3, [r4, #68]
 2102 00ce 23F00603 		bic	r3, r3, #6
 2103 00d2 6364     		str	r3, [r4, #68]
 2104              	.L177:
1432:Drivers/STM32F4/Drivers/STM32F4xx_HAL_Driver/Src/stm32f4xx_hal_adc.c **** 
 2105              		.loc 1 1432 5 view .LVU615
1432:Drivers/STM32F4/Drivers/STM32F4xx_HAL_Driver/Src/stm32f4xx_hal_adc.c **** 
 2106              		.loc 1 1432 5 view .LVU616
 2107 00d4 0023     		movs	r3, #0
 2108 00d6 84F83C30 		strb	r3, [r4, #60]
1432:Drivers/STM32F4/Drivers/STM32F4xx_HAL_Driver/Src/stm32f4xx_hal_adc.c **** 
 2109              		.loc 1 1432 5 view .LVU617
1437:Drivers/STM32F4/Drivers/STM32F4xx_HAL_Driver/Src/stm32f4xx_hal_adc.c **** 
 2110              		.loc 1 1437 5 view .LVU618
 2111              	.LVL99:
1440:Drivers/STM32F4/Drivers/STM32F4xx_HAL_Driver/Src/stm32f4xx_hal_adc.c **** 
 2112              		.loc 1 1440 5 view .LVU619
1440:Drivers/STM32F4/Drivers/STM32F4xx_HAL_Driver/Src/stm32f4xx_hal_adc.c **** 
 2113              		.loc 1 1440 9 is_stmt 0 view .LVU620
 2114 00da A36B     		ldr	r3, [r4, #56]
1440:Drivers/STM32F4/Drivers/STM32F4xx_HAL_Driver/Src/stm32f4xx_hal_adc.c **** 
 2115              		.loc 1 1440 40 view .LVU621
 2116 00dc 324A     		ldr	r2, .L186+12
 2117 00de DA63     		str	r2, [r3, #60]
1443:Drivers/STM32F4/Drivers/STM32F4xx_HAL_Driver/Src/stm32f4xx_hal_adc.c **** 
 2118              		.loc 1 1443 5 is_stmt 1 view .LVU622
1443:Drivers/STM32F4/Drivers/STM32F4xx_HAL_Driver/Src/stm32f4xx_hal_adc.c **** 
 2119              		.loc 1 1443 9 is_stmt 0 view .LVU623
 2120 00e0 A36B     		ldr	r3, [r4, #56]
1443:Drivers/STM32F4/Drivers/STM32F4xx_HAL_Driver/Src/stm32f4xx_hal_adc.c **** 
 2121              		.loc 1 1443 44 view .LVU624
 2122 00e2 324A     		ldr	r2, .L186+16
 2123 00e4 1A64     		str	r2, [r3, #64]
1446:Drivers/STM32F4/Drivers/STM32F4xx_HAL_Driver/Src/stm32f4xx_hal_adc.c **** 
 2124              		.loc 1 1446 5 is_stmt 1 view .LVU625
1446:Drivers/STM32F4/Drivers/STM32F4xx_HAL_Driver/Src/stm32f4xx_hal_adc.c **** 
 2125              		.loc 1 1446 9 is_stmt 0 view .LVU626
 2126 00e6 A36B     		ldr	r3, [r4, #56]
1446:Drivers/STM32F4/Drivers/STM32F4xx_HAL_Driver/Src/stm32f4xx_hal_adc.c **** 
 2127              		.loc 1 1446 41 view .LVU627
 2128 00e8 314A     		ldr	r2, .L186+20
 2129 00ea DA64     		str	r2, [r3, #76]
1454:Drivers/STM32F4/Drivers/STM32F4xx_HAL_Driver/Src/stm32f4xx_hal_adc.c **** 
 2130              		.loc 1 1454 5 is_stmt 1 view .LVU628
ARM GAS  /tmp/cciQ8ehY.s 			page 82


 2131 00ec 2368     		ldr	r3, [r4]
 2132 00ee 6FF02202 		mvn	r2, #34
 2133 00f2 1A60     		str	r2, [r3]
1457:Drivers/STM32F4/Drivers/STM32F4xx_HAL_Driver/Src/stm32f4xx_hal_adc.c **** 
 2134              		.loc 1 1457 5 view .LVU629
 2135 00f4 2268     		ldr	r2, [r4]
 2136 00f6 5368     		ldr	r3, [r2, #4]
 2137 00f8 43F08063 		orr	r3, r3, #67108864
 2138 00fc 5360     		str	r3, [r2, #4]
1460:Drivers/STM32F4/Drivers/STM32F4xx_HAL_Driver/Src/stm32f4xx_hal_adc.c **** 
 2139              		.loc 1 1460 5 view .LVU630
1460:Drivers/STM32F4/Drivers/STM32F4xx_HAL_Driver/Src/stm32f4xx_hal_adc.c **** 
 2140              		.loc 1 1460 9 is_stmt 0 view .LVU631
 2141 00fe 2268     		ldr	r2, [r4]
1460:Drivers/STM32F4/Drivers/STM32F4xx_HAL_Driver/Src/stm32f4xx_hal_adc.c **** 
 2142              		.loc 1 1460 19 view .LVU632
 2143 0100 9368     		ldr	r3, [r2, #8]
1460:Drivers/STM32F4/Drivers/STM32F4xx_HAL_Driver/Src/stm32f4xx_hal_adc.c **** 
 2144              		.loc 1 1460 25 view .LVU633
 2145 0102 43F48073 		orr	r3, r3, #256
 2146 0106 9360     		str	r3, [r2, #8]
1463:Drivers/STM32F4/Drivers/STM32F4xx_HAL_Driver/Src/stm32f4xx_hal_adc.c **** 
 2147              		.loc 1 1463 5 is_stmt 1 view .LVU634
1463:Drivers/STM32F4/Drivers/STM32F4xx_HAL_Driver/Src/stm32f4xx_hal_adc.c **** 
 2148              		.loc 1 1463 72 is_stmt 0 view .LVU635
 2149 0108 2168     		ldr	r1, [r4]
1463:Drivers/STM32F4/Drivers/STM32F4xx_HAL_Driver/Src/stm32f4xx_hal_adc.c **** 
 2150              		.loc 1 1463 22 view .LVU636
 2151 010a 3346     		mov	r3, r6
 2152 010c 2A46     		mov	r2, r5
 2153 010e 4C31     		adds	r1, r1, #76
 2154 0110 A06B     		ldr	r0, [r4, #56]
 2155 0112 FFF7FEFF 		bl	HAL_DMA_Start_IT
 2156              	.LVL100:
1466:Drivers/STM32F4/Drivers/STM32F4xx_HAL_Driver/Src/stm32f4xx_hal_adc.c ****     {
 2157              		.loc 1 1466 5 is_stmt 1 view .LVU637
1466:Drivers/STM32F4/Drivers/STM32F4xx_HAL_Driver/Src/stm32f4xx_hal_adc.c ****     {
 2158              		.loc 1 1466 9 is_stmt 0 view .LVU638
 2159 0116 274B     		ldr	r3, .L186+24
 2160 0118 5B68     		ldr	r3, [r3, #4]
1466:Drivers/STM32F4/Drivers/STM32F4xx_HAL_Driver/Src/stm32f4xx_hal_adc.c ****     {
 2161              		.loc 1 1466 8 view .LVU639
 2162 011a 13F01F0F 		tst	r3, #31
 2163 011e 23D1     		bne	.L178
1469:Drivers/STM32F4/Drivers/STM32F4xx_HAL_Driver/Src/stm32f4xx_hal_adc.c ****           || ((hadc->Instance == ADC3) && ((ADC->CCR & ADC_CCR_MULTI_Msk) < ADC_CCR_MULTI_4)))
 2164              		.loc 1 1469 7 is_stmt 1 view .LVU640
1469:Drivers/STM32F4/Drivers/STM32F4xx_HAL_Driver/Src/stm32f4xx_hal_adc.c ****           || ((hadc->Instance == ADC3) && ((ADC->CCR & ADC_CCR_MULTI_Msk) < ADC_CCR_MULTI_4)))
 2165              		.loc 1 1469 16 is_stmt 0 view .LVU641
 2166 0120 2368     		ldr	r3, [r4]
1469:Drivers/STM32F4/Drivers/STM32F4xx_HAL_Driver/Src/stm32f4xx_hal_adc.c ****           || ((hadc->Instance == ADC3) && ((ADC->CCR & ADC_CCR_MULTI_Msk) < ADC_CCR_MULTI_4)))
 2167              		.loc 1 1469 10 view .LVU642
 2168 0122 254A     		ldr	r2, .L186+28
 2169 0124 9342     		cmp	r3, r2
 2170 0126 16D0     		beq	.L179
1469:Drivers/STM32F4/Drivers/STM32F4xx_HAL_Driver/Src/stm32f4xx_hal_adc.c ****           || ((hadc->Instance == ADC3) && ((ADC->CCR & ADC_CCR_MULTI_Msk) < ADC_CCR_MULTI_4)))
 2171              		.loc 1 1469 36 discriminator 1 view .LVU643
 2172 0128 02F58072 		add	r2, r2, #256
ARM GAS  /tmp/cciQ8ehY.s 			page 83


 2173 012c 9342     		cmp	r3, r2
 2174 012e 0CD0     		beq	.L185
 2175              	.L180:
1470:Drivers/STM32F4/Drivers/STM32F4xx_HAL_Driver/Src/stm32f4xx_hal_adc.c ****       {
 2176              		.loc 1 1470 11 view .LVU644
 2177 0130 224A     		ldr	r2, .L186+32
 2178 0132 9342     		cmp	r3, r2
 2179 0134 2ED1     		bne	.L169
1470:Drivers/STM32F4/Drivers/STM32F4xx_HAL_Driver/Src/stm32f4xx_hal_adc.c ****       {
 2180              		.loc 1 1470 48 discriminator 1 view .LVU645
 2181 0136 02F58072 		add	r2, r2, #256
 2182 013a 5268     		ldr	r2, [r2, #4]
1470:Drivers/STM32F4/Drivers/STM32F4xx_HAL_Driver/Src/stm32f4xx_hal_adc.c ****       {
 2183              		.loc 1 1470 40 discriminator 1 view .LVU646
 2184 013c 12F0100F 		tst	r2, #16
 2185 0140 28D1     		bne	.L169
 2186 0142 08E0     		b	.L179
 2187              	.LVL101:
 2188              	.L176:
1426:Drivers/STM32F4/Drivers/STM32F4xx_HAL_Driver/Src/stm32f4xx_hal_adc.c ****     }
 2189              		.loc 1 1426 7 is_stmt 1 view .LVU647
 2190 0144 0023     		movs	r3, #0
 2191 0146 6364     		str	r3, [r4, #68]
 2192 0148 C4E7     		b	.L177
 2193              	.LVL102:
 2194              	.L185:
1469:Drivers/STM32F4/Drivers/STM32F4xx_HAL_Driver/Src/stm32f4xx_hal_adc.c ****           || ((hadc->Instance == ADC3) && ((ADC->CCR & ADC_CCR_MULTI_Msk) < ADC_CCR_MULTI_4)))
 2195              		.loc 1 1469 73 is_stmt 0 discriminator 2 view .LVU648
 2196 014a 02F50072 		add	r2, r2, #512
 2197 014e 5268     		ldr	r2, [r2, #4]
1469:Drivers/STM32F4/Drivers/STM32F4xx_HAL_Driver/Src/stm32f4xx_hal_adc.c ****           || ((hadc->Instance == ADC3) && ((ADC->CCR & ADC_CCR_MULTI_Msk) < ADC_CCR_MULTI_4)))
 2198              		.loc 1 1469 65 discriminator 2 view .LVU649
 2199 0150 12F01F0F 		tst	r2, #31
 2200 0154 ECD1     		bne	.L180
 2201              	.L179:
1474:Drivers/STM32F4/Drivers/STM32F4xx_HAL_Driver/Src/stm32f4xx_hal_adc.c ****         {
 2202              		.loc 1 1474 9 is_stmt 1 view .LVU650
1474:Drivers/STM32F4/Drivers/STM32F4xx_HAL_Driver/Src/stm32f4xx_hal_adc.c ****         {
 2203              		.loc 1 1474 28 is_stmt 0 view .LVU651
 2204 0156 9A68     		ldr	r2, [r3, #8]
1474:Drivers/STM32F4/Drivers/STM32F4xx_HAL_Driver/Src/stm32f4xx_hal_adc.c ****         {
 2205              		.loc 1 1474 12 view .LVU652
 2206 0158 12F0405F 		tst	r2, #805306368
 2207 015c 1AD1     		bne	.L169
1477:Drivers/STM32F4/Drivers/STM32F4xx_HAL_Driver/Src/stm32f4xx_hal_adc.c ****         }
 2208              		.loc 1 1477 11 is_stmt 1 view .LVU653
1477:Drivers/STM32F4/Drivers/STM32F4xx_HAL_Driver/Src/stm32f4xx_hal_adc.c ****         }
 2209              		.loc 1 1477 25 is_stmt 0 view .LVU654
 2210 015e 9A68     		ldr	r2, [r3, #8]
1477:Drivers/STM32F4/Drivers/STM32F4xx_HAL_Driver/Src/stm32f4xx_hal_adc.c ****         }
 2211              		.loc 1 1477 31 view .LVU655
 2212 0160 42F08042 		orr	r2, r2, #1073741824
 2213 0164 9A60     		str	r2, [r3, #8]
 2214 0166 15E0     		b	.L169
 2215              	.L178:
1486:Drivers/STM32F4/Drivers/STM32F4xx_HAL_Driver/Src/stm32f4xx_hal_adc.c ****       {
 2216              		.loc 1 1486 7 is_stmt 1 view .LVU656
ARM GAS  /tmp/cciQ8ehY.s 			page 84


1486:Drivers/STM32F4/Drivers/STM32F4xx_HAL_Driver/Src/stm32f4xx_hal_adc.c ****       {
 2217              		.loc 1 1486 16 is_stmt 0 view .LVU657
 2218 0168 2368     		ldr	r3, [r4]
1486:Drivers/STM32F4/Drivers/STM32F4xx_HAL_Driver/Src/stm32f4xx_hal_adc.c ****       {
 2219              		.loc 1 1486 10 view .LVU658
 2220 016a 134A     		ldr	r2, .L186+28
 2221 016c 9342     		cmp	r3, r2
 2222 016e 11D1     		bne	.L169
1486:Drivers/STM32F4/Drivers/STM32F4xx_HAL_Driver/Src/stm32f4xx_hal_adc.c ****       {
 2223              		.loc 1 1486 55 discriminator 1 view .LVU659
 2224 0170 9A68     		ldr	r2, [r3, #8]
1486:Drivers/STM32F4/Drivers/STM32F4xx_HAL_Driver/Src/stm32f4xx_hal_adc.c ****       {
 2225              		.loc 1 1486 36 discriminator 1 view .LVU660
 2226 0172 12F0405F 		tst	r2, #805306368
 2227 0176 0DD1     		bne	.L169
1489:Drivers/STM32F4/Drivers/STM32F4xx_HAL_Driver/Src/stm32f4xx_hal_adc.c ****       }
 2228              		.loc 1 1489 9 is_stmt 1 view .LVU661
1489:Drivers/STM32F4/Drivers/STM32F4xx_HAL_Driver/Src/stm32f4xx_hal_adc.c ****       }
 2229              		.loc 1 1489 23 is_stmt 0 view .LVU662
 2230 0178 9A68     		ldr	r2, [r3, #8]
1489:Drivers/STM32F4/Drivers/STM32F4xx_HAL_Driver/Src/stm32f4xx_hal_adc.c ****       }
 2231              		.loc 1 1489 29 view .LVU663
 2232 017a 42F08042 		orr	r2, r2, #1073741824
 2233 017e 9A60     		str	r2, [r3, #8]
 2234 0180 08E0     		b	.L169
 2235              	.LVL103:
 2236              	.L174:
1496:Drivers/STM32F4/Drivers/STM32F4xx_HAL_Driver/Src/stm32f4xx_hal_adc.c **** 
 2237              		.loc 1 1496 5 is_stmt 1 view .LVU664
 2238 0182 236C     		ldr	r3, [r4, #64]
 2239 0184 43F01003 		orr	r3, r3, #16
 2240 0188 2364     		str	r3, [r4, #64]
1499:Drivers/STM32F4/Drivers/STM32F4xx_HAL_Driver/Src/stm32f4xx_hal_adc.c ****   }
 2241              		.loc 1 1499 5 view .LVU665
 2242 018a 636C     		ldr	r3, [r4, #68]
 2243 018c 43F00103 		orr	r3, r3, #1
 2244 0190 6364     		str	r3, [r4, #68]
1368:Drivers/STM32F4/Drivers/STM32F4xx_HAL_Driver/Src/stm32f4xx_hal_adc.c ****   /* Check the parameters */
 2245              		.loc 1 1368 21 is_stmt 0 view .LVU666
 2246 0192 0020     		movs	r0, #0
 2247              	.LVL104:
 2248              	.L169:
1504:Drivers/STM32F4/Drivers/STM32F4xx_HAL_Driver/Src/stm32f4xx_hal_adc.c **** 
 2249              		.loc 1 1504 1 view .LVU667
 2250 0194 02B0     		add	sp, sp, #8
 2251              	.LCFI19:
 2252              		.cfi_remember_state
 2253              		.cfi_def_cfa_offset 16
 2254              		@ sp needed
 2255 0196 70BD     		pop	{r4, r5, r6, pc}
 2256              	.LVL105:
 2257              	.L181:
 2258              	.LCFI20:
 2259              		.cfi_restore_state
1374:Drivers/STM32F4/Drivers/STM32F4xx_HAL_Driver/Src/stm32f4xx_hal_adc.c **** 
 2260              		.loc 1 1374 3 discriminator 1 view .LVU668
 2261 0198 0220     		movs	r0, #2
ARM GAS  /tmp/cciQ8ehY.s 			page 85


 2262 019a FBE7     		b	.L169
 2263              	.L187:
 2264              		.align	2
 2265              	.L186:
 2266 019c 00000000 		.word	SystemCoreClock
 2267 01a0 83DE1B43 		.word	1125899907
 2268 01a4 00000000 		.word	.LC0
 2269 01a8 00000000 		.word	ADC_DMAConvCplt
 2270 01ac 00000000 		.word	ADC_DMAHalfConvCplt
 2271 01b0 00000000 		.word	ADC_DMAError
 2272 01b4 00230140 		.word	1073816320
 2273 01b8 00200140 		.word	1073815552
 2274 01bc 00220140 		.word	1073816064
 2275              		.cfi_endproc
 2276              	.LFE250:
 2278              		.section	.text.HAL_ADC_Stop_DMA,"ax",%progbits
 2279              		.align	1
 2280              		.global	HAL_ADC_Stop_DMA
 2281              		.syntax unified
 2282              		.thumb
 2283              		.thumb_func
 2285              	HAL_ADC_Stop_DMA:
 2286              	.LVL106:
 2287              	.LFB251:
1513:Drivers/STM32F4/Drivers/STM32F4xx_HAL_Driver/Src/stm32f4xx_hal_adc.c ****   HAL_StatusTypeDef tmp_hal_status = HAL_OK;
 2288              		.loc 1 1513 1 is_stmt 1 view -0
 2289              		.cfi_startproc
 2290              		@ args = 0, pretend = 0, frame = 0
 2291              		@ frame_needed = 0, uses_anonymous_args = 0
1513:Drivers/STM32F4/Drivers/STM32F4xx_HAL_Driver/Src/stm32f4xx_hal_adc.c ****   HAL_StatusTypeDef tmp_hal_status = HAL_OK;
 2292              		.loc 1 1513 1 is_stmt 0 view .LVU670
 2293 0000 10B5     		push	{r4, lr}
 2294              	.LCFI21:
 2295              		.cfi_def_cfa_offset 8
 2296              		.cfi_offset 4, -8
 2297              		.cfi_offset 14, -4
 2298 0002 0446     		mov	r4, r0
1514:Drivers/STM32F4/Drivers/STM32F4xx_HAL_Driver/Src/stm32f4xx_hal_adc.c **** 
 2299              		.loc 1 1514 3 is_stmt 1 view .LVU671
 2300              	.LVL107:
1517:Drivers/STM32F4/Drivers/STM32F4xx_HAL_Driver/Src/stm32f4xx_hal_adc.c **** 
 2301              		.loc 1 1517 3 view .LVU672
 2302 0004 0368     		ldr	r3, [r0]
 2303 0006 254A     		ldr	r2, .L198
 2304 0008 9342     		cmp	r3, r2
 2305 000a 0CD0     		beq	.L189
1517:Drivers/STM32F4/Drivers/STM32F4xx_HAL_Driver/Src/stm32f4xx_hal_adc.c **** 
 2306              		.loc 1 1517 3 is_stmt 0 discriminator 1 view .LVU673
 2307 000c 02F58072 		add	r2, r2, #256
 2308 0010 9342     		cmp	r3, r2
 2309 0012 08D0     		beq	.L189
1517:Drivers/STM32F4/Drivers/STM32F4xx_HAL_Driver/Src/stm32f4xx_hal_adc.c **** 
 2310              		.loc 1 1517 3 discriminator 2 view .LVU674
 2311 0014 02F58072 		add	r2, r2, #256
 2312 0018 9342     		cmp	r3, r2
 2313 001a 04D0     		beq	.L189
1517:Drivers/STM32F4/Drivers/STM32F4xx_HAL_Driver/Src/stm32f4xx_hal_adc.c **** 
ARM GAS  /tmp/cciQ8ehY.s 			page 86


 2314              		.loc 1 1517 3 discriminator 3 view .LVU675
 2315 001c 40F2ED51 		movw	r1, #1517
 2316 0020 1F48     		ldr	r0, .L198+4
 2317              	.LVL108:
1517:Drivers/STM32F4/Drivers/STM32F4xx_HAL_Driver/Src/stm32f4xx_hal_adc.c **** 
 2318              		.loc 1 1517 3 discriminator 3 view .LVU676
 2319 0022 FFF7FEFF 		bl	assert_failed
 2320              	.LVL109:
 2321              	.L189:
1520:Drivers/STM32F4/Drivers/STM32F4xx_HAL_Driver/Src/stm32f4xx_hal_adc.c **** 
 2322              		.loc 1 1520 3 is_stmt 1 view .LVU677
1520:Drivers/STM32F4/Drivers/STM32F4xx_HAL_Driver/Src/stm32f4xx_hal_adc.c **** 
 2323              		.loc 1 1520 3 view .LVU678
 2324 0026 94F83C30 		ldrb	r3, [r4, #60]	@ zero_extendqisi2
 2325 002a 012B     		cmp	r3, #1
 2326 002c 33D0     		beq	.L193
1520:Drivers/STM32F4/Drivers/STM32F4xx_HAL_Driver/Src/stm32f4xx_hal_adc.c **** 
 2327              		.loc 1 1520 3 discriminator 2 view .LVU679
 2328 002e 0123     		movs	r3, #1
 2329 0030 84F83C30 		strb	r3, [r4, #60]
1520:Drivers/STM32F4/Drivers/STM32F4xx_HAL_Driver/Src/stm32f4xx_hal_adc.c **** 
 2330              		.loc 1 1520 3 discriminator 2 view .LVU680
1524:Drivers/STM32F4/Drivers/STM32F4xx_HAL_Driver/Src/stm32f4xx_hal_adc.c **** 
 2331              		.loc 1 1524 3 view .LVU681
 2332 0034 2268     		ldr	r2, [r4]
 2333 0036 9368     		ldr	r3, [r2, #8]
 2334 0038 23F00103 		bic	r3, r3, #1
 2335 003c 9360     		str	r3, [r2, #8]
1527:Drivers/STM32F4/Drivers/STM32F4xx_HAL_Driver/Src/stm32f4xx_hal_adc.c ****   {
 2336              		.loc 1 1527 3 view .LVU682
1527:Drivers/STM32F4/Drivers/STM32F4xx_HAL_Driver/Src/stm32f4xx_hal_adc.c ****   {
 2337              		.loc 1 1527 7 is_stmt 0 view .LVU683
 2338 003e 2368     		ldr	r3, [r4]
 2339 0040 9A68     		ldr	r2, [r3, #8]
1527:Drivers/STM32F4/Drivers/STM32F4xx_HAL_Driver/Src/stm32f4xx_hal_adc.c ****   {
 2340              		.loc 1 1527 6 view .LVU684
 2341 0042 12F0010F 		tst	r2, #1
 2342 0046 21D1     		bne	.L194
1530:Drivers/STM32F4/Drivers/STM32F4xx_HAL_Driver/Src/stm32f4xx_hal_adc.c **** 
 2343              		.loc 1 1530 5 is_stmt 1 view .LVU685
1530:Drivers/STM32F4/Drivers/STM32F4xx_HAL_Driver/Src/stm32f4xx_hal_adc.c **** 
 2344              		.loc 1 1530 19 is_stmt 0 view .LVU686
 2345 0048 9A68     		ldr	r2, [r3, #8]
1530:Drivers/STM32F4/Drivers/STM32F4xx_HAL_Driver/Src/stm32f4xx_hal_adc.c **** 
 2346              		.loc 1 1530 25 view .LVU687
 2347 004a 22F48072 		bic	r2, r2, #256
 2348 004e 9A60     		str	r2, [r3, #8]
1534:Drivers/STM32F4/Drivers/STM32F4xx_HAL_Driver/Src/stm32f4xx_hal_adc.c ****     {
 2349              		.loc 1 1534 5 is_stmt 1 view .LVU688
1534:Drivers/STM32F4/Drivers/STM32F4xx_HAL_Driver/Src/stm32f4xx_hal_adc.c ****     {
 2350              		.loc 1 1534 13 is_stmt 0 view .LVU689
 2351 0050 A06B     		ldr	r0, [r4, #56]
1534:Drivers/STM32F4/Drivers/STM32F4xx_HAL_Driver/Src/stm32f4xx_hal_adc.c ****     {
 2352              		.loc 1 1534 25 view .LVU690
 2353 0052 90F83530 		ldrb	r3, [r0, #53]	@ zero_extendqisi2
 2354 0056 DBB2     		uxtb	r3, r3
1534:Drivers/STM32F4/Drivers/STM32F4xx_HAL_Driver/Src/stm32f4xx_hal_adc.c ****     {
ARM GAS  /tmp/cciQ8ehY.s 			page 87


 2355              		.loc 1 1534 8 view .LVU691
 2356 0058 022B     		cmp	r3, #2
 2357 005a 0ED0     		beq	.L197
1514:Drivers/STM32F4/Drivers/STM32F4xx_HAL_Driver/Src/stm32f4xx_hal_adc.c **** 
 2358              		.loc 1 1514 21 view .LVU692
 2359 005c 0020     		movs	r0, #0
 2360              	.LVL110:
 2361              	.L192:
1547:Drivers/STM32F4/Drivers/STM32F4xx_HAL_Driver/Src/stm32f4xx_hal_adc.c **** 
 2362              		.loc 1 1547 5 is_stmt 1 view .LVU693
 2363 005e 2268     		ldr	r2, [r4]
 2364 0060 5368     		ldr	r3, [r2, #4]
 2365 0062 23F08063 		bic	r3, r3, #67108864
 2366 0066 5360     		str	r3, [r2, #4]
1550:Drivers/STM32F4/Drivers/STM32F4xx_HAL_Driver/Src/stm32f4xx_hal_adc.c ****                       HAL_ADC_STATE_REG_BUSY | HAL_ADC_STATE_INJ_BUSY,
 2367              		.loc 1 1550 5 view .LVU694
 2368 0068 236C     		ldr	r3, [r4, #64]
 2369 006a 23F48853 		bic	r3, r3, #4352
 2370 006e 23F00103 		bic	r3, r3, #1
 2371 0072 43F00103 		orr	r3, r3, #1
 2372 0076 2364     		str	r3, [r4, #64]
 2373 0078 09E0     		b	.L191
 2374              	.LVL111:
 2375              	.L197:
1536:Drivers/STM32F4/Drivers/STM32F4xx_HAL_Driver/Src/stm32f4xx_hal_adc.c **** 
 2376              		.loc 1 1536 7 view .LVU695
1536:Drivers/STM32F4/Drivers/STM32F4xx_HAL_Driver/Src/stm32f4xx_hal_adc.c **** 
 2377              		.loc 1 1536 24 is_stmt 0 view .LVU696
 2378 007a FFF7FEFF 		bl	HAL_DMA_Abort
 2379              	.LVL112:
1539:Drivers/STM32F4/Drivers/STM32F4xx_HAL_Driver/Src/stm32f4xx_hal_adc.c ****       {
 2380              		.loc 1 1539 7 is_stmt 1 view .LVU697
1539:Drivers/STM32F4/Drivers/STM32F4xx_HAL_Driver/Src/stm32f4xx_hal_adc.c ****       {
 2381              		.loc 1 1539 10 is_stmt 0 view .LVU698
 2382 007e 0028     		cmp	r0, #0
 2383 0080 EDD0     		beq	.L192
1542:Drivers/STM32F4/Drivers/STM32F4xx_HAL_Driver/Src/stm32f4xx_hal_adc.c ****       }
 2384              		.loc 1 1542 9 is_stmt 1 view .LVU699
 2385 0082 236C     		ldr	r3, [r4, #64]
 2386 0084 43F04003 		orr	r3, r3, #64
 2387 0088 2364     		str	r3, [r4, #64]
 2388 008a E8E7     		b	.L192
 2389              	.LVL113:
 2390              	.L194:
1514:Drivers/STM32F4/Drivers/STM32F4xx_HAL_Driver/Src/stm32f4xx_hal_adc.c **** 
 2391              		.loc 1 1514 21 is_stmt 0 view .LVU700
 2392 008c 0020     		movs	r0, #0
 2393              	.LVL114:
 2394              	.L191:
1556:Drivers/STM32F4/Drivers/STM32F4xx_HAL_Driver/Src/stm32f4xx_hal_adc.c **** 
 2395              		.loc 1 1556 3 is_stmt 1 view .LVU701
1556:Drivers/STM32F4/Drivers/STM32F4xx_HAL_Driver/Src/stm32f4xx_hal_adc.c **** 
 2396              		.loc 1 1556 3 view .LVU702
 2397 008e 0023     		movs	r3, #0
 2398 0090 84F83C30 		strb	r3, [r4, #60]
1556:Drivers/STM32F4/Drivers/STM32F4xx_HAL_Driver/Src/stm32f4xx_hal_adc.c **** 
 2399              		.loc 1 1556 3 view .LVU703
ARM GAS  /tmp/cciQ8ehY.s 			page 88


1559:Drivers/STM32F4/Drivers/STM32F4xx_HAL_Driver/Src/stm32f4xx_hal_adc.c **** }
 2400              		.loc 1 1559 3 view .LVU704
 2401              	.LVL115:
 2402              	.L190:
1560:Drivers/STM32F4/Drivers/STM32F4xx_HAL_Driver/Src/stm32f4xx_hal_adc.c **** 
 2403              		.loc 1 1560 1 is_stmt 0 view .LVU705
 2404 0094 10BD     		pop	{r4, pc}
 2405              	.LVL116:
 2406              	.L193:
1520:Drivers/STM32F4/Drivers/STM32F4xx_HAL_Driver/Src/stm32f4xx_hal_adc.c **** 
 2407              		.loc 1 1520 3 discriminator 1 view .LVU706
 2408 0096 0220     		movs	r0, #2
 2409 0098 FCE7     		b	.L190
 2410              	.L199:
 2411 009a 00BF     		.align	2
 2412              	.L198:
 2413 009c 00200140 		.word	1073815552
 2414 00a0 00000000 		.word	.LC0
 2415              		.cfi_endproc
 2416              	.LFE251:
 2418              		.section	.text.HAL_ADC_GetValue,"ax",%progbits
 2419              		.align	1
 2420              		.global	HAL_ADC_GetValue
 2421              		.syntax unified
 2422              		.thumb
 2423              		.thumb_func
 2425              	HAL_ADC_GetValue:
 2426              	.LVL117:
 2427              	.LFB252:
1569:Drivers/STM32F4/Drivers/STM32F4xx_HAL_Driver/Src/stm32f4xx_hal_adc.c ****   /* Return the selected ADC converted value */
 2428              		.loc 1 1569 1 is_stmt 1 view -0
 2429              		.cfi_startproc
 2430              		@ args = 0, pretend = 0, frame = 0
 2431              		@ frame_needed = 0, uses_anonymous_args = 0
 2432              		@ link register save eliminated.
1571:Drivers/STM32F4/Drivers/STM32F4xx_HAL_Driver/Src/stm32f4xx_hal_adc.c **** }
 2433              		.loc 1 1571 3 view .LVU708
1571:Drivers/STM32F4/Drivers/STM32F4xx_HAL_Driver/Src/stm32f4xx_hal_adc.c **** }
 2434              		.loc 1 1571 14 is_stmt 0 view .LVU709
 2435 0000 0368     		ldr	r3, [r0]
1571:Drivers/STM32F4/Drivers/STM32F4xx_HAL_Driver/Src/stm32f4xx_hal_adc.c **** }
 2436              		.loc 1 1571 24 view .LVU710
 2437 0002 D86C     		ldr	r0, [r3, #76]
 2438              	.LVL118:
1572:Drivers/STM32F4/Drivers/STM32F4xx_HAL_Driver/Src/stm32f4xx_hal_adc.c **** 
 2439              		.loc 1 1572 1 view .LVU711
 2440 0004 7047     		bx	lr
 2441              		.cfi_endproc
 2442              	.LFE252:
 2444              		.section	.text.HAL_ADC_ConvCpltCallback,"ax",%progbits
 2445              		.align	1
 2446              		.weak	HAL_ADC_ConvCpltCallback
 2447              		.syntax unified
 2448              		.thumb
 2449              		.thumb_func
 2451              	HAL_ADC_ConvCpltCallback:
 2452              	.LVL119:
ARM GAS  /tmp/cciQ8ehY.s 			page 89


 2453              	.LFB253:
1581:Drivers/STM32F4/Drivers/STM32F4xx_HAL_Driver/Src/stm32f4xx_hal_adc.c ****   /* Prevent unused argument(s) compilation warning */
 2454              		.loc 1 1581 1 is_stmt 1 view -0
 2455              		.cfi_startproc
 2456              		@ args = 0, pretend = 0, frame = 0
 2457              		@ frame_needed = 0, uses_anonymous_args = 0
 2458              		@ link register save eliminated.
1583:Drivers/STM32F4/Drivers/STM32F4xx_HAL_Driver/Src/stm32f4xx_hal_adc.c ****   /* NOTE : This function Should not be modified, when the callback is needed,
 2459              		.loc 1 1583 3 view .LVU713
1587:Drivers/STM32F4/Drivers/STM32F4xx_HAL_Driver/Src/stm32f4xx_hal_adc.c **** 
 2460              		.loc 1 1587 1 is_stmt 0 view .LVU714
 2461 0000 7047     		bx	lr
 2462              		.cfi_endproc
 2463              	.LFE253:
 2465              		.section	.text.HAL_ADC_ConvHalfCpltCallback,"ax",%progbits
 2466              		.align	1
 2467              		.weak	HAL_ADC_ConvHalfCpltCallback
 2468              		.syntax unified
 2469              		.thumb
 2470              		.thumb_func
 2472              	HAL_ADC_ConvHalfCpltCallback:
 2473              	.LVL120:
 2474              	.LFB254:
1596:Drivers/STM32F4/Drivers/STM32F4xx_HAL_Driver/Src/stm32f4xx_hal_adc.c ****   /* Prevent unused argument(s) compilation warning */
 2475              		.loc 1 1596 1 is_stmt 1 view -0
 2476              		.cfi_startproc
 2477              		@ args = 0, pretend = 0, frame = 0
 2478              		@ frame_needed = 0, uses_anonymous_args = 0
 2479              		@ link register save eliminated.
1598:Drivers/STM32F4/Drivers/STM32F4xx_HAL_Driver/Src/stm32f4xx_hal_adc.c ****   /* NOTE : This function Should not be modified, when the callback is needed,
 2480              		.loc 1 1598 3 view .LVU716
1602:Drivers/STM32F4/Drivers/STM32F4xx_HAL_Driver/Src/stm32f4xx_hal_adc.c **** 
 2481              		.loc 1 1602 1 is_stmt 0 view .LVU717
 2482 0000 7047     		bx	lr
 2483              		.cfi_endproc
 2484              	.LFE254:
 2486              		.section	.text.ADC_DMAHalfConvCplt,"ax",%progbits
 2487              		.align	1
 2488              		.syntax unified
 2489              		.thumb
 2490              		.thumb_func
 2492              	ADC_DMAHalfConvCplt:
 2493              	.LVL121:
 2494              	.LFB263:
1987:Drivers/STM32F4/Drivers/STM32F4xx_HAL_Driver/Src/stm32f4xx_hal_adc.c **** 
1988:Drivers/STM32F4/Drivers/STM32F4xx_HAL_Driver/Src/stm32f4xx_hal_adc.c **** /**
1989:Drivers/STM32F4/Drivers/STM32F4xx_HAL_Driver/Src/stm32f4xx_hal_adc.c ****   * @brief  DMA transfer complete callback.
1990:Drivers/STM32F4/Drivers/STM32F4xx_HAL_Driver/Src/stm32f4xx_hal_adc.c ****   * @param  hdma pointer to a DMA_HandleTypeDef structure that contains
1991:Drivers/STM32F4/Drivers/STM32F4xx_HAL_Driver/Src/stm32f4xx_hal_adc.c ****   *                the configuration information for the specified DMA module.
1992:Drivers/STM32F4/Drivers/STM32F4xx_HAL_Driver/Src/stm32f4xx_hal_adc.c ****   * @retval None
1993:Drivers/STM32F4/Drivers/STM32F4xx_HAL_Driver/Src/stm32f4xx_hal_adc.c ****   */
1994:Drivers/STM32F4/Drivers/STM32F4xx_HAL_Driver/Src/stm32f4xx_hal_adc.c **** static void ADC_DMAConvCplt(DMA_HandleTypeDef *hdma)
1995:Drivers/STM32F4/Drivers/STM32F4xx_HAL_Driver/Src/stm32f4xx_hal_adc.c **** {
1996:Drivers/STM32F4/Drivers/STM32F4xx_HAL_Driver/Src/stm32f4xx_hal_adc.c ****   /* Retrieve ADC handle corresponding to current DMA handle */
1997:Drivers/STM32F4/Drivers/STM32F4xx_HAL_Driver/Src/stm32f4xx_hal_adc.c ****   ADC_HandleTypeDef *hadc = (ADC_HandleTypeDef *)((DMA_HandleTypeDef *)hdma)->Parent;
1998:Drivers/STM32F4/Drivers/STM32F4xx_HAL_Driver/Src/stm32f4xx_hal_adc.c **** 
1999:Drivers/STM32F4/Drivers/STM32F4xx_HAL_Driver/Src/stm32f4xx_hal_adc.c ****   /* Update state machine on conversion status if not in error state */
ARM GAS  /tmp/cciQ8ehY.s 			page 90


2000:Drivers/STM32F4/Drivers/STM32F4xx_HAL_Driver/Src/stm32f4xx_hal_adc.c ****   if (HAL_IS_BIT_CLR(hadc->State, HAL_ADC_STATE_ERROR_INTERNAL | HAL_ADC_STATE_ERROR_DMA))
2001:Drivers/STM32F4/Drivers/STM32F4xx_HAL_Driver/Src/stm32f4xx_hal_adc.c ****   {
2002:Drivers/STM32F4/Drivers/STM32F4xx_HAL_Driver/Src/stm32f4xx_hal_adc.c ****     /* Update ADC state machine */
2003:Drivers/STM32F4/Drivers/STM32F4xx_HAL_Driver/Src/stm32f4xx_hal_adc.c ****     SET_BIT(hadc->State, HAL_ADC_STATE_REG_EOC);
2004:Drivers/STM32F4/Drivers/STM32F4xx_HAL_Driver/Src/stm32f4xx_hal_adc.c **** 
2005:Drivers/STM32F4/Drivers/STM32F4xx_HAL_Driver/Src/stm32f4xx_hal_adc.c ****     /* Determine whether any further conversion upcoming on group regular   */
2006:Drivers/STM32F4/Drivers/STM32F4xx_HAL_Driver/Src/stm32f4xx_hal_adc.c ****     /* by external trigger, continuous mode or scan sequence on going.      */
2007:Drivers/STM32F4/Drivers/STM32F4xx_HAL_Driver/Src/stm32f4xx_hal_adc.c ****     /* Note: On STM32F4, there is no independent flag of end of sequence.   */
2008:Drivers/STM32F4/Drivers/STM32F4xx_HAL_Driver/Src/stm32f4xx_hal_adc.c ****     /*       The test of scan sequence on going is done either with scan    */
2009:Drivers/STM32F4/Drivers/STM32F4xx_HAL_Driver/Src/stm32f4xx_hal_adc.c ****     /*       sequence disabled or with end of conversion flag set to        */
2010:Drivers/STM32F4/Drivers/STM32F4xx_HAL_Driver/Src/stm32f4xx_hal_adc.c ****     /*       of end of sequence.                                            */
2011:Drivers/STM32F4/Drivers/STM32F4xx_HAL_Driver/Src/stm32f4xx_hal_adc.c ****     if (ADC_IS_SOFTWARE_START_REGULAR(hadc)                   &&
2012:Drivers/STM32F4/Drivers/STM32F4xx_HAL_Driver/Src/stm32f4xx_hal_adc.c ****         (hadc->Init.ContinuousConvMode == DISABLE)            &&
2013:Drivers/STM32F4/Drivers/STM32F4xx_HAL_Driver/Src/stm32f4xx_hal_adc.c ****         (HAL_IS_BIT_CLR(hadc->Instance->SQR1, ADC_SQR1_L) ||
2014:Drivers/STM32F4/Drivers/STM32F4xx_HAL_Driver/Src/stm32f4xx_hal_adc.c ****          HAL_IS_BIT_CLR(hadc->Instance->CR2, ADC_CR2_EOCS)))
2015:Drivers/STM32F4/Drivers/STM32F4xx_HAL_Driver/Src/stm32f4xx_hal_adc.c ****     {
2016:Drivers/STM32F4/Drivers/STM32F4xx_HAL_Driver/Src/stm32f4xx_hal_adc.c ****       /* Disable ADC end of single conversion interrupt on group regular */
2017:Drivers/STM32F4/Drivers/STM32F4xx_HAL_Driver/Src/stm32f4xx_hal_adc.c ****       /* Note: Overrun interrupt was enabled with EOC interrupt in          */
2018:Drivers/STM32F4/Drivers/STM32F4xx_HAL_Driver/Src/stm32f4xx_hal_adc.c ****       /* HAL_ADC_Start_IT(), but is not disabled here because can be used   */
2019:Drivers/STM32F4/Drivers/STM32F4xx_HAL_Driver/Src/stm32f4xx_hal_adc.c ****       /* by overrun IRQ process below.                                      */
2020:Drivers/STM32F4/Drivers/STM32F4xx_HAL_Driver/Src/stm32f4xx_hal_adc.c ****       __HAL_ADC_DISABLE_IT(hadc, ADC_IT_EOC);
2021:Drivers/STM32F4/Drivers/STM32F4xx_HAL_Driver/Src/stm32f4xx_hal_adc.c **** 
2022:Drivers/STM32F4/Drivers/STM32F4xx_HAL_Driver/Src/stm32f4xx_hal_adc.c ****       /* Set ADC state */
2023:Drivers/STM32F4/Drivers/STM32F4xx_HAL_Driver/Src/stm32f4xx_hal_adc.c ****       CLEAR_BIT(hadc->State, HAL_ADC_STATE_REG_BUSY);
2024:Drivers/STM32F4/Drivers/STM32F4xx_HAL_Driver/Src/stm32f4xx_hal_adc.c **** 
2025:Drivers/STM32F4/Drivers/STM32F4xx_HAL_Driver/Src/stm32f4xx_hal_adc.c ****       if (HAL_IS_BIT_CLR(hadc->State, HAL_ADC_STATE_INJ_BUSY))
2026:Drivers/STM32F4/Drivers/STM32F4xx_HAL_Driver/Src/stm32f4xx_hal_adc.c ****       {
2027:Drivers/STM32F4/Drivers/STM32F4xx_HAL_Driver/Src/stm32f4xx_hal_adc.c ****         SET_BIT(hadc->State, HAL_ADC_STATE_READY);
2028:Drivers/STM32F4/Drivers/STM32F4xx_HAL_Driver/Src/stm32f4xx_hal_adc.c ****       }
2029:Drivers/STM32F4/Drivers/STM32F4xx_HAL_Driver/Src/stm32f4xx_hal_adc.c ****     }
2030:Drivers/STM32F4/Drivers/STM32F4xx_HAL_Driver/Src/stm32f4xx_hal_adc.c **** 
2031:Drivers/STM32F4/Drivers/STM32F4xx_HAL_Driver/Src/stm32f4xx_hal_adc.c ****     /* Conversion complete callback */
2032:Drivers/STM32F4/Drivers/STM32F4xx_HAL_Driver/Src/stm32f4xx_hal_adc.c **** #if (USE_HAL_ADC_REGISTER_CALLBACKS == 1)
2033:Drivers/STM32F4/Drivers/STM32F4xx_HAL_Driver/Src/stm32f4xx_hal_adc.c ****     hadc->ConvCpltCallback(hadc);
2034:Drivers/STM32F4/Drivers/STM32F4xx_HAL_Driver/Src/stm32f4xx_hal_adc.c **** #else
2035:Drivers/STM32F4/Drivers/STM32F4xx_HAL_Driver/Src/stm32f4xx_hal_adc.c ****     HAL_ADC_ConvCpltCallback(hadc);
2036:Drivers/STM32F4/Drivers/STM32F4xx_HAL_Driver/Src/stm32f4xx_hal_adc.c **** #endif /* USE_HAL_ADC_REGISTER_CALLBACKS */
2037:Drivers/STM32F4/Drivers/STM32F4xx_HAL_Driver/Src/stm32f4xx_hal_adc.c ****   }
2038:Drivers/STM32F4/Drivers/STM32F4xx_HAL_Driver/Src/stm32f4xx_hal_adc.c ****   else /* DMA and-or internal error occurred */
2039:Drivers/STM32F4/Drivers/STM32F4xx_HAL_Driver/Src/stm32f4xx_hal_adc.c ****   {
2040:Drivers/STM32F4/Drivers/STM32F4xx_HAL_Driver/Src/stm32f4xx_hal_adc.c ****     if ((hadc->State & HAL_ADC_STATE_ERROR_INTERNAL) != 0UL)
2041:Drivers/STM32F4/Drivers/STM32F4xx_HAL_Driver/Src/stm32f4xx_hal_adc.c ****     {
2042:Drivers/STM32F4/Drivers/STM32F4xx_HAL_Driver/Src/stm32f4xx_hal_adc.c ****       /* Call HAL ADC Error Callback function */
2043:Drivers/STM32F4/Drivers/STM32F4xx_HAL_Driver/Src/stm32f4xx_hal_adc.c **** #if (USE_HAL_ADC_REGISTER_CALLBACKS == 1)
2044:Drivers/STM32F4/Drivers/STM32F4xx_HAL_Driver/Src/stm32f4xx_hal_adc.c ****       hadc->ErrorCallback(hadc);
2045:Drivers/STM32F4/Drivers/STM32F4xx_HAL_Driver/Src/stm32f4xx_hal_adc.c **** #else
2046:Drivers/STM32F4/Drivers/STM32F4xx_HAL_Driver/Src/stm32f4xx_hal_adc.c ****       HAL_ADC_ErrorCallback(hadc);
2047:Drivers/STM32F4/Drivers/STM32F4xx_HAL_Driver/Src/stm32f4xx_hal_adc.c **** #endif /* USE_HAL_ADC_REGISTER_CALLBACKS */
2048:Drivers/STM32F4/Drivers/STM32F4xx_HAL_Driver/Src/stm32f4xx_hal_adc.c ****     }
2049:Drivers/STM32F4/Drivers/STM32F4xx_HAL_Driver/Src/stm32f4xx_hal_adc.c ****     else
2050:Drivers/STM32F4/Drivers/STM32F4xx_HAL_Driver/Src/stm32f4xx_hal_adc.c ****     {
2051:Drivers/STM32F4/Drivers/STM32F4xx_HAL_Driver/Src/stm32f4xx_hal_adc.c ****       /* Call DMA error callback */
2052:Drivers/STM32F4/Drivers/STM32F4xx_HAL_Driver/Src/stm32f4xx_hal_adc.c ****       hadc->DMA_Handle->XferErrorCallback(hdma);
2053:Drivers/STM32F4/Drivers/STM32F4xx_HAL_Driver/Src/stm32f4xx_hal_adc.c ****     }
2054:Drivers/STM32F4/Drivers/STM32F4xx_HAL_Driver/Src/stm32f4xx_hal_adc.c ****   }
2055:Drivers/STM32F4/Drivers/STM32F4xx_HAL_Driver/Src/stm32f4xx_hal_adc.c **** }
2056:Drivers/STM32F4/Drivers/STM32F4xx_HAL_Driver/Src/stm32f4xx_hal_adc.c **** 
ARM GAS  /tmp/cciQ8ehY.s 			page 91


2057:Drivers/STM32F4/Drivers/STM32F4xx_HAL_Driver/Src/stm32f4xx_hal_adc.c **** /**
2058:Drivers/STM32F4/Drivers/STM32F4xx_HAL_Driver/Src/stm32f4xx_hal_adc.c ****   * @brief  DMA half transfer complete callback.
2059:Drivers/STM32F4/Drivers/STM32F4xx_HAL_Driver/Src/stm32f4xx_hal_adc.c ****   * @param  hdma pointer to a DMA_HandleTypeDef structure that contains
2060:Drivers/STM32F4/Drivers/STM32F4xx_HAL_Driver/Src/stm32f4xx_hal_adc.c ****   *                the configuration information for the specified DMA module.
2061:Drivers/STM32F4/Drivers/STM32F4xx_HAL_Driver/Src/stm32f4xx_hal_adc.c ****   * @retval None
2062:Drivers/STM32F4/Drivers/STM32F4xx_HAL_Driver/Src/stm32f4xx_hal_adc.c ****   */
2063:Drivers/STM32F4/Drivers/STM32F4xx_HAL_Driver/Src/stm32f4xx_hal_adc.c **** static void ADC_DMAHalfConvCplt(DMA_HandleTypeDef *hdma)
2064:Drivers/STM32F4/Drivers/STM32F4xx_HAL_Driver/Src/stm32f4xx_hal_adc.c **** {
 2495              		.loc 1 2064 1 is_stmt 1 view -0
 2496              		.cfi_startproc
 2497              		@ args = 0, pretend = 0, frame = 0
 2498              		@ frame_needed = 0, uses_anonymous_args = 0
 2499              		.loc 1 2064 1 is_stmt 0 view .LVU719
 2500 0000 08B5     		push	{r3, lr}
 2501              	.LCFI22:
 2502              		.cfi_def_cfa_offset 8
 2503              		.cfi_offset 3, -8
 2504              		.cfi_offset 14, -4
2065:Drivers/STM32F4/Drivers/STM32F4xx_HAL_Driver/Src/stm32f4xx_hal_adc.c ****   ADC_HandleTypeDef *hadc = (ADC_HandleTypeDef *)((DMA_HandleTypeDef *)hdma)->Parent;
 2505              		.loc 1 2065 3 is_stmt 1 view .LVU720
 2506              	.LVL122:
2066:Drivers/STM32F4/Drivers/STM32F4xx_HAL_Driver/Src/stm32f4xx_hal_adc.c ****   /* Half conversion callback */
2067:Drivers/STM32F4/Drivers/STM32F4xx_HAL_Driver/Src/stm32f4xx_hal_adc.c **** #if (USE_HAL_ADC_REGISTER_CALLBACKS == 1)
2068:Drivers/STM32F4/Drivers/STM32F4xx_HAL_Driver/Src/stm32f4xx_hal_adc.c ****   hadc->ConvHalfCpltCallback(hadc);
2069:Drivers/STM32F4/Drivers/STM32F4xx_HAL_Driver/Src/stm32f4xx_hal_adc.c **** #else
2070:Drivers/STM32F4/Drivers/STM32F4xx_HAL_Driver/Src/stm32f4xx_hal_adc.c ****   HAL_ADC_ConvHalfCpltCallback(hadc);
 2507              		.loc 1 2070 3 view .LVU721
 2508 0002 806B     		ldr	r0, [r0, #56]
 2509              	.LVL123:
 2510              		.loc 1 2070 3 is_stmt 0 view .LVU722
 2511 0004 FFF7FEFF 		bl	HAL_ADC_ConvHalfCpltCallback
 2512              	.LVL124:
2071:Drivers/STM32F4/Drivers/STM32F4xx_HAL_Driver/Src/stm32f4xx_hal_adc.c **** #endif /* USE_HAL_ADC_REGISTER_CALLBACKS */
2072:Drivers/STM32F4/Drivers/STM32F4xx_HAL_Driver/Src/stm32f4xx_hal_adc.c **** }
 2513              		.loc 1 2072 1 view .LVU723
 2514 0008 08BD     		pop	{r3, pc}
 2515              		.cfi_endproc
 2516              	.LFE263:
 2518              		.section	.text.HAL_ADC_LevelOutOfWindowCallback,"ax",%progbits
 2519              		.align	1
 2520              		.weak	HAL_ADC_LevelOutOfWindowCallback
 2521              		.syntax unified
 2522              		.thumb
 2523              		.thumb_func
 2525              	HAL_ADC_LevelOutOfWindowCallback:
 2526              	.LVL125:
 2527              	.LFB255:
1611:Drivers/STM32F4/Drivers/STM32F4xx_HAL_Driver/Src/stm32f4xx_hal_adc.c ****   /* Prevent unused argument(s) compilation warning */
 2528              		.loc 1 1611 1 is_stmt 1 view -0
 2529              		.cfi_startproc
 2530              		@ args = 0, pretend = 0, frame = 0
 2531              		@ frame_needed = 0, uses_anonymous_args = 0
 2532              		@ link register save eliminated.
1613:Drivers/STM32F4/Drivers/STM32F4xx_HAL_Driver/Src/stm32f4xx_hal_adc.c ****   /* NOTE : This function Should not be modified, when the callback is needed,
 2533              		.loc 1 1613 3 view .LVU725
1617:Drivers/STM32F4/Drivers/STM32F4xx_HAL_Driver/Src/stm32f4xx_hal_adc.c **** 
 2534              		.loc 1 1617 1 is_stmt 0 view .LVU726
ARM GAS  /tmp/cciQ8ehY.s 			page 92


 2535 0000 7047     		bx	lr
 2536              		.cfi_endproc
 2537              	.LFE255:
 2539              		.section	.text.HAL_ADC_ErrorCallback,"ax",%progbits
 2540              		.align	1
 2541              		.weak	HAL_ADC_ErrorCallback
 2542              		.syntax unified
 2543              		.thumb
 2544              		.thumb_func
 2546              	HAL_ADC_ErrorCallback:
 2547              	.LVL126:
 2548              	.LFB256:
1632:Drivers/STM32F4/Drivers/STM32F4xx_HAL_Driver/Src/stm32f4xx_hal_adc.c ****   /* Prevent unused argument(s) compilation warning */
 2549              		.loc 1 1632 1 is_stmt 1 view -0
 2550              		.cfi_startproc
 2551              		@ args = 0, pretend = 0, frame = 0
 2552              		@ frame_needed = 0, uses_anonymous_args = 0
 2553              		@ link register save eliminated.
1634:Drivers/STM32F4/Drivers/STM32F4xx_HAL_Driver/Src/stm32f4xx_hal_adc.c ****   /* NOTE : This function Should not be modified, when the callback is needed,
 2554              		.loc 1 1634 3 view .LVU728
1638:Drivers/STM32F4/Drivers/STM32F4xx_HAL_Driver/Src/stm32f4xx_hal_adc.c **** 
 2555              		.loc 1 1638 1 is_stmt 0 view .LVU729
 2556 0000 7047     		bx	lr
 2557              		.cfi_endproc
 2558              	.LFE256:
 2560              		.section	.text.HAL_ADC_IRQHandler,"ax",%progbits
 2561              		.align	1
 2562              		.global	HAL_ADC_IRQHandler
 2563              		.syntax unified
 2564              		.thumb
 2565              		.thumb_func
 2567              	HAL_ADC_IRQHandler:
 2568              	.LVL127:
 2569              	.LFB249:
1200:Drivers/STM32F4/Drivers/STM32F4xx_HAL_Driver/Src/stm32f4xx_hal_adc.c ****   uint32_t tmp1 = 0U, tmp2 = 0U;
 2570              		.loc 1 1200 1 is_stmt 1 view -0
 2571              		.cfi_startproc
 2572              		@ args = 0, pretend = 0, frame = 0
 2573              		@ frame_needed = 0, uses_anonymous_args = 0
1200:Drivers/STM32F4/Drivers/STM32F4xx_HAL_Driver/Src/stm32f4xx_hal_adc.c ****   uint32_t tmp1 = 0U, tmp2 = 0U;
 2574              		.loc 1 1200 1 is_stmt 0 view .LVU731
 2575 0000 70B5     		push	{r4, r5, r6, lr}
 2576              	.LCFI23:
 2577              		.cfi_def_cfa_offset 16
 2578              		.cfi_offset 4, -16
 2579              		.cfi_offset 5, -12
 2580              		.cfi_offset 6, -8
 2581              		.cfi_offset 14, -4
 2582 0002 0446     		mov	r4, r0
1201:Drivers/STM32F4/Drivers/STM32F4xx_HAL_Driver/Src/stm32f4xx_hal_adc.c **** 
 2583              		.loc 1 1201 3 is_stmt 1 view .LVU732
 2584              	.LVL128:
1203:Drivers/STM32F4/Drivers/STM32F4xx_HAL_Driver/Src/stm32f4xx_hal_adc.c ****   uint32_t tmp_cr1 = hadc->Instance->CR1;
 2585              		.loc 1 1203 3 view .LVU733
1203:Drivers/STM32F4/Drivers/STM32F4xx_HAL_Driver/Src/stm32f4xx_hal_adc.c ****   uint32_t tmp_cr1 = hadc->Instance->CR1;
 2586              		.loc 1 1203 25 is_stmt 0 view .LVU734
 2587 0004 0368     		ldr	r3, [r0]
ARM GAS  /tmp/cciQ8ehY.s 			page 93


1203:Drivers/STM32F4/Drivers/STM32F4xx_HAL_Driver/Src/stm32f4xx_hal_adc.c ****   uint32_t tmp_cr1 = hadc->Instance->CR1;
 2588              		.loc 1 1203 12 view .LVU735
 2589 0006 1E68     		ldr	r6, [r3]
 2590              	.LVL129:
1204:Drivers/STM32F4/Drivers/STM32F4xx_HAL_Driver/Src/stm32f4xx_hal_adc.c **** 
 2591              		.loc 1 1204 3 is_stmt 1 view .LVU736
1204:Drivers/STM32F4/Drivers/STM32F4xx_HAL_Driver/Src/stm32f4xx_hal_adc.c **** 
 2592              		.loc 1 1204 12 is_stmt 0 view .LVU737
 2593 0008 5D68     		ldr	r5, [r3, #4]
 2594              	.LVL130:
1207:Drivers/STM32F4/Drivers/STM32F4xx_HAL_Driver/Src/stm32f4xx_hal_adc.c ****   assert_param(IS_ADC_REGULAR_LENGTH(hadc->Init.NbrOfConversion));
 2595              		.loc 1 1207 3 is_stmt 1 view .LVU738
 2596 000a 037E     		ldrb	r3, [r0, #24]	@ zero_extendqisi2
 2597 000c 012B     		cmp	r3, #1
 2598 000e 00F28C80 		bhi	.L222
 2599              	.LVL131:
 2600              	.L208:
1208:Drivers/STM32F4/Drivers/STM32F4xx_HAL_Driver/Src/stm32f4xx_hal_adc.c ****   assert_param(IS_ADC_EOCSelection(hadc->Init.EOCSelection));
 2601              		.loc 1 1208 3 view .LVU739
 2602 0012 E369     		ldr	r3, [r4, #28]
 2603 0014 013B     		subs	r3, r3, #1
 2604 0016 0F2B     		cmp	r3, #15
 2605 0018 00F28D80 		bhi	.L223
 2606              	.L209:
1209:Drivers/STM32F4/Drivers/STM32F4xx_HAL_Driver/Src/stm32f4xx_hal_adc.c **** 
 2607              		.loc 1 1209 3 view .LVU740
 2608 001c 6369     		ldr	r3, [r4, #20]
 2609 001e 022B     		cmp	r3, #2
 2610 0020 00F28F80 		bhi	.L224
 2611              	.L210:
1211:Drivers/STM32F4/Drivers/STM32F4xx_HAL_Driver/Src/stm32f4xx_hal_adc.c ****   tmp2 = tmp_cr1 & ADC_IT_EOC;
 2612              		.loc 1 1211 3 view .LVU741
 2613              	.LVL132:
1212:Drivers/STM32F4/Drivers/STM32F4xx_HAL_Driver/Src/stm32f4xx_hal_adc.c ****   /* Check End of conversion flag for regular channels */
 2614              		.loc 1 1212 3 view .LVU742
1212:Drivers/STM32F4/Drivers/STM32F4xx_HAL_Driver/Src/stm32f4xx_hal_adc.c ****   /* Check End of conversion flag for regular channels */
 2615              		.loc 1 1212 8 is_stmt 0 view .LVU743
 2616 0024 05F02003 		and	r3, r5, #32
 2617              	.LVL133:
1214:Drivers/STM32F4/Drivers/STM32F4xx_HAL_Driver/Src/stm32f4xx_hal_adc.c ****   {
 2618              		.loc 1 1214 3 is_stmt 1 view .LVU744
1214:Drivers/STM32F4/Drivers/STM32F4xx_HAL_Driver/Src/stm32f4xx_hal_adc.c ****   {
 2619              		.loc 1 1214 6 is_stmt 0 view .LVU745
 2620 0028 16F0020F 		tst	r6, #2
 2621 002c 2ED0     		beq	.L211
1214:Drivers/STM32F4/Drivers/STM32F4xx_HAL_Driver/Src/stm32f4xx_hal_adc.c ****   {
 2622              		.loc 1 1214 12 discriminator 1 view .LVU746
 2623 002e 6BB3     		cbz	r3, .L211
1217:Drivers/STM32F4/Drivers/STM32F4xx_HAL_Driver/Src/stm32f4xx_hal_adc.c ****     {
 2624              		.loc 1 1217 5 is_stmt 1 view .LVU747
1217:Drivers/STM32F4/Drivers/STM32F4xx_HAL_Driver/Src/stm32f4xx_hal_adc.c ****     {
 2625              		.loc 1 1217 9 is_stmt 0 view .LVU748
 2626 0030 236C     		ldr	r3, [r4, #64]
 2627              	.LVL134:
1217:Drivers/STM32F4/Drivers/STM32F4xx_HAL_Driver/Src/stm32f4xx_hal_adc.c ****     {
 2628              		.loc 1 1217 8 view .LVU749
 2629 0032 13F0100F 		tst	r3, #16
ARM GAS  /tmp/cciQ8ehY.s 			page 94


 2630 0036 03D1     		bne	.L212
1220:Drivers/STM32F4/Drivers/STM32F4xx_HAL_Driver/Src/stm32f4xx_hal_adc.c ****     }
 2631              		.loc 1 1220 7 is_stmt 1 view .LVU750
 2632 0038 236C     		ldr	r3, [r4, #64]
 2633 003a 43F40073 		orr	r3, r3, #512
 2634 003e 2364     		str	r3, [r4, #64]
 2635              	.L212:
1229:Drivers/STM32F4/Drivers/STM32F4xx_HAL_Driver/Src/stm32f4xx_hal_adc.c ****         (hadc->Init.ContinuousConvMode == DISABLE)            &&
 2636              		.loc 1 1229 5 view .LVU751
1229:Drivers/STM32F4/Drivers/STM32F4xx_HAL_Driver/Src/stm32f4xx_hal_adc.c ****         (hadc->Init.ContinuousConvMode == DISABLE)            &&
 2637              		.loc 1 1229 9 is_stmt 0 view .LVU752
 2638 0040 2368     		ldr	r3, [r4]
 2639 0042 9A68     		ldr	r2, [r3, #8]
1229:Drivers/STM32F4/Drivers/STM32F4xx_HAL_Driver/Src/stm32f4xx_hal_adc.c ****         (hadc->Init.ContinuousConvMode == DISABLE)            &&
 2640              		.loc 1 1229 8 view .LVU753
 2641 0044 12F0405F 		tst	r2, #805306368
 2642 0048 19D1     		bne	.L213
1230:Drivers/STM32F4/Drivers/STM32F4xx_HAL_Driver/Src/stm32f4xx_hal_adc.c ****         (HAL_IS_BIT_CLR(hadc->Instance->SQR1, ADC_SQR1_L) ||
 2643              		.loc 1 1230 20 view .LVU754
 2644 004a 227E     		ldrb	r2, [r4, #24]	@ zero_extendqisi2
1229:Drivers/STM32F4/Drivers/STM32F4xx_HAL_Driver/Src/stm32f4xx_hal_adc.c ****         (hadc->Init.ContinuousConvMode == DISABLE)            &&
 2645              		.loc 1 1229 63 discriminator 1 view .LVU755
 2646 004c BAB9     		cbnz	r2, .L213
1231:Drivers/STM32F4/Drivers/STM32F4xx_HAL_Driver/Src/stm32f4xx_hal_adc.c ****          HAL_IS_BIT_CLR(hadc->Instance->CR2, ADC_CR2_EOCS)))
 2647              		.loc 1 1231 10 view .LVU756
 2648 004e DA6A     		ldr	r2, [r3, #44]
1230:Drivers/STM32F4/Drivers/STM32F4xx_HAL_Driver/Src/stm32f4xx_hal_adc.c ****         (HAL_IS_BIT_CLR(hadc->Instance->SQR1, ADC_SQR1_L) ||
 2649              		.loc 1 1230 63 view .LVU757
 2650 0050 12F4700F 		tst	r2, #15728640
 2651 0054 03D0     		beq	.L214
1232:Drivers/STM32F4/Drivers/STM32F4xx_HAL_Driver/Src/stm32f4xx_hal_adc.c ****     {
 2652              		.loc 1 1232 10 view .LVU758
 2653 0056 9A68     		ldr	r2, [r3, #8]
1231:Drivers/STM32F4/Drivers/STM32F4xx_HAL_Driver/Src/stm32f4xx_hal_adc.c ****          HAL_IS_BIT_CLR(hadc->Instance->CR2, ADC_CR2_EOCS)))
 2654              		.loc 1 1231 59 view .LVU759
 2655 0058 12F4806F 		tst	r2, #1024
 2656 005c 0FD1     		bne	.L213
 2657              	.L214:
1238:Drivers/STM32F4/Drivers/STM32F4xx_HAL_Driver/Src/stm32f4xx_hal_adc.c **** 
 2658              		.loc 1 1238 7 is_stmt 1 view .LVU760
 2659 005e 5A68     		ldr	r2, [r3, #4]
 2660 0060 22F02002 		bic	r2, r2, #32
 2661 0064 5A60     		str	r2, [r3, #4]
1241:Drivers/STM32F4/Drivers/STM32F4xx_HAL_Driver/Src/stm32f4xx_hal_adc.c **** 
 2662              		.loc 1 1241 7 view .LVU761
 2663 0066 236C     		ldr	r3, [r4, #64]
 2664 0068 23F48073 		bic	r3, r3, #256
 2665 006c 2364     		str	r3, [r4, #64]
1243:Drivers/STM32F4/Drivers/STM32F4xx_HAL_Driver/Src/stm32f4xx_hal_adc.c ****       {
 2666              		.loc 1 1243 7 view .LVU762
1243:Drivers/STM32F4/Drivers/STM32F4xx_HAL_Driver/Src/stm32f4xx_hal_adc.c ****       {
 2667              		.loc 1 1243 11 is_stmt 0 view .LVU763
 2668 006e 236C     		ldr	r3, [r4, #64]
1243:Drivers/STM32F4/Drivers/STM32F4xx_HAL_Driver/Src/stm32f4xx_hal_adc.c ****       {
 2669              		.loc 1 1243 10 view .LVU764
 2670 0070 13F4805F 		tst	r3, #4096
 2671 0074 03D1     		bne	.L213
ARM GAS  /tmp/cciQ8ehY.s 			page 95


1245:Drivers/STM32F4/Drivers/STM32F4xx_HAL_Driver/Src/stm32f4xx_hal_adc.c ****       }
 2672              		.loc 1 1245 9 is_stmt 1 view .LVU765
 2673 0076 236C     		ldr	r3, [r4, #64]
 2674 0078 43F00103 		orr	r3, r3, #1
 2675 007c 2364     		str	r3, [r4, #64]
 2676              	.L213:
1253:Drivers/STM32F4/Drivers/STM32F4xx_HAL_Driver/Src/stm32f4xx_hal_adc.c **** #endif /* USE_HAL_ADC_REGISTER_CALLBACKS */
 2677              		.loc 1 1253 5 view .LVU766
 2678 007e 2046     		mov	r0, r4
 2679 0080 FFF7FEFF 		bl	HAL_ADC_ConvCpltCallback
 2680              	.LVL135:
1257:Drivers/STM32F4/Drivers/STM32F4xx_HAL_Driver/Src/stm32f4xx_hal_adc.c ****   }
 2681              		.loc 1 1257 5 view .LVU767
 2682 0084 2368     		ldr	r3, [r4]
 2683 0086 6FF01202 		mvn	r2, #18
 2684 008a 1A60     		str	r2, [r3]
 2685              	.L211:
1260:Drivers/STM32F4/Drivers/STM32F4xx_HAL_Driver/Src/stm32f4xx_hal_adc.c ****   tmp2 = tmp_cr1 & ADC_IT_JEOC;
 2686              		.loc 1 1260 3 view .LVU768
 2687              	.LVL136:
1261:Drivers/STM32F4/Drivers/STM32F4xx_HAL_Driver/Src/stm32f4xx_hal_adc.c ****   /* Check End of conversion flag for injected channels */
 2688              		.loc 1 1261 3 view .LVU769
1261:Drivers/STM32F4/Drivers/STM32F4xx_HAL_Driver/Src/stm32f4xx_hal_adc.c ****   /* Check End of conversion flag for injected channels */
 2689              		.loc 1 1261 8 is_stmt 0 view .LVU770
 2690 008c 05F08003 		and	r3, r5, #128
 2691              	.LVL137:
1263:Drivers/STM32F4/Drivers/STM32F4xx_HAL_Driver/Src/stm32f4xx_hal_adc.c ****   {
 2692              		.loc 1 1263 3 is_stmt 1 view .LVU771
1263:Drivers/STM32F4/Drivers/STM32F4xx_HAL_Driver/Src/stm32f4xx_hal_adc.c ****   {
 2693              		.loc 1 1263 6 is_stmt 0 view .LVU772
 2694 0090 16F0040F 		tst	r6, #4
 2695 0094 37D0     		beq	.L215
1263:Drivers/STM32F4/Drivers/STM32F4xx_HAL_Driver/Src/stm32f4xx_hal_adc.c ****   {
 2696              		.loc 1 1263 12 discriminator 1 view .LVU773
 2697 0096 002B     		cmp	r3, #0
 2698 0098 35D0     		beq	.L215
1266:Drivers/STM32F4/Drivers/STM32F4xx_HAL_Driver/Src/stm32f4xx_hal_adc.c ****     {
 2699              		.loc 1 1266 5 is_stmt 1 view .LVU774
1266:Drivers/STM32F4/Drivers/STM32F4xx_HAL_Driver/Src/stm32f4xx_hal_adc.c ****     {
 2700              		.loc 1 1266 9 is_stmt 0 view .LVU775
 2701 009a 236C     		ldr	r3, [r4, #64]
 2702              	.LVL138:
1266:Drivers/STM32F4/Drivers/STM32F4xx_HAL_Driver/Src/stm32f4xx_hal_adc.c ****     {
 2703              		.loc 1 1266 8 view .LVU776
 2704 009c 13F0100F 		tst	r3, #16
 2705 00a0 03D1     		bne	.L216
1269:Drivers/STM32F4/Drivers/STM32F4xx_HAL_Driver/Src/stm32f4xx_hal_adc.c ****     }
 2706              		.loc 1 1269 7 is_stmt 1 view .LVU777
 2707 00a2 236C     		ldr	r3, [r4, #64]
 2708 00a4 43F40053 		orr	r3, r3, #8192
 2709 00a8 2364     		str	r3, [r4, #64]
 2710              	.L216:
1276:Drivers/STM32F4/Drivers/STM32F4xx_HAL_Driver/Src/stm32f4xx_hal_adc.c ****         (HAL_IS_BIT_CLR(hadc->Instance->JSQR, ADC_JSQR_JL)  ||
 2711              		.loc 1 1276 5 view .LVU778
1276:Drivers/STM32F4/Drivers/STM32F4xx_HAL_Driver/Src/stm32f4xx_hal_adc.c ****         (HAL_IS_BIT_CLR(hadc->Instance->JSQR, ADC_JSQR_JL)  ||
 2712              		.loc 1 1276 9 is_stmt 0 view .LVU779
 2713 00aa 2368     		ldr	r3, [r4]
ARM GAS  /tmp/cciQ8ehY.s 			page 96


 2714 00ac 9A68     		ldr	r2, [r3, #8]
1276:Drivers/STM32F4/Drivers/STM32F4xx_HAL_Driver/Src/stm32f4xx_hal_adc.c ****         (HAL_IS_BIT_CLR(hadc->Instance->JSQR, ADC_JSQR_JL)  ||
 2715              		.loc 1 1276 8 view .LVU780
 2716 00ae 12F4401F 		tst	r2, #3145728
 2717 00b2 21D1     		bne	.L217
1277:Drivers/STM32F4/Drivers/STM32F4xx_HAL_Driver/Src/stm32f4xx_hal_adc.c ****          HAL_IS_BIT_CLR(hadc->Instance->CR2, ADC_CR2_EOCS)) &&
 2718              		.loc 1 1277 10 view .LVU781
 2719 00b4 9A6B     		ldr	r2, [r3, #56]
1276:Drivers/STM32F4/Drivers/STM32F4xx_HAL_Driver/Src/stm32f4xx_hal_adc.c ****         (HAL_IS_BIT_CLR(hadc->Instance->JSQR, ADC_JSQR_JL)  ||
 2720              		.loc 1 1276 65 discriminator 1 view .LVU782
 2721 00b6 12F4401F 		tst	r2, #3145728
 2722 00ba 03D0     		beq	.L218
1278:Drivers/STM32F4/Drivers/STM32F4xx_HAL_Driver/Src/stm32f4xx_hal_adc.c ****         (HAL_IS_BIT_CLR(hadc->Instance->CR1, ADC_CR1_JAUTO) &&
 2723              		.loc 1 1278 10 view .LVU783
 2724 00bc 9A68     		ldr	r2, [r3, #8]
1277:Drivers/STM32F4/Drivers/STM32F4xx_HAL_Driver/Src/stm32f4xx_hal_adc.c ****          HAL_IS_BIT_CLR(hadc->Instance->CR2, ADC_CR2_EOCS)) &&
 2725              		.loc 1 1277 61 view .LVU784
 2726 00be 12F4806F 		tst	r2, #1024
 2727 00c2 19D1     		bne	.L217
 2728              	.L218:
1279:Drivers/STM32F4/Drivers/STM32F4xx_HAL_Driver/Src/stm32f4xx_hal_adc.c ****          (ADC_IS_SOFTWARE_START_REGULAR(hadc)       &&
 2729              		.loc 1 1279 10 view .LVU785
 2730 00c4 5A68     		ldr	r2, [r3, #4]
1278:Drivers/STM32F4/Drivers/STM32F4xx_HAL_Driver/Src/stm32f4xx_hal_adc.c ****         (HAL_IS_BIT_CLR(hadc->Instance->CR1, ADC_CR1_JAUTO) &&
 2731              		.loc 1 1278 61 view .LVU786
 2732 00c6 12F4806F 		tst	r2, #1024
 2733 00ca 15D1     		bne	.L217
1280:Drivers/STM32F4/Drivers/STM32F4xx_HAL_Driver/Src/stm32f4xx_hal_adc.c ****           (hadc->Init.ContinuousConvMode == DISABLE))))
 2734              		.loc 1 1280 11 view .LVU787
 2735 00cc 9A68     		ldr	r2, [r3, #8]
1279:Drivers/STM32F4/Drivers/STM32F4xx_HAL_Driver/Src/stm32f4xx_hal_adc.c ****          (ADC_IS_SOFTWARE_START_REGULAR(hadc)       &&
 2736              		.loc 1 1279 61 view .LVU788
 2737 00ce 12F0405F 		tst	r2, #805306368
 2738 00d2 11D1     		bne	.L217
1281:Drivers/STM32F4/Drivers/STM32F4xx_HAL_Driver/Src/stm32f4xx_hal_adc.c ****     {
 2739              		.loc 1 1281 22 view .LVU789
 2740 00d4 227E     		ldrb	r2, [r4, #24]	@ zero_extendqisi2
1280:Drivers/STM32F4/Drivers/STM32F4xx_HAL_Driver/Src/stm32f4xx_hal_adc.c ****           (hadc->Init.ContinuousConvMode == DISABLE))))
 2741              		.loc 1 1280 53 view .LVU790
 2742 00d6 7AB9     		cbnz	r2, .L217
1284:Drivers/STM32F4/Drivers/STM32F4xx_HAL_Driver/Src/stm32f4xx_hal_adc.c **** 
 2743              		.loc 1 1284 7 is_stmt 1 view .LVU791
 2744 00d8 5A68     		ldr	r2, [r3, #4]
 2745 00da 22F08002 		bic	r2, r2, #128
 2746 00de 5A60     		str	r2, [r3, #4]
1287:Drivers/STM32F4/Drivers/STM32F4xx_HAL_Driver/Src/stm32f4xx_hal_adc.c **** 
 2747              		.loc 1 1287 7 view .LVU792
 2748 00e0 236C     		ldr	r3, [r4, #64]
 2749 00e2 23F48053 		bic	r3, r3, #4096
 2750 00e6 2364     		str	r3, [r4, #64]
1289:Drivers/STM32F4/Drivers/STM32F4xx_HAL_Driver/Src/stm32f4xx_hal_adc.c ****       {
 2751              		.loc 1 1289 7 view .LVU793
1289:Drivers/STM32F4/Drivers/STM32F4xx_HAL_Driver/Src/stm32f4xx_hal_adc.c ****       {
 2752              		.loc 1 1289 11 is_stmt 0 view .LVU794
 2753 00e8 236C     		ldr	r3, [r4, #64]
1289:Drivers/STM32F4/Drivers/STM32F4xx_HAL_Driver/Src/stm32f4xx_hal_adc.c ****       {
 2754              		.loc 1 1289 10 view .LVU795
ARM GAS  /tmp/cciQ8ehY.s 			page 97


 2755 00ea 13F4807F 		tst	r3, #256
 2756 00ee 03D1     		bne	.L217
1291:Drivers/STM32F4/Drivers/STM32F4xx_HAL_Driver/Src/stm32f4xx_hal_adc.c ****       }
 2757              		.loc 1 1291 9 is_stmt 1 view .LVU796
 2758 00f0 236C     		ldr	r3, [r4, #64]
 2759 00f2 43F00103 		orr	r3, r3, #1
 2760 00f6 2364     		str	r3, [r4, #64]
 2761              	.L217:
1300:Drivers/STM32F4/Drivers/STM32F4xx_HAL_Driver/Src/stm32f4xx_hal_adc.c **** #endif /* USE_HAL_ADC_REGISTER_CALLBACKS */
 2762              		.loc 1 1300 5 view .LVU797
 2763 00f8 2046     		mov	r0, r4
 2764 00fa FFF7FEFF 		bl	HAL_ADCEx_InjectedConvCpltCallback
 2765              	.LVL139:
1304:Drivers/STM32F4/Drivers/STM32F4xx_HAL_Driver/Src/stm32f4xx_hal_adc.c ****   }
 2766              		.loc 1 1304 5 view .LVU798
 2767 00fe 2368     		ldr	r3, [r4]
 2768 0100 6FF00C02 		mvn	r2, #12
 2769 0104 1A60     		str	r2, [r3]
 2770              	.L215:
1307:Drivers/STM32F4/Drivers/STM32F4xx_HAL_Driver/Src/stm32f4xx_hal_adc.c ****   tmp2 = tmp_cr1 & ADC_IT_AWD;
 2771              		.loc 1 1307 3 view .LVU799
 2772              	.LVL140:
1308:Drivers/STM32F4/Drivers/STM32F4xx_HAL_Driver/Src/stm32f4xx_hal_adc.c ****   /* Check Analog watchdog flag */
 2773              		.loc 1 1308 3 view .LVU800
1308:Drivers/STM32F4/Drivers/STM32F4xx_HAL_Driver/Src/stm32f4xx_hal_adc.c ****   /* Check Analog watchdog flag */
 2774              		.loc 1 1308 8 is_stmt 0 view .LVU801
 2775 0106 05F04003 		and	r3, r5, #64
 2776              	.LVL141:
1310:Drivers/STM32F4/Drivers/STM32F4xx_HAL_Driver/Src/stm32f4xx_hal_adc.c ****   {
 2777              		.loc 1 1310 3 is_stmt 1 view .LVU802
1310:Drivers/STM32F4/Drivers/STM32F4xx_HAL_Driver/Src/stm32f4xx_hal_adc.c ****   {
 2778              		.loc 1 1310 6 is_stmt 0 view .LVU803
 2779 010a 16F0010F 		tst	r6, #1
 2780 010e 05D0     		beq	.L219
1310:Drivers/STM32F4/Drivers/STM32F4xx_HAL_Driver/Src/stm32f4xx_hal_adc.c ****   {
 2781              		.loc 1 1310 12 discriminator 1 view .LVU804
 2782 0110 23B1     		cbz	r3, .L219
1312:Drivers/STM32F4/Drivers/STM32F4xx_HAL_Driver/Src/stm32f4xx_hal_adc.c ****     {
 2783              		.loc 1 1312 5 is_stmt 1 view .LVU805
1312:Drivers/STM32F4/Drivers/STM32F4xx_HAL_Driver/Src/stm32f4xx_hal_adc.c ****     {
 2784              		.loc 1 1312 9 is_stmt 0 view .LVU806
 2785 0112 2368     		ldr	r3, [r4]
 2786              	.LVL142:
1312:Drivers/STM32F4/Drivers/STM32F4xx_HAL_Driver/Src/stm32f4xx_hal_adc.c ****     {
 2787              		.loc 1 1312 9 view .LVU807
 2788 0114 1B68     		ldr	r3, [r3]
1312:Drivers/STM32F4/Drivers/STM32F4xx_HAL_Driver/Src/stm32f4xx_hal_adc.c ****     {
 2789              		.loc 1 1312 8 view .LVU808
 2790 0116 13F0010F 		tst	r3, #1
 2791 011a 18D1     		bne	.L225
 2792              	.L219:
1329:Drivers/STM32F4/Drivers/STM32F4xx_HAL_Driver/Src/stm32f4xx_hal_adc.c ****   tmp2 = tmp_cr1 & ADC_IT_OVR;
 2793              		.loc 1 1329 3 is_stmt 1 view .LVU809
 2794              	.LVL143:
1330:Drivers/STM32F4/Drivers/STM32F4xx_HAL_Driver/Src/stm32f4xx_hal_adc.c ****   /* Check Overrun flag */
 2795              		.loc 1 1330 3 view .LVU810
1330:Drivers/STM32F4/Drivers/STM32F4xx_HAL_Driver/Src/stm32f4xx_hal_adc.c ****   /* Check Overrun flag */
ARM GAS  /tmp/cciQ8ehY.s 			page 98


 2796              		.loc 1 1330 8 is_stmt 0 view .LVU811
 2797 011c 05F08065 		and	r5, r5, #67108864
 2798              	.LVL144:
1332:Drivers/STM32F4/Drivers/STM32F4xx_HAL_Driver/Src/stm32f4xx_hal_adc.c ****   {
 2799              		.loc 1 1332 3 is_stmt 1 view .LVU812
1332:Drivers/STM32F4/Drivers/STM32F4xx_HAL_Driver/Src/stm32f4xx_hal_adc.c ****   {
 2800              		.loc 1 1332 6 is_stmt 0 view .LVU813
 2801 0120 16F0200F 		tst	r6, #32
 2802 0124 00D0     		beq	.L207
1332:Drivers/STM32F4/Drivers/STM32F4xx_HAL_Driver/Src/stm32f4xx_hal_adc.c ****   {
 2803              		.loc 1 1332 12 discriminator 1 view .LVU814
 2804 0126 F5B9     		cbnz	r5, .L226
 2805              	.LVL145:
 2806              	.L207:
1354:Drivers/STM32F4/Drivers/STM32F4xx_HAL_Driver/Src/stm32f4xx_hal_adc.c **** 
 2807              		.loc 1 1354 1 view .LVU815
 2808 0128 70BD     		pop	{r4, r5, r6, pc}
 2809              	.LVL146:
 2810              	.L222:
1207:Drivers/STM32F4/Drivers/STM32F4xx_HAL_Driver/Src/stm32f4xx_hal_adc.c ****   assert_param(IS_ADC_REGULAR_LENGTH(hadc->Init.NbrOfConversion));
 2811              		.loc 1 1207 3 discriminator 1 view .LVU816
 2812 012a 40F2B741 		movw	r1, #1207
 2813 012e 1548     		ldr	r0, .L227
 2814              	.LVL147:
1207:Drivers/STM32F4/Drivers/STM32F4xx_HAL_Driver/Src/stm32f4xx_hal_adc.c ****   assert_param(IS_ADC_REGULAR_LENGTH(hadc->Init.NbrOfConversion));
 2815              		.loc 1 1207 3 discriminator 1 view .LVU817
 2816 0130 FFF7FEFF 		bl	assert_failed
 2817              	.LVL148:
 2818 0134 6DE7     		b	.L208
 2819              	.L223:
1208:Drivers/STM32F4/Drivers/STM32F4xx_HAL_Driver/Src/stm32f4xx_hal_adc.c ****   assert_param(IS_ADC_EOCSelection(hadc->Init.EOCSelection));
 2820              		.loc 1 1208 3 discriminator 1 view .LVU818
 2821 0136 4FF49761 		mov	r1, #1208
 2822 013a 1248     		ldr	r0, .L227
 2823 013c FFF7FEFF 		bl	assert_failed
 2824              	.LVL149:
 2825 0140 6CE7     		b	.L209
 2826              	.L224:
1209:Drivers/STM32F4/Drivers/STM32F4xx_HAL_Driver/Src/stm32f4xx_hal_adc.c **** 
 2827              		.loc 1 1209 3 discriminator 1 view .LVU819
 2828 0142 40F2B941 		movw	r1, #1209
 2829 0146 0F48     		ldr	r0, .L227
 2830 0148 FFF7FEFF 		bl	assert_failed
 2831              	.LVL150:
 2832 014c 6AE7     		b	.L210
 2833              	.LVL151:
 2834              	.L225:
1315:Drivers/STM32F4/Drivers/STM32F4xx_HAL_Driver/Src/stm32f4xx_hal_adc.c **** 
 2835              		.loc 1 1315 7 is_stmt 1 view .LVU820
 2836 014e 236C     		ldr	r3, [r4, #64]
 2837 0150 43F48033 		orr	r3, r3, #65536
 2838 0154 2364     		str	r3, [r4, #64]
1321:Drivers/STM32F4/Drivers/STM32F4xx_HAL_Driver/Src/stm32f4xx_hal_adc.c **** #endif /* USE_HAL_ADC_REGISTER_CALLBACKS */
 2839              		.loc 1 1321 7 view .LVU821
 2840 0156 2046     		mov	r0, r4
 2841 0158 FFF7FEFF 		bl	HAL_ADC_LevelOutOfWindowCallback
 2842              	.LVL152:
ARM GAS  /tmp/cciQ8ehY.s 			page 99


1325:Drivers/STM32F4/Drivers/STM32F4xx_HAL_Driver/Src/stm32f4xx_hal_adc.c ****     }
 2843              		.loc 1 1325 7 view .LVU822
 2844 015c 2368     		ldr	r3, [r4]
 2845 015e 6FF00102 		mvn	r2, #1
 2846 0162 1A60     		str	r2, [r3]
 2847 0164 DAE7     		b	.L219
 2848              	.LVL153:
 2849              	.L226:
1339:Drivers/STM32F4/Drivers/STM32F4xx_HAL_Driver/Src/stm32f4xx_hal_adc.c **** 
 2850              		.loc 1 1339 5 view .LVU823
 2851 0166 636C     		ldr	r3, [r4, #68]
 2852 0168 43F00203 		orr	r3, r3, #2
 2853 016c 6364     		str	r3, [r4, #68]
1342:Drivers/STM32F4/Drivers/STM32F4xx_HAL_Driver/Src/stm32f4xx_hal_adc.c **** 
 2854              		.loc 1 1342 5 view .LVU824
 2855 016e 2368     		ldr	r3, [r4]
 2856 0170 6FF02005 		mvn	r5, #32
 2857              	.LVL154:
1342:Drivers/STM32F4/Drivers/STM32F4xx_HAL_Driver/Src/stm32f4xx_hal_adc.c **** 
 2858              		.loc 1 1342 5 is_stmt 0 view .LVU825
 2859 0174 1D60     		str	r5, [r3]
1348:Drivers/STM32F4/Drivers/STM32F4xx_HAL_Driver/Src/stm32f4xx_hal_adc.c **** #endif /* USE_HAL_ADC_REGISTER_CALLBACKS */
 2860              		.loc 1 1348 5 is_stmt 1 view .LVU826
 2861 0176 2046     		mov	r0, r4
 2862 0178 FFF7FEFF 		bl	HAL_ADC_ErrorCallback
 2863              	.LVL155:
1352:Drivers/STM32F4/Drivers/STM32F4xx_HAL_Driver/Src/stm32f4xx_hal_adc.c ****   }
 2864              		.loc 1 1352 5 view .LVU827
 2865 017c 2368     		ldr	r3, [r4]
 2866 017e 1D60     		str	r5, [r3]
1354:Drivers/STM32F4/Drivers/STM32F4xx_HAL_Driver/Src/stm32f4xx_hal_adc.c **** 
 2867              		.loc 1 1354 1 is_stmt 0 view .LVU828
 2868 0180 D2E7     		b	.L207
 2869              	.L228:
 2870 0182 00BF     		.align	2
 2871              	.L227:
 2872 0184 00000000 		.word	.LC0
 2873              		.cfi_endproc
 2874              	.LFE249:
 2876              		.section	.text.ADC_DMAError,"ax",%progbits
 2877              		.align	1
 2878              		.syntax unified
 2879              		.thumb
 2880              		.thumb_func
 2882              	ADC_DMAError:
 2883              	.LVL156:
 2884              	.LFB264:
2073:Drivers/STM32F4/Drivers/STM32F4xx_HAL_Driver/Src/stm32f4xx_hal_adc.c **** 
2074:Drivers/STM32F4/Drivers/STM32F4xx_HAL_Driver/Src/stm32f4xx_hal_adc.c **** /**
2075:Drivers/STM32F4/Drivers/STM32F4xx_HAL_Driver/Src/stm32f4xx_hal_adc.c ****   * @brief  DMA error callback
2076:Drivers/STM32F4/Drivers/STM32F4xx_HAL_Driver/Src/stm32f4xx_hal_adc.c ****   * @param  hdma pointer to a DMA_HandleTypeDef structure that contains
2077:Drivers/STM32F4/Drivers/STM32F4xx_HAL_Driver/Src/stm32f4xx_hal_adc.c ****   *                the configuration information for the specified DMA module.
2078:Drivers/STM32F4/Drivers/STM32F4xx_HAL_Driver/Src/stm32f4xx_hal_adc.c ****   * @retval None
2079:Drivers/STM32F4/Drivers/STM32F4xx_HAL_Driver/Src/stm32f4xx_hal_adc.c ****   */
2080:Drivers/STM32F4/Drivers/STM32F4xx_HAL_Driver/Src/stm32f4xx_hal_adc.c **** static void ADC_DMAError(DMA_HandleTypeDef *hdma)
2081:Drivers/STM32F4/Drivers/STM32F4xx_HAL_Driver/Src/stm32f4xx_hal_adc.c **** {
 2885              		.loc 1 2081 1 is_stmt 1 view -0
ARM GAS  /tmp/cciQ8ehY.s 			page 100


 2886              		.cfi_startproc
 2887              		@ args = 0, pretend = 0, frame = 0
 2888              		@ frame_needed = 0, uses_anonymous_args = 0
 2889              		.loc 1 2081 1 is_stmt 0 view .LVU830
 2890 0000 08B5     		push	{r3, lr}
 2891              	.LCFI24:
 2892              		.cfi_def_cfa_offset 8
 2893              		.cfi_offset 3, -8
 2894              		.cfi_offset 14, -4
2082:Drivers/STM32F4/Drivers/STM32F4xx_HAL_Driver/Src/stm32f4xx_hal_adc.c ****   ADC_HandleTypeDef *hadc = (ADC_HandleTypeDef *)((DMA_HandleTypeDef *)hdma)->Parent;
 2895              		.loc 1 2082 3 is_stmt 1 view .LVU831
 2896              		.loc 1 2082 22 is_stmt 0 view .LVU832
 2897 0002 806B     		ldr	r0, [r0, #56]
 2898              	.LVL157:
2083:Drivers/STM32F4/Drivers/STM32F4xx_HAL_Driver/Src/stm32f4xx_hal_adc.c ****   hadc->State = HAL_ADC_STATE_ERROR_DMA;
 2899              		.loc 1 2083 3 is_stmt 1 view .LVU833
 2900              		.loc 1 2083 15 is_stmt 0 view .LVU834
 2901 0004 4023     		movs	r3, #64
 2902 0006 0364     		str	r3, [r0, #64]
2084:Drivers/STM32F4/Drivers/STM32F4xx_HAL_Driver/Src/stm32f4xx_hal_adc.c ****   /* Set ADC error code to DMA error */
2085:Drivers/STM32F4/Drivers/STM32F4xx_HAL_Driver/Src/stm32f4xx_hal_adc.c ****   hadc->ErrorCode |= HAL_ADC_ERROR_DMA;
 2903              		.loc 1 2085 3 is_stmt 1 view .LVU835
 2904              		.loc 1 2085 7 is_stmt 0 view .LVU836
 2905 0008 436C     		ldr	r3, [r0, #68]
 2906              		.loc 1 2085 19 view .LVU837
 2907 000a 43F00403 		orr	r3, r3, #4
 2908 000e 4364     		str	r3, [r0, #68]
2086:Drivers/STM32F4/Drivers/STM32F4xx_HAL_Driver/Src/stm32f4xx_hal_adc.c ****   /* Error callback */
2087:Drivers/STM32F4/Drivers/STM32F4xx_HAL_Driver/Src/stm32f4xx_hal_adc.c **** #if (USE_HAL_ADC_REGISTER_CALLBACKS == 1)
2088:Drivers/STM32F4/Drivers/STM32F4xx_HAL_Driver/Src/stm32f4xx_hal_adc.c ****   hadc->ErrorCallback(hadc);
2089:Drivers/STM32F4/Drivers/STM32F4xx_HAL_Driver/Src/stm32f4xx_hal_adc.c **** #else
2090:Drivers/STM32F4/Drivers/STM32F4xx_HAL_Driver/Src/stm32f4xx_hal_adc.c ****   HAL_ADC_ErrorCallback(hadc);
 2909              		.loc 1 2090 3 is_stmt 1 view .LVU838
 2910 0010 FFF7FEFF 		bl	HAL_ADC_ErrorCallback
 2911              	.LVL158:
2091:Drivers/STM32F4/Drivers/STM32F4xx_HAL_Driver/Src/stm32f4xx_hal_adc.c **** #endif /* USE_HAL_ADC_REGISTER_CALLBACKS */
2092:Drivers/STM32F4/Drivers/STM32F4xx_HAL_Driver/Src/stm32f4xx_hal_adc.c **** }
 2912              		.loc 1 2092 1 is_stmt 0 view .LVU839
 2913 0014 08BD     		pop	{r3, pc}
 2914              		.cfi_endproc
 2915              	.LFE264:
 2917              		.section	.text.ADC_DMAConvCplt,"ax",%progbits
 2918              		.align	1
 2919              		.syntax unified
 2920              		.thumb
 2921              		.thumb_func
 2923              	ADC_DMAConvCplt:
 2924              	.LVL159:
 2925              	.LFB262:
1995:Drivers/STM32F4/Drivers/STM32F4xx_HAL_Driver/Src/stm32f4xx_hal_adc.c ****   /* Retrieve ADC handle corresponding to current DMA handle */
 2926              		.loc 1 1995 1 is_stmt 1 view -0
 2927              		.cfi_startproc
 2928              		@ args = 0, pretend = 0, frame = 0
 2929              		@ frame_needed = 0, uses_anonymous_args = 0
1995:Drivers/STM32F4/Drivers/STM32F4xx_HAL_Driver/Src/stm32f4xx_hal_adc.c ****   /* Retrieve ADC handle corresponding to current DMA handle */
 2930              		.loc 1 1995 1 is_stmt 0 view .LVU841
 2931 0000 08B5     		push	{r3, lr}
ARM GAS  /tmp/cciQ8ehY.s 			page 101


 2932              	.LCFI25:
 2933              		.cfi_def_cfa_offset 8
 2934              		.cfi_offset 3, -8
 2935              		.cfi_offset 14, -4
 2936 0002 0346     		mov	r3, r0
1997:Drivers/STM32F4/Drivers/STM32F4xx_HAL_Driver/Src/stm32f4xx_hal_adc.c **** 
 2937              		.loc 1 1997 3 is_stmt 1 view .LVU842
1997:Drivers/STM32F4/Drivers/STM32F4xx_HAL_Driver/Src/stm32f4xx_hal_adc.c **** 
 2938              		.loc 1 1997 22 is_stmt 0 view .LVU843
 2939 0004 806B     		ldr	r0, [r0, #56]
 2940              	.LVL160:
2000:Drivers/STM32F4/Drivers/STM32F4xx_HAL_Driver/Src/stm32f4xx_hal_adc.c ****   {
 2941              		.loc 1 2000 3 is_stmt 1 view .LVU844
2000:Drivers/STM32F4/Drivers/STM32F4xx_HAL_Driver/Src/stm32f4xx_hal_adc.c ****   {
 2942              		.loc 1 2000 7 is_stmt 0 view .LVU845
 2943 0006 026C     		ldr	r2, [r0, #64]
2000:Drivers/STM32F4/Drivers/STM32F4xx_HAL_Driver/Src/stm32f4xx_hal_adc.c ****   {
 2944              		.loc 1 2000 6 view .LVU846
 2945 0008 12F0500F 		tst	r2, #80
 2946 000c 25D1     		bne	.L232
2003:Drivers/STM32F4/Drivers/STM32F4xx_HAL_Driver/Src/stm32f4xx_hal_adc.c **** 
 2947              		.loc 1 2003 5 is_stmt 1 view .LVU847
 2948 000e 036C     		ldr	r3, [r0, #64]
 2949              	.LVL161:
2003:Drivers/STM32F4/Drivers/STM32F4xx_HAL_Driver/Src/stm32f4xx_hal_adc.c **** 
 2950              		.loc 1 2003 5 is_stmt 0 view .LVU848
 2951 0010 43F40073 		orr	r3, r3, #512
 2952 0014 0364     		str	r3, [r0, #64]
2011:Drivers/STM32F4/Drivers/STM32F4xx_HAL_Driver/Src/stm32f4xx_hal_adc.c ****         (hadc->Init.ContinuousConvMode == DISABLE)            &&
 2953              		.loc 1 2011 5 is_stmt 1 view .LVU849
2011:Drivers/STM32F4/Drivers/STM32F4xx_HAL_Driver/Src/stm32f4xx_hal_adc.c ****         (hadc->Init.ContinuousConvMode == DISABLE)            &&
 2954              		.loc 1 2011 9 is_stmt 0 view .LVU850
 2955 0016 0368     		ldr	r3, [r0]
 2956 0018 9A68     		ldr	r2, [r3, #8]
2011:Drivers/STM32F4/Drivers/STM32F4xx_HAL_Driver/Src/stm32f4xx_hal_adc.c ****         (hadc->Init.ContinuousConvMode == DISABLE)            &&
 2957              		.loc 1 2011 8 view .LVU851
 2958 001a 12F0405F 		tst	r2, #805306368
 2959 001e 19D1     		bne	.L233
2012:Drivers/STM32F4/Drivers/STM32F4xx_HAL_Driver/Src/stm32f4xx_hal_adc.c ****         (HAL_IS_BIT_CLR(hadc->Instance->SQR1, ADC_SQR1_L) ||
 2960              		.loc 1 2012 20 view .LVU852
 2961 0020 027E     		ldrb	r2, [r0, #24]	@ zero_extendqisi2
2011:Drivers/STM32F4/Drivers/STM32F4xx_HAL_Driver/Src/stm32f4xx_hal_adc.c ****         (hadc->Init.ContinuousConvMode == DISABLE)            &&
 2962              		.loc 1 2011 63 discriminator 1 view .LVU853
 2963 0022 BAB9     		cbnz	r2, .L233
2013:Drivers/STM32F4/Drivers/STM32F4xx_HAL_Driver/Src/stm32f4xx_hal_adc.c ****          HAL_IS_BIT_CLR(hadc->Instance->CR2, ADC_CR2_EOCS)))
 2964              		.loc 1 2013 10 view .LVU854
 2965 0024 DA6A     		ldr	r2, [r3, #44]
2012:Drivers/STM32F4/Drivers/STM32F4xx_HAL_Driver/Src/stm32f4xx_hal_adc.c ****         (HAL_IS_BIT_CLR(hadc->Instance->SQR1, ADC_SQR1_L) ||
 2966              		.loc 1 2012 63 view .LVU855
 2967 0026 12F4700F 		tst	r2, #15728640
 2968 002a 03D0     		beq	.L234
2014:Drivers/STM32F4/Drivers/STM32F4xx_HAL_Driver/Src/stm32f4xx_hal_adc.c ****     {
 2969              		.loc 1 2014 10 view .LVU856
 2970 002c 9A68     		ldr	r2, [r3, #8]
2013:Drivers/STM32F4/Drivers/STM32F4xx_HAL_Driver/Src/stm32f4xx_hal_adc.c ****          HAL_IS_BIT_CLR(hadc->Instance->CR2, ADC_CR2_EOCS)))
 2971              		.loc 1 2013 59 view .LVU857
 2972 002e 12F4806F 		tst	r2, #1024
ARM GAS  /tmp/cciQ8ehY.s 			page 102


 2973 0032 0FD1     		bne	.L233
 2974              	.L234:
2020:Drivers/STM32F4/Drivers/STM32F4xx_HAL_Driver/Src/stm32f4xx_hal_adc.c **** 
 2975              		.loc 1 2020 7 is_stmt 1 view .LVU858
 2976 0034 5A68     		ldr	r2, [r3, #4]
 2977 0036 22F02002 		bic	r2, r2, #32
 2978 003a 5A60     		str	r2, [r3, #4]
2023:Drivers/STM32F4/Drivers/STM32F4xx_HAL_Driver/Src/stm32f4xx_hal_adc.c **** 
 2979              		.loc 1 2023 7 view .LVU859
 2980 003c 036C     		ldr	r3, [r0, #64]
 2981 003e 23F48073 		bic	r3, r3, #256
 2982 0042 0364     		str	r3, [r0, #64]
2025:Drivers/STM32F4/Drivers/STM32F4xx_HAL_Driver/Src/stm32f4xx_hal_adc.c ****       {
 2983              		.loc 1 2025 7 view .LVU860
2025:Drivers/STM32F4/Drivers/STM32F4xx_HAL_Driver/Src/stm32f4xx_hal_adc.c ****       {
 2984              		.loc 1 2025 11 is_stmt 0 view .LVU861
 2985 0044 036C     		ldr	r3, [r0, #64]
2025:Drivers/STM32F4/Drivers/STM32F4xx_HAL_Driver/Src/stm32f4xx_hal_adc.c ****       {
 2986              		.loc 1 2025 10 view .LVU862
 2987 0046 13F4805F 		tst	r3, #4096
 2988 004a 03D1     		bne	.L233
2027:Drivers/STM32F4/Drivers/STM32F4xx_HAL_Driver/Src/stm32f4xx_hal_adc.c ****       }
 2989              		.loc 1 2027 9 is_stmt 1 view .LVU863
 2990 004c 036C     		ldr	r3, [r0, #64]
 2991 004e 43F00103 		orr	r3, r3, #1
 2992 0052 0364     		str	r3, [r0, #64]
 2993              	.L233:
2035:Drivers/STM32F4/Drivers/STM32F4xx_HAL_Driver/Src/stm32f4xx_hal_adc.c **** #endif /* USE_HAL_ADC_REGISTER_CALLBACKS */
 2994              		.loc 1 2035 5 view .LVU864
 2995 0054 FFF7FEFF 		bl	HAL_ADC_ConvCpltCallback
 2996              	.LVL162:
 2997              	.L231:
2055:Drivers/STM32F4/Drivers/STM32F4xx_HAL_Driver/Src/stm32f4xx_hal_adc.c **** 
 2998              		.loc 1 2055 1 is_stmt 0 view .LVU865
 2999 0058 08BD     		pop	{r3, pc}
 3000              	.LVL163:
 3001              	.L232:
2040:Drivers/STM32F4/Drivers/STM32F4xx_HAL_Driver/Src/stm32f4xx_hal_adc.c ****     {
 3002              		.loc 1 2040 5 is_stmt 1 view .LVU866
2040:Drivers/STM32F4/Drivers/STM32F4xx_HAL_Driver/Src/stm32f4xx_hal_adc.c ****     {
 3003              		.loc 1 2040 14 is_stmt 0 view .LVU867
 3004 005a 026C     		ldr	r2, [r0, #64]
2040:Drivers/STM32F4/Drivers/STM32F4xx_HAL_Driver/Src/stm32f4xx_hal_adc.c ****     {
 3005              		.loc 1 2040 8 view .LVU868
 3006 005c 12F0100F 		tst	r2, #16
 3007 0060 04D1     		bne	.L238
2052:Drivers/STM32F4/Drivers/STM32F4xx_HAL_Driver/Src/stm32f4xx_hal_adc.c ****     }
 3008              		.loc 1 2052 7 is_stmt 1 view .LVU869
2052:Drivers/STM32F4/Drivers/STM32F4xx_HAL_Driver/Src/stm32f4xx_hal_adc.c ****     }
 3009              		.loc 1 2052 11 is_stmt 0 view .LVU870
 3010 0062 826B     		ldr	r2, [r0, #56]
2052:Drivers/STM32F4/Drivers/STM32F4xx_HAL_Driver/Src/stm32f4xx_hal_adc.c ****     }
 3011              		.loc 1 2052 23 view .LVU871
 3012 0064 D26C     		ldr	r2, [r2, #76]
2052:Drivers/STM32F4/Drivers/STM32F4xx_HAL_Driver/Src/stm32f4xx_hal_adc.c ****     }
 3013              		.loc 1 2052 7 view .LVU872
 3014 0066 1846     		mov	r0, r3
ARM GAS  /tmp/cciQ8ehY.s 			page 103


 3015              	.LVL164:
2052:Drivers/STM32F4/Drivers/STM32F4xx_HAL_Driver/Src/stm32f4xx_hal_adc.c ****     }
 3016              		.loc 1 2052 7 view .LVU873
 3017 0068 9047     		blx	r2
 3018              	.LVL165:
2055:Drivers/STM32F4/Drivers/STM32F4xx_HAL_Driver/Src/stm32f4xx_hal_adc.c **** 
 3019              		.loc 1 2055 1 view .LVU874
 3020 006a F5E7     		b	.L231
 3021              	.LVL166:
 3022              	.L238:
2046:Drivers/STM32F4/Drivers/STM32F4xx_HAL_Driver/Src/stm32f4xx_hal_adc.c **** #endif /* USE_HAL_ADC_REGISTER_CALLBACKS */
 3023              		.loc 1 2046 7 is_stmt 1 view .LVU875
 3024 006c FFF7FEFF 		bl	HAL_ADC_ErrorCallback
 3025              	.LVL167:
2046:Drivers/STM32F4/Drivers/STM32F4xx_HAL_Driver/Src/stm32f4xx_hal_adc.c **** #endif /* USE_HAL_ADC_REGISTER_CALLBACKS */
 3026              		.loc 1 2046 7 is_stmt 0 view .LVU876
 3027 0070 F2E7     		b	.L231
 3028              		.cfi_endproc
 3029              	.LFE262:
 3031              		.section	.text.HAL_ADC_ConfigChannel,"ax",%progbits
 3032              		.align	1
 3033              		.global	HAL_ADC_ConfigChannel
 3034              		.syntax unified
 3035              		.thumb
 3036              		.thumb_func
 3038              	HAL_ADC_ConfigChannel:
 3039              	.LVL168:
 3040              	.LFB257:
1670:Drivers/STM32F4/Drivers/STM32F4xx_HAL_Driver/Src/stm32f4xx_hal_adc.c ****   __IO uint32_t counter = 0U;
 3041              		.loc 1 1670 1 is_stmt 1 view -0
 3042              		.cfi_startproc
 3043              		@ args = 0, pretend = 0, frame = 8
 3044              		@ frame_needed = 0, uses_anonymous_args = 0
1670:Drivers/STM32F4/Drivers/STM32F4xx_HAL_Driver/Src/stm32f4xx_hal_adc.c ****   __IO uint32_t counter = 0U;
 3045              		.loc 1 1670 1 is_stmt 0 view .LVU878
 3046 0000 30B5     		push	{r4, r5, lr}
 3047              	.LCFI26:
 3048              		.cfi_def_cfa_offset 12
 3049              		.cfi_offset 4, -12
 3050              		.cfi_offset 5, -8
 3051              		.cfi_offset 14, -4
 3052 0002 83B0     		sub	sp, sp, #12
 3053              	.LCFI27:
 3054              		.cfi_def_cfa_offset 24
 3055 0004 0546     		mov	r5, r0
 3056 0006 0C46     		mov	r4, r1
1671:Drivers/STM32F4/Drivers/STM32F4xx_HAL_Driver/Src/stm32f4xx_hal_adc.c ****   ADC_Common_TypeDef *tmpADC_Common;
 3057              		.loc 1 1671 3 is_stmt 1 view .LVU879
1671:Drivers/STM32F4/Drivers/STM32F4xx_HAL_Driver/Src/stm32f4xx_hal_adc.c ****   ADC_Common_TypeDef *tmpADC_Common;
 3058              		.loc 1 1671 17 is_stmt 0 view .LVU880
 3059 0008 0023     		movs	r3, #0
 3060 000a 0193     		str	r3, [sp, #4]
1672:Drivers/STM32F4/Drivers/STM32F4xx_HAL_Driver/Src/stm32f4xx_hal_adc.c **** 
 3061              		.loc 1 1672 3 is_stmt 1 view .LVU881
1675:Drivers/STM32F4/Drivers/STM32F4xx_HAL_Driver/Src/stm32f4xx_hal_adc.c ****   assert_param(IS_ADC_REGULAR_RANK(sConfig->Rank));
 3062              		.loc 1 1675 3 view .LVU882
 3063 000c 0B68     		ldr	r3, [r1]
ARM GAS  /tmp/cciQ8ehY.s 			page 104


 3064 000e 122B     		cmp	r3, #18
 3065 0010 4DD8     		bhi	.L255
 3066              	.LVL169:
 3067              	.L240:
1676:Drivers/STM32F4/Drivers/STM32F4xx_HAL_Driver/Src/stm32f4xx_hal_adc.c ****   assert_param(IS_ADC_SAMPLE_TIME(sConfig->SamplingTime));
 3068              		.loc 1 1676 3 view .LVU883
 3069 0012 6368     		ldr	r3, [r4, #4]
 3070 0014 013B     		subs	r3, r3, #1
 3071 0016 0F2B     		cmp	r3, #15
 3072 0018 4FD8     		bhi	.L256
 3073              	.L241:
1677:Drivers/STM32F4/Drivers/STM32F4xx_HAL_Driver/Src/stm32f4xx_hal_adc.c **** 
 3074              		.loc 1 1677 3 view .LVU884
 3075 001a A368     		ldr	r3, [r4, #8]
 3076 001c 072B     		cmp	r3, #7
 3077 001e 52D8     		bhi	.L257
 3078              	.L242:
1680:Drivers/STM32F4/Drivers/STM32F4xx_HAL_Driver/Src/stm32f4xx_hal_adc.c **** 
 3079              		.loc 1 1680 3 view .LVU885
1680:Drivers/STM32F4/Drivers/STM32F4xx_HAL_Driver/Src/stm32f4xx_hal_adc.c **** 
 3080              		.loc 1 1680 3 view .LVU886
 3081 0020 95F83C30 		ldrb	r3, [r5, #60]	@ zero_extendqisi2
 3082 0024 012B     		cmp	r3, #1
 3083 0026 00F0C580 		beq	.L253
1680:Drivers/STM32F4/Drivers/STM32F4xx_HAL_Driver/Src/stm32f4xx_hal_adc.c **** 
 3084              		.loc 1 1680 3 discriminator 2 view .LVU887
 3085 002a 0123     		movs	r3, #1
 3086 002c 85F83C30 		strb	r3, [r5, #60]
1680:Drivers/STM32F4/Drivers/STM32F4xx_HAL_Driver/Src/stm32f4xx_hal_adc.c **** 
 3087              		.loc 1 1680 3 discriminator 2 view .LVU888
1683:Drivers/STM32F4/Drivers/STM32F4xx_HAL_Driver/Src/stm32f4xx_hal_adc.c ****   {
 3088              		.loc 1 1683 3 view .LVU889
1683:Drivers/STM32F4/Drivers/STM32F4xx_HAL_Driver/Src/stm32f4xx_hal_adc.c ****   {
 3089              		.loc 1 1683 14 is_stmt 0 view .LVU890
 3090 0030 2368     		ldr	r3, [r4]
1683:Drivers/STM32F4/Drivers/STM32F4xx_HAL_Driver/Src/stm32f4xx_hal_adc.c ****   {
 3091              		.loc 1 1683 6 view .LVU891
 3092 0032 092B     		cmp	r3, #9
 3093 0034 4DD9     		bls	.L244
1686:Drivers/STM32F4/Drivers/STM32F4xx_HAL_Driver/Src/stm32f4xx_hal_adc.c **** 
 3094              		.loc 1 1686 5 is_stmt 1 view .LVU892
1686:Drivers/STM32F4/Drivers/STM32F4xx_HAL_Driver/Src/stm32f4xx_hal_adc.c **** 
 3095              		.loc 1 1686 9 is_stmt 0 view .LVU893
 3096 0036 2868     		ldr	r0, [r5]
1686:Drivers/STM32F4/Drivers/STM32F4xx_HAL_Driver/Src/stm32f4xx_hal_adc.c **** 
 3097              		.loc 1 1686 19 view .LVU894
 3098 0038 C268     		ldr	r2, [r0, #12]
1686:Drivers/STM32F4/Drivers/STM32F4xx_HAL_Driver/Src/stm32f4xx_hal_adc.c **** 
 3099              		.loc 1 1686 31 view .LVU895
 3100 003a 9BB2     		uxth	r3, r3
 3101 003c 03EB4303 		add	r3, r3, r3, lsl #1
 3102 0040 1E3B     		subs	r3, r3, #30
 3103 0042 0721     		movs	r1, #7
 3104 0044 01FA03F3 		lsl	r3, r1, r3
1686:Drivers/STM32F4/Drivers/STM32F4xx_HAL_Driver/Src/stm32f4xx_hal_adc.c **** 
 3105              		.loc 1 1686 27 view .LVU896
 3106 0048 22EA0303 		bic	r3, r2, r3
ARM GAS  /tmp/cciQ8ehY.s 			page 105


 3107 004c C360     		str	r3, [r0, #12]
1689:Drivers/STM32F4/Drivers/STM32F4xx_HAL_Driver/Src/stm32f4xx_hal_adc.c ****   }
 3108              		.loc 1 1689 5 is_stmt 1 view .LVU897
1689:Drivers/STM32F4/Drivers/STM32F4xx_HAL_Driver/Src/stm32f4xx_hal_adc.c ****   }
 3109              		.loc 1 1689 9 is_stmt 0 view .LVU898
 3110 004e 2868     		ldr	r0, [r5]
1689:Drivers/STM32F4/Drivers/STM32F4xx_HAL_Driver/Src/stm32f4xx_hal_adc.c ****   }
 3111              		.loc 1 1689 19 view .LVU899
 3112 0050 C268     		ldr	r2, [r0, #12]
1689:Drivers/STM32F4/Drivers/STM32F4xx_HAL_Driver/Src/stm32f4xx_hal_adc.c ****   }
 3113              		.loc 1 1689 30 view .LVU900
 3114 0052 A168     		ldr	r1, [r4, #8]
 3115 0054 2388     		ldrh	r3, [r4]
 3116 0056 03EB4303 		add	r3, r3, r3, lsl #1
 3117 005a 1E3B     		subs	r3, r3, #30
 3118 005c 9940     		lsls	r1, r1, r3
1689:Drivers/STM32F4/Drivers/STM32F4xx_HAL_Driver/Src/stm32f4xx_hal_adc.c ****   }
 3119              		.loc 1 1689 27 view .LVU901
 3120 005e 0A43     		orrs	r2, r2, r1
 3121 0060 C260     		str	r2, [r0, #12]
 3122              	.L245:
1701:Drivers/STM32F4/Drivers/STM32F4xx_HAL_Driver/Src/stm32f4xx_hal_adc.c ****   {
 3123              		.loc 1 1701 3 is_stmt 1 view .LVU902
1701:Drivers/STM32F4/Drivers/STM32F4xx_HAL_Driver/Src/stm32f4xx_hal_adc.c ****   {
 3124              		.loc 1 1701 14 is_stmt 0 view .LVU903
 3125 0062 6368     		ldr	r3, [r4, #4]
1701:Drivers/STM32F4/Drivers/STM32F4xx_HAL_Driver/Src/stm32f4xx_hal_adc.c ****   {
 3126              		.loc 1 1701 6 view .LVU904
 3127 0064 062B     		cmp	r3, #6
 3128 0066 49D8     		bhi	.L246
1704:Drivers/STM32F4/Drivers/STM32F4xx_HAL_Driver/Src/stm32f4xx_hal_adc.c **** 
 3129              		.loc 1 1704 5 is_stmt 1 view .LVU905
1704:Drivers/STM32F4/Drivers/STM32F4xx_HAL_Driver/Src/stm32f4xx_hal_adc.c **** 
 3130              		.loc 1 1704 9 is_stmt 0 view .LVU906
 3131 0068 2868     		ldr	r0, [r5]
1704:Drivers/STM32F4/Drivers/STM32F4xx_HAL_Driver/Src/stm32f4xx_hal_adc.c **** 
 3132              		.loc 1 1704 19 view .LVU907
 3133 006a 426B     		ldr	r2, [r0, #52]
1704:Drivers/STM32F4/Drivers/STM32F4xx_HAL_Driver/Src/stm32f4xx_hal_adc.c **** 
 3134              		.loc 1 1704 30 view .LVU908
 3135 006c 03EB8303 		add	r3, r3, r3, lsl #2
 3136 0070 053B     		subs	r3, r3, #5
 3137 0072 1F21     		movs	r1, #31
 3138 0074 01FA03F3 		lsl	r3, r1, r3
1704:Drivers/STM32F4/Drivers/STM32F4xx_HAL_Driver/Src/stm32f4xx_hal_adc.c **** 
 3139              		.loc 1 1704 26 view .LVU909
 3140 0078 22EA0303 		bic	r3, r2, r3
 3141 007c 4363     		str	r3, [r0, #52]
1707:Drivers/STM32F4/Drivers/STM32F4xx_HAL_Driver/Src/stm32f4xx_hal_adc.c ****   }
 3142              		.loc 1 1707 5 is_stmt 1 view .LVU910
1707:Drivers/STM32F4/Drivers/STM32F4xx_HAL_Driver/Src/stm32f4xx_hal_adc.c ****   }
 3143              		.loc 1 1707 9 is_stmt 0 view .LVU911
 3144 007e 2868     		ldr	r0, [r5]
1707:Drivers/STM32F4/Drivers/STM32F4xx_HAL_Driver/Src/stm32f4xx_hal_adc.c ****   }
 3145              		.loc 1 1707 19 view .LVU912
 3146 0080 426B     		ldr	r2, [r0, #52]
1707:Drivers/STM32F4/Drivers/STM32F4xx_HAL_Driver/Src/stm32f4xx_hal_adc.c ****   }
ARM GAS  /tmp/cciQ8ehY.s 			page 106


 3147              		.loc 1 1707 29 view .LVU913
 3148 0082 6368     		ldr	r3, [r4, #4]
 3149 0084 03EB8303 		add	r3, r3, r3, lsl #2
 3150 0088 053B     		subs	r3, r3, #5
 3151 008a 2188     		ldrh	r1, [r4]
 3152 008c 01FA03F3 		lsl	r3, r1, r3
1707:Drivers/STM32F4/Drivers/STM32F4xx_HAL_Driver/Src/stm32f4xx_hal_adc.c ****   }
 3153              		.loc 1 1707 26 view .LVU914
 3154 0090 1343     		orrs	r3, r3, r2
 3155 0092 4363     		str	r3, [r0, #52]
 3156              	.L247:
1731:Drivers/STM32F4/Drivers/STM32F4xx_HAL_Driver/Src/stm32f4xx_hal_adc.c **** 
 3157              		.loc 1 1731 3 is_stmt 1 view .LVU915
 3158              	.LVL170:
1734:Drivers/STM32F4/Drivers/STM32F4xx_HAL_Driver/Src/stm32f4xx_hal_adc.c ****   {
 3159              		.loc 1 1734 3 view .LVU916
1734:Drivers/STM32F4/Drivers/STM32F4xx_HAL_Driver/Src/stm32f4xx_hal_adc.c ****   {
 3160              		.loc 1 1734 12 is_stmt 0 view .LVU917
 3161 0094 2A68     		ldr	r2, [r5]
1734:Drivers/STM32F4/Drivers/STM32F4xx_HAL_Driver/Src/stm32f4xx_hal_adc.c ****   {
 3162              		.loc 1 1734 6 view .LVU918
 3163 0096 484B     		ldr	r3, .L260
 3164 0098 9A42     		cmp	r2, r3
 3165 009a 5FD0     		beq	.L258
 3166              	.L249:
1747:Drivers/STM32F4/Drivers/STM32F4xx_HAL_Driver/Src/stm32f4xx_hal_adc.c ****   {
 3167              		.loc 1 1747 3 is_stmt 1 view .LVU919
1747:Drivers/STM32F4/Drivers/STM32F4xx_HAL_Driver/Src/stm32f4xx_hal_adc.c ****   {
 3168              		.loc 1 1747 12 is_stmt 0 view .LVU920
 3169 009c 2A68     		ldr	r2, [r5]
1747:Drivers/STM32F4/Drivers/STM32F4xx_HAL_Driver/Src/stm32f4xx_hal_adc.c ****   {
 3170              		.loc 1 1747 6 view .LVU921
 3171 009e 464B     		ldr	r3, .L260
 3172 00a0 9A42     		cmp	r2, r3
 3173 00a2 64D0     		beq	.L259
 3174              	.L250:
1770:Drivers/STM32F4/Drivers/STM32F4xx_HAL_Driver/Src/stm32f4xx_hal_adc.c **** 
 3175              		.loc 1 1770 3 is_stmt 1 view .LVU922
1770:Drivers/STM32F4/Drivers/STM32F4xx_HAL_Driver/Src/stm32f4xx_hal_adc.c **** 
 3176              		.loc 1 1770 3 view .LVU923
 3177 00a4 0020     		movs	r0, #0
 3178 00a6 85F83C00 		strb	r0, [r5, #60]
1770:Drivers/STM32F4/Drivers/STM32F4xx_HAL_Driver/Src/stm32f4xx_hal_adc.c **** 
 3179              		.loc 1 1770 3 view .LVU924
1773:Drivers/STM32F4/Drivers/STM32F4xx_HAL_Driver/Src/stm32f4xx_hal_adc.c **** }
 3180              		.loc 1 1773 3 view .LVU925
 3181              	.LVL171:
 3182              	.L243:
1774:Drivers/STM32F4/Drivers/STM32F4xx_HAL_Driver/Src/stm32f4xx_hal_adc.c **** 
 3183              		.loc 1 1774 1 is_stmt 0 view .LVU926
 3184 00aa 03B0     		add	sp, sp, #12
 3185              	.LCFI28:
 3186              		.cfi_remember_state
 3187              		.cfi_def_cfa_offset 12
 3188              		@ sp needed
 3189 00ac 30BD     		pop	{r4, r5, pc}
 3190              	.LVL172:
ARM GAS  /tmp/cciQ8ehY.s 			page 107


 3191              	.L255:
 3192              	.LCFI29:
 3193              		.cfi_restore_state
1675:Drivers/STM32F4/Drivers/STM32F4xx_HAL_Driver/Src/stm32f4xx_hal_adc.c ****   assert_param(IS_ADC_REGULAR_RANK(sConfig->Rank));
 3194              		.loc 1 1675 3 discriminator 1 view .LVU927
 3195 00ae 40F28B61 		movw	r1, #1675
 3196              	.LVL173:
1675:Drivers/STM32F4/Drivers/STM32F4xx_HAL_Driver/Src/stm32f4xx_hal_adc.c ****   assert_param(IS_ADC_REGULAR_RANK(sConfig->Rank));
 3197              		.loc 1 1675 3 discriminator 1 view .LVU928
 3198 00b2 4248     		ldr	r0, .L260+4
 3199              	.LVL174:
1675:Drivers/STM32F4/Drivers/STM32F4xx_HAL_Driver/Src/stm32f4xx_hal_adc.c ****   assert_param(IS_ADC_REGULAR_RANK(sConfig->Rank));
 3200              		.loc 1 1675 3 discriminator 1 view .LVU929
 3201 00b4 FFF7FEFF 		bl	assert_failed
 3202              	.LVL175:
 3203 00b8 ABE7     		b	.L240
 3204              	.L256:
1676:Drivers/STM32F4/Drivers/STM32F4xx_HAL_Driver/Src/stm32f4xx_hal_adc.c ****   assert_param(IS_ADC_SAMPLE_TIME(sConfig->SamplingTime));
 3205              		.loc 1 1676 3 discriminator 1 view .LVU930
 3206 00ba 40F28C61 		movw	r1, #1676
 3207 00be 3F48     		ldr	r0, .L260+4
 3208 00c0 FFF7FEFF 		bl	assert_failed
 3209              	.LVL176:
 3210 00c4 A9E7     		b	.L241
 3211              	.L257:
1677:Drivers/STM32F4/Drivers/STM32F4xx_HAL_Driver/Src/stm32f4xx_hal_adc.c **** 
 3212              		.loc 1 1677 3 discriminator 1 view .LVU931
 3213 00c6 40F28D61 		movw	r1, #1677
 3214 00ca 3C48     		ldr	r0, .L260+4
 3215 00cc FFF7FEFF 		bl	assert_failed
 3216              	.LVL177:
 3217 00d0 A6E7     		b	.L242
 3218              	.L244:
1694:Drivers/STM32F4/Drivers/STM32F4xx_HAL_Driver/Src/stm32f4xx_hal_adc.c **** 
 3219              		.loc 1 1694 5 is_stmt 1 view .LVU932
1694:Drivers/STM32F4/Drivers/STM32F4xx_HAL_Driver/Src/stm32f4xx_hal_adc.c **** 
 3220              		.loc 1 1694 9 is_stmt 0 view .LVU933
 3221 00d2 2868     		ldr	r0, [r5]
1694:Drivers/STM32F4/Drivers/STM32F4xx_HAL_Driver/Src/stm32f4xx_hal_adc.c **** 
 3222              		.loc 1 1694 19 view .LVU934
 3223 00d4 0269     		ldr	r2, [r0, #16]
1694:Drivers/STM32F4/Drivers/STM32F4xx_HAL_Driver/Src/stm32f4xx_hal_adc.c **** 
 3224              		.loc 1 1694 31 view .LVU935
 3225 00d6 9BB2     		uxth	r3, r3
 3226 00d8 03EB4303 		add	r3, r3, r3, lsl #1
 3227 00dc 0721     		movs	r1, #7
 3228 00de 01FA03F3 		lsl	r3, r1, r3
1694:Drivers/STM32F4/Drivers/STM32F4xx_HAL_Driver/Src/stm32f4xx_hal_adc.c **** 
 3229              		.loc 1 1694 27 view .LVU936
 3230 00e2 22EA0303 		bic	r3, r2, r3
 3231 00e6 0361     		str	r3, [r0, #16]
1697:Drivers/STM32F4/Drivers/STM32F4xx_HAL_Driver/Src/stm32f4xx_hal_adc.c ****   }
 3232              		.loc 1 1697 5 is_stmt 1 view .LVU937
1697:Drivers/STM32F4/Drivers/STM32F4xx_HAL_Driver/Src/stm32f4xx_hal_adc.c ****   }
 3233              		.loc 1 1697 9 is_stmt 0 view .LVU938
 3234 00e8 2868     		ldr	r0, [r5]
1697:Drivers/STM32F4/Drivers/STM32F4xx_HAL_Driver/Src/stm32f4xx_hal_adc.c ****   }
ARM GAS  /tmp/cciQ8ehY.s 			page 108


 3235              		.loc 1 1697 19 view .LVU939
 3236 00ea 0269     		ldr	r2, [r0, #16]
1697:Drivers/STM32F4/Drivers/STM32F4xx_HAL_Driver/Src/stm32f4xx_hal_adc.c ****   }
 3237              		.loc 1 1697 30 view .LVU940
 3238 00ec A168     		ldr	r1, [r4, #8]
 3239 00ee 2388     		ldrh	r3, [r4]
 3240 00f0 03EB4303 		add	r3, r3, r3, lsl #1
 3241 00f4 9940     		lsls	r1, r1, r3
1697:Drivers/STM32F4/Drivers/STM32F4xx_HAL_Driver/Src/stm32f4xx_hal_adc.c ****   }
 3242              		.loc 1 1697 27 view .LVU941
 3243 00f6 0A43     		orrs	r2, r2, r1
 3244 00f8 0261     		str	r2, [r0, #16]
 3245 00fa B2E7     		b	.L245
 3246              	.L246:
1710:Drivers/STM32F4/Drivers/STM32F4xx_HAL_Driver/Src/stm32f4xx_hal_adc.c ****   {
 3247              		.loc 1 1710 8 is_stmt 1 view .LVU942
1710:Drivers/STM32F4/Drivers/STM32F4xx_HAL_Driver/Src/stm32f4xx_hal_adc.c ****   {
 3248              		.loc 1 1710 11 is_stmt 0 view .LVU943
 3249 00fc 0C2B     		cmp	r3, #12
 3250 00fe 16D8     		bhi	.L248
1713:Drivers/STM32F4/Drivers/STM32F4xx_HAL_Driver/Src/stm32f4xx_hal_adc.c **** 
 3251              		.loc 1 1713 5 is_stmt 1 view .LVU944
1713:Drivers/STM32F4/Drivers/STM32F4xx_HAL_Driver/Src/stm32f4xx_hal_adc.c **** 
 3252              		.loc 1 1713 9 is_stmt 0 view .LVU945
 3253 0100 2868     		ldr	r0, [r5]
1713:Drivers/STM32F4/Drivers/STM32F4xx_HAL_Driver/Src/stm32f4xx_hal_adc.c **** 
 3254              		.loc 1 1713 19 view .LVU946
 3255 0102 026B     		ldr	r2, [r0, #48]
1713:Drivers/STM32F4/Drivers/STM32F4xx_HAL_Driver/Src/stm32f4xx_hal_adc.c **** 
 3256              		.loc 1 1713 30 view .LVU947
 3257 0104 03EB8303 		add	r3, r3, r3, lsl #2
 3258 0108 233B     		subs	r3, r3, #35
 3259 010a 1F21     		movs	r1, #31
 3260 010c 01FA03F3 		lsl	r3, r1, r3
1713:Drivers/STM32F4/Drivers/STM32F4xx_HAL_Driver/Src/stm32f4xx_hal_adc.c **** 
 3261              		.loc 1 1713 26 view .LVU948
 3262 0110 22EA0303 		bic	r3, r2, r3
 3263 0114 0363     		str	r3, [r0, #48]
1716:Drivers/STM32F4/Drivers/STM32F4xx_HAL_Driver/Src/stm32f4xx_hal_adc.c ****   }
 3264              		.loc 1 1716 5 is_stmt 1 view .LVU949
1716:Drivers/STM32F4/Drivers/STM32F4xx_HAL_Driver/Src/stm32f4xx_hal_adc.c ****   }
 3265              		.loc 1 1716 9 is_stmt 0 view .LVU950
 3266 0116 2868     		ldr	r0, [r5]
1716:Drivers/STM32F4/Drivers/STM32F4xx_HAL_Driver/Src/stm32f4xx_hal_adc.c ****   }
 3267              		.loc 1 1716 19 view .LVU951
 3268 0118 026B     		ldr	r2, [r0, #48]
1716:Drivers/STM32F4/Drivers/STM32F4xx_HAL_Driver/Src/stm32f4xx_hal_adc.c ****   }
 3269              		.loc 1 1716 29 view .LVU952
 3270 011a 6368     		ldr	r3, [r4, #4]
 3271 011c 03EB8303 		add	r3, r3, r3, lsl #2
 3272 0120 233B     		subs	r3, r3, #35
 3273 0122 2188     		ldrh	r1, [r4]
 3274 0124 01FA03F3 		lsl	r3, r1, r3
1716:Drivers/STM32F4/Drivers/STM32F4xx_HAL_Driver/Src/stm32f4xx_hal_adc.c ****   }
 3275              		.loc 1 1716 26 view .LVU953
 3276 0128 1343     		orrs	r3, r3, r2
 3277 012a 0363     		str	r3, [r0, #48]
ARM GAS  /tmp/cciQ8ehY.s 			page 109


 3278 012c B2E7     		b	.L247
 3279              	.L248:
1722:Drivers/STM32F4/Drivers/STM32F4xx_HAL_Driver/Src/stm32f4xx_hal_adc.c **** 
 3280              		.loc 1 1722 5 is_stmt 1 view .LVU954
1722:Drivers/STM32F4/Drivers/STM32F4xx_HAL_Driver/Src/stm32f4xx_hal_adc.c **** 
 3281              		.loc 1 1722 9 is_stmt 0 view .LVU955
 3282 012e 2868     		ldr	r0, [r5]
1722:Drivers/STM32F4/Drivers/STM32F4xx_HAL_Driver/Src/stm32f4xx_hal_adc.c **** 
 3283              		.loc 1 1722 19 view .LVU956
 3284 0130 C26A     		ldr	r2, [r0, #44]
1722:Drivers/STM32F4/Drivers/STM32F4xx_HAL_Driver/Src/stm32f4xx_hal_adc.c **** 
 3285              		.loc 1 1722 30 view .LVU957
 3286 0132 03EB8303 		add	r3, r3, r3, lsl #2
 3287 0136 413B     		subs	r3, r3, #65
 3288 0138 1F21     		movs	r1, #31
 3289 013a 01FA03F3 		lsl	r3, r1, r3
1722:Drivers/STM32F4/Drivers/STM32F4xx_HAL_Driver/Src/stm32f4xx_hal_adc.c **** 
 3290              		.loc 1 1722 26 view .LVU958
 3291 013e 22EA0303 		bic	r3, r2, r3
 3292 0142 C362     		str	r3, [r0, #44]
1725:Drivers/STM32F4/Drivers/STM32F4xx_HAL_Driver/Src/stm32f4xx_hal_adc.c ****   }
 3293              		.loc 1 1725 5 is_stmt 1 view .LVU959
1725:Drivers/STM32F4/Drivers/STM32F4xx_HAL_Driver/Src/stm32f4xx_hal_adc.c ****   }
 3294              		.loc 1 1725 9 is_stmt 0 view .LVU960
 3295 0144 2868     		ldr	r0, [r5]
1725:Drivers/STM32F4/Drivers/STM32F4xx_HAL_Driver/Src/stm32f4xx_hal_adc.c ****   }
 3296              		.loc 1 1725 19 view .LVU961
 3297 0146 C26A     		ldr	r2, [r0, #44]
1725:Drivers/STM32F4/Drivers/STM32F4xx_HAL_Driver/Src/stm32f4xx_hal_adc.c ****   }
 3298              		.loc 1 1725 29 view .LVU962
 3299 0148 6368     		ldr	r3, [r4, #4]
 3300 014a 03EB8303 		add	r3, r3, r3, lsl #2
 3301 014e 413B     		subs	r3, r3, #65
 3302 0150 2188     		ldrh	r1, [r4]
 3303 0152 01FA03F3 		lsl	r3, r1, r3
1725:Drivers/STM32F4/Drivers/STM32F4xx_HAL_Driver/Src/stm32f4xx_hal_adc.c ****   }
 3304              		.loc 1 1725 26 view .LVU963
 3305 0156 1343     		orrs	r3, r3, r2
 3306 0158 C362     		str	r3, [r0, #44]
 3307 015a 9BE7     		b	.L247
 3308              	.LVL178:
 3309              	.L258:
1734:Drivers/STM32F4/Drivers/STM32F4xx_HAL_Driver/Src/stm32f4xx_hal_adc.c ****   {
 3310              		.loc 1 1734 43 discriminator 1 view .LVU964
 3311 015c 2368     		ldr	r3, [r4]
1734:Drivers/STM32F4/Drivers/STM32F4xx_HAL_Driver/Src/stm32f4xx_hal_adc.c ****   {
 3312              		.loc 1 1734 32 discriminator 1 view .LVU965
 3313 015e 122B     		cmp	r3, #18
 3314 0160 9CD1     		bne	.L249
1737:Drivers/STM32F4/Drivers/STM32F4xx_HAL_Driver/Src/stm32f4xx_hal_adc.c ****     {
 3315              		.loc 1 1737 5 is_stmt 1 view .LVU966
1742:Drivers/STM32F4/Drivers/STM32F4xx_HAL_Driver/Src/stm32f4xx_hal_adc.c ****   }
 3316              		.loc 1 1742 5 view .LVU967
1742:Drivers/STM32F4/Drivers/STM32F4xx_HAL_Driver/Src/stm32f4xx_hal_adc.c ****   }
 3317              		.loc 1 1742 18 is_stmt 0 view .LVU968
 3318 0162 174A     		ldr	r2, .L260+8
 3319 0164 5368     		ldr	r3, [r2, #4]
ARM GAS  /tmp/cciQ8ehY.s 			page 110


1742:Drivers/STM32F4/Drivers/STM32F4xx_HAL_Driver/Src/stm32f4xx_hal_adc.c ****   }
 3320              		.loc 1 1742 24 view .LVU969
 3321 0166 43F48003 		orr	r3, r3, #4194304
 3322 016a 5360     		str	r3, [r2, #4]
 3323 016c 96E7     		b	.L249
 3324              	.L259:
1747:Drivers/STM32F4/Drivers/STM32F4xx_HAL_Driver/Src/stm32f4xx_hal_adc.c ****   {
 3325              		.loc 1 1747 44 discriminator 1 view .LVU970
 3326 016e 2368     		ldr	r3, [r4]
1747:Drivers/STM32F4/Drivers/STM32F4xx_HAL_Driver/Src/stm32f4xx_hal_adc.c ****   {
 3327              		.loc 1 1747 81 discriminator 1 view .LVU971
 3328 0170 103B     		subs	r3, r3, #16
1747:Drivers/STM32F4/Drivers/STM32F4xx_HAL_Driver/Src/stm32f4xx_hal_adc.c ****   {
 3329              		.loc 1 1747 32 discriminator 1 view .LVU972
 3330 0172 012B     		cmp	r3, #1
 3331 0174 96D8     		bhi	.L250
1750:Drivers/STM32F4/Drivers/STM32F4xx_HAL_Driver/Src/stm32f4xx_hal_adc.c ****     {
 3332              		.loc 1 1750 5 is_stmt 1 view .LVU973
1755:Drivers/STM32F4/Drivers/STM32F4xx_HAL_Driver/Src/stm32f4xx_hal_adc.c **** 
 3333              		.loc 1 1755 5 view .LVU974
1755:Drivers/STM32F4/Drivers/STM32F4xx_HAL_Driver/Src/stm32f4xx_hal_adc.c **** 
 3334              		.loc 1 1755 18 is_stmt 0 view .LVU975
 3335 0176 124A     		ldr	r2, .L260+8
 3336 0178 5368     		ldr	r3, [r2, #4]
1755:Drivers/STM32F4/Drivers/STM32F4xx_HAL_Driver/Src/stm32f4xx_hal_adc.c **** 
 3337              		.loc 1 1755 24 view .LVU976
 3338 017a 43F40003 		orr	r3, r3, #8388608
 3339 017e 5360     		str	r3, [r2, #4]
1757:Drivers/STM32F4/Drivers/STM32F4xx_HAL_Driver/Src/stm32f4xx_hal_adc.c ****     {
 3340              		.loc 1 1757 5 is_stmt 1 view .LVU977
1757:Drivers/STM32F4/Drivers/STM32F4xx_HAL_Driver/Src/stm32f4xx_hal_adc.c ****     {
 3341              		.loc 1 1757 16 is_stmt 0 view .LVU978
 3342 0180 2368     		ldr	r3, [r4]
1757:Drivers/STM32F4/Drivers/STM32F4xx_HAL_Driver/Src/stm32f4xx_hal_adc.c ****     {
 3343              		.loc 1 1757 8 view .LVU979
 3344 0182 102B     		cmp	r3, #16
 3345 0184 8ED1     		bne	.L250
1761:Drivers/STM32F4/Drivers/STM32F4xx_HAL_Driver/Src/stm32f4xx_hal_adc.c ****       while (counter != 0U)
 3346              		.loc 1 1761 7 is_stmt 1 view .LVU980
1761:Drivers/STM32F4/Drivers/STM32F4xx_HAL_Driver/Src/stm32f4xx_hal_adc.c ****       while (counter != 0U)
 3347              		.loc 1 1761 61 is_stmt 0 view .LVU981
 3348 0186 0F4B     		ldr	r3, .L260+12
 3349 0188 1B68     		ldr	r3, [r3]
 3350 018a 02F14672 		add	r2, r2, #51904512
 3351 018e 02F52E32 		add	r2, r2, #178176
 3352 0192 02F28332 		addw	r2, r2, #899
 3353 0196 A2FB0323 		umull	r2, r3, r2, r3
 3354 019a 9B0C     		lsrs	r3, r3, #18
1761:Drivers/STM32F4/Drivers/STM32F4xx_HAL_Driver/Src/stm32f4xx_hal_adc.c ****       while (counter != 0U)
 3355              		.loc 1 1761 42 view .LVU982
 3356 019c 03EB8303 		add	r3, r3, r3, lsl #2
 3357 01a0 5B00     		lsls	r3, r3, #1
1761:Drivers/STM32F4/Drivers/STM32F4xx_HAL_Driver/Src/stm32f4xx_hal_adc.c ****       while (counter != 0U)
 3358              		.loc 1 1761 15 view .LVU983
 3359 01a2 0193     		str	r3, [sp, #4]
1762:Drivers/STM32F4/Drivers/STM32F4xx_HAL_Driver/Src/stm32f4xx_hal_adc.c ****       {
 3360              		.loc 1 1762 7 is_stmt 1 view .LVU984
ARM GAS  /tmp/cciQ8ehY.s 			page 111


1762:Drivers/STM32F4/Drivers/STM32F4xx_HAL_Driver/Src/stm32f4xx_hal_adc.c ****       {
 3361              		.loc 1 1762 13 is_stmt 0 view .LVU985
 3362 01a4 02E0     		b	.L251
 3363              	.L252:
1764:Drivers/STM32F4/Drivers/STM32F4xx_HAL_Driver/Src/stm32f4xx_hal_adc.c ****       }
 3364              		.loc 1 1764 9 is_stmt 1 view .LVU986
1764:Drivers/STM32F4/Drivers/STM32F4xx_HAL_Driver/Src/stm32f4xx_hal_adc.c ****       }
 3365              		.loc 1 1764 16 is_stmt 0 view .LVU987
 3366 01a6 019B     		ldr	r3, [sp, #4]
 3367 01a8 013B     		subs	r3, r3, #1
 3368 01aa 0193     		str	r3, [sp, #4]
 3369              	.L251:
1762:Drivers/STM32F4/Drivers/STM32F4xx_HAL_Driver/Src/stm32f4xx_hal_adc.c ****       {
 3370              		.loc 1 1762 22 is_stmt 1 view .LVU988
 3371 01ac 019B     		ldr	r3, [sp, #4]
 3372 01ae 002B     		cmp	r3, #0
 3373 01b0 F9D1     		bne	.L252
 3374 01b2 77E7     		b	.L250
 3375              	.LVL179:
 3376              	.L253:
1680:Drivers/STM32F4/Drivers/STM32F4xx_HAL_Driver/Src/stm32f4xx_hal_adc.c **** 
 3377              		.loc 1 1680 3 is_stmt 0 discriminator 1 view .LVU989
 3378 01b4 0220     		movs	r0, #2
 3379 01b6 78E7     		b	.L243
 3380              	.L261:
 3381              		.align	2
 3382              	.L260:
 3383 01b8 00200140 		.word	1073815552
 3384 01bc 00000000 		.word	.LC0
 3385 01c0 00230140 		.word	1073816320
 3386 01c4 00000000 		.word	SystemCoreClock
 3387              		.cfi_endproc
 3388              	.LFE257:
 3390              		.section	.text.HAL_ADC_AnalogWDGConfig,"ax",%progbits
 3391              		.align	1
 3392              		.global	HAL_ADC_AnalogWDGConfig
 3393              		.syntax unified
 3394              		.thumb
 3395              		.thumb_func
 3397              	HAL_ADC_AnalogWDGConfig:
 3398              	.LVL180:
 3399              	.LFB258:
1793:Drivers/STM32F4/Drivers/STM32F4xx_HAL_Driver/Src/stm32f4xx_hal_adc.c **** #ifdef USE_FULL_ASSERT
 3400              		.loc 1 1793 1 is_stmt 1 view -0
 3401              		.cfi_startproc
 3402              		@ args = 0, pretend = 0, frame = 0
 3403              		@ frame_needed = 0, uses_anonymous_args = 0
1793:Drivers/STM32F4/Drivers/STM32F4xx_HAL_Driver/Src/stm32f4xx_hal_adc.c **** #ifdef USE_FULL_ASSERT
 3404              		.loc 1 1793 1 is_stmt 0 view .LVU991
 3405 0000 70B5     		push	{r4, r5, r6, lr}
 3406              	.LCFI30:
 3407              		.cfi_def_cfa_offset 16
 3408              		.cfi_offset 4, -16
 3409              		.cfi_offset 5, -12
 3410              		.cfi_offset 6, -8
 3411              		.cfi_offset 14, -4
 3412 0002 0446     		mov	r4, r0
ARM GAS  /tmp/cciQ8ehY.s 			page 112


 3413 0004 0D46     		mov	r5, r1
1795:Drivers/STM32F4/Drivers/STM32F4xx_HAL_Driver/Src/stm32f4xx_hal_adc.c **** #endif /* USE_FULL_ASSERT  */
 3414              		.loc 1 1795 3 is_stmt 1 view .LVU992
 3415              	.LVL181:
1799:Drivers/STM32F4/Drivers/STM32F4xx_HAL_Driver/Src/stm32f4xx_hal_adc.c ****   assert_param(IS_ADC_CHANNEL(AnalogWDGConfig->Channel));
 3416              		.loc 1 1799 3 view .LVU993
 3417 0006 0B68     		ldr	r3, [r1]
 3418 0008 534A     		ldr	r2, .L289
 3419 000a 9342     		cmp	r3, r2
 3420 000c 12D0     		beq	.L263
1799:Drivers/STM32F4/Drivers/STM32F4xx_HAL_Driver/Src/stm32f4xx_hal_adc.c ****   assert_param(IS_ADC_CHANNEL(AnalogWDGConfig->Channel));
 3421              		.loc 1 1799 3 is_stmt 0 discriminator 1 view .LVU994
 3422 000e A2F58002 		sub	r2, r2, #4194304
 3423 0012 9342     		cmp	r3, r2
 3424 0014 0ED0     		beq	.L263
1799:Drivers/STM32F4/Drivers/STM32F4xx_HAL_Driver/Src/stm32f4xx_hal_adc.c ****   assert_param(IS_ADC_CHANNEL(AnalogWDGConfig->Channel));
 3425              		.loc 1 1799 3 discriminator 2 view .LVU995
 3426 0016 02F50002 		add	r2, r2, #8388608
 3427 001a 9342     		cmp	r3, r2
 3428 001c 0AD0     		beq	.L263
1799:Drivers/STM32F4/Drivers/STM32F4xx_HAL_Driver/Src/stm32f4xx_hal_adc.c ****   assert_param(IS_ADC_CHANNEL(AnalogWDGConfig->Channel));
 3429              		.loc 1 1799 3 discriminator 3 view .LVU996
 3430 001e B3F5000F 		cmp	r3, #8388608
 3431 0022 07D0     		beq	.L263
1799:Drivers/STM32F4/Drivers/STM32F4xx_HAL_Driver/Src/stm32f4xx_hal_adc.c ****   assert_param(IS_ADC_CHANNEL(AnalogWDGConfig->Channel));
 3432              		.loc 1 1799 3 discriminator 4 view .LVU997
 3433 0024 B3F5800F 		cmp	r3, #4194304
 3434 0028 04D0     		beq	.L263
1799:Drivers/STM32F4/Drivers/STM32F4xx_HAL_Driver/Src/stm32f4xx_hal_adc.c ****   assert_param(IS_ADC_CHANNEL(AnalogWDGConfig->Channel));
 3435              		.loc 1 1799 3 discriminator 5 view .LVU998
 3436 002a B3F5400F 		cmp	r3, #12582912
 3437 002e 01D0     		beq	.L263
1799:Drivers/STM32F4/Drivers/STM32F4xx_HAL_Driver/Src/stm32f4xx_hal_adc.c ****   assert_param(IS_ADC_CHANNEL(AnalogWDGConfig->Channel));
 3438              		.loc 1 1799 3 discriminator 6 view .LVU999
 3439 0030 002B     		cmp	r3, #0
 3440 0032 64D1     		bne	.L281
 3441              	.LVL182:
 3442              	.L263:
1800:Drivers/STM32F4/Drivers/STM32F4xx_HAL_Driver/Src/stm32f4xx_hal_adc.c ****   assert_param(IS_FUNCTIONAL_STATE(AnalogWDGConfig->ITMode));
 3443              		.loc 1 1800 3 is_stmt 1 view .LVU1000
 3444 0034 EB68     		ldr	r3, [r5, #12]
 3445 0036 122B     		cmp	r3, #18
 3446 0038 67D8     		bhi	.L282
 3447              	.L264:
1801:Drivers/STM32F4/Drivers/STM32F4xx_HAL_Driver/Src/stm32f4xx_hal_adc.c **** 
 3448              		.loc 1 1801 3 view .LVU1001
 3449 003a 2B7C     		ldrb	r3, [r5, #16]	@ zero_extendqisi2
 3450 003c 012B     		cmp	r3, #1
 3451 003e 6AD8     		bhi	.L283
 3452              	.L265:
1804:Drivers/STM32F4/Drivers/STM32F4xx_HAL_Driver/Src/stm32f4xx_hal_adc.c ****   assert_param(IS_ADC_RANGE(tmp, AnalogWDGConfig->HighThreshold));
 3453              		.loc 1 1804 3 view .LVU1002
1804:Drivers/STM32F4/Drivers/STM32F4xx_HAL_Driver/Src/stm32f4xx_hal_adc.c ****   assert_param(IS_ADC_RANGE(tmp, AnalogWDGConfig->HighThreshold));
 3454              		.loc 1 1804 9 is_stmt 0 view .LVU1003
 3455 0040 2368     		ldr	r3, [r4]
 3456 0042 5E68     		ldr	r6, [r3, #4]
 3457              	.LVL183:
ARM GAS  /tmp/cciQ8ehY.s 			page 113


1805:Drivers/STM32F4/Drivers/STM32F4xx_HAL_Driver/Src/stm32f4xx_hal_adc.c ****   assert_param(IS_ADC_RANGE(tmp, AnalogWDGConfig->LowThreshold));
 3458              		.loc 1 1805 3 is_stmt 1 view .LVU1004
 3459 0044 16F04076 		ands	r6, r6, #50331648
 3460              	.LVL184:
1805:Drivers/STM32F4/Drivers/STM32F4xx_HAL_Driver/Src/stm32f4xx_hal_adc.c ****   assert_param(IS_ADC_RANGE(tmp, AnalogWDGConfig->LowThreshold));
 3461              		.loc 1 1805 3 is_stmt 0 view .LVU1005
 3462 0048 03D1     		bne	.L266
1805:Drivers/STM32F4/Drivers/STM32F4xx_HAL_Driver/Src/stm32f4xx_hal_adc.c ****   assert_param(IS_ADC_RANGE(tmp, AnalogWDGConfig->LowThreshold));
 3463              		.loc 1 1805 3 discriminator 2 view .LVU1006
 3464 004a 6B68     		ldr	r3, [r5, #4]
 3465 004c B3F5805F 		cmp	r3, #4096
 3466 0050 10D3     		bcc	.L267
 3467              	.L266:
1805:Drivers/STM32F4/Drivers/STM32F4xx_HAL_Driver/Src/stm32f4xx_hal_adc.c ****   assert_param(IS_ADC_RANGE(tmp, AnalogWDGConfig->LowThreshold));
 3468              		.loc 1 1805 3 discriminator 3 view .LVU1007
 3469 0052 B6F1807F 		cmp	r6, #16777216
 3470 0056 64D0     		beq	.L284
 3471              	.L268:
1805:Drivers/STM32F4/Drivers/STM32F4xx_HAL_Driver/Src/stm32f4xx_hal_adc.c ****   assert_param(IS_ADC_RANGE(tmp, AnalogWDGConfig->LowThreshold));
 3472              		.loc 1 1805 3 discriminator 6 view .LVU1008
 3473 0058 B6F1007F 		cmp	r6, #33554432
 3474 005c 66D0     		beq	.L285
 3475              	.L269:
1805:Drivers/STM32F4/Drivers/STM32F4xx_HAL_Driver/Src/stm32f4xx_hal_adc.c ****   assert_param(IS_ADC_RANGE(tmp, AnalogWDGConfig->LowThreshold));
 3476              		.loc 1 1805 3 discriminator 9 view .LVU1009
 3477 005e B6F1407F 		cmp	r6, #50331648
 3478 0062 02D1     		bne	.L270
1805:Drivers/STM32F4/Drivers/STM32F4xx_HAL_Driver/Src/stm32f4xx_hal_adc.c ****   assert_param(IS_ADC_RANGE(tmp, AnalogWDGConfig->LowThreshold));
 3479              		.loc 1 1805 3 discriminator 11 view .LVU1010
 3480 0064 6B68     		ldr	r3, [r5, #4]
 3481 0066 3F2B     		cmp	r3, #63
 3482 0068 04D9     		bls	.L267
 3483              	.L270:
1805:Drivers/STM32F4/Drivers/STM32F4xx_HAL_Driver/Src/stm32f4xx_hal_adc.c ****   assert_param(IS_ADC_RANGE(tmp, AnalogWDGConfig->LowThreshold));
 3484              		.loc 1 1805 3 discriminator 12 view .LVU1011
 3485 006a 40F20D71 		movw	r1, #1805
 3486 006e 3B48     		ldr	r0, .L289+4
 3487 0070 FFF7FEFF 		bl	assert_failed
 3488              	.LVL185:
 3489              	.L267:
1806:Drivers/STM32F4/Drivers/STM32F4xx_HAL_Driver/Src/stm32f4xx_hal_adc.c **** #endif /* USE_FULL_ASSERT  */
 3490              		.loc 1 1806 3 is_stmt 1 view .LVU1012
 3491 0074 1EB9     		cbnz	r6, .L271
1806:Drivers/STM32F4/Drivers/STM32F4xx_HAL_Driver/Src/stm32f4xx_hal_adc.c **** #endif /* USE_FULL_ASSERT  */
 3492              		.loc 1 1806 3 is_stmt 0 discriminator 2 view .LVU1013
 3493 0076 AB68     		ldr	r3, [r5, #8]
 3494 0078 B3F5805F 		cmp	r3, #4096
 3495 007c 10D3     		bcc	.L272
 3496              	.L271:
1806:Drivers/STM32F4/Drivers/STM32F4xx_HAL_Driver/Src/stm32f4xx_hal_adc.c **** #endif /* USE_FULL_ASSERT  */
 3497              		.loc 1 1806 3 discriminator 3 view .LVU1014
 3498 007e B6F1807F 		cmp	r6, #16777216
 3499 0082 57D0     		beq	.L286
 3500              	.L273:
1806:Drivers/STM32F4/Drivers/STM32F4xx_HAL_Driver/Src/stm32f4xx_hal_adc.c **** #endif /* USE_FULL_ASSERT  */
 3501              		.loc 1 1806 3 discriminator 6 view .LVU1015
 3502 0084 B6F1007F 		cmp	r6, #33554432
ARM GAS  /tmp/cciQ8ehY.s 			page 114


 3503 0088 59D0     		beq	.L287
 3504              	.L274:
1806:Drivers/STM32F4/Drivers/STM32F4xx_HAL_Driver/Src/stm32f4xx_hal_adc.c **** #endif /* USE_FULL_ASSERT  */
 3505              		.loc 1 1806 3 discriminator 9 view .LVU1016
 3506 008a B6F1407F 		cmp	r6, #50331648
 3507 008e 02D1     		bne	.L275
1806:Drivers/STM32F4/Drivers/STM32F4xx_HAL_Driver/Src/stm32f4xx_hal_adc.c **** #endif /* USE_FULL_ASSERT  */
 3508              		.loc 1 1806 3 discriminator 11 view .LVU1017
 3509 0090 AB68     		ldr	r3, [r5, #8]
 3510 0092 3F2B     		cmp	r3, #63
 3511 0094 04D9     		bls	.L272
 3512              	.L275:
1806:Drivers/STM32F4/Drivers/STM32F4xx_HAL_Driver/Src/stm32f4xx_hal_adc.c **** #endif /* USE_FULL_ASSERT  */
 3513              		.loc 1 1806 3 discriminator 12 view .LVU1018
 3514 0096 40F20E71 		movw	r1, #1806
 3515 009a 3048     		ldr	r0, .L289+4
 3516 009c FFF7FEFF 		bl	assert_failed
 3517              	.LVL186:
 3518              	.L272:
1810:Drivers/STM32F4/Drivers/STM32F4xx_HAL_Driver/Src/stm32f4xx_hal_adc.c **** 
 3519              		.loc 1 1810 3 is_stmt 1 view .LVU1019
1810:Drivers/STM32F4/Drivers/STM32F4xx_HAL_Driver/Src/stm32f4xx_hal_adc.c **** 
 3520              		.loc 1 1810 3 view .LVU1020
 3521 00a0 94F83C30 		ldrb	r3, [r4, #60]	@ zero_extendqisi2
 3522 00a4 012B     		cmp	r3, #1
 3523 00a6 54D0     		beq	.L279
1810:Drivers/STM32F4/Drivers/STM32F4xx_HAL_Driver/Src/stm32f4xx_hal_adc.c **** 
 3524              		.loc 1 1810 3 discriminator 2 view .LVU1021
 3525 00a8 0123     		movs	r3, #1
 3526 00aa 84F83C30 		strb	r3, [r4, #60]
1810:Drivers/STM32F4/Drivers/STM32F4xx_HAL_Driver/Src/stm32f4xx_hal_adc.c **** 
 3527              		.loc 1 1810 3 discriminator 2 view .LVU1022
1812:Drivers/STM32F4/Drivers/STM32F4xx_HAL_Driver/Src/stm32f4xx_hal_adc.c ****   {
 3528              		.loc 1 1812 3 view .LVU1023
1812:Drivers/STM32F4/Drivers/STM32F4xx_HAL_Driver/Src/stm32f4xx_hal_adc.c ****   {
 3529              		.loc 1 1812 22 is_stmt 0 view .LVU1024
 3530 00ae 2B7C     		ldrb	r3, [r5, #16]	@ zero_extendqisi2
1812:Drivers/STM32F4/Drivers/STM32F4xx_HAL_Driver/Src/stm32f4xx_hal_adc.c ****   {
 3531              		.loc 1 1812 6 view .LVU1025
 3532 00b0 012B     		cmp	r3, #1
 3533 00b2 48D0     		beq	.L288
1820:Drivers/STM32F4/Drivers/STM32F4xx_HAL_Driver/Src/stm32f4xx_hal_adc.c ****   }
 3534              		.loc 1 1820 5 is_stmt 1 view .LVU1026
 3535 00b4 2268     		ldr	r2, [r4]
 3536 00b6 5368     		ldr	r3, [r2, #4]
 3537 00b8 23F04003 		bic	r3, r3, #64
 3538 00bc 5360     		str	r3, [r2, #4]
 3539              	.L278:
1824:Drivers/STM32F4/Drivers/STM32F4xx_HAL_Driver/Src/stm32f4xx_hal_adc.c **** 
 3540              		.loc 1 1824 3 view .LVU1027
1824:Drivers/STM32F4/Drivers/STM32F4xx_HAL_Driver/Src/stm32f4xx_hal_adc.c **** 
 3541              		.loc 1 1824 7 is_stmt 0 view .LVU1028
 3542 00be 2268     		ldr	r2, [r4]
1824:Drivers/STM32F4/Drivers/STM32F4xx_HAL_Driver/Src/stm32f4xx_hal_adc.c **** 
 3543              		.loc 1 1824 17 view .LVU1029
 3544 00c0 5368     		ldr	r3, [r2, #4]
1824:Drivers/STM32F4/Drivers/STM32F4xx_HAL_Driver/Src/stm32f4xx_hal_adc.c **** 
ARM GAS  /tmp/cciQ8ehY.s 			page 115


 3545              		.loc 1 1824 23 view .LVU1030
 3546 00c2 23F44003 		bic	r3, r3, #12582912
 3547 00c6 23F40073 		bic	r3, r3, #512
 3548 00ca 5360     		str	r3, [r2, #4]
1827:Drivers/STM32F4/Drivers/STM32F4xx_HAL_Driver/Src/stm32f4xx_hal_adc.c **** 
 3549              		.loc 1 1827 3 is_stmt 1 view .LVU1031
1827:Drivers/STM32F4/Drivers/STM32F4xx_HAL_Driver/Src/stm32f4xx_hal_adc.c **** 
 3550              		.loc 1 1827 7 is_stmt 0 view .LVU1032
 3551 00cc 2268     		ldr	r2, [r4]
1827:Drivers/STM32F4/Drivers/STM32F4xx_HAL_Driver/Src/stm32f4xx_hal_adc.c **** 
 3552              		.loc 1 1827 17 view .LVU1033
 3553 00ce 5368     		ldr	r3, [r2, #4]
1827:Drivers/STM32F4/Drivers/STM32F4xx_HAL_Driver/Src/stm32f4xx_hal_adc.c **** 
 3554              		.loc 1 1827 41 view .LVU1034
 3555 00d0 2968     		ldr	r1, [r5]
1827:Drivers/STM32F4/Drivers/STM32F4xx_HAL_Driver/Src/stm32f4xx_hal_adc.c **** 
 3556              		.loc 1 1827 23 view .LVU1035
 3557 00d2 0B43     		orrs	r3, r3, r1
 3558 00d4 5360     		str	r3, [r2, #4]
1830:Drivers/STM32F4/Drivers/STM32F4xx_HAL_Driver/Src/stm32f4xx_hal_adc.c **** 
 3559              		.loc 1 1830 3 is_stmt 1 view .LVU1036
1830:Drivers/STM32F4/Drivers/STM32F4xx_HAL_Driver/Src/stm32f4xx_hal_adc.c **** 
 3560              		.loc 1 1830 7 is_stmt 0 view .LVU1037
 3561 00d6 2368     		ldr	r3, [r4]
1830:Drivers/STM32F4/Drivers/STM32F4xx_HAL_Driver/Src/stm32f4xx_hal_adc.c **** 
 3562              		.loc 1 1830 40 view .LVU1038
 3563 00d8 6A68     		ldr	r2, [r5, #4]
1830:Drivers/STM32F4/Drivers/STM32F4xx_HAL_Driver/Src/stm32f4xx_hal_adc.c **** 
 3564              		.loc 1 1830 23 view .LVU1039
 3565 00da 5A62     		str	r2, [r3, #36]
1833:Drivers/STM32F4/Drivers/STM32F4xx_HAL_Driver/Src/stm32f4xx_hal_adc.c **** 
 3566              		.loc 1 1833 3 is_stmt 1 view .LVU1040
1833:Drivers/STM32F4/Drivers/STM32F4xx_HAL_Driver/Src/stm32f4xx_hal_adc.c **** 
 3567              		.loc 1 1833 7 is_stmt 0 view .LVU1041
 3568 00dc 2368     		ldr	r3, [r4]
1833:Drivers/STM32F4/Drivers/STM32F4xx_HAL_Driver/Src/stm32f4xx_hal_adc.c **** 
 3569              		.loc 1 1833 40 view .LVU1042
 3570 00de AA68     		ldr	r2, [r5, #8]
1833:Drivers/STM32F4/Drivers/STM32F4xx_HAL_Driver/Src/stm32f4xx_hal_adc.c **** 
 3571              		.loc 1 1833 23 view .LVU1043
 3572 00e0 9A62     		str	r2, [r3, #40]
1836:Drivers/STM32F4/Drivers/STM32F4xx_HAL_Driver/Src/stm32f4xx_hal_adc.c **** 
 3573              		.loc 1 1836 3 is_stmt 1 view .LVU1044
1836:Drivers/STM32F4/Drivers/STM32F4xx_HAL_Driver/Src/stm32f4xx_hal_adc.c **** 
 3574              		.loc 1 1836 7 is_stmt 0 view .LVU1045
 3575 00e2 2268     		ldr	r2, [r4]
1836:Drivers/STM32F4/Drivers/STM32F4xx_HAL_Driver/Src/stm32f4xx_hal_adc.c **** 
 3576              		.loc 1 1836 17 view .LVU1046
 3577 00e4 5368     		ldr	r3, [r2, #4]
1836:Drivers/STM32F4/Drivers/STM32F4xx_HAL_Driver/Src/stm32f4xx_hal_adc.c **** 
 3578              		.loc 1 1836 23 view .LVU1047
 3579 00e6 23F01F03 		bic	r3, r3, #31
 3580 00ea 5360     		str	r3, [r2, #4]
1839:Drivers/STM32F4/Drivers/STM32F4xx_HAL_Driver/Src/stm32f4xx_hal_adc.c **** 
 3581              		.loc 1 1839 3 is_stmt 1 view .LVU1048
1839:Drivers/STM32F4/Drivers/STM32F4xx_HAL_Driver/Src/stm32f4xx_hal_adc.c **** 
 3582              		.loc 1 1839 7 is_stmt 0 view .LVU1049
ARM GAS  /tmp/cciQ8ehY.s 			page 116


 3583 00ec 2268     		ldr	r2, [r4]
1839:Drivers/STM32F4/Drivers/STM32F4xx_HAL_Driver/Src/stm32f4xx_hal_adc.c **** 
 3584              		.loc 1 1839 17 view .LVU1050
 3585 00ee 5168     		ldr	r1, [r2, #4]
1839:Drivers/STM32F4/Drivers/STM32F4xx_HAL_Driver/Src/stm32f4xx_hal_adc.c **** 
 3586              		.loc 1 1839 23 view .LVU1051
 3587 00f0 AB89     		ldrh	r3, [r5, #12]
 3588 00f2 0B43     		orrs	r3, r3, r1
 3589 00f4 5360     		str	r3, [r2, #4]
1842:Drivers/STM32F4/Drivers/STM32F4xx_HAL_Driver/Src/stm32f4xx_hal_adc.c **** 
 3590              		.loc 1 1842 3 is_stmt 1 view .LVU1052
1842:Drivers/STM32F4/Drivers/STM32F4xx_HAL_Driver/Src/stm32f4xx_hal_adc.c **** 
 3591              		.loc 1 1842 3 view .LVU1053
 3592 00f6 0020     		movs	r0, #0
 3593 00f8 84F83C00 		strb	r0, [r4, #60]
1842:Drivers/STM32F4/Drivers/STM32F4xx_HAL_Driver/Src/stm32f4xx_hal_adc.c **** 
 3594              		.loc 1 1842 3 view .LVU1054
1845:Drivers/STM32F4/Drivers/STM32F4xx_HAL_Driver/Src/stm32f4xx_hal_adc.c **** }
 3595              		.loc 1 1845 3 view .LVU1055
 3596              	.L276:
1846:Drivers/STM32F4/Drivers/STM32F4xx_HAL_Driver/Src/stm32f4xx_hal_adc.c **** 
 3597              		.loc 1 1846 1 is_stmt 0 view .LVU1056
 3598 00fc 70BD     		pop	{r4, r5, r6, pc}
 3599              	.LVL187:
 3600              	.L281:
1799:Drivers/STM32F4/Drivers/STM32F4xx_HAL_Driver/Src/stm32f4xx_hal_adc.c ****   assert_param(IS_ADC_CHANNEL(AnalogWDGConfig->Channel));
 3601              		.loc 1 1799 3 discriminator 7 view .LVU1057
 3602 00fe 40F20771 		movw	r1, #1799
 3603              	.LVL188:
1799:Drivers/STM32F4/Drivers/STM32F4xx_HAL_Driver/Src/stm32f4xx_hal_adc.c ****   assert_param(IS_ADC_CHANNEL(AnalogWDGConfig->Channel));
 3604              		.loc 1 1799 3 discriminator 7 view .LVU1058
 3605 0102 1648     		ldr	r0, .L289+4
 3606              	.LVL189:
1799:Drivers/STM32F4/Drivers/STM32F4xx_HAL_Driver/Src/stm32f4xx_hal_adc.c ****   assert_param(IS_ADC_CHANNEL(AnalogWDGConfig->Channel));
 3607              		.loc 1 1799 3 discriminator 7 view .LVU1059
 3608 0104 FFF7FEFF 		bl	assert_failed
 3609              	.LVL190:
 3610 0108 94E7     		b	.L263
 3611              	.L282:
1800:Drivers/STM32F4/Drivers/STM32F4xx_HAL_Driver/Src/stm32f4xx_hal_adc.c ****   assert_param(IS_FUNCTIONAL_STATE(AnalogWDGConfig->ITMode));
 3612              		.loc 1 1800 3 discriminator 1 view .LVU1060
 3613 010a 4FF4E161 		mov	r1, #1800
 3614 010e 1348     		ldr	r0, .L289+4
 3615 0110 FFF7FEFF 		bl	assert_failed
 3616              	.LVL191:
 3617 0114 91E7     		b	.L264
 3618              	.L283:
1801:Drivers/STM32F4/Drivers/STM32F4xx_HAL_Driver/Src/stm32f4xx_hal_adc.c **** 
 3619              		.loc 1 1801 3 discriminator 1 view .LVU1061
 3620 0116 40F20971 		movw	r1, #1801
 3621 011a 1048     		ldr	r0, .L289+4
 3622 011c FFF7FEFF 		bl	assert_failed
 3623              	.LVL192:
 3624 0120 8EE7     		b	.L265
 3625              	.LVL193:
 3626              	.L284:
1805:Drivers/STM32F4/Drivers/STM32F4xx_HAL_Driver/Src/stm32f4xx_hal_adc.c ****   assert_param(IS_ADC_RANGE(tmp, AnalogWDGConfig->LowThreshold));
ARM GAS  /tmp/cciQ8ehY.s 			page 117


 3627              		.loc 1 1805 3 discriminator 5 view .LVU1062
 3628 0122 6B68     		ldr	r3, [r5, #4]
 3629 0124 B3F5806F 		cmp	r3, #1024
 3630 0128 A4D3     		bcc	.L267
 3631 012a 95E7     		b	.L268
 3632              	.L285:
1805:Drivers/STM32F4/Drivers/STM32F4xx_HAL_Driver/Src/stm32f4xx_hal_adc.c ****   assert_param(IS_ADC_RANGE(tmp, AnalogWDGConfig->LowThreshold));
 3633              		.loc 1 1805 3 discriminator 8 view .LVU1063
 3634 012c 6B68     		ldr	r3, [r5, #4]
 3635 012e FF2B     		cmp	r3, #255
 3636 0130 A0D9     		bls	.L267
 3637 0132 94E7     		b	.L269
 3638              	.L286:
1806:Drivers/STM32F4/Drivers/STM32F4xx_HAL_Driver/Src/stm32f4xx_hal_adc.c **** #endif /* USE_FULL_ASSERT  */
 3639              		.loc 1 1806 3 discriminator 5 view .LVU1064
 3640 0134 AB68     		ldr	r3, [r5, #8]
 3641 0136 B3F5806F 		cmp	r3, #1024
 3642 013a B1D3     		bcc	.L272
 3643 013c A2E7     		b	.L273
 3644              	.L287:
1806:Drivers/STM32F4/Drivers/STM32F4xx_HAL_Driver/Src/stm32f4xx_hal_adc.c **** #endif /* USE_FULL_ASSERT  */
 3645              		.loc 1 1806 3 discriminator 8 view .LVU1065
 3646 013e AB68     		ldr	r3, [r5, #8]
 3647 0140 FF2B     		cmp	r3, #255
 3648 0142 ADD9     		bls	.L272
 3649 0144 A1E7     		b	.L274
 3650              	.L288:
1815:Drivers/STM32F4/Drivers/STM32F4xx_HAL_Driver/Src/stm32f4xx_hal_adc.c ****   }
 3651              		.loc 1 1815 5 is_stmt 1 view .LVU1066
 3652 0146 2268     		ldr	r2, [r4]
 3653 0148 5368     		ldr	r3, [r2, #4]
 3654 014a 43F04003 		orr	r3, r3, #64
 3655 014e 5360     		str	r3, [r2, #4]
 3656 0150 B5E7     		b	.L278
 3657              	.L279:
1810:Drivers/STM32F4/Drivers/STM32F4xx_HAL_Driver/Src/stm32f4xx_hal_adc.c **** 
 3658              		.loc 1 1810 3 is_stmt 0 discriminator 1 view .LVU1067
 3659 0152 0220     		movs	r0, #2
 3660 0154 D2E7     		b	.L276
 3661              	.L290:
 3662 0156 00BF     		.align	2
 3663              	.L289:
 3664 0158 00028000 		.word	8389120
 3665 015c 00000000 		.word	.LC0
 3666              		.cfi_endproc
 3667              	.LFE258:
 3669              		.section	.text.HAL_ADC_GetState,"ax",%progbits
 3670              		.align	1
 3671              		.global	HAL_ADC_GetState
 3672              		.syntax unified
 3673              		.thumb
 3674              		.thumb_func
 3676              	HAL_ADC_GetState:
 3677              	.LVL194:
 3678              	.LFB259:
1875:Drivers/STM32F4/Drivers/STM32F4xx_HAL_Driver/Src/stm32f4xx_hal_adc.c ****   /* Return ADC state */
 3679              		.loc 1 1875 1 is_stmt 1 view -0
ARM GAS  /tmp/cciQ8ehY.s 			page 118


 3680              		.cfi_startproc
 3681              		@ args = 0, pretend = 0, frame = 0
 3682              		@ frame_needed = 0, uses_anonymous_args = 0
 3683              		@ link register save eliminated.
1877:Drivers/STM32F4/Drivers/STM32F4xx_HAL_Driver/Src/stm32f4xx_hal_adc.c **** }
 3684              		.loc 1 1877 3 view .LVU1069
1877:Drivers/STM32F4/Drivers/STM32F4xx_HAL_Driver/Src/stm32f4xx_hal_adc.c **** }
 3685              		.loc 1 1877 14 is_stmt 0 view .LVU1070
 3686 0000 006C     		ldr	r0, [r0, #64]
 3687              	.LVL195:
1878:Drivers/STM32F4/Drivers/STM32F4xx_HAL_Driver/Src/stm32f4xx_hal_adc.c **** 
 3688              		.loc 1 1878 1 view .LVU1071
 3689 0002 7047     		bx	lr
 3690              		.cfi_endproc
 3691              	.LFE259:
 3693              		.section	.text.HAL_ADC_GetError,"ax",%progbits
 3694              		.align	1
 3695              		.global	HAL_ADC_GetError
 3696              		.syntax unified
 3697              		.thumb
 3698              		.thumb_func
 3700              	HAL_ADC_GetError:
 3701              	.LVL196:
 3702              	.LFB260:
1887:Drivers/STM32F4/Drivers/STM32F4xx_HAL_Driver/Src/stm32f4xx_hal_adc.c ****   return hadc->ErrorCode;
 3703              		.loc 1 1887 1 is_stmt 1 view -0
 3704              		.cfi_startproc
 3705              		@ args = 0, pretend = 0, frame = 0
 3706              		@ frame_needed = 0, uses_anonymous_args = 0
 3707              		@ link register save eliminated.
1888:Drivers/STM32F4/Drivers/STM32F4xx_HAL_Driver/Src/stm32f4xx_hal_adc.c **** }
 3708              		.loc 1 1888 3 view .LVU1073
1888:Drivers/STM32F4/Drivers/STM32F4xx_HAL_Driver/Src/stm32f4xx_hal_adc.c **** }
 3709              		.loc 1 1888 14 is_stmt 0 view .LVU1074
 3710 0000 406C     		ldr	r0, [r0, #68]
 3711              	.LVL197:
1889:Drivers/STM32F4/Drivers/STM32F4xx_HAL_Driver/Src/stm32f4xx_hal_adc.c **** 
 3712              		.loc 1 1889 1 view .LVU1075
 3713 0002 7047     		bx	lr
 3714              		.cfi_endproc
 3715              	.LFE260:
 3717              		.text
 3718              	.Letext0:
 3719              		.file 2 "/usr/lib/gcc/arm-none-eabi/13.2.1/include/stdint.h"
 3720              		.file 3 "Drivers/STM32F4/Drivers/CMSIS/Device/ST/STM32F4xx/Include/stm32f405xx.h"
 3721              		.file 4 "Drivers/STM32F4/Drivers/CMSIS/Device/ST/STM32F4xx/Include/stm32f4xx.h"
 3722              		.file 5 "Drivers/STM32F4/Drivers/STM32F4xx_HAL_Driver/Inc/stm32f4xx_hal_def.h"
 3723              		.file 6 "Drivers/STM32F4/Drivers/STM32F4xx_HAL_Driver/Inc/stm32f4xx_hal_dma.h"
 3724              		.file 7 "Drivers/STM32F4/Drivers/STM32F4xx_HAL_Driver/Inc/stm32f4xx_hal_adc.h"
 3725              		.file 8 "Drivers/STM32F4/Drivers/STM32F4xx_HAL_Driver/Inc/stm32f4xx_hal_adc_ex.h"
 3726              		.file 9 "Core/Inc/stm32f4xx_hal_conf.h"
 3727              		.file 10 "Drivers/STM32F4/Drivers/CMSIS/Device/ST/STM32F4xx/Include/system_stm32f4xx.h"
 3728              		.file 11 "Drivers/STM32F4/Drivers/STM32F4xx_HAL_Driver/Inc/stm32f4xx_hal.h"
ARM GAS  /tmp/cciQ8ehY.s 			page 119


DEFINED SYMBOLS
                            *ABS*:00000000 stm32f4xx_hal_adc.c
     /tmp/cciQ8ehY.s:21     .rodata.ADC_Init.str1.4:00000000 $d
     /tmp/cciQ8ehY.s:26     .text.ADC_Init:00000000 $t
     /tmp/cciQ8ehY.s:31     .text.ADC_Init:00000000 ADC_Init
     /tmp/cciQ8ehY.s:319    .text.ADC_Init:00000144 $d
     /tmp/cciQ8ehY.s:326    .text.HAL_ADC_MspInit:00000000 $t
     /tmp/cciQ8ehY.s:332    .text.HAL_ADC_MspInit:00000000 HAL_ADC_MspInit
     /tmp/cciQ8ehY.s:347    .text.HAL_ADC_Init:00000000 $t
     /tmp/cciQ8ehY.s:353    .text.HAL_ADC_Init:00000000 HAL_ADC_Init
     /tmp/cciQ8ehY.s:679    .text.HAL_ADC_Init:000001e8 $d
     /tmp/cciQ8ehY.s:686    .text.HAL_ADC_MspDeInit:00000000 $t
     /tmp/cciQ8ehY.s:692    .text.HAL_ADC_MspDeInit:00000000 HAL_ADC_MspDeInit
     /tmp/cciQ8ehY.s:707    .text.HAL_ADC_DeInit:00000000 $t
     /tmp/cciQ8ehY.s:713    .text.HAL_ADC_DeInit:00000000 HAL_ADC_DeInit
     /tmp/cciQ8ehY.s:804    .text.HAL_ADC_DeInit:00000060 $d
     /tmp/cciQ8ehY.s:810    .text.HAL_ADC_Start:00000000 $t
     /tmp/cciQ8ehY.s:816    .text.HAL_ADC_Start:00000000 HAL_ADC_Start
     /tmp/cciQ8ehY.s:1098   .text.HAL_ADC_Start:00000168 $d
     /tmp/cciQ8ehY.s:1108   .text.HAL_ADC_Stop:00000000 $t
     /tmp/cciQ8ehY.s:1114   .text.HAL_ADC_Stop:00000000 HAL_ADC_Stop
     /tmp/cciQ8ehY.s:1194   .text.HAL_ADC_Stop:00000064 $d
     /tmp/cciQ8ehY.s:1200   .text.HAL_ADC_PollForConversion:00000000 $t
     /tmp/cciQ8ehY.s:1206   .text.HAL_ADC_PollForConversion:00000000 HAL_ADC_PollForConversion
     /tmp/cciQ8ehY.s:1371   .text.HAL_ADC_PollForEvent:00000000 $t
     /tmp/cciQ8ehY.s:1377   .text.HAL_ADC_PollForEvent:00000000 HAL_ADC_PollForEvent
     /tmp/cciQ8ehY.s:1529   .text.HAL_ADC_PollForEvent:000000b4 $d
     /tmp/cciQ8ehY.s:1535   .text.HAL_ADC_Start_IT:00000000 $t
     /tmp/cciQ8ehY.s:1541   .text.HAL_ADC_Start_IT:00000000 HAL_ADC_Start_IT
     /tmp/cciQ8ehY.s:1829   .text.HAL_ADC_Start_IT:00000174 $d
     /tmp/cciQ8ehY.s:1839   .text.HAL_ADC_Stop_IT:00000000 $t
     /tmp/cciQ8ehY.s:1845   .text.HAL_ADC_Stop_IT:00000000 HAL_ADC_Stop_IT
     /tmp/cciQ8ehY.s:1930   .text.HAL_ADC_Stop_IT:00000070 $d
     /tmp/cciQ8ehY.s:1936   .text.HAL_ADC_Start_DMA:00000000 $t
     /tmp/cciQ8ehY.s:1942   .text.HAL_ADC_Start_DMA:00000000 HAL_ADC_Start_DMA
     /tmp/cciQ8ehY.s:2266   .text.HAL_ADC_Start_DMA:0000019c $d
     /tmp/cciQ8ehY.s:2923   .text.ADC_DMAConvCplt:00000000 ADC_DMAConvCplt
     /tmp/cciQ8ehY.s:2492   .text.ADC_DMAHalfConvCplt:00000000 ADC_DMAHalfConvCplt
     /tmp/cciQ8ehY.s:2882   .text.ADC_DMAError:00000000 ADC_DMAError
     /tmp/cciQ8ehY.s:2279   .text.HAL_ADC_Stop_DMA:00000000 $t
     /tmp/cciQ8ehY.s:2285   .text.HAL_ADC_Stop_DMA:00000000 HAL_ADC_Stop_DMA
     /tmp/cciQ8ehY.s:2413   .text.HAL_ADC_Stop_DMA:0000009c $d
     /tmp/cciQ8ehY.s:2419   .text.HAL_ADC_GetValue:00000000 $t
     /tmp/cciQ8ehY.s:2425   .text.HAL_ADC_GetValue:00000000 HAL_ADC_GetValue
     /tmp/cciQ8ehY.s:2445   .text.HAL_ADC_ConvCpltCallback:00000000 $t
     /tmp/cciQ8ehY.s:2451   .text.HAL_ADC_ConvCpltCallback:00000000 HAL_ADC_ConvCpltCallback
     /tmp/cciQ8ehY.s:2466   .text.HAL_ADC_ConvHalfCpltCallback:00000000 $t
     /tmp/cciQ8ehY.s:2472   .text.HAL_ADC_ConvHalfCpltCallback:00000000 HAL_ADC_ConvHalfCpltCallback
     /tmp/cciQ8ehY.s:2487   .text.ADC_DMAHalfConvCplt:00000000 $t
     /tmp/cciQ8ehY.s:2519   .text.HAL_ADC_LevelOutOfWindowCallback:00000000 $t
     /tmp/cciQ8ehY.s:2525   .text.HAL_ADC_LevelOutOfWindowCallback:00000000 HAL_ADC_LevelOutOfWindowCallback
     /tmp/cciQ8ehY.s:2540   .text.HAL_ADC_ErrorCallback:00000000 $t
     /tmp/cciQ8ehY.s:2546   .text.HAL_ADC_ErrorCallback:00000000 HAL_ADC_ErrorCallback
     /tmp/cciQ8ehY.s:2561   .text.HAL_ADC_IRQHandler:00000000 $t
     /tmp/cciQ8ehY.s:2567   .text.HAL_ADC_IRQHandler:00000000 HAL_ADC_IRQHandler
     /tmp/cciQ8ehY.s:2872   .text.HAL_ADC_IRQHandler:00000184 $d
     /tmp/cciQ8ehY.s:2877   .text.ADC_DMAError:00000000 $t
ARM GAS  /tmp/cciQ8ehY.s 			page 120


     /tmp/cciQ8ehY.s:2918   .text.ADC_DMAConvCplt:00000000 $t
     /tmp/cciQ8ehY.s:3032   .text.HAL_ADC_ConfigChannel:00000000 $t
     /tmp/cciQ8ehY.s:3038   .text.HAL_ADC_ConfigChannel:00000000 HAL_ADC_ConfigChannel
     /tmp/cciQ8ehY.s:3383   .text.HAL_ADC_ConfigChannel:000001b8 $d
     /tmp/cciQ8ehY.s:3391   .text.HAL_ADC_AnalogWDGConfig:00000000 $t
     /tmp/cciQ8ehY.s:3397   .text.HAL_ADC_AnalogWDGConfig:00000000 HAL_ADC_AnalogWDGConfig
     /tmp/cciQ8ehY.s:3664   .text.HAL_ADC_AnalogWDGConfig:00000158 $d
     /tmp/cciQ8ehY.s:3670   .text.HAL_ADC_GetState:00000000 $t
     /tmp/cciQ8ehY.s:3676   .text.HAL_ADC_GetState:00000000 HAL_ADC_GetState
     /tmp/cciQ8ehY.s:3694   .text.HAL_ADC_GetError:00000000 $t
     /tmp/cciQ8ehY.s:3700   .text.HAL_ADC_GetError:00000000 HAL_ADC_GetError

UNDEFINED SYMBOLS
assert_failed
SystemCoreClock
HAL_GetTick
HAL_DMA_Start_IT
HAL_DMA_Abort
HAL_ADCEx_InjectedConvCpltCallback
