ARM GAS  /tmp/ccPeWH4r.s 			page 1


   1              		.cpu cortex-m4
   2              		.arch armv7e-m
   3              		.fpu fpv4-sp-d16
   4              		.eabi_attribute 27, 1
   5              		.eabi_attribute 28, 1
   6              		.eabi_attribute 20, 1
   7              		.eabi_attribute 21, 1
   8              		.eabi_attribute 23, 3
   9              		.eabi_attribute 24, 1
  10              		.eabi_attribute 25, 1
  11              		.eabi_attribute 26, 1
  12              		.eabi_attribute 30, 1
  13              		.eabi_attribute 34, 1
  14              		.eabi_attribute 18, 4
  15              		.file	"stm32f4xx_hal_flash_ex.c"
  16              		.text
  17              	.Ltext0:
  18              		.cfi_sections	.debug_frame
  19              		.file 1 "Drivers/STM32F4/Drivers/STM32F4xx_HAL_Driver/Src/stm32f4xx_hal_flash_ex.c"
  20              		.section	.text.FLASH_OB_GetUser,"ax",%progbits
  21              		.align	1
  22              		.syntax unified
  23              		.thumb
  24              		.thumb_func
  26              	FLASH_OB_GetUser:
  27              	.LFB250:
   1:Drivers/STM32F4/Drivers/STM32F4xx_HAL_Driver/Src/stm32f4xx_hal_flash_ex.c **** /**
   2:Drivers/STM32F4/Drivers/STM32F4xx_HAL_Driver/Src/stm32f4xx_hal_flash_ex.c ****   ******************************************************************************
   3:Drivers/STM32F4/Drivers/STM32F4xx_HAL_Driver/Src/stm32f4xx_hal_flash_ex.c ****   * @file    stm32f4xx_hal_flash_ex.c
   4:Drivers/STM32F4/Drivers/STM32F4xx_HAL_Driver/Src/stm32f4xx_hal_flash_ex.c ****   * @author  MCD Application Team
   5:Drivers/STM32F4/Drivers/STM32F4xx_HAL_Driver/Src/stm32f4xx_hal_flash_ex.c ****   * @brief   Extended FLASH HAL module driver.
   6:Drivers/STM32F4/Drivers/STM32F4xx_HAL_Driver/Src/stm32f4xx_hal_flash_ex.c ****   *          This file provides firmware functions to manage the following
   7:Drivers/STM32F4/Drivers/STM32F4xx_HAL_Driver/Src/stm32f4xx_hal_flash_ex.c ****   *          functionalities of the FLASH extension peripheral:
   8:Drivers/STM32F4/Drivers/STM32F4xx_HAL_Driver/Src/stm32f4xx_hal_flash_ex.c ****   *           + Extended programming operations functions
   9:Drivers/STM32F4/Drivers/STM32F4xx_HAL_Driver/Src/stm32f4xx_hal_flash_ex.c ****   *
  10:Drivers/STM32F4/Drivers/STM32F4xx_HAL_Driver/Src/stm32f4xx_hal_flash_ex.c ****   @verbatim
  11:Drivers/STM32F4/Drivers/STM32F4xx_HAL_Driver/Src/stm32f4xx_hal_flash_ex.c ****   ==============================================================================
  12:Drivers/STM32F4/Drivers/STM32F4xx_HAL_Driver/Src/stm32f4xx_hal_flash_ex.c ****                    ##### Flash Extension features #####
  13:Drivers/STM32F4/Drivers/STM32F4xx_HAL_Driver/Src/stm32f4xx_hal_flash_ex.c ****   ==============================================================================
  14:Drivers/STM32F4/Drivers/STM32F4xx_HAL_Driver/Src/stm32f4xx_hal_flash_ex.c **** 
  15:Drivers/STM32F4/Drivers/STM32F4xx_HAL_Driver/Src/stm32f4xx_hal_flash_ex.c ****   [..] Comparing to other previous devices, the FLASH interface for STM32F427xx/437xx and
  16:Drivers/STM32F4/Drivers/STM32F4xx_HAL_Driver/Src/stm32f4xx_hal_flash_ex.c ****        STM32F429xx/439xx devices contains the following additional features
  17:Drivers/STM32F4/Drivers/STM32F4xx_HAL_Driver/Src/stm32f4xx_hal_flash_ex.c **** 
  18:Drivers/STM32F4/Drivers/STM32F4xx_HAL_Driver/Src/stm32f4xx_hal_flash_ex.c ****        (+) Capacity up to 2 Mbyte with dual bank architecture supporting read-while-write
  19:Drivers/STM32F4/Drivers/STM32F4xx_HAL_Driver/Src/stm32f4xx_hal_flash_ex.c ****            capability (RWW)
  20:Drivers/STM32F4/Drivers/STM32F4xx_HAL_Driver/Src/stm32f4xx_hal_flash_ex.c ****        (+) Dual bank memory organization
  21:Drivers/STM32F4/Drivers/STM32F4xx_HAL_Driver/Src/stm32f4xx_hal_flash_ex.c ****        (+) PCROP protection for all banks
  22:Drivers/STM32F4/Drivers/STM32F4xx_HAL_Driver/Src/stm32f4xx_hal_flash_ex.c **** 
  23:Drivers/STM32F4/Drivers/STM32F4xx_HAL_Driver/Src/stm32f4xx_hal_flash_ex.c ****                       ##### How to use this driver #####
  24:Drivers/STM32F4/Drivers/STM32F4xx_HAL_Driver/Src/stm32f4xx_hal_flash_ex.c ****   ==============================================================================
  25:Drivers/STM32F4/Drivers/STM32F4xx_HAL_Driver/Src/stm32f4xx_hal_flash_ex.c ****   [..] This driver provides functions to configure and program the FLASH memory
  26:Drivers/STM32F4/Drivers/STM32F4xx_HAL_Driver/Src/stm32f4xx_hal_flash_ex.c ****        of all STM32F427xx/437xx, STM32F429xx/439xx, STM32F469xx/479xx and STM32F446xx
  27:Drivers/STM32F4/Drivers/STM32F4xx_HAL_Driver/Src/stm32f4xx_hal_flash_ex.c ****        devices. It includes
  28:Drivers/STM32F4/Drivers/STM32F4xx_HAL_Driver/Src/stm32f4xx_hal_flash_ex.c ****       (#) FLASH Memory Erase functions:
  29:Drivers/STM32F4/Drivers/STM32F4xx_HAL_Driver/Src/stm32f4xx_hal_flash_ex.c ****            (++) Lock and Unlock the FLASH interface using HAL_FLASH_Unlock() and
  30:Drivers/STM32F4/Drivers/STM32F4xx_HAL_Driver/Src/stm32f4xx_hal_flash_ex.c ****                 HAL_FLASH_Lock() functions
  31:Drivers/STM32F4/Drivers/STM32F4xx_HAL_Driver/Src/stm32f4xx_hal_flash_ex.c ****            (++) Erase function: Erase sector, erase all sectors
ARM GAS  /tmp/ccPeWH4r.s 			page 2


  32:Drivers/STM32F4/Drivers/STM32F4xx_HAL_Driver/Src/stm32f4xx_hal_flash_ex.c ****            (++) There are two modes of erase :
  33:Drivers/STM32F4/Drivers/STM32F4xx_HAL_Driver/Src/stm32f4xx_hal_flash_ex.c ****              (+++) Polling Mode using HAL_FLASHEx_Erase()
  34:Drivers/STM32F4/Drivers/STM32F4xx_HAL_Driver/Src/stm32f4xx_hal_flash_ex.c ****              (+++) Interrupt Mode using HAL_FLASHEx_Erase_IT()
  35:Drivers/STM32F4/Drivers/STM32F4xx_HAL_Driver/Src/stm32f4xx_hal_flash_ex.c **** 
  36:Drivers/STM32F4/Drivers/STM32F4xx_HAL_Driver/Src/stm32f4xx_hal_flash_ex.c ****       (#) Option Bytes Programming functions: Use HAL_FLASHEx_OBProgram() to :
  37:Drivers/STM32F4/Drivers/STM32F4xx_HAL_Driver/Src/stm32f4xx_hal_flash_ex.c ****            (++) Set/Reset the write protection
  38:Drivers/STM32F4/Drivers/STM32F4xx_HAL_Driver/Src/stm32f4xx_hal_flash_ex.c ****            (++) Set the Read protection Level
  39:Drivers/STM32F4/Drivers/STM32F4xx_HAL_Driver/Src/stm32f4xx_hal_flash_ex.c ****            (++) Set the BOR level
  40:Drivers/STM32F4/Drivers/STM32F4xx_HAL_Driver/Src/stm32f4xx_hal_flash_ex.c ****            (++) Program the user Option Bytes
  41:Drivers/STM32F4/Drivers/STM32F4xx_HAL_Driver/Src/stm32f4xx_hal_flash_ex.c ****       (#) Advanced Option Bytes Programming functions: Use HAL_FLASHEx_AdvOBProgram() to :
  42:Drivers/STM32F4/Drivers/STM32F4xx_HAL_Driver/Src/stm32f4xx_hal_flash_ex.c ****        (++) Extended space (bank 2) erase function
  43:Drivers/STM32F4/Drivers/STM32F4xx_HAL_Driver/Src/stm32f4xx_hal_flash_ex.c ****        (++) Full FLASH space (2 Mo) erase (bank 1 and bank 2)
  44:Drivers/STM32F4/Drivers/STM32F4xx_HAL_Driver/Src/stm32f4xx_hal_flash_ex.c ****        (++) Dual Boot activation
  45:Drivers/STM32F4/Drivers/STM32F4xx_HAL_Driver/Src/stm32f4xx_hal_flash_ex.c ****        (++) Write protection configuration for bank 2
  46:Drivers/STM32F4/Drivers/STM32F4xx_HAL_Driver/Src/stm32f4xx_hal_flash_ex.c ****        (++) PCROP protection configuration and control for both banks
  47:Drivers/STM32F4/Drivers/STM32F4xx_HAL_Driver/Src/stm32f4xx_hal_flash_ex.c **** 
  48:Drivers/STM32F4/Drivers/STM32F4xx_HAL_Driver/Src/stm32f4xx_hal_flash_ex.c ****   @endverbatim
  49:Drivers/STM32F4/Drivers/STM32F4xx_HAL_Driver/Src/stm32f4xx_hal_flash_ex.c ****   ******************************************************************************
  50:Drivers/STM32F4/Drivers/STM32F4xx_HAL_Driver/Src/stm32f4xx_hal_flash_ex.c ****   * @attention
  51:Drivers/STM32F4/Drivers/STM32F4xx_HAL_Driver/Src/stm32f4xx_hal_flash_ex.c ****   *
  52:Drivers/STM32F4/Drivers/STM32F4xx_HAL_Driver/Src/stm32f4xx_hal_flash_ex.c ****   * Copyright (c) 2017 STMicroelectronics.
  53:Drivers/STM32F4/Drivers/STM32F4xx_HAL_Driver/Src/stm32f4xx_hal_flash_ex.c ****   * All rights reserved.
  54:Drivers/STM32F4/Drivers/STM32F4xx_HAL_Driver/Src/stm32f4xx_hal_flash_ex.c ****   *
  55:Drivers/STM32F4/Drivers/STM32F4xx_HAL_Driver/Src/stm32f4xx_hal_flash_ex.c ****   * This software is licensed under terms that can be found in the LICENSE file in
  56:Drivers/STM32F4/Drivers/STM32F4xx_HAL_Driver/Src/stm32f4xx_hal_flash_ex.c ****   * the root directory of this software component.
  57:Drivers/STM32F4/Drivers/STM32F4xx_HAL_Driver/Src/stm32f4xx_hal_flash_ex.c ****   * If no LICENSE file comes with this software, it is provided AS-IS.
  58:Drivers/STM32F4/Drivers/STM32F4xx_HAL_Driver/Src/stm32f4xx_hal_flash_ex.c ****   ******************************************************************************
  59:Drivers/STM32F4/Drivers/STM32F4xx_HAL_Driver/Src/stm32f4xx_hal_flash_ex.c ****   */
  60:Drivers/STM32F4/Drivers/STM32F4xx_HAL_Driver/Src/stm32f4xx_hal_flash_ex.c **** 
  61:Drivers/STM32F4/Drivers/STM32F4xx_HAL_Driver/Src/stm32f4xx_hal_flash_ex.c **** /* Includes ------------------------------------------------------------------*/
  62:Drivers/STM32F4/Drivers/STM32F4xx_HAL_Driver/Src/stm32f4xx_hal_flash_ex.c **** #include "stm32f4xx_hal.h"
  63:Drivers/STM32F4/Drivers/STM32F4xx_HAL_Driver/Src/stm32f4xx_hal_flash_ex.c **** 
  64:Drivers/STM32F4/Drivers/STM32F4xx_HAL_Driver/Src/stm32f4xx_hal_flash_ex.c **** /** @addtogroup STM32F4xx_HAL_Driver
  65:Drivers/STM32F4/Drivers/STM32F4xx_HAL_Driver/Src/stm32f4xx_hal_flash_ex.c ****   * @{
  66:Drivers/STM32F4/Drivers/STM32F4xx_HAL_Driver/Src/stm32f4xx_hal_flash_ex.c ****   */
  67:Drivers/STM32F4/Drivers/STM32F4xx_HAL_Driver/Src/stm32f4xx_hal_flash_ex.c **** 
  68:Drivers/STM32F4/Drivers/STM32F4xx_HAL_Driver/Src/stm32f4xx_hal_flash_ex.c **** /** @defgroup FLASHEx FLASHEx
  69:Drivers/STM32F4/Drivers/STM32F4xx_HAL_Driver/Src/stm32f4xx_hal_flash_ex.c ****   * @brief FLASH HAL Extension module driver
  70:Drivers/STM32F4/Drivers/STM32F4xx_HAL_Driver/Src/stm32f4xx_hal_flash_ex.c ****   * @{
  71:Drivers/STM32F4/Drivers/STM32F4xx_HAL_Driver/Src/stm32f4xx_hal_flash_ex.c ****   */
  72:Drivers/STM32F4/Drivers/STM32F4xx_HAL_Driver/Src/stm32f4xx_hal_flash_ex.c **** 
  73:Drivers/STM32F4/Drivers/STM32F4xx_HAL_Driver/Src/stm32f4xx_hal_flash_ex.c **** #ifdef HAL_FLASH_MODULE_ENABLED
  74:Drivers/STM32F4/Drivers/STM32F4xx_HAL_Driver/Src/stm32f4xx_hal_flash_ex.c **** 
  75:Drivers/STM32F4/Drivers/STM32F4xx_HAL_Driver/Src/stm32f4xx_hal_flash_ex.c **** /* Private typedef -----------------------------------------------------------*/
  76:Drivers/STM32F4/Drivers/STM32F4xx_HAL_Driver/Src/stm32f4xx_hal_flash_ex.c **** /* Private define ------------------------------------------------------------*/
  77:Drivers/STM32F4/Drivers/STM32F4xx_HAL_Driver/Src/stm32f4xx_hal_flash_ex.c **** /** @addtogroup FLASHEx_Private_Constants
  78:Drivers/STM32F4/Drivers/STM32F4xx_HAL_Driver/Src/stm32f4xx_hal_flash_ex.c ****   * @{
  79:Drivers/STM32F4/Drivers/STM32F4xx_HAL_Driver/Src/stm32f4xx_hal_flash_ex.c ****   */
  80:Drivers/STM32F4/Drivers/STM32F4xx_HAL_Driver/Src/stm32f4xx_hal_flash_ex.c **** #define FLASH_TIMEOUT_VALUE       50000U /* 50 s */
  81:Drivers/STM32F4/Drivers/STM32F4xx_HAL_Driver/Src/stm32f4xx_hal_flash_ex.c **** /**
  82:Drivers/STM32F4/Drivers/STM32F4xx_HAL_Driver/Src/stm32f4xx_hal_flash_ex.c ****   * @}
  83:Drivers/STM32F4/Drivers/STM32F4xx_HAL_Driver/Src/stm32f4xx_hal_flash_ex.c ****   */
  84:Drivers/STM32F4/Drivers/STM32F4xx_HAL_Driver/Src/stm32f4xx_hal_flash_ex.c **** 
  85:Drivers/STM32F4/Drivers/STM32F4xx_HAL_Driver/Src/stm32f4xx_hal_flash_ex.c **** /* Private macro -------------------------------------------------------------*/
  86:Drivers/STM32F4/Drivers/STM32F4xx_HAL_Driver/Src/stm32f4xx_hal_flash_ex.c **** /* Private variables ---------------------------------------------------------*/
  87:Drivers/STM32F4/Drivers/STM32F4xx_HAL_Driver/Src/stm32f4xx_hal_flash_ex.c **** /** @addtogroup FLASHEx_Private_Variables
  88:Drivers/STM32F4/Drivers/STM32F4xx_HAL_Driver/Src/stm32f4xx_hal_flash_ex.c ****   * @{
ARM GAS  /tmp/ccPeWH4r.s 			page 3


  89:Drivers/STM32F4/Drivers/STM32F4xx_HAL_Driver/Src/stm32f4xx_hal_flash_ex.c ****   */
  90:Drivers/STM32F4/Drivers/STM32F4xx_HAL_Driver/Src/stm32f4xx_hal_flash_ex.c **** extern FLASH_ProcessTypeDef pFlash;
  91:Drivers/STM32F4/Drivers/STM32F4xx_HAL_Driver/Src/stm32f4xx_hal_flash_ex.c **** /**
  92:Drivers/STM32F4/Drivers/STM32F4xx_HAL_Driver/Src/stm32f4xx_hal_flash_ex.c ****   * @}
  93:Drivers/STM32F4/Drivers/STM32F4xx_HAL_Driver/Src/stm32f4xx_hal_flash_ex.c ****   */
  94:Drivers/STM32F4/Drivers/STM32F4xx_HAL_Driver/Src/stm32f4xx_hal_flash_ex.c **** 
  95:Drivers/STM32F4/Drivers/STM32F4xx_HAL_Driver/Src/stm32f4xx_hal_flash_ex.c **** /* Private function prototypes -----------------------------------------------*/
  96:Drivers/STM32F4/Drivers/STM32F4xx_HAL_Driver/Src/stm32f4xx_hal_flash_ex.c **** /** @addtogroup FLASHEx_Private_Functions
  97:Drivers/STM32F4/Drivers/STM32F4xx_HAL_Driver/Src/stm32f4xx_hal_flash_ex.c ****   * @{
  98:Drivers/STM32F4/Drivers/STM32F4xx_HAL_Driver/Src/stm32f4xx_hal_flash_ex.c ****   */
  99:Drivers/STM32F4/Drivers/STM32F4xx_HAL_Driver/Src/stm32f4xx_hal_flash_ex.c **** /* Option bytes control */
 100:Drivers/STM32F4/Drivers/STM32F4xx_HAL_Driver/Src/stm32f4xx_hal_flash_ex.c **** static void               FLASH_MassErase(uint8_t VoltageRange, uint32_t Banks);
 101:Drivers/STM32F4/Drivers/STM32F4xx_HAL_Driver/Src/stm32f4xx_hal_flash_ex.c **** static HAL_StatusTypeDef  FLASH_OB_EnableWRP(uint32_t WRPSector, uint32_t Banks);
 102:Drivers/STM32F4/Drivers/STM32F4xx_HAL_Driver/Src/stm32f4xx_hal_flash_ex.c **** static HAL_StatusTypeDef  FLASH_OB_DisableWRP(uint32_t WRPSector, uint32_t Banks);
 103:Drivers/STM32F4/Drivers/STM32F4xx_HAL_Driver/Src/stm32f4xx_hal_flash_ex.c **** static HAL_StatusTypeDef  FLASH_OB_RDP_LevelConfig(uint8_t Level);
 104:Drivers/STM32F4/Drivers/STM32F4xx_HAL_Driver/Src/stm32f4xx_hal_flash_ex.c **** static HAL_StatusTypeDef  FLASH_OB_UserConfig(uint8_t Iwdg, uint8_t Stop, uint8_t Stdby);
 105:Drivers/STM32F4/Drivers/STM32F4xx_HAL_Driver/Src/stm32f4xx_hal_flash_ex.c **** static HAL_StatusTypeDef  FLASH_OB_BOR_LevelConfig(uint8_t Level);
 106:Drivers/STM32F4/Drivers/STM32F4xx_HAL_Driver/Src/stm32f4xx_hal_flash_ex.c **** static uint8_t            FLASH_OB_GetUser(void);
 107:Drivers/STM32F4/Drivers/STM32F4xx_HAL_Driver/Src/stm32f4xx_hal_flash_ex.c **** static uint16_t           FLASH_OB_GetWRP(void);
 108:Drivers/STM32F4/Drivers/STM32F4xx_HAL_Driver/Src/stm32f4xx_hal_flash_ex.c **** static uint8_t            FLASH_OB_GetRDP(void);
 109:Drivers/STM32F4/Drivers/STM32F4xx_HAL_Driver/Src/stm32f4xx_hal_flash_ex.c **** static uint8_t            FLASH_OB_GetBOR(void);
 110:Drivers/STM32F4/Drivers/STM32F4xx_HAL_Driver/Src/stm32f4xx_hal_flash_ex.c **** 
 111:Drivers/STM32F4/Drivers/STM32F4xx_HAL_Driver/Src/stm32f4xx_hal_flash_ex.c **** #if defined(STM32F401xC) || defined(STM32F401xE) || defined(STM32F410Tx) || defined(STM32F410Cx) ||
 112:Drivers/STM32F4/Drivers/STM32F4xx_HAL_Driver/Src/stm32f4xx_hal_flash_ex.c ****     defined(STM32F446xx) || defined(STM32F412Zx) || defined(STM32F412Vx) || defined(STM32F412Rx) ||
 113:Drivers/STM32F4/Drivers/STM32F4xx_HAL_Driver/Src/stm32f4xx_hal_flash_ex.c ****     defined(STM32F423xx)
 114:Drivers/STM32F4/Drivers/STM32F4xx_HAL_Driver/Src/stm32f4xx_hal_flash_ex.c **** static HAL_StatusTypeDef  FLASH_OB_EnablePCROP(uint32_t Sector);
 115:Drivers/STM32F4/Drivers/STM32F4xx_HAL_Driver/Src/stm32f4xx_hal_flash_ex.c **** static HAL_StatusTypeDef  FLASH_OB_DisablePCROP(uint32_t Sector);
 116:Drivers/STM32F4/Drivers/STM32F4xx_HAL_Driver/Src/stm32f4xx_hal_flash_ex.c **** #endif /* STM32F401xC || STM32F401xE || STM32F410xx || STM32F411xE || STM32F446xx || STM32F412Zx ||
 117:Drivers/STM32F4/Drivers/STM32F4xx_HAL_Driver/Src/stm32f4xx_hal_flash_ex.c ****           STM32F413xx || STM32F423xx */
 118:Drivers/STM32F4/Drivers/STM32F4xx_HAL_Driver/Src/stm32f4xx_hal_flash_ex.c **** 
 119:Drivers/STM32F4/Drivers/STM32F4xx_HAL_Driver/Src/stm32f4xx_hal_flash_ex.c **** #if defined(STM32F427xx) || defined(STM32F437xx) || defined(STM32F429xx)|| defined(STM32F439xx) || 
 120:Drivers/STM32F4/Drivers/STM32F4xx_HAL_Driver/Src/stm32f4xx_hal_flash_ex.c **** static HAL_StatusTypeDef FLASH_OB_EnablePCROP(uint32_t SectorBank1, uint32_t SectorBank2, uint32_t 
 121:Drivers/STM32F4/Drivers/STM32F4xx_HAL_Driver/Src/stm32f4xx_hal_flash_ex.c **** static HAL_StatusTypeDef FLASH_OB_DisablePCROP(uint32_t SectorBank1, uint32_t SectorBank2, uint32_t
 122:Drivers/STM32F4/Drivers/STM32F4xx_HAL_Driver/Src/stm32f4xx_hal_flash_ex.c **** static HAL_StatusTypeDef FLASH_OB_BootConfig(uint8_t BootConfig);
 123:Drivers/STM32F4/Drivers/STM32F4xx_HAL_Driver/Src/stm32f4xx_hal_flash_ex.c **** #endif /* STM32F427xx || STM32F437xx || STM32F429xx || STM32F439xx || STM32F469xx || STM32F479xx */
 124:Drivers/STM32F4/Drivers/STM32F4xx_HAL_Driver/Src/stm32f4xx_hal_flash_ex.c **** 
 125:Drivers/STM32F4/Drivers/STM32F4xx_HAL_Driver/Src/stm32f4xx_hal_flash_ex.c **** extern HAL_StatusTypeDef         FLASH_WaitForLastOperation(uint32_t Timeout);
 126:Drivers/STM32F4/Drivers/STM32F4xx_HAL_Driver/Src/stm32f4xx_hal_flash_ex.c **** /**
 127:Drivers/STM32F4/Drivers/STM32F4xx_HAL_Driver/Src/stm32f4xx_hal_flash_ex.c ****   * @}
 128:Drivers/STM32F4/Drivers/STM32F4xx_HAL_Driver/Src/stm32f4xx_hal_flash_ex.c ****   */
 129:Drivers/STM32F4/Drivers/STM32F4xx_HAL_Driver/Src/stm32f4xx_hal_flash_ex.c **** 
 130:Drivers/STM32F4/Drivers/STM32F4xx_HAL_Driver/Src/stm32f4xx_hal_flash_ex.c **** /* Exported functions --------------------------------------------------------*/
 131:Drivers/STM32F4/Drivers/STM32F4xx_HAL_Driver/Src/stm32f4xx_hal_flash_ex.c **** /** @defgroup FLASHEx_Exported_Functions FLASHEx Exported Functions
 132:Drivers/STM32F4/Drivers/STM32F4xx_HAL_Driver/Src/stm32f4xx_hal_flash_ex.c ****   * @{
 133:Drivers/STM32F4/Drivers/STM32F4xx_HAL_Driver/Src/stm32f4xx_hal_flash_ex.c ****   */
 134:Drivers/STM32F4/Drivers/STM32F4xx_HAL_Driver/Src/stm32f4xx_hal_flash_ex.c **** 
 135:Drivers/STM32F4/Drivers/STM32F4xx_HAL_Driver/Src/stm32f4xx_hal_flash_ex.c **** /** @defgroup FLASHEx_Exported_Functions_Group1 Extended IO operation functions
 136:Drivers/STM32F4/Drivers/STM32F4xx_HAL_Driver/Src/stm32f4xx_hal_flash_ex.c ****   *  @brief   Extended IO operation functions
 137:Drivers/STM32F4/Drivers/STM32F4xx_HAL_Driver/Src/stm32f4xx_hal_flash_ex.c ****   *
 138:Drivers/STM32F4/Drivers/STM32F4xx_HAL_Driver/Src/stm32f4xx_hal_flash_ex.c **** @verbatim
 139:Drivers/STM32F4/Drivers/STM32F4xx_HAL_Driver/Src/stm32f4xx_hal_flash_ex.c ****  ===============================================================================
 140:Drivers/STM32F4/Drivers/STM32F4xx_HAL_Driver/Src/stm32f4xx_hal_flash_ex.c ****                 ##### Extended programming operation functions #####
 141:Drivers/STM32F4/Drivers/STM32F4xx_HAL_Driver/Src/stm32f4xx_hal_flash_ex.c ****  ===============================================================================
 142:Drivers/STM32F4/Drivers/STM32F4xx_HAL_Driver/Src/stm32f4xx_hal_flash_ex.c ****     [..]
 143:Drivers/STM32F4/Drivers/STM32F4xx_HAL_Driver/Src/stm32f4xx_hal_flash_ex.c ****     This subsection provides a set of functions allowing to manage the Extension FLASH
 144:Drivers/STM32F4/Drivers/STM32F4xx_HAL_Driver/Src/stm32f4xx_hal_flash_ex.c ****     programming operations.
 145:Drivers/STM32F4/Drivers/STM32F4xx_HAL_Driver/Src/stm32f4xx_hal_flash_ex.c **** 
ARM GAS  /tmp/ccPeWH4r.s 			page 4


 146:Drivers/STM32F4/Drivers/STM32F4xx_HAL_Driver/Src/stm32f4xx_hal_flash_ex.c **** @endverbatim
 147:Drivers/STM32F4/Drivers/STM32F4xx_HAL_Driver/Src/stm32f4xx_hal_flash_ex.c ****   * @{
 148:Drivers/STM32F4/Drivers/STM32F4xx_HAL_Driver/Src/stm32f4xx_hal_flash_ex.c ****   */
 149:Drivers/STM32F4/Drivers/STM32F4xx_HAL_Driver/Src/stm32f4xx_hal_flash_ex.c **** /**
 150:Drivers/STM32F4/Drivers/STM32F4xx_HAL_Driver/Src/stm32f4xx_hal_flash_ex.c ****   * @brief  Perform a mass erase or erase the specified FLASH memory sectors
 151:Drivers/STM32F4/Drivers/STM32F4xx_HAL_Driver/Src/stm32f4xx_hal_flash_ex.c ****   * @param[in]  pEraseInit pointer to an FLASH_EraseInitTypeDef structure that
 152:Drivers/STM32F4/Drivers/STM32F4xx_HAL_Driver/Src/stm32f4xx_hal_flash_ex.c ****   *         contains the configuration information for the erasing.
 153:Drivers/STM32F4/Drivers/STM32F4xx_HAL_Driver/Src/stm32f4xx_hal_flash_ex.c ****   *
 154:Drivers/STM32F4/Drivers/STM32F4xx_HAL_Driver/Src/stm32f4xx_hal_flash_ex.c ****   * @param[out]  SectorError pointer to variable  that
 155:Drivers/STM32F4/Drivers/STM32F4xx_HAL_Driver/Src/stm32f4xx_hal_flash_ex.c ****   *         contains the configuration information on faulty sector in case of error
 156:Drivers/STM32F4/Drivers/STM32F4xx_HAL_Driver/Src/stm32f4xx_hal_flash_ex.c ****   *         (0xFFFFFFFFU means that all the sectors have been correctly erased)
 157:Drivers/STM32F4/Drivers/STM32F4xx_HAL_Driver/Src/stm32f4xx_hal_flash_ex.c ****   *
 158:Drivers/STM32F4/Drivers/STM32F4xx_HAL_Driver/Src/stm32f4xx_hal_flash_ex.c ****   * @retval HAL Status
 159:Drivers/STM32F4/Drivers/STM32F4xx_HAL_Driver/Src/stm32f4xx_hal_flash_ex.c ****   */
 160:Drivers/STM32F4/Drivers/STM32F4xx_HAL_Driver/Src/stm32f4xx_hal_flash_ex.c **** HAL_StatusTypeDef HAL_FLASHEx_Erase(FLASH_EraseInitTypeDef *pEraseInit, uint32_t *SectorError)
 161:Drivers/STM32F4/Drivers/STM32F4xx_HAL_Driver/Src/stm32f4xx_hal_flash_ex.c **** {
 162:Drivers/STM32F4/Drivers/STM32F4xx_HAL_Driver/Src/stm32f4xx_hal_flash_ex.c ****   HAL_StatusTypeDef status;
 163:Drivers/STM32F4/Drivers/STM32F4xx_HAL_Driver/Src/stm32f4xx_hal_flash_ex.c ****   uint32_t index = 0U;
 164:Drivers/STM32F4/Drivers/STM32F4xx_HAL_Driver/Src/stm32f4xx_hal_flash_ex.c **** 
 165:Drivers/STM32F4/Drivers/STM32F4xx_HAL_Driver/Src/stm32f4xx_hal_flash_ex.c ****   /* Process Locked */
 166:Drivers/STM32F4/Drivers/STM32F4xx_HAL_Driver/Src/stm32f4xx_hal_flash_ex.c ****   __HAL_LOCK(&pFlash);
 167:Drivers/STM32F4/Drivers/STM32F4xx_HAL_Driver/Src/stm32f4xx_hal_flash_ex.c **** 
 168:Drivers/STM32F4/Drivers/STM32F4xx_HAL_Driver/Src/stm32f4xx_hal_flash_ex.c ****   /* Check the parameters */
 169:Drivers/STM32F4/Drivers/STM32F4xx_HAL_Driver/Src/stm32f4xx_hal_flash_ex.c ****   assert_param(IS_FLASH_TYPEERASE(pEraseInit->TypeErase));
 170:Drivers/STM32F4/Drivers/STM32F4xx_HAL_Driver/Src/stm32f4xx_hal_flash_ex.c **** 
 171:Drivers/STM32F4/Drivers/STM32F4xx_HAL_Driver/Src/stm32f4xx_hal_flash_ex.c ****   /* Wait for last operation to be completed */
 172:Drivers/STM32F4/Drivers/STM32F4xx_HAL_Driver/Src/stm32f4xx_hal_flash_ex.c ****   status = FLASH_WaitForLastOperation((uint32_t)FLASH_TIMEOUT_VALUE);
 173:Drivers/STM32F4/Drivers/STM32F4xx_HAL_Driver/Src/stm32f4xx_hal_flash_ex.c **** 
 174:Drivers/STM32F4/Drivers/STM32F4xx_HAL_Driver/Src/stm32f4xx_hal_flash_ex.c ****   if (status == HAL_OK)
 175:Drivers/STM32F4/Drivers/STM32F4xx_HAL_Driver/Src/stm32f4xx_hal_flash_ex.c ****   {
 176:Drivers/STM32F4/Drivers/STM32F4xx_HAL_Driver/Src/stm32f4xx_hal_flash_ex.c ****     /*Initialization of SectorError variable*/
 177:Drivers/STM32F4/Drivers/STM32F4xx_HAL_Driver/Src/stm32f4xx_hal_flash_ex.c ****     *SectorError = 0xFFFFFFFFU;
 178:Drivers/STM32F4/Drivers/STM32F4xx_HAL_Driver/Src/stm32f4xx_hal_flash_ex.c **** 
 179:Drivers/STM32F4/Drivers/STM32F4xx_HAL_Driver/Src/stm32f4xx_hal_flash_ex.c ****     if (pEraseInit->TypeErase == FLASH_TYPEERASE_MASSERASE)
 180:Drivers/STM32F4/Drivers/STM32F4xx_HAL_Driver/Src/stm32f4xx_hal_flash_ex.c ****     {
 181:Drivers/STM32F4/Drivers/STM32F4xx_HAL_Driver/Src/stm32f4xx_hal_flash_ex.c ****       /*Mass erase to be done*/
 182:Drivers/STM32F4/Drivers/STM32F4xx_HAL_Driver/Src/stm32f4xx_hal_flash_ex.c ****       FLASH_MassErase((uint8_t) pEraseInit->VoltageRange, pEraseInit->Banks);
 183:Drivers/STM32F4/Drivers/STM32F4xx_HAL_Driver/Src/stm32f4xx_hal_flash_ex.c **** 
 184:Drivers/STM32F4/Drivers/STM32F4xx_HAL_Driver/Src/stm32f4xx_hal_flash_ex.c ****       /* Wait for last operation to be completed */
 185:Drivers/STM32F4/Drivers/STM32F4xx_HAL_Driver/Src/stm32f4xx_hal_flash_ex.c ****       status = FLASH_WaitForLastOperation((uint32_t)FLASH_TIMEOUT_VALUE);
 186:Drivers/STM32F4/Drivers/STM32F4xx_HAL_Driver/Src/stm32f4xx_hal_flash_ex.c **** 
 187:Drivers/STM32F4/Drivers/STM32F4xx_HAL_Driver/Src/stm32f4xx_hal_flash_ex.c ****       /* if the erase operation is completed, disable the MER Bit */
 188:Drivers/STM32F4/Drivers/STM32F4xx_HAL_Driver/Src/stm32f4xx_hal_flash_ex.c ****       FLASH->CR &= (~FLASH_MER_BIT);
 189:Drivers/STM32F4/Drivers/STM32F4xx_HAL_Driver/Src/stm32f4xx_hal_flash_ex.c ****     }
 190:Drivers/STM32F4/Drivers/STM32F4xx_HAL_Driver/Src/stm32f4xx_hal_flash_ex.c ****     else
 191:Drivers/STM32F4/Drivers/STM32F4xx_HAL_Driver/Src/stm32f4xx_hal_flash_ex.c ****     {
 192:Drivers/STM32F4/Drivers/STM32F4xx_HAL_Driver/Src/stm32f4xx_hal_flash_ex.c ****       /* Check the parameters */
 193:Drivers/STM32F4/Drivers/STM32F4xx_HAL_Driver/Src/stm32f4xx_hal_flash_ex.c ****       assert_param(IS_FLASH_NBSECTORS(pEraseInit->NbSectors + pEraseInit->Sector));
 194:Drivers/STM32F4/Drivers/STM32F4xx_HAL_Driver/Src/stm32f4xx_hal_flash_ex.c **** 
 195:Drivers/STM32F4/Drivers/STM32F4xx_HAL_Driver/Src/stm32f4xx_hal_flash_ex.c ****       /* Erase by sector by sector to be done*/
 196:Drivers/STM32F4/Drivers/STM32F4xx_HAL_Driver/Src/stm32f4xx_hal_flash_ex.c ****       for (index = pEraseInit->Sector; index < (pEraseInit->NbSectors + pEraseInit->Sector); index+
 197:Drivers/STM32F4/Drivers/STM32F4xx_HAL_Driver/Src/stm32f4xx_hal_flash_ex.c ****       {
 198:Drivers/STM32F4/Drivers/STM32F4xx_HAL_Driver/Src/stm32f4xx_hal_flash_ex.c ****         FLASH_Erase_Sector(index, (uint8_t) pEraseInit->VoltageRange);
 199:Drivers/STM32F4/Drivers/STM32F4xx_HAL_Driver/Src/stm32f4xx_hal_flash_ex.c **** 
 200:Drivers/STM32F4/Drivers/STM32F4xx_HAL_Driver/Src/stm32f4xx_hal_flash_ex.c ****         /* Wait for last operation to be completed */
 201:Drivers/STM32F4/Drivers/STM32F4xx_HAL_Driver/Src/stm32f4xx_hal_flash_ex.c ****         status = FLASH_WaitForLastOperation((uint32_t)FLASH_TIMEOUT_VALUE);
 202:Drivers/STM32F4/Drivers/STM32F4xx_HAL_Driver/Src/stm32f4xx_hal_flash_ex.c **** 
ARM GAS  /tmp/ccPeWH4r.s 			page 5


 203:Drivers/STM32F4/Drivers/STM32F4xx_HAL_Driver/Src/stm32f4xx_hal_flash_ex.c ****         /* If the erase operation is completed, disable the SER and SNB Bits */
 204:Drivers/STM32F4/Drivers/STM32F4xx_HAL_Driver/Src/stm32f4xx_hal_flash_ex.c ****         CLEAR_BIT(FLASH->CR, (FLASH_CR_SER | FLASH_CR_SNB));
 205:Drivers/STM32F4/Drivers/STM32F4xx_HAL_Driver/Src/stm32f4xx_hal_flash_ex.c **** 
 206:Drivers/STM32F4/Drivers/STM32F4xx_HAL_Driver/Src/stm32f4xx_hal_flash_ex.c ****         if (status != HAL_OK)
 207:Drivers/STM32F4/Drivers/STM32F4xx_HAL_Driver/Src/stm32f4xx_hal_flash_ex.c ****         {
 208:Drivers/STM32F4/Drivers/STM32F4xx_HAL_Driver/Src/stm32f4xx_hal_flash_ex.c ****           /* In case of error, stop erase procedure and return the faulty sector*/
 209:Drivers/STM32F4/Drivers/STM32F4xx_HAL_Driver/Src/stm32f4xx_hal_flash_ex.c ****           *SectorError = index;
 210:Drivers/STM32F4/Drivers/STM32F4xx_HAL_Driver/Src/stm32f4xx_hal_flash_ex.c ****           break;
 211:Drivers/STM32F4/Drivers/STM32F4xx_HAL_Driver/Src/stm32f4xx_hal_flash_ex.c ****         }
 212:Drivers/STM32F4/Drivers/STM32F4xx_HAL_Driver/Src/stm32f4xx_hal_flash_ex.c ****       }
 213:Drivers/STM32F4/Drivers/STM32F4xx_HAL_Driver/Src/stm32f4xx_hal_flash_ex.c ****     }
 214:Drivers/STM32F4/Drivers/STM32F4xx_HAL_Driver/Src/stm32f4xx_hal_flash_ex.c ****     /* Flush the caches to be sure of the data consistency */
 215:Drivers/STM32F4/Drivers/STM32F4xx_HAL_Driver/Src/stm32f4xx_hal_flash_ex.c ****     FLASH_FlushCaches();
 216:Drivers/STM32F4/Drivers/STM32F4xx_HAL_Driver/Src/stm32f4xx_hal_flash_ex.c ****   }
 217:Drivers/STM32F4/Drivers/STM32F4xx_HAL_Driver/Src/stm32f4xx_hal_flash_ex.c **** 
 218:Drivers/STM32F4/Drivers/STM32F4xx_HAL_Driver/Src/stm32f4xx_hal_flash_ex.c ****   /* Process Unlocked */
 219:Drivers/STM32F4/Drivers/STM32F4xx_HAL_Driver/Src/stm32f4xx_hal_flash_ex.c ****   __HAL_UNLOCK(&pFlash);
 220:Drivers/STM32F4/Drivers/STM32F4xx_HAL_Driver/Src/stm32f4xx_hal_flash_ex.c **** 
 221:Drivers/STM32F4/Drivers/STM32F4xx_HAL_Driver/Src/stm32f4xx_hal_flash_ex.c ****   return status;
 222:Drivers/STM32F4/Drivers/STM32F4xx_HAL_Driver/Src/stm32f4xx_hal_flash_ex.c **** }
 223:Drivers/STM32F4/Drivers/STM32F4xx_HAL_Driver/Src/stm32f4xx_hal_flash_ex.c **** 
 224:Drivers/STM32F4/Drivers/STM32F4xx_HAL_Driver/Src/stm32f4xx_hal_flash_ex.c **** /**
 225:Drivers/STM32F4/Drivers/STM32F4xx_HAL_Driver/Src/stm32f4xx_hal_flash_ex.c ****   * @brief  Perform a mass erase or erase the specified FLASH memory sectors  with interrupt enable
 226:Drivers/STM32F4/Drivers/STM32F4xx_HAL_Driver/Src/stm32f4xx_hal_flash_ex.c ****   * @param  pEraseInit pointer to an FLASH_EraseInitTypeDef structure that
 227:Drivers/STM32F4/Drivers/STM32F4xx_HAL_Driver/Src/stm32f4xx_hal_flash_ex.c ****   *         contains the configuration information for the erasing.
 228:Drivers/STM32F4/Drivers/STM32F4xx_HAL_Driver/Src/stm32f4xx_hal_flash_ex.c ****   *
 229:Drivers/STM32F4/Drivers/STM32F4xx_HAL_Driver/Src/stm32f4xx_hal_flash_ex.c ****   * @retval HAL Status
 230:Drivers/STM32F4/Drivers/STM32F4xx_HAL_Driver/Src/stm32f4xx_hal_flash_ex.c ****   */
 231:Drivers/STM32F4/Drivers/STM32F4xx_HAL_Driver/Src/stm32f4xx_hal_flash_ex.c **** HAL_StatusTypeDef HAL_FLASHEx_Erase_IT(FLASH_EraseInitTypeDef *pEraseInit)
 232:Drivers/STM32F4/Drivers/STM32F4xx_HAL_Driver/Src/stm32f4xx_hal_flash_ex.c **** {
 233:Drivers/STM32F4/Drivers/STM32F4xx_HAL_Driver/Src/stm32f4xx_hal_flash_ex.c ****   HAL_StatusTypeDef status = HAL_OK;
 234:Drivers/STM32F4/Drivers/STM32F4xx_HAL_Driver/Src/stm32f4xx_hal_flash_ex.c **** 
 235:Drivers/STM32F4/Drivers/STM32F4xx_HAL_Driver/Src/stm32f4xx_hal_flash_ex.c ****   /* Check the parameters */
 236:Drivers/STM32F4/Drivers/STM32F4xx_HAL_Driver/Src/stm32f4xx_hal_flash_ex.c ****   assert_param(IS_FLASH_TYPEERASE(pEraseInit->TypeErase));
 237:Drivers/STM32F4/Drivers/STM32F4xx_HAL_Driver/Src/stm32f4xx_hal_flash_ex.c **** 
 238:Drivers/STM32F4/Drivers/STM32F4xx_HAL_Driver/Src/stm32f4xx_hal_flash_ex.c ****   /* Enable End of FLASH Operation interrupt */
 239:Drivers/STM32F4/Drivers/STM32F4xx_HAL_Driver/Src/stm32f4xx_hal_flash_ex.c ****   __HAL_FLASH_ENABLE_IT(FLASH_IT_EOP);
 240:Drivers/STM32F4/Drivers/STM32F4xx_HAL_Driver/Src/stm32f4xx_hal_flash_ex.c **** 
 241:Drivers/STM32F4/Drivers/STM32F4xx_HAL_Driver/Src/stm32f4xx_hal_flash_ex.c ****   /* Enable Error source interrupt */
 242:Drivers/STM32F4/Drivers/STM32F4xx_HAL_Driver/Src/stm32f4xx_hal_flash_ex.c ****   __HAL_FLASH_ENABLE_IT(FLASH_IT_ERR);
 243:Drivers/STM32F4/Drivers/STM32F4xx_HAL_Driver/Src/stm32f4xx_hal_flash_ex.c **** 
 244:Drivers/STM32F4/Drivers/STM32F4xx_HAL_Driver/Src/stm32f4xx_hal_flash_ex.c ****   /* Clear pending flags (if any) */
 245:Drivers/STM32F4/Drivers/STM32F4xx_HAL_Driver/Src/stm32f4xx_hal_flash_ex.c ****   __HAL_FLASH_CLEAR_FLAG(FLASH_FLAG_EOP    | FLASH_FLAG_OPERR | FLASH_FLAG_WRPERR | \
 246:Drivers/STM32F4/Drivers/STM32F4xx_HAL_Driver/Src/stm32f4xx_hal_flash_ex.c ****                          FLASH_FLAG_PGAERR | FLASH_FLAG_PGPERR | FLASH_FLAG_PGSERR);
 247:Drivers/STM32F4/Drivers/STM32F4xx_HAL_Driver/Src/stm32f4xx_hal_flash_ex.c **** 
 248:Drivers/STM32F4/Drivers/STM32F4xx_HAL_Driver/Src/stm32f4xx_hal_flash_ex.c ****   if (pEraseInit->TypeErase == FLASH_TYPEERASE_MASSERASE)
 249:Drivers/STM32F4/Drivers/STM32F4xx_HAL_Driver/Src/stm32f4xx_hal_flash_ex.c ****   {
 250:Drivers/STM32F4/Drivers/STM32F4xx_HAL_Driver/Src/stm32f4xx_hal_flash_ex.c ****     /*Mass erase to be done*/
 251:Drivers/STM32F4/Drivers/STM32F4xx_HAL_Driver/Src/stm32f4xx_hal_flash_ex.c ****     pFlash.ProcedureOnGoing = FLASH_PROC_MASSERASE;
 252:Drivers/STM32F4/Drivers/STM32F4xx_HAL_Driver/Src/stm32f4xx_hal_flash_ex.c ****     pFlash.Bank = pEraseInit->Banks;
 253:Drivers/STM32F4/Drivers/STM32F4xx_HAL_Driver/Src/stm32f4xx_hal_flash_ex.c ****     FLASH_MassErase((uint8_t) pEraseInit->VoltageRange, pEraseInit->Banks);
 254:Drivers/STM32F4/Drivers/STM32F4xx_HAL_Driver/Src/stm32f4xx_hal_flash_ex.c ****   }
 255:Drivers/STM32F4/Drivers/STM32F4xx_HAL_Driver/Src/stm32f4xx_hal_flash_ex.c ****   else
 256:Drivers/STM32F4/Drivers/STM32F4xx_HAL_Driver/Src/stm32f4xx_hal_flash_ex.c ****   {
 257:Drivers/STM32F4/Drivers/STM32F4xx_HAL_Driver/Src/stm32f4xx_hal_flash_ex.c ****     /* Erase by sector to be done*/
 258:Drivers/STM32F4/Drivers/STM32F4xx_HAL_Driver/Src/stm32f4xx_hal_flash_ex.c **** 
 259:Drivers/STM32F4/Drivers/STM32F4xx_HAL_Driver/Src/stm32f4xx_hal_flash_ex.c ****     /* Check the parameters */
ARM GAS  /tmp/ccPeWH4r.s 			page 6


 260:Drivers/STM32F4/Drivers/STM32F4xx_HAL_Driver/Src/stm32f4xx_hal_flash_ex.c ****     assert_param(IS_FLASH_NBSECTORS(pEraseInit->NbSectors + pEraseInit->Sector));
 261:Drivers/STM32F4/Drivers/STM32F4xx_HAL_Driver/Src/stm32f4xx_hal_flash_ex.c **** 
 262:Drivers/STM32F4/Drivers/STM32F4xx_HAL_Driver/Src/stm32f4xx_hal_flash_ex.c ****     pFlash.ProcedureOnGoing = FLASH_PROC_SECTERASE;
 263:Drivers/STM32F4/Drivers/STM32F4xx_HAL_Driver/Src/stm32f4xx_hal_flash_ex.c ****     pFlash.NbSectorsToErase = pEraseInit->NbSectors;
 264:Drivers/STM32F4/Drivers/STM32F4xx_HAL_Driver/Src/stm32f4xx_hal_flash_ex.c ****     pFlash.Sector = pEraseInit->Sector;
 265:Drivers/STM32F4/Drivers/STM32F4xx_HAL_Driver/Src/stm32f4xx_hal_flash_ex.c ****     pFlash.VoltageForErase = (uint8_t)pEraseInit->VoltageRange;
 266:Drivers/STM32F4/Drivers/STM32F4xx_HAL_Driver/Src/stm32f4xx_hal_flash_ex.c **** 
 267:Drivers/STM32F4/Drivers/STM32F4xx_HAL_Driver/Src/stm32f4xx_hal_flash_ex.c ****     /*Erase 1st sector and wait for IT*/
 268:Drivers/STM32F4/Drivers/STM32F4xx_HAL_Driver/Src/stm32f4xx_hal_flash_ex.c ****     FLASH_Erase_Sector(pEraseInit->Sector, pEraseInit->VoltageRange);
 269:Drivers/STM32F4/Drivers/STM32F4xx_HAL_Driver/Src/stm32f4xx_hal_flash_ex.c ****   }
 270:Drivers/STM32F4/Drivers/STM32F4xx_HAL_Driver/Src/stm32f4xx_hal_flash_ex.c **** 
 271:Drivers/STM32F4/Drivers/STM32F4xx_HAL_Driver/Src/stm32f4xx_hal_flash_ex.c ****   return status;
 272:Drivers/STM32F4/Drivers/STM32F4xx_HAL_Driver/Src/stm32f4xx_hal_flash_ex.c **** }
 273:Drivers/STM32F4/Drivers/STM32F4xx_HAL_Driver/Src/stm32f4xx_hal_flash_ex.c **** 
 274:Drivers/STM32F4/Drivers/STM32F4xx_HAL_Driver/Src/stm32f4xx_hal_flash_ex.c **** /**
 275:Drivers/STM32F4/Drivers/STM32F4xx_HAL_Driver/Src/stm32f4xx_hal_flash_ex.c ****   * @brief   Program option bytes
 276:Drivers/STM32F4/Drivers/STM32F4xx_HAL_Driver/Src/stm32f4xx_hal_flash_ex.c ****   * @param  pOBInit pointer to an FLASH_OBInitStruct structure that
 277:Drivers/STM32F4/Drivers/STM32F4xx_HAL_Driver/Src/stm32f4xx_hal_flash_ex.c ****   *         contains the configuration information for the programming.
 278:Drivers/STM32F4/Drivers/STM32F4xx_HAL_Driver/Src/stm32f4xx_hal_flash_ex.c ****   *
 279:Drivers/STM32F4/Drivers/STM32F4xx_HAL_Driver/Src/stm32f4xx_hal_flash_ex.c ****   * @retval HAL Status
 280:Drivers/STM32F4/Drivers/STM32F4xx_HAL_Driver/Src/stm32f4xx_hal_flash_ex.c ****   */
 281:Drivers/STM32F4/Drivers/STM32F4xx_HAL_Driver/Src/stm32f4xx_hal_flash_ex.c **** HAL_StatusTypeDef HAL_FLASHEx_OBProgram(FLASH_OBProgramInitTypeDef *pOBInit)
 282:Drivers/STM32F4/Drivers/STM32F4xx_HAL_Driver/Src/stm32f4xx_hal_flash_ex.c **** {
 283:Drivers/STM32F4/Drivers/STM32F4xx_HAL_Driver/Src/stm32f4xx_hal_flash_ex.c ****   HAL_StatusTypeDef status = HAL_ERROR;
 284:Drivers/STM32F4/Drivers/STM32F4xx_HAL_Driver/Src/stm32f4xx_hal_flash_ex.c **** 
 285:Drivers/STM32F4/Drivers/STM32F4xx_HAL_Driver/Src/stm32f4xx_hal_flash_ex.c ****   /* Process Locked */
 286:Drivers/STM32F4/Drivers/STM32F4xx_HAL_Driver/Src/stm32f4xx_hal_flash_ex.c ****   __HAL_LOCK(&pFlash);
 287:Drivers/STM32F4/Drivers/STM32F4xx_HAL_Driver/Src/stm32f4xx_hal_flash_ex.c **** 
 288:Drivers/STM32F4/Drivers/STM32F4xx_HAL_Driver/Src/stm32f4xx_hal_flash_ex.c ****   /* Check the parameters */
 289:Drivers/STM32F4/Drivers/STM32F4xx_HAL_Driver/Src/stm32f4xx_hal_flash_ex.c ****   assert_param(IS_OPTIONBYTE(pOBInit->OptionType));
 290:Drivers/STM32F4/Drivers/STM32F4xx_HAL_Driver/Src/stm32f4xx_hal_flash_ex.c **** 
 291:Drivers/STM32F4/Drivers/STM32F4xx_HAL_Driver/Src/stm32f4xx_hal_flash_ex.c ****   /*Write protection configuration*/
 292:Drivers/STM32F4/Drivers/STM32F4xx_HAL_Driver/Src/stm32f4xx_hal_flash_ex.c ****   if ((pOBInit->OptionType & OPTIONBYTE_WRP) == OPTIONBYTE_WRP)
 293:Drivers/STM32F4/Drivers/STM32F4xx_HAL_Driver/Src/stm32f4xx_hal_flash_ex.c ****   {
 294:Drivers/STM32F4/Drivers/STM32F4xx_HAL_Driver/Src/stm32f4xx_hal_flash_ex.c ****     assert_param(IS_WRPSTATE(pOBInit->WRPState));
 295:Drivers/STM32F4/Drivers/STM32F4xx_HAL_Driver/Src/stm32f4xx_hal_flash_ex.c ****     if (pOBInit->WRPState == OB_WRPSTATE_ENABLE)
 296:Drivers/STM32F4/Drivers/STM32F4xx_HAL_Driver/Src/stm32f4xx_hal_flash_ex.c ****     {
 297:Drivers/STM32F4/Drivers/STM32F4xx_HAL_Driver/Src/stm32f4xx_hal_flash_ex.c ****       /*Enable of Write protection on the selected Sector*/
 298:Drivers/STM32F4/Drivers/STM32F4xx_HAL_Driver/Src/stm32f4xx_hal_flash_ex.c ****       status = FLASH_OB_EnableWRP(pOBInit->WRPSector, pOBInit->Banks);
 299:Drivers/STM32F4/Drivers/STM32F4xx_HAL_Driver/Src/stm32f4xx_hal_flash_ex.c ****     }
 300:Drivers/STM32F4/Drivers/STM32F4xx_HAL_Driver/Src/stm32f4xx_hal_flash_ex.c ****     else
 301:Drivers/STM32F4/Drivers/STM32F4xx_HAL_Driver/Src/stm32f4xx_hal_flash_ex.c ****     {
 302:Drivers/STM32F4/Drivers/STM32F4xx_HAL_Driver/Src/stm32f4xx_hal_flash_ex.c ****       /*Disable of Write protection on the selected Sector*/
 303:Drivers/STM32F4/Drivers/STM32F4xx_HAL_Driver/Src/stm32f4xx_hal_flash_ex.c ****       status = FLASH_OB_DisableWRP(pOBInit->WRPSector, pOBInit->Banks);
 304:Drivers/STM32F4/Drivers/STM32F4xx_HAL_Driver/Src/stm32f4xx_hal_flash_ex.c ****     }
 305:Drivers/STM32F4/Drivers/STM32F4xx_HAL_Driver/Src/stm32f4xx_hal_flash_ex.c ****   }
 306:Drivers/STM32F4/Drivers/STM32F4xx_HAL_Driver/Src/stm32f4xx_hal_flash_ex.c **** 
 307:Drivers/STM32F4/Drivers/STM32F4xx_HAL_Driver/Src/stm32f4xx_hal_flash_ex.c ****   /*Read protection configuration*/
 308:Drivers/STM32F4/Drivers/STM32F4xx_HAL_Driver/Src/stm32f4xx_hal_flash_ex.c ****   if ((pOBInit->OptionType & OPTIONBYTE_RDP) == OPTIONBYTE_RDP)
 309:Drivers/STM32F4/Drivers/STM32F4xx_HAL_Driver/Src/stm32f4xx_hal_flash_ex.c ****   {
 310:Drivers/STM32F4/Drivers/STM32F4xx_HAL_Driver/Src/stm32f4xx_hal_flash_ex.c ****     status = FLASH_OB_RDP_LevelConfig(pOBInit->RDPLevel);
 311:Drivers/STM32F4/Drivers/STM32F4xx_HAL_Driver/Src/stm32f4xx_hal_flash_ex.c ****   }
 312:Drivers/STM32F4/Drivers/STM32F4xx_HAL_Driver/Src/stm32f4xx_hal_flash_ex.c **** 
 313:Drivers/STM32F4/Drivers/STM32F4xx_HAL_Driver/Src/stm32f4xx_hal_flash_ex.c ****   /*USER  configuration*/
 314:Drivers/STM32F4/Drivers/STM32F4xx_HAL_Driver/Src/stm32f4xx_hal_flash_ex.c ****   if ((pOBInit->OptionType & OPTIONBYTE_USER) == OPTIONBYTE_USER)
 315:Drivers/STM32F4/Drivers/STM32F4xx_HAL_Driver/Src/stm32f4xx_hal_flash_ex.c ****   {
 316:Drivers/STM32F4/Drivers/STM32F4xx_HAL_Driver/Src/stm32f4xx_hal_flash_ex.c ****     status = FLASH_OB_UserConfig(pOBInit->USERConfig & OB_IWDG_SW,
ARM GAS  /tmp/ccPeWH4r.s 			page 7


 317:Drivers/STM32F4/Drivers/STM32F4xx_HAL_Driver/Src/stm32f4xx_hal_flash_ex.c ****                                  pOBInit->USERConfig & OB_STOP_NO_RST,
 318:Drivers/STM32F4/Drivers/STM32F4xx_HAL_Driver/Src/stm32f4xx_hal_flash_ex.c ****                                  pOBInit->USERConfig & OB_STDBY_NO_RST);
 319:Drivers/STM32F4/Drivers/STM32F4xx_HAL_Driver/Src/stm32f4xx_hal_flash_ex.c ****   }
 320:Drivers/STM32F4/Drivers/STM32F4xx_HAL_Driver/Src/stm32f4xx_hal_flash_ex.c **** 
 321:Drivers/STM32F4/Drivers/STM32F4xx_HAL_Driver/Src/stm32f4xx_hal_flash_ex.c ****   /*BOR Level  configuration*/
 322:Drivers/STM32F4/Drivers/STM32F4xx_HAL_Driver/Src/stm32f4xx_hal_flash_ex.c ****   if ((pOBInit->OptionType & OPTIONBYTE_BOR) == OPTIONBYTE_BOR)
 323:Drivers/STM32F4/Drivers/STM32F4xx_HAL_Driver/Src/stm32f4xx_hal_flash_ex.c ****   {
 324:Drivers/STM32F4/Drivers/STM32F4xx_HAL_Driver/Src/stm32f4xx_hal_flash_ex.c ****     status = FLASH_OB_BOR_LevelConfig(pOBInit->BORLevel);
 325:Drivers/STM32F4/Drivers/STM32F4xx_HAL_Driver/Src/stm32f4xx_hal_flash_ex.c ****   }
 326:Drivers/STM32F4/Drivers/STM32F4xx_HAL_Driver/Src/stm32f4xx_hal_flash_ex.c **** 
 327:Drivers/STM32F4/Drivers/STM32F4xx_HAL_Driver/Src/stm32f4xx_hal_flash_ex.c ****   /* Process Unlocked */
 328:Drivers/STM32F4/Drivers/STM32F4xx_HAL_Driver/Src/stm32f4xx_hal_flash_ex.c ****   __HAL_UNLOCK(&pFlash);
 329:Drivers/STM32F4/Drivers/STM32F4xx_HAL_Driver/Src/stm32f4xx_hal_flash_ex.c **** 
 330:Drivers/STM32F4/Drivers/STM32F4xx_HAL_Driver/Src/stm32f4xx_hal_flash_ex.c ****   return status;
 331:Drivers/STM32F4/Drivers/STM32F4xx_HAL_Driver/Src/stm32f4xx_hal_flash_ex.c **** }
 332:Drivers/STM32F4/Drivers/STM32F4xx_HAL_Driver/Src/stm32f4xx_hal_flash_ex.c **** 
 333:Drivers/STM32F4/Drivers/STM32F4xx_HAL_Driver/Src/stm32f4xx_hal_flash_ex.c **** /**
 334:Drivers/STM32F4/Drivers/STM32F4xx_HAL_Driver/Src/stm32f4xx_hal_flash_ex.c ****   * @brief   Get the Option byte configuration
 335:Drivers/STM32F4/Drivers/STM32F4xx_HAL_Driver/Src/stm32f4xx_hal_flash_ex.c ****   * @param  pOBInit pointer to an FLASH_OBInitStruct structure that
 336:Drivers/STM32F4/Drivers/STM32F4xx_HAL_Driver/Src/stm32f4xx_hal_flash_ex.c ****   *         contains the configuration information for the programming.
 337:Drivers/STM32F4/Drivers/STM32F4xx_HAL_Driver/Src/stm32f4xx_hal_flash_ex.c ****   *
 338:Drivers/STM32F4/Drivers/STM32F4xx_HAL_Driver/Src/stm32f4xx_hal_flash_ex.c ****   * @retval None
 339:Drivers/STM32F4/Drivers/STM32F4xx_HAL_Driver/Src/stm32f4xx_hal_flash_ex.c ****   */
 340:Drivers/STM32F4/Drivers/STM32F4xx_HAL_Driver/Src/stm32f4xx_hal_flash_ex.c **** void HAL_FLASHEx_OBGetConfig(FLASH_OBProgramInitTypeDef *pOBInit)
 341:Drivers/STM32F4/Drivers/STM32F4xx_HAL_Driver/Src/stm32f4xx_hal_flash_ex.c **** {
 342:Drivers/STM32F4/Drivers/STM32F4xx_HAL_Driver/Src/stm32f4xx_hal_flash_ex.c ****   pOBInit->OptionType = OPTIONBYTE_WRP | OPTIONBYTE_RDP | OPTIONBYTE_USER | OPTIONBYTE_BOR;
 343:Drivers/STM32F4/Drivers/STM32F4xx_HAL_Driver/Src/stm32f4xx_hal_flash_ex.c **** 
 344:Drivers/STM32F4/Drivers/STM32F4xx_HAL_Driver/Src/stm32f4xx_hal_flash_ex.c ****   /*Get WRP*/
 345:Drivers/STM32F4/Drivers/STM32F4xx_HAL_Driver/Src/stm32f4xx_hal_flash_ex.c ****   pOBInit->WRPSector = (uint32_t)FLASH_OB_GetWRP();
 346:Drivers/STM32F4/Drivers/STM32F4xx_HAL_Driver/Src/stm32f4xx_hal_flash_ex.c **** 
 347:Drivers/STM32F4/Drivers/STM32F4xx_HAL_Driver/Src/stm32f4xx_hal_flash_ex.c ****   /*Get RDP Level*/
 348:Drivers/STM32F4/Drivers/STM32F4xx_HAL_Driver/Src/stm32f4xx_hal_flash_ex.c ****   pOBInit->RDPLevel = (uint32_t)FLASH_OB_GetRDP();
 349:Drivers/STM32F4/Drivers/STM32F4xx_HAL_Driver/Src/stm32f4xx_hal_flash_ex.c **** 
 350:Drivers/STM32F4/Drivers/STM32F4xx_HAL_Driver/Src/stm32f4xx_hal_flash_ex.c ****   /*Get USER*/
 351:Drivers/STM32F4/Drivers/STM32F4xx_HAL_Driver/Src/stm32f4xx_hal_flash_ex.c ****   pOBInit->USERConfig = (uint8_t)FLASH_OB_GetUser();
 352:Drivers/STM32F4/Drivers/STM32F4xx_HAL_Driver/Src/stm32f4xx_hal_flash_ex.c **** 
 353:Drivers/STM32F4/Drivers/STM32F4xx_HAL_Driver/Src/stm32f4xx_hal_flash_ex.c ****   /*Get BOR Level*/
 354:Drivers/STM32F4/Drivers/STM32F4xx_HAL_Driver/Src/stm32f4xx_hal_flash_ex.c ****   pOBInit->BORLevel = (uint32_t)FLASH_OB_GetBOR();
 355:Drivers/STM32F4/Drivers/STM32F4xx_HAL_Driver/Src/stm32f4xx_hal_flash_ex.c **** }
 356:Drivers/STM32F4/Drivers/STM32F4xx_HAL_Driver/Src/stm32f4xx_hal_flash_ex.c **** 
 357:Drivers/STM32F4/Drivers/STM32F4xx_HAL_Driver/Src/stm32f4xx_hal_flash_ex.c **** #if defined(STM32F427xx) || defined(STM32F437xx) || defined(STM32F429xx) || defined(STM32F439xx) ||
 358:Drivers/STM32F4/Drivers/STM32F4xx_HAL_Driver/Src/stm32f4xx_hal_flash_ex.c ****     defined(STM32F401xC) || defined(STM32F401xE) || defined(STM32F410Tx) || defined(STM32F410Cx) ||
 359:Drivers/STM32F4/Drivers/STM32F4xx_HAL_Driver/Src/stm32f4xx_hal_flash_ex.c ****     defined(STM32F410Rx) || defined(STM32F411xE) || defined(STM32F446xx) || defined(STM32F469xx) ||
 360:Drivers/STM32F4/Drivers/STM32F4xx_HAL_Driver/Src/stm32f4xx_hal_flash_ex.c ****     defined(STM32F479xx) || defined(STM32F412Zx) || defined(STM32F412Vx) || defined(STM32F412Rx) ||
 361:Drivers/STM32F4/Drivers/STM32F4xx_HAL_Driver/Src/stm32f4xx_hal_flash_ex.c ****     defined(STM32F412Cx) || defined(STM32F413xx) || defined(STM32F423xx)
 362:Drivers/STM32F4/Drivers/STM32F4xx_HAL_Driver/Src/stm32f4xx_hal_flash_ex.c **** /**
 363:Drivers/STM32F4/Drivers/STM32F4xx_HAL_Driver/Src/stm32f4xx_hal_flash_ex.c ****   * @brief   Program option bytes
 364:Drivers/STM32F4/Drivers/STM32F4xx_HAL_Driver/Src/stm32f4xx_hal_flash_ex.c ****   * @param  pAdvOBInit pointer to an FLASH_AdvOBProgramInitTypeDef structure that
 365:Drivers/STM32F4/Drivers/STM32F4xx_HAL_Driver/Src/stm32f4xx_hal_flash_ex.c ****   *         contains the configuration information for the programming.
 366:Drivers/STM32F4/Drivers/STM32F4xx_HAL_Driver/Src/stm32f4xx_hal_flash_ex.c ****   *
 367:Drivers/STM32F4/Drivers/STM32F4xx_HAL_Driver/Src/stm32f4xx_hal_flash_ex.c ****   * @retval HAL Status
 368:Drivers/STM32F4/Drivers/STM32F4xx_HAL_Driver/Src/stm32f4xx_hal_flash_ex.c ****   */
 369:Drivers/STM32F4/Drivers/STM32F4xx_HAL_Driver/Src/stm32f4xx_hal_flash_ex.c **** HAL_StatusTypeDef HAL_FLASHEx_AdvOBProgram(FLASH_AdvOBProgramInitTypeDef *pAdvOBInit)
 370:Drivers/STM32F4/Drivers/STM32F4xx_HAL_Driver/Src/stm32f4xx_hal_flash_ex.c **** {
 371:Drivers/STM32F4/Drivers/STM32F4xx_HAL_Driver/Src/stm32f4xx_hal_flash_ex.c ****   HAL_StatusTypeDef status = HAL_ERROR;
 372:Drivers/STM32F4/Drivers/STM32F4xx_HAL_Driver/Src/stm32f4xx_hal_flash_ex.c **** 
 373:Drivers/STM32F4/Drivers/STM32F4xx_HAL_Driver/Src/stm32f4xx_hal_flash_ex.c ****   /* Check the parameters */
ARM GAS  /tmp/ccPeWH4r.s 			page 8


 374:Drivers/STM32F4/Drivers/STM32F4xx_HAL_Driver/Src/stm32f4xx_hal_flash_ex.c ****   assert_param(IS_OBEX(pAdvOBInit->OptionType));
 375:Drivers/STM32F4/Drivers/STM32F4xx_HAL_Driver/Src/stm32f4xx_hal_flash_ex.c **** 
 376:Drivers/STM32F4/Drivers/STM32F4xx_HAL_Driver/Src/stm32f4xx_hal_flash_ex.c ****   /*Program PCROP option byte*/
 377:Drivers/STM32F4/Drivers/STM32F4xx_HAL_Driver/Src/stm32f4xx_hal_flash_ex.c ****   if (((pAdvOBInit->OptionType) & OPTIONBYTE_PCROP) == OPTIONBYTE_PCROP)
 378:Drivers/STM32F4/Drivers/STM32F4xx_HAL_Driver/Src/stm32f4xx_hal_flash_ex.c ****   {
 379:Drivers/STM32F4/Drivers/STM32F4xx_HAL_Driver/Src/stm32f4xx_hal_flash_ex.c ****     /* Check the parameters */
 380:Drivers/STM32F4/Drivers/STM32F4xx_HAL_Driver/Src/stm32f4xx_hal_flash_ex.c ****     assert_param(IS_PCROPSTATE(pAdvOBInit->PCROPState));
 381:Drivers/STM32F4/Drivers/STM32F4xx_HAL_Driver/Src/stm32f4xx_hal_flash_ex.c ****     if ((pAdvOBInit->PCROPState) == OB_PCROP_STATE_ENABLE)
 382:Drivers/STM32F4/Drivers/STM32F4xx_HAL_Driver/Src/stm32f4xx_hal_flash_ex.c ****     {
 383:Drivers/STM32F4/Drivers/STM32F4xx_HAL_Driver/Src/stm32f4xx_hal_flash_ex.c ****       /*Enable of Write protection on the selected Sector*/
 384:Drivers/STM32F4/Drivers/STM32F4xx_HAL_Driver/Src/stm32f4xx_hal_flash_ex.c **** #if defined(STM32F401xC) || defined(STM32F401xE) || defined(STM32F410Tx) || defined(STM32F410Cx) ||
 385:Drivers/STM32F4/Drivers/STM32F4xx_HAL_Driver/Src/stm32f4xx_hal_flash_ex.c ****     defined(STM32F411xE) || defined(STM32F446xx) || defined(STM32F412Zx) || defined(STM32F412Vx) ||
 386:Drivers/STM32F4/Drivers/STM32F4xx_HAL_Driver/Src/stm32f4xx_hal_flash_ex.c ****     defined(STM32F412Cx) || defined(STM32F413xx) || defined(STM32F423xx)
 387:Drivers/STM32F4/Drivers/STM32F4xx_HAL_Driver/Src/stm32f4xx_hal_flash_ex.c ****       status = FLASH_OB_EnablePCROP(pAdvOBInit->Sectors);
 388:Drivers/STM32F4/Drivers/STM32F4xx_HAL_Driver/Src/stm32f4xx_hal_flash_ex.c **** #else  /* STM32F427xx || STM32F437xx || STM32F429xx|| STM32F439xx || STM32F469xx || STM32F479xx */
 389:Drivers/STM32F4/Drivers/STM32F4xx_HAL_Driver/Src/stm32f4xx_hal_flash_ex.c ****       status = FLASH_OB_EnablePCROP(pAdvOBInit->SectorsBank1, pAdvOBInit->SectorsBank2, pAdvOBInit-
 390:Drivers/STM32F4/Drivers/STM32F4xx_HAL_Driver/Src/stm32f4xx_hal_flash_ex.c **** #endif /* STM32F401xC || STM32F401xE || STM32F410xx || STM32F411xE || STM32F446xx || STM32F412Zx ||
 391:Drivers/STM32F4/Drivers/STM32F4xx_HAL_Driver/Src/stm32f4xx_hal_flash_ex.c ****           STM32F413xx || STM32F423xx */
 392:Drivers/STM32F4/Drivers/STM32F4xx_HAL_Driver/Src/stm32f4xx_hal_flash_ex.c ****     }
 393:Drivers/STM32F4/Drivers/STM32F4xx_HAL_Driver/Src/stm32f4xx_hal_flash_ex.c ****     else
 394:Drivers/STM32F4/Drivers/STM32F4xx_HAL_Driver/Src/stm32f4xx_hal_flash_ex.c ****     {
 395:Drivers/STM32F4/Drivers/STM32F4xx_HAL_Driver/Src/stm32f4xx_hal_flash_ex.c ****       /*Disable of Write protection on the selected Sector*/
 396:Drivers/STM32F4/Drivers/STM32F4xx_HAL_Driver/Src/stm32f4xx_hal_flash_ex.c **** #if defined(STM32F401xC) || defined(STM32F401xE) || defined(STM32F410Tx) || defined(STM32F410Cx) ||
 397:Drivers/STM32F4/Drivers/STM32F4xx_HAL_Driver/Src/stm32f4xx_hal_flash_ex.c ****     defined(STM32F411xE) || defined(STM32F446xx) || defined(STM32F412Zx) || defined(STM32F412Vx) ||
 398:Drivers/STM32F4/Drivers/STM32F4xx_HAL_Driver/Src/stm32f4xx_hal_flash_ex.c ****     defined(STM32F412Cx) || defined(STM32F413xx) || defined(STM32F423xx)
 399:Drivers/STM32F4/Drivers/STM32F4xx_HAL_Driver/Src/stm32f4xx_hal_flash_ex.c ****       status = FLASH_OB_DisablePCROP(pAdvOBInit->Sectors);
 400:Drivers/STM32F4/Drivers/STM32F4xx_HAL_Driver/Src/stm32f4xx_hal_flash_ex.c **** #else /* STM32F427xx || STM32F437xx || STM32F429xx|| STM32F439xx || STM32F469xx || STM32F479xx */
 401:Drivers/STM32F4/Drivers/STM32F4xx_HAL_Driver/Src/stm32f4xx_hal_flash_ex.c ****       status = FLASH_OB_DisablePCROP(pAdvOBInit->SectorsBank1, pAdvOBInit->SectorsBank2, pAdvOBInit
 402:Drivers/STM32F4/Drivers/STM32F4xx_HAL_Driver/Src/stm32f4xx_hal_flash_ex.c **** #endif /* STM32F401xC || STM32F401xE || STM32F410xx || STM32F411xE || STM32F446xx || STM32F412Zx ||
 403:Drivers/STM32F4/Drivers/STM32F4xx_HAL_Driver/Src/stm32f4xx_hal_flash_ex.c ****           STM32F413xx || STM32F423xx */
 404:Drivers/STM32F4/Drivers/STM32F4xx_HAL_Driver/Src/stm32f4xx_hal_flash_ex.c ****     }
 405:Drivers/STM32F4/Drivers/STM32F4xx_HAL_Driver/Src/stm32f4xx_hal_flash_ex.c ****   }
 406:Drivers/STM32F4/Drivers/STM32F4xx_HAL_Driver/Src/stm32f4xx_hal_flash_ex.c **** 
 407:Drivers/STM32F4/Drivers/STM32F4xx_HAL_Driver/Src/stm32f4xx_hal_flash_ex.c **** #if defined(STM32F427xx) || defined(STM32F437xx) || defined(STM32F429xx) || defined(STM32F439xx) ||
 408:Drivers/STM32F4/Drivers/STM32F4xx_HAL_Driver/Src/stm32f4xx_hal_flash_ex.c ****   /*Program BOOT config option byte*/
 409:Drivers/STM32F4/Drivers/STM32F4xx_HAL_Driver/Src/stm32f4xx_hal_flash_ex.c ****   if (((pAdvOBInit->OptionType) & OPTIONBYTE_BOOTCONFIG) == OPTIONBYTE_BOOTCONFIG)
 410:Drivers/STM32F4/Drivers/STM32F4xx_HAL_Driver/Src/stm32f4xx_hal_flash_ex.c ****   {
 411:Drivers/STM32F4/Drivers/STM32F4xx_HAL_Driver/Src/stm32f4xx_hal_flash_ex.c ****     status = FLASH_OB_BootConfig(pAdvOBInit->BootConfig);
 412:Drivers/STM32F4/Drivers/STM32F4xx_HAL_Driver/Src/stm32f4xx_hal_flash_ex.c ****   }
 413:Drivers/STM32F4/Drivers/STM32F4xx_HAL_Driver/Src/stm32f4xx_hal_flash_ex.c **** #endif /* STM32F427xx || STM32F437xx || STM32F429xx || STM32F439xx || STM32F469xx || STM32F479xx */
 414:Drivers/STM32F4/Drivers/STM32F4xx_HAL_Driver/Src/stm32f4xx_hal_flash_ex.c **** 
 415:Drivers/STM32F4/Drivers/STM32F4xx_HAL_Driver/Src/stm32f4xx_hal_flash_ex.c ****   return status;
 416:Drivers/STM32F4/Drivers/STM32F4xx_HAL_Driver/Src/stm32f4xx_hal_flash_ex.c **** }
 417:Drivers/STM32F4/Drivers/STM32F4xx_HAL_Driver/Src/stm32f4xx_hal_flash_ex.c **** 
 418:Drivers/STM32F4/Drivers/STM32F4xx_HAL_Driver/Src/stm32f4xx_hal_flash_ex.c **** /**
 419:Drivers/STM32F4/Drivers/STM32F4xx_HAL_Driver/Src/stm32f4xx_hal_flash_ex.c ****   * @brief   Get the OBEX byte configuration
 420:Drivers/STM32F4/Drivers/STM32F4xx_HAL_Driver/Src/stm32f4xx_hal_flash_ex.c ****   * @param  pAdvOBInit pointer to an FLASH_AdvOBProgramInitTypeDef structure that
 421:Drivers/STM32F4/Drivers/STM32F4xx_HAL_Driver/Src/stm32f4xx_hal_flash_ex.c ****   *         contains the configuration information for the programming.
 422:Drivers/STM32F4/Drivers/STM32F4xx_HAL_Driver/Src/stm32f4xx_hal_flash_ex.c ****   *
 423:Drivers/STM32F4/Drivers/STM32F4xx_HAL_Driver/Src/stm32f4xx_hal_flash_ex.c ****   * @retval None
 424:Drivers/STM32F4/Drivers/STM32F4xx_HAL_Driver/Src/stm32f4xx_hal_flash_ex.c ****   */
 425:Drivers/STM32F4/Drivers/STM32F4xx_HAL_Driver/Src/stm32f4xx_hal_flash_ex.c **** void HAL_FLASHEx_AdvOBGetConfig(FLASH_AdvOBProgramInitTypeDef *pAdvOBInit)
 426:Drivers/STM32F4/Drivers/STM32F4xx_HAL_Driver/Src/stm32f4xx_hal_flash_ex.c **** {
 427:Drivers/STM32F4/Drivers/STM32F4xx_HAL_Driver/Src/stm32f4xx_hal_flash_ex.c **** #if defined(STM32F401xC) || defined(STM32F401xE) || defined(STM32F410Tx) || defined(STM32F410Cx) ||
 428:Drivers/STM32F4/Drivers/STM32F4xx_HAL_Driver/Src/stm32f4xx_hal_flash_ex.c ****     defined(STM32F411xE) || defined(STM32F446xx) || defined(STM32F412Zx) || defined(STM32F412Vx) ||
 429:Drivers/STM32F4/Drivers/STM32F4xx_HAL_Driver/Src/stm32f4xx_hal_flash_ex.c ****     defined(STM32F412Cx) || defined(STM32F413xx) || defined(STM32F423xx)
 430:Drivers/STM32F4/Drivers/STM32F4xx_HAL_Driver/Src/stm32f4xx_hal_flash_ex.c ****   /*Get Sector*/
ARM GAS  /tmp/ccPeWH4r.s 			page 9


 431:Drivers/STM32F4/Drivers/STM32F4xx_HAL_Driver/Src/stm32f4xx_hal_flash_ex.c ****   pAdvOBInit->Sectors = (*(__IO uint16_t *)(OPTCR_BYTE2_ADDRESS));
 432:Drivers/STM32F4/Drivers/STM32F4xx_HAL_Driver/Src/stm32f4xx_hal_flash_ex.c **** #else  /* STM32F427xx || STM32F437xx || STM32F429xx|| STM32F439xx || STM32F469xx || STM32F479xx */
 433:Drivers/STM32F4/Drivers/STM32F4xx_HAL_Driver/Src/stm32f4xx_hal_flash_ex.c ****   /*Get Sector for Bank1*/
 434:Drivers/STM32F4/Drivers/STM32F4xx_HAL_Driver/Src/stm32f4xx_hal_flash_ex.c ****   pAdvOBInit->SectorsBank1 = (*(__IO uint16_t *)(OPTCR_BYTE2_ADDRESS));
 435:Drivers/STM32F4/Drivers/STM32F4xx_HAL_Driver/Src/stm32f4xx_hal_flash_ex.c **** 
 436:Drivers/STM32F4/Drivers/STM32F4xx_HAL_Driver/Src/stm32f4xx_hal_flash_ex.c ****   /*Get Sector for Bank2*/
 437:Drivers/STM32F4/Drivers/STM32F4xx_HAL_Driver/Src/stm32f4xx_hal_flash_ex.c ****   pAdvOBInit->SectorsBank2 = (*(__IO uint16_t *)(OPTCR1_BYTE2_ADDRESS));
 438:Drivers/STM32F4/Drivers/STM32F4xx_HAL_Driver/Src/stm32f4xx_hal_flash_ex.c **** 
 439:Drivers/STM32F4/Drivers/STM32F4xx_HAL_Driver/Src/stm32f4xx_hal_flash_ex.c ****   /*Get Boot config OB*/
 440:Drivers/STM32F4/Drivers/STM32F4xx_HAL_Driver/Src/stm32f4xx_hal_flash_ex.c ****   pAdvOBInit->BootConfig = *(__IO uint8_t *)OPTCR_BYTE0_ADDRESS;
 441:Drivers/STM32F4/Drivers/STM32F4xx_HAL_Driver/Src/stm32f4xx_hal_flash_ex.c **** #endif /* STM32F401xC || STM32F401xE || STM32F410xx || STM32F411xE || STM32F446xx || STM32F412Zx ||
 442:Drivers/STM32F4/Drivers/STM32F4xx_HAL_Driver/Src/stm32f4xx_hal_flash_ex.c ****           STM32F413xx || STM32F423xx */
 443:Drivers/STM32F4/Drivers/STM32F4xx_HAL_Driver/Src/stm32f4xx_hal_flash_ex.c **** }
 444:Drivers/STM32F4/Drivers/STM32F4xx_HAL_Driver/Src/stm32f4xx_hal_flash_ex.c **** 
 445:Drivers/STM32F4/Drivers/STM32F4xx_HAL_Driver/Src/stm32f4xx_hal_flash_ex.c **** /**
 446:Drivers/STM32F4/Drivers/STM32F4xx_HAL_Driver/Src/stm32f4xx_hal_flash_ex.c ****   * @brief  Select the Protection Mode
 447:Drivers/STM32F4/Drivers/STM32F4xx_HAL_Driver/Src/stm32f4xx_hal_flash_ex.c ****   *
 448:Drivers/STM32F4/Drivers/STM32F4xx_HAL_Driver/Src/stm32f4xx_hal_flash_ex.c ****   * @note   After PCROP activated Option Byte modification NOT POSSIBLE! excepted
 449:Drivers/STM32F4/Drivers/STM32F4xx_HAL_Driver/Src/stm32f4xx_hal_flash_ex.c ****   *         Global Read Out Protection modification (from level1 to level0)
 450:Drivers/STM32F4/Drivers/STM32F4xx_HAL_Driver/Src/stm32f4xx_hal_flash_ex.c ****   * @note   Once SPRMOD bit is active unprotection of a protected sector is not possible
 451:Drivers/STM32F4/Drivers/STM32F4xx_HAL_Driver/Src/stm32f4xx_hal_flash_ex.c ****   * @note   Read a protected sector will set RDERR Flag and write a protected sector will set WRPER
 452:Drivers/STM32F4/Drivers/STM32F4xx_HAL_Driver/Src/stm32f4xx_hal_flash_ex.c ****   * @note   This function can be used only for STM32F42xxx/STM32F43xxx/STM32F401xx/STM32F411xx/STM3
 453:Drivers/STM32F4/Drivers/STM32F4xx_HAL_Driver/Src/stm32f4xx_hal_flash_ex.c ****   *         STM32F469xx/STM32F479xx/STM32F412xx/STM32F413xx devices.
 454:Drivers/STM32F4/Drivers/STM32F4xx_HAL_Driver/Src/stm32f4xx_hal_flash_ex.c ****   *
 455:Drivers/STM32F4/Drivers/STM32F4xx_HAL_Driver/Src/stm32f4xx_hal_flash_ex.c ****   * @retval HAL Status
 456:Drivers/STM32F4/Drivers/STM32F4xx_HAL_Driver/Src/stm32f4xx_hal_flash_ex.c ****   */
 457:Drivers/STM32F4/Drivers/STM32F4xx_HAL_Driver/Src/stm32f4xx_hal_flash_ex.c **** HAL_StatusTypeDef HAL_FLASHEx_OB_SelectPCROP(void)
 458:Drivers/STM32F4/Drivers/STM32F4xx_HAL_Driver/Src/stm32f4xx_hal_flash_ex.c **** {
 459:Drivers/STM32F4/Drivers/STM32F4xx_HAL_Driver/Src/stm32f4xx_hal_flash_ex.c ****   uint8_t optiontmp;
 460:Drivers/STM32F4/Drivers/STM32F4xx_HAL_Driver/Src/stm32f4xx_hal_flash_ex.c **** 
 461:Drivers/STM32F4/Drivers/STM32F4xx_HAL_Driver/Src/stm32f4xx_hal_flash_ex.c ****   /* Mask SPRMOD bit */
 462:Drivers/STM32F4/Drivers/STM32F4xx_HAL_Driver/Src/stm32f4xx_hal_flash_ex.c ****   optiontmp = (uint8_t)((*(__IO uint8_t *)OPTCR_BYTE3_ADDRESS) & (uint8_t)0x7F);
 463:Drivers/STM32F4/Drivers/STM32F4xx_HAL_Driver/Src/stm32f4xx_hal_flash_ex.c **** 
 464:Drivers/STM32F4/Drivers/STM32F4xx_HAL_Driver/Src/stm32f4xx_hal_flash_ex.c ****   /* Update Option Byte */
 465:Drivers/STM32F4/Drivers/STM32F4xx_HAL_Driver/Src/stm32f4xx_hal_flash_ex.c ****   *(__IO uint8_t *)OPTCR_BYTE3_ADDRESS = (uint8_t)(OB_PCROP_SELECTED | optiontmp);
 466:Drivers/STM32F4/Drivers/STM32F4xx_HAL_Driver/Src/stm32f4xx_hal_flash_ex.c **** 
 467:Drivers/STM32F4/Drivers/STM32F4xx_HAL_Driver/Src/stm32f4xx_hal_flash_ex.c ****   return HAL_OK;
 468:Drivers/STM32F4/Drivers/STM32F4xx_HAL_Driver/Src/stm32f4xx_hal_flash_ex.c **** }
 469:Drivers/STM32F4/Drivers/STM32F4xx_HAL_Driver/Src/stm32f4xx_hal_flash_ex.c **** 
 470:Drivers/STM32F4/Drivers/STM32F4xx_HAL_Driver/Src/stm32f4xx_hal_flash_ex.c **** /**
 471:Drivers/STM32F4/Drivers/STM32F4xx_HAL_Driver/Src/stm32f4xx_hal_flash_ex.c ****   * @brief  Deselect the Protection Mode
 472:Drivers/STM32F4/Drivers/STM32F4xx_HAL_Driver/Src/stm32f4xx_hal_flash_ex.c ****   *
 473:Drivers/STM32F4/Drivers/STM32F4xx_HAL_Driver/Src/stm32f4xx_hal_flash_ex.c ****   * @note   After PCROP activated Option Byte modification NOT POSSIBLE! excepted
 474:Drivers/STM32F4/Drivers/STM32F4xx_HAL_Driver/Src/stm32f4xx_hal_flash_ex.c ****   *         Global Read Out Protection modification (from level1 to level0)
 475:Drivers/STM32F4/Drivers/STM32F4xx_HAL_Driver/Src/stm32f4xx_hal_flash_ex.c ****   * @note   Once SPRMOD bit is active unprotection of a protected sector is not possible
 476:Drivers/STM32F4/Drivers/STM32F4xx_HAL_Driver/Src/stm32f4xx_hal_flash_ex.c ****   * @note   Read a protected sector will set RDERR Flag and write a protected sector will set WRPER
 477:Drivers/STM32F4/Drivers/STM32F4xx_HAL_Driver/Src/stm32f4xx_hal_flash_ex.c ****   * @note   This function can be used only for STM32F42xxx/STM32F43xxx/STM32F401xx/STM32F411xx/STM3
 478:Drivers/STM32F4/Drivers/STM32F4xx_HAL_Driver/Src/stm32f4xx_hal_flash_ex.c ****   *         STM32F469xx/STM32F479xx/STM32F412xx/STM32F413xx devices.
 479:Drivers/STM32F4/Drivers/STM32F4xx_HAL_Driver/Src/stm32f4xx_hal_flash_ex.c ****   *
 480:Drivers/STM32F4/Drivers/STM32F4xx_HAL_Driver/Src/stm32f4xx_hal_flash_ex.c ****   * @retval HAL Status
 481:Drivers/STM32F4/Drivers/STM32F4xx_HAL_Driver/Src/stm32f4xx_hal_flash_ex.c ****   */
 482:Drivers/STM32F4/Drivers/STM32F4xx_HAL_Driver/Src/stm32f4xx_hal_flash_ex.c **** HAL_StatusTypeDef HAL_FLASHEx_OB_DeSelectPCROP(void)
 483:Drivers/STM32F4/Drivers/STM32F4xx_HAL_Driver/Src/stm32f4xx_hal_flash_ex.c **** {
 484:Drivers/STM32F4/Drivers/STM32F4xx_HAL_Driver/Src/stm32f4xx_hal_flash_ex.c ****   uint8_t optiontmp;
 485:Drivers/STM32F4/Drivers/STM32F4xx_HAL_Driver/Src/stm32f4xx_hal_flash_ex.c **** 
 486:Drivers/STM32F4/Drivers/STM32F4xx_HAL_Driver/Src/stm32f4xx_hal_flash_ex.c ****   /* Mask SPRMOD bit */
 487:Drivers/STM32F4/Drivers/STM32F4xx_HAL_Driver/Src/stm32f4xx_hal_flash_ex.c ****   optiontmp = (uint8_t)((*(__IO uint8_t *)OPTCR_BYTE3_ADDRESS) & (uint8_t)0x7F);
ARM GAS  /tmp/ccPeWH4r.s 			page 10


 488:Drivers/STM32F4/Drivers/STM32F4xx_HAL_Driver/Src/stm32f4xx_hal_flash_ex.c **** 
 489:Drivers/STM32F4/Drivers/STM32F4xx_HAL_Driver/Src/stm32f4xx_hal_flash_ex.c ****   /* Update Option Byte */
 490:Drivers/STM32F4/Drivers/STM32F4xx_HAL_Driver/Src/stm32f4xx_hal_flash_ex.c ****   *(__IO uint8_t *)OPTCR_BYTE3_ADDRESS = (uint8_t)(OB_PCROP_DESELECTED | optiontmp);
 491:Drivers/STM32F4/Drivers/STM32F4xx_HAL_Driver/Src/stm32f4xx_hal_flash_ex.c **** 
 492:Drivers/STM32F4/Drivers/STM32F4xx_HAL_Driver/Src/stm32f4xx_hal_flash_ex.c ****   return HAL_OK;
 493:Drivers/STM32F4/Drivers/STM32F4xx_HAL_Driver/Src/stm32f4xx_hal_flash_ex.c **** }
 494:Drivers/STM32F4/Drivers/STM32F4xx_HAL_Driver/Src/stm32f4xx_hal_flash_ex.c **** #endif /* STM32F427xx || STM32F437xx || STM32F429xx || STM32F439xx || STM32F401xC || STM32F401xE ||
 495:Drivers/STM32F4/Drivers/STM32F4xx_HAL_Driver/Src/stm32f4xx_hal_flash_ex.c ****           STM32F411xE || STM32F469xx || STM32F479xx || STM32F412Zx || STM32F412Vx || STM32F412Rx ||
 496:Drivers/STM32F4/Drivers/STM32F4xx_HAL_Driver/Src/stm32f4xx_hal_flash_ex.c ****           STM32F413xx || STM32F423xx */
 497:Drivers/STM32F4/Drivers/STM32F4xx_HAL_Driver/Src/stm32f4xx_hal_flash_ex.c **** 
 498:Drivers/STM32F4/Drivers/STM32F4xx_HAL_Driver/Src/stm32f4xx_hal_flash_ex.c **** #if defined(STM32F427xx) || defined(STM32F437xx) || defined(STM32F429xx)|| defined(STM32F439xx) || 
 499:Drivers/STM32F4/Drivers/STM32F4xx_HAL_Driver/Src/stm32f4xx_hal_flash_ex.c **** /**
 500:Drivers/STM32F4/Drivers/STM32F4xx_HAL_Driver/Src/stm32f4xx_hal_flash_ex.c ****   * @brief  Returns the FLASH Write Protection Option Bytes value for Bank 2
 501:Drivers/STM32F4/Drivers/STM32F4xx_HAL_Driver/Src/stm32f4xx_hal_flash_ex.c ****   * @note   This function can be used only for STM32F42xxx/STM32F43xxx/STM32F469xx/STM32F479xx devi
 502:Drivers/STM32F4/Drivers/STM32F4xx_HAL_Driver/Src/stm32f4xx_hal_flash_ex.c ****   * @retval The FLASH Write Protection  Option Bytes value
 503:Drivers/STM32F4/Drivers/STM32F4xx_HAL_Driver/Src/stm32f4xx_hal_flash_ex.c ****   */
 504:Drivers/STM32F4/Drivers/STM32F4xx_HAL_Driver/Src/stm32f4xx_hal_flash_ex.c **** uint16_t HAL_FLASHEx_OB_GetBank2WRP(void)
 505:Drivers/STM32F4/Drivers/STM32F4xx_HAL_Driver/Src/stm32f4xx_hal_flash_ex.c **** {
 506:Drivers/STM32F4/Drivers/STM32F4xx_HAL_Driver/Src/stm32f4xx_hal_flash_ex.c ****   /* Return the FLASH write protection Register value */
 507:Drivers/STM32F4/Drivers/STM32F4xx_HAL_Driver/Src/stm32f4xx_hal_flash_ex.c ****   return (*(__IO uint16_t *)(OPTCR1_BYTE2_ADDRESS));
 508:Drivers/STM32F4/Drivers/STM32F4xx_HAL_Driver/Src/stm32f4xx_hal_flash_ex.c **** }
 509:Drivers/STM32F4/Drivers/STM32F4xx_HAL_Driver/Src/stm32f4xx_hal_flash_ex.c **** #endif /* STM32F427xx || STM32F437xx || STM32F429xx || STM32F439xx || STM32F469xx || STM32F479xx */
 510:Drivers/STM32F4/Drivers/STM32F4xx_HAL_Driver/Src/stm32f4xx_hal_flash_ex.c **** 
 511:Drivers/STM32F4/Drivers/STM32F4xx_HAL_Driver/Src/stm32f4xx_hal_flash_ex.c **** /**
 512:Drivers/STM32F4/Drivers/STM32F4xx_HAL_Driver/Src/stm32f4xx_hal_flash_ex.c ****   * @}
 513:Drivers/STM32F4/Drivers/STM32F4xx_HAL_Driver/Src/stm32f4xx_hal_flash_ex.c ****   */
 514:Drivers/STM32F4/Drivers/STM32F4xx_HAL_Driver/Src/stm32f4xx_hal_flash_ex.c **** 
 515:Drivers/STM32F4/Drivers/STM32F4xx_HAL_Driver/Src/stm32f4xx_hal_flash_ex.c **** #if defined(STM32F427xx) || defined(STM32F437xx) || defined(STM32F429xx) || defined(STM32F439xx) ||
 516:Drivers/STM32F4/Drivers/STM32F4xx_HAL_Driver/Src/stm32f4xx_hal_flash_ex.c **** /**
 517:Drivers/STM32F4/Drivers/STM32F4xx_HAL_Driver/Src/stm32f4xx_hal_flash_ex.c ****   * @brief  Full erase of FLASH memory sectors
 518:Drivers/STM32F4/Drivers/STM32F4xx_HAL_Driver/Src/stm32f4xx_hal_flash_ex.c ****   * @param  VoltageRange The device voltage range which defines the erase parallelism.
 519:Drivers/STM32F4/Drivers/STM32F4xx_HAL_Driver/Src/stm32f4xx_hal_flash_ex.c ****   *          This parameter can be one of the following values:
 520:Drivers/STM32F4/Drivers/STM32F4xx_HAL_Driver/Src/stm32f4xx_hal_flash_ex.c ****   *            @arg FLASH_VOLTAGE_RANGE_1: when the device voltage range is 1.8V to 2.1V,
 521:Drivers/STM32F4/Drivers/STM32F4xx_HAL_Driver/Src/stm32f4xx_hal_flash_ex.c ****   *                                  the operation will be done by byte (8-bit)
 522:Drivers/STM32F4/Drivers/STM32F4xx_HAL_Driver/Src/stm32f4xx_hal_flash_ex.c ****   *            @arg FLASH_VOLTAGE_RANGE_2: when the device voltage range is 2.1V to 2.7V,
 523:Drivers/STM32F4/Drivers/STM32F4xx_HAL_Driver/Src/stm32f4xx_hal_flash_ex.c ****   *                                  the operation will be done by half word (16-bit)
 524:Drivers/STM32F4/Drivers/STM32F4xx_HAL_Driver/Src/stm32f4xx_hal_flash_ex.c ****   *            @arg FLASH_VOLTAGE_RANGE_3: when the device voltage range is 2.7V to 3.6V,
 525:Drivers/STM32F4/Drivers/STM32F4xx_HAL_Driver/Src/stm32f4xx_hal_flash_ex.c ****   *                                  the operation will be done by word (32-bit)
 526:Drivers/STM32F4/Drivers/STM32F4xx_HAL_Driver/Src/stm32f4xx_hal_flash_ex.c ****   *            @arg FLASH_VOLTAGE_RANGE_4: when the device voltage range is 2.7V to 3.6V + External
 527:Drivers/STM32F4/Drivers/STM32F4xx_HAL_Driver/Src/stm32f4xx_hal_flash_ex.c ****   *                                  the operation will be done by double word (64-bit)
 528:Drivers/STM32F4/Drivers/STM32F4xx_HAL_Driver/Src/stm32f4xx_hal_flash_ex.c ****   *
 529:Drivers/STM32F4/Drivers/STM32F4xx_HAL_Driver/Src/stm32f4xx_hal_flash_ex.c ****   * @param  Banks Banks to be erased
 530:Drivers/STM32F4/Drivers/STM32F4xx_HAL_Driver/Src/stm32f4xx_hal_flash_ex.c ****   *          This parameter can be one of the following values:
 531:Drivers/STM32F4/Drivers/STM32F4xx_HAL_Driver/Src/stm32f4xx_hal_flash_ex.c ****   *            @arg FLASH_BANK_1: Bank1 to be erased
 532:Drivers/STM32F4/Drivers/STM32F4xx_HAL_Driver/Src/stm32f4xx_hal_flash_ex.c ****   *            @arg FLASH_BANK_2: Bank2 to be erased
 533:Drivers/STM32F4/Drivers/STM32F4xx_HAL_Driver/Src/stm32f4xx_hal_flash_ex.c ****   *            @arg FLASH_BANK_BOTH: Bank1 and Bank2 to be erased
 534:Drivers/STM32F4/Drivers/STM32F4xx_HAL_Driver/Src/stm32f4xx_hal_flash_ex.c ****   *
 535:Drivers/STM32F4/Drivers/STM32F4xx_HAL_Driver/Src/stm32f4xx_hal_flash_ex.c ****   * @retval HAL Status
 536:Drivers/STM32F4/Drivers/STM32F4xx_HAL_Driver/Src/stm32f4xx_hal_flash_ex.c ****   */
 537:Drivers/STM32F4/Drivers/STM32F4xx_HAL_Driver/Src/stm32f4xx_hal_flash_ex.c **** static void FLASH_MassErase(uint8_t VoltageRange, uint32_t Banks)
 538:Drivers/STM32F4/Drivers/STM32F4xx_HAL_Driver/Src/stm32f4xx_hal_flash_ex.c **** {
 539:Drivers/STM32F4/Drivers/STM32F4xx_HAL_Driver/Src/stm32f4xx_hal_flash_ex.c ****   /* Check the parameters */
 540:Drivers/STM32F4/Drivers/STM32F4xx_HAL_Driver/Src/stm32f4xx_hal_flash_ex.c ****   assert_param(IS_VOLTAGERANGE(VoltageRange));
 541:Drivers/STM32F4/Drivers/STM32F4xx_HAL_Driver/Src/stm32f4xx_hal_flash_ex.c ****   assert_param(IS_FLASH_BANK(Banks));
 542:Drivers/STM32F4/Drivers/STM32F4xx_HAL_Driver/Src/stm32f4xx_hal_flash_ex.c **** 
 543:Drivers/STM32F4/Drivers/STM32F4xx_HAL_Driver/Src/stm32f4xx_hal_flash_ex.c ****   /* if the previous operation is completed, proceed to erase all sectors */
 544:Drivers/STM32F4/Drivers/STM32F4xx_HAL_Driver/Src/stm32f4xx_hal_flash_ex.c ****   CLEAR_BIT(FLASH->CR, FLASH_CR_PSIZE);
ARM GAS  /tmp/ccPeWH4r.s 			page 11


 545:Drivers/STM32F4/Drivers/STM32F4xx_HAL_Driver/Src/stm32f4xx_hal_flash_ex.c **** 
 546:Drivers/STM32F4/Drivers/STM32F4xx_HAL_Driver/Src/stm32f4xx_hal_flash_ex.c ****   if (Banks == FLASH_BANK_BOTH)
 547:Drivers/STM32F4/Drivers/STM32F4xx_HAL_Driver/Src/stm32f4xx_hal_flash_ex.c ****   {
 548:Drivers/STM32F4/Drivers/STM32F4xx_HAL_Driver/Src/stm32f4xx_hal_flash_ex.c ****     /* bank1 & bank2 will be erased*/
 549:Drivers/STM32F4/Drivers/STM32F4xx_HAL_Driver/Src/stm32f4xx_hal_flash_ex.c ****     FLASH->CR |= FLASH_MER_BIT;
 550:Drivers/STM32F4/Drivers/STM32F4xx_HAL_Driver/Src/stm32f4xx_hal_flash_ex.c ****   }
 551:Drivers/STM32F4/Drivers/STM32F4xx_HAL_Driver/Src/stm32f4xx_hal_flash_ex.c ****   else if (Banks == FLASH_BANK_1)
 552:Drivers/STM32F4/Drivers/STM32F4xx_HAL_Driver/Src/stm32f4xx_hal_flash_ex.c ****   {
 553:Drivers/STM32F4/Drivers/STM32F4xx_HAL_Driver/Src/stm32f4xx_hal_flash_ex.c ****     /*Only bank1 will be erased*/
 554:Drivers/STM32F4/Drivers/STM32F4xx_HAL_Driver/Src/stm32f4xx_hal_flash_ex.c ****     FLASH->CR |= FLASH_CR_MER1;
 555:Drivers/STM32F4/Drivers/STM32F4xx_HAL_Driver/Src/stm32f4xx_hal_flash_ex.c ****   }
 556:Drivers/STM32F4/Drivers/STM32F4xx_HAL_Driver/Src/stm32f4xx_hal_flash_ex.c ****   else
 557:Drivers/STM32F4/Drivers/STM32F4xx_HAL_Driver/Src/stm32f4xx_hal_flash_ex.c ****   {
 558:Drivers/STM32F4/Drivers/STM32F4xx_HAL_Driver/Src/stm32f4xx_hal_flash_ex.c ****     /*Only bank2 will be erased*/
 559:Drivers/STM32F4/Drivers/STM32F4xx_HAL_Driver/Src/stm32f4xx_hal_flash_ex.c ****     FLASH->CR |= FLASH_CR_MER2;
 560:Drivers/STM32F4/Drivers/STM32F4xx_HAL_Driver/Src/stm32f4xx_hal_flash_ex.c ****   }
 561:Drivers/STM32F4/Drivers/STM32F4xx_HAL_Driver/Src/stm32f4xx_hal_flash_ex.c ****   FLASH->CR |= FLASH_CR_STRT | ((uint32_t)VoltageRange << 8U);
 562:Drivers/STM32F4/Drivers/STM32F4xx_HAL_Driver/Src/stm32f4xx_hal_flash_ex.c **** }
 563:Drivers/STM32F4/Drivers/STM32F4xx_HAL_Driver/Src/stm32f4xx_hal_flash_ex.c **** 
 564:Drivers/STM32F4/Drivers/STM32F4xx_HAL_Driver/Src/stm32f4xx_hal_flash_ex.c **** /**
 565:Drivers/STM32F4/Drivers/STM32F4xx_HAL_Driver/Src/stm32f4xx_hal_flash_ex.c ****   * @brief  Erase the specified FLASH memory sector
 566:Drivers/STM32F4/Drivers/STM32F4xx_HAL_Driver/Src/stm32f4xx_hal_flash_ex.c ****   * @param  Sector FLASH sector to erase
 567:Drivers/STM32F4/Drivers/STM32F4xx_HAL_Driver/Src/stm32f4xx_hal_flash_ex.c ****   *         The value of this parameter depend on device used within the same series
 568:Drivers/STM32F4/Drivers/STM32F4xx_HAL_Driver/Src/stm32f4xx_hal_flash_ex.c ****   * @param  VoltageRange The device voltage range which defines the erase parallelism.
 569:Drivers/STM32F4/Drivers/STM32F4xx_HAL_Driver/Src/stm32f4xx_hal_flash_ex.c ****   *          This parameter can be one of the following values:
 570:Drivers/STM32F4/Drivers/STM32F4xx_HAL_Driver/Src/stm32f4xx_hal_flash_ex.c ****   *            @arg FLASH_VOLTAGE_RANGE_1: when the device voltage range is 1.8V to 2.1V,
 571:Drivers/STM32F4/Drivers/STM32F4xx_HAL_Driver/Src/stm32f4xx_hal_flash_ex.c ****   *                                  the operation will be done by byte (8-bit)
 572:Drivers/STM32F4/Drivers/STM32F4xx_HAL_Driver/Src/stm32f4xx_hal_flash_ex.c ****   *            @arg FLASH_VOLTAGE_RANGE_2: when the device voltage range is 2.1V to 2.7V,
 573:Drivers/STM32F4/Drivers/STM32F4xx_HAL_Driver/Src/stm32f4xx_hal_flash_ex.c ****   *                                  the operation will be done by half word (16-bit)
 574:Drivers/STM32F4/Drivers/STM32F4xx_HAL_Driver/Src/stm32f4xx_hal_flash_ex.c ****   *            @arg FLASH_VOLTAGE_RANGE_3: when the device voltage range is 2.7V to 3.6V,
 575:Drivers/STM32F4/Drivers/STM32F4xx_HAL_Driver/Src/stm32f4xx_hal_flash_ex.c ****   *                                  the operation will be done by word (32-bit)
 576:Drivers/STM32F4/Drivers/STM32F4xx_HAL_Driver/Src/stm32f4xx_hal_flash_ex.c ****   *            @arg FLASH_VOLTAGE_RANGE_4: when the device voltage range is 2.7V to 3.6V + External
 577:Drivers/STM32F4/Drivers/STM32F4xx_HAL_Driver/Src/stm32f4xx_hal_flash_ex.c ****   *                                  the operation will be done by double word (64-bit)
 578:Drivers/STM32F4/Drivers/STM32F4xx_HAL_Driver/Src/stm32f4xx_hal_flash_ex.c ****   *
 579:Drivers/STM32F4/Drivers/STM32F4xx_HAL_Driver/Src/stm32f4xx_hal_flash_ex.c ****   * @retval None
 580:Drivers/STM32F4/Drivers/STM32F4xx_HAL_Driver/Src/stm32f4xx_hal_flash_ex.c ****   */
 581:Drivers/STM32F4/Drivers/STM32F4xx_HAL_Driver/Src/stm32f4xx_hal_flash_ex.c **** void FLASH_Erase_Sector(uint32_t Sector, uint8_t VoltageRange)
 582:Drivers/STM32F4/Drivers/STM32F4xx_HAL_Driver/Src/stm32f4xx_hal_flash_ex.c **** {
 583:Drivers/STM32F4/Drivers/STM32F4xx_HAL_Driver/Src/stm32f4xx_hal_flash_ex.c ****   uint32_t tmp_psize = 0U;
 584:Drivers/STM32F4/Drivers/STM32F4xx_HAL_Driver/Src/stm32f4xx_hal_flash_ex.c **** 
 585:Drivers/STM32F4/Drivers/STM32F4xx_HAL_Driver/Src/stm32f4xx_hal_flash_ex.c ****   /* Check the parameters */
 586:Drivers/STM32F4/Drivers/STM32F4xx_HAL_Driver/Src/stm32f4xx_hal_flash_ex.c ****   assert_param(IS_FLASH_SECTOR(Sector));
 587:Drivers/STM32F4/Drivers/STM32F4xx_HAL_Driver/Src/stm32f4xx_hal_flash_ex.c ****   assert_param(IS_VOLTAGERANGE(VoltageRange));
 588:Drivers/STM32F4/Drivers/STM32F4xx_HAL_Driver/Src/stm32f4xx_hal_flash_ex.c **** 
 589:Drivers/STM32F4/Drivers/STM32F4xx_HAL_Driver/Src/stm32f4xx_hal_flash_ex.c ****   if (VoltageRange == FLASH_VOLTAGE_RANGE_1)
 590:Drivers/STM32F4/Drivers/STM32F4xx_HAL_Driver/Src/stm32f4xx_hal_flash_ex.c ****   {
 591:Drivers/STM32F4/Drivers/STM32F4xx_HAL_Driver/Src/stm32f4xx_hal_flash_ex.c ****     tmp_psize = FLASH_PSIZE_BYTE;
 592:Drivers/STM32F4/Drivers/STM32F4xx_HAL_Driver/Src/stm32f4xx_hal_flash_ex.c ****   }
 593:Drivers/STM32F4/Drivers/STM32F4xx_HAL_Driver/Src/stm32f4xx_hal_flash_ex.c ****   else if (VoltageRange == FLASH_VOLTAGE_RANGE_2)
 594:Drivers/STM32F4/Drivers/STM32F4xx_HAL_Driver/Src/stm32f4xx_hal_flash_ex.c ****   {
 595:Drivers/STM32F4/Drivers/STM32F4xx_HAL_Driver/Src/stm32f4xx_hal_flash_ex.c ****     tmp_psize = FLASH_PSIZE_HALF_WORD;
 596:Drivers/STM32F4/Drivers/STM32F4xx_HAL_Driver/Src/stm32f4xx_hal_flash_ex.c ****   }
 597:Drivers/STM32F4/Drivers/STM32F4xx_HAL_Driver/Src/stm32f4xx_hal_flash_ex.c ****   else if (VoltageRange == FLASH_VOLTAGE_RANGE_3)
 598:Drivers/STM32F4/Drivers/STM32F4xx_HAL_Driver/Src/stm32f4xx_hal_flash_ex.c ****   {
 599:Drivers/STM32F4/Drivers/STM32F4xx_HAL_Driver/Src/stm32f4xx_hal_flash_ex.c ****     tmp_psize = FLASH_PSIZE_WORD;
 600:Drivers/STM32F4/Drivers/STM32F4xx_HAL_Driver/Src/stm32f4xx_hal_flash_ex.c ****   }
 601:Drivers/STM32F4/Drivers/STM32F4xx_HAL_Driver/Src/stm32f4xx_hal_flash_ex.c ****   else
ARM GAS  /tmp/ccPeWH4r.s 			page 12


 602:Drivers/STM32F4/Drivers/STM32F4xx_HAL_Driver/Src/stm32f4xx_hal_flash_ex.c ****   {
 603:Drivers/STM32F4/Drivers/STM32F4xx_HAL_Driver/Src/stm32f4xx_hal_flash_ex.c ****     tmp_psize = FLASH_PSIZE_DOUBLE_WORD;
 604:Drivers/STM32F4/Drivers/STM32F4xx_HAL_Driver/Src/stm32f4xx_hal_flash_ex.c ****   }
 605:Drivers/STM32F4/Drivers/STM32F4xx_HAL_Driver/Src/stm32f4xx_hal_flash_ex.c **** 
 606:Drivers/STM32F4/Drivers/STM32F4xx_HAL_Driver/Src/stm32f4xx_hal_flash_ex.c ****   /* Need to add offset of 4 when sector higher than FLASH_SECTOR_11 */
 607:Drivers/STM32F4/Drivers/STM32F4xx_HAL_Driver/Src/stm32f4xx_hal_flash_ex.c ****   if (Sector > FLASH_SECTOR_11)
 608:Drivers/STM32F4/Drivers/STM32F4xx_HAL_Driver/Src/stm32f4xx_hal_flash_ex.c ****   {
 609:Drivers/STM32F4/Drivers/STM32F4xx_HAL_Driver/Src/stm32f4xx_hal_flash_ex.c ****     Sector += 4U;
 610:Drivers/STM32F4/Drivers/STM32F4xx_HAL_Driver/Src/stm32f4xx_hal_flash_ex.c ****   }
 611:Drivers/STM32F4/Drivers/STM32F4xx_HAL_Driver/Src/stm32f4xx_hal_flash_ex.c ****   /* If the previous operation is completed, proceed to erase the sector */
 612:Drivers/STM32F4/Drivers/STM32F4xx_HAL_Driver/Src/stm32f4xx_hal_flash_ex.c ****   CLEAR_BIT(FLASH->CR, FLASH_CR_PSIZE);
 613:Drivers/STM32F4/Drivers/STM32F4xx_HAL_Driver/Src/stm32f4xx_hal_flash_ex.c ****   FLASH->CR |= tmp_psize;
 614:Drivers/STM32F4/Drivers/STM32F4xx_HAL_Driver/Src/stm32f4xx_hal_flash_ex.c ****   CLEAR_BIT(FLASH->CR, FLASH_CR_SNB);
 615:Drivers/STM32F4/Drivers/STM32F4xx_HAL_Driver/Src/stm32f4xx_hal_flash_ex.c ****   FLASH->CR |= FLASH_CR_SER | (Sector << FLASH_CR_SNB_Pos);
 616:Drivers/STM32F4/Drivers/STM32F4xx_HAL_Driver/Src/stm32f4xx_hal_flash_ex.c ****   FLASH->CR |= FLASH_CR_STRT;
 617:Drivers/STM32F4/Drivers/STM32F4xx_HAL_Driver/Src/stm32f4xx_hal_flash_ex.c **** }
 618:Drivers/STM32F4/Drivers/STM32F4xx_HAL_Driver/Src/stm32f4xx_hal_flash_ex.c **** 
 619:Drivers/STM32F4/Drivers/STM32F4xx_HAL_Driver/Src/stm32f4xx_hal_flash_ex.c **** /**
 620:Drivers/STM32F4/Drivers/STM32F4xx_HAL_Driver/Src/stm32f4xx_hal_flash_ex.c ****   * @brief  Enable the write protection of the desired bank1 or bank 2 sectors
 621:Drivers/STM32F4/Drivers/STM32F4xx_HAL_Driver/Src/stm32f4xx_hal_flash_ex.c ****   *
 622:Drivers/STM32F4/Drivers/STM32F4xx_HAL_Driver/Src/stm32f4xx_hal_flash_ex.c ****   * @note   When the memory read protection level is selected (RDP level = 1),
 623:Drivers/STM32F4/Drivers/STM32F4xx_HAL_Driver/Src/stm32f4xx_hal_flash_ex.c ****   *         it is not possible to program or erase the flash sector i if CortexM4
 624:Drivers/STM32F4/Drivers/STM32F4xx_HAL_Driver/Src/stm32f4xx_hal_flash_ex.c ****   *         debug features are connected or boot code is executed in RAM, even if nWRPi = 1
 625:Drivers/STM32F4/Drivers/STM32F4xx_HAL_Driver/Src/stm32f4xx_hal_flash_ex.c ****   * @note   Active value of nWRPi bits is inverted when PCROP mode is active (SPRMOD =1).
 626:Drivers/STM32F4/Drivers/STM32F4xx_HAL_Driver/Src/stm32f4xx_hal_flash_ex.c ****   *
 627:Drivers/STM32F4/Drivers/STM32F4xx_HAL_Driver/Src/stm32f4xx_hal_flash_ex.c ****   * @param  WRPSector specifies the sector(s) to be write protected.
 628:Drivers/STM32F4/Drivers/STM32F4xx_HAL_Driver/Src/stm32f4xx_hal_flash_ex.c ****   *          This parameter can be one of the following values:
 629:Drivers/STM32F4/Drivers/STM32F4xx_HAL_Driver/Src/stm32f4xx_hal_flash_ex.c ****   *            @arg WRPSector: A value between OB_WRP_SECTOR_0 and OB_WRP_SECTOR_23
 630:Drivers/STM32F4/Drivers/STM32F4xx_HAL_Driver/Src/stm32f4xx_hal_flash_ex.c ****   *            @arg OB_WRP_SECTOR_All
 631:Drivers/STM32F4/Drivers/STM32F4xx_HAL_Driver/Src/stm32f4xx_hal_flash_ex.c ****   * @note   BANK2 starts from OB_WRP_SECTOR_12
 632:Drivers/STM32F4/Drivers/STM32F4xx_HAL_Driver/Src/stm32f4xx_hal_flash_ex.c ****   *
 633:Drivers/STM32F4/Drivers/STM32F4xx_HAL_Driver/Src/stm32f4xx_hal_flash_ex.c ****   * @param  Banks Enable write protection on all the sectors for the specific bank
 634:Drivers/STM32F4/Drivers/STM32F4xx_HAL_Driver/Src/stm32f4xx_hal_flash_ex.c ****   *          This parameter can be one of the following values:
 635:Drivers/STM32F4/Drivers/STM32F4xx_HAL_Driver/Src/stm32f4xx_hal_flash_ex.c ****   *            @arg FLASH_BANK_1: WRP on all sectors of bank1
 636:Drivers/STM32F4/Drivers/STM32F4xx_HAL_Driver/Src/stm32f4xx_hal_flash_ex.c ****   *            @arg FLASH_BANK_2: WRP on all sectors of bank2
 637:Drivers/STM32F4/Drivers/STM32F4xx_HAL_Driver/Src/stm32f4xx_hal_flash_ex.c ****   *            @arg FLASH_BANK_BOTH: WRP on all sectors of bank1 & bank2
 638:Drivers/STM32F4/Drivers/STM32F4xx_HAL_Driver/Src/stm32f4xx_hal_flash_ex.c ****   *
 639:Drivers/STM32F4/Drivers/STM32F4xx_HAL_Driver/Src/stm32f4xx_hal_flash_ex.c ****   * @retval HAL FLASH State
 640:Drivers/STM32F4/Drivers/STM32F4xx_HAL_Driver/Src/stm32f4xx_hal_flash_ex.c ****   */
 641:Drivers/STM32F4/Drivers/STM32F4xx_HAL_Driver/Src/stm32f4xx_hal_flash_ex.c **** static HAL_StatusTypeDef FLASH_OB_EnableWRP(uint32_t WRPSector, uint32_t Banks)
 642:Drivers/STM32F4/Drivers/STM32F4xx_HAL_Driver/Src/stm32f4xx_hal_flash_ex.c **** {
 643:Drivers/STM32F4/Drivers/STM32F4xx_HAL_Driver/Src/stm32f4xx_hal_flash_ex.c ****   HAL_StatusTypeDef status = HAL_OK;
 644:Drivers/STM32F4/Drivers/STM32F4xx_HAL_Driver/Src/stm32f4xx_hal_flash_ex.c **** 
 645:Drivers/STM32F4/Drivers/STM32F4xx_HAL_Driver/Src/stm32f4xx_hal_flash_ex.c ****   /* Check the parameters */
 646:Drivers/STM32F4/Drivers/STM32F4xx_HAL_Driver/Src/stm32f4xx_hal_flash_ex.c ****   assert_param(IS_OB_WRP_SECTOR(WRPSector));
 647:Drivers/STM32F4/Drivers/STM32F4xx_HAL_Driver/Src/stm32f4xx_hal_flash_ex.c ****   assert_param(IS_FLASH_BANK(Banks));
 648:Drivers/STM32F4/Drivers/STM32F4xx_HAL_Driver/Src/stm32f4xx_hal_flash_ex.c **** 
 649:Drivers/STM32F4/Drivers/STM32F4xx_HAL_Driver/Src/stm32f4xx_hal_flash_ex.c ****   /* Wait for last operation to be completed */
 650:Drivers/STM32F4/Drivers/STM32F4xx_HAL_Driver/Src/stm32f4xx_hal_flash_ex.c ****   status = FLASH_WaitForLastOperation((uint32_t)FLASH_TIMEOUT_VALUE);
 651:Drivers/STM32F4/Drivers/STM32F4xx_HAL_Driver/Src/stm32f4xx_hal_flash_ex.c **** 
 652:Drivers/STM32F4/Drivers/STM32F4xx_HAL_Driver/Src/stm32f4xx_hal_flash_ex.c ****   if (status == HAL_OK)
 653:Drivers/STM32F4/Drivers/STM32F4xx_HAL_Driver/Src/stm32f4xx_hal_flash_ex.c ****   {
 654:Drivers/STM32F4/Drivers/STM32F4xx_HAL_Driver/Src/stm32f4xx_hal_flash_ex.c ****     if (((WRPSector == OB_WRP_SECTOR_All) && ((Banks == FLASH_BANK_1) || (Banks == FLASH_BANK_BOTH)
 655:Drivers/STM32F4/Drivers/STM32F4xx_HAL_Driver/Src/stm32f4xx_hal_flash_ex.c ****         (WRPSector < OB_WRP_SECTOR_12))
 656:Drivers/STM32F4/Drivers/STM32F4xx_HAL_Driver/Src/stm32f4xx_hal_flash_ex.c ****     {
 657:Drivers/STM32F4/Drivers/STM32F4xx_HAL_Driver/Src/stm32f4xx_hal_flash_ex.c ****       if (WRPSector == OB_WRP_SECTOR_All)
 658:Drivers/STM32F4/Drivers/STM32F4xx_HAL_Driver/Src/stm32f4xx_hal_flash_ex.c ****       {
ARM GAS  /tmp/ccPeWH4r.s 			page 13


 659:Drivers/STM32F4/Drivers/STM32F4xx_HAL_Driver/Src/stm32f4xx_hal_flash_ex.c ****         /*Write protection on all sector of BANK1*/
 660:Drivers/STM32F4/Drivers/STM32F4xx_HAL_Driver/Src/stm32f4xx_hal_flash_ex.c ****         *(__IO uint16_t *)OPTCR_BYTE2_ADDRESS &= (~(WRPSector >> 12));
 661:Drivers/STM32F4/Drivers/STM32F4xx_HAL_Driver/Src/stm32f4xx_hal_flash_ex.c ****       }
 662:Drivers/STM32F4/Drivers/STM32F4xx_HAL_Driver/Src/stm32f4xx_hal_flash_ex.c ****       else
 663:Drivers/STM32F4/Drivers/STM32F4xx_HAL_Driver/Src/stm32f4xx_hal_flash_ex.c ****       {
 664:Drivers/STM32F4/Drivers/STM32F4xx_HAL_Driver/Src/stm32f4xx_hal_flash_ex.c ****         /*Write protection done on sectors of BANK1*/
 665:Drivers/STM32F4/Drivers/STM32F4xx_HAL_Driver/Src/stm32f4xx_hal_flash_ex.c ****         *(__IO uint16_t *)OPTCR_BYTE2_ADDRESS &= (~WRPSector);
 666:Drivers/STM32F4/Drivers/STM32F4xx_HAL_Driver/Src/stm32f4xx_hal_flash_ex.c ****       }
 667:Drivers/STM32F4/Drivers/STM32F4xx_HAL_Driver/Src/stm32f4xx_hal_flash_ex.c ****     }
 668:Drivers/STM32F4/Drivers/STM32F4xx_HAL_Driver/Src/stm32f4xx_hal_flash_ex.c ****     else
 669:Drivers/STM32F4/Drivers/STM32F4xx_HAL_Driver/Src/stm32f4xx_hal_flash_ex.c ****     {
 670:Drivers/STM32F4/Drivers/STM32F4xx_HAL_Driver/Src/stm32f4xx_hal_flash_ex.c ****       /*Write protection done on sectors of BANK2*/
 671:Drivers/STM32F4/Drivers/STM32F4xx_HAL_Driver/Src/stm32f4xx_hal_flash_ex.c ****       *(__IO uint16_t *)OPTCR1_BYTE2_ADDRESS &= (~(WRPSector >> 12));
 672:Drivers/STM32F4/Drivers/STM32F4xx_HAL_Driver/Src/stm32f4xx_hal_flash_ex.c ****     }
 673:Drivers/STM32F4/Drivers/STM32F4xx_HAL_Driver/Src/stm32f4xx_hal_flash_ex.c **** 
 674:Drivers/STM32F4/Drivers/STM32F4xx_HAL_Driver/Src/stm32f4xx_hal_flash_ex.c ****     /*Write protection on all sector of BANK2*/
 675:Drivers/STM32F4/Drivers/STM32F4xx_HAL_Driver/Src/stm32f4xx_hal_flash_ex.c ****     if ((WRPSector == OB_WRP_SECTOR_All) && (Banks == FLASH_BANK_BOTH))
 676:Drivers/STM32F4/Drivers/STM32F4xx_HAL_Driver/Src/stm32f4xx_hal_flash_ex.c ****     {
 677:Drivers/STM32F4/Drivers/STM32F4xx_HAL_Driver/Src/stm32f4xx_hal_flash_ex.c ****       /* Wait for last operation to be completed */
 678:Drivers/STM32F4/Drivers/STM32F4xx_HAL_Driver/Src/stm32f4xx_hal_flash_ex.c ****       status = FLASH_WaitForLastOperation((uint32_t)FLASH_TIMEOUT_VALUE);
 679:Drivers/STM32F4/Drivers/STM32F4xx_HAL_Driver/Src/stm32f4xx_hal_flash_ex.c **** 
 680:Drivers/STM32F4/Drivers/STM32F4xx_HAL_Driver/Src/stm32f4xx_hal_flash_ex.c ****       if (status == HAL_OK)
 681:Drivers/STM32F4/Drivers/STM32F4xx_HAL_Driver/Src/stm32f4xx_hal_flash_ex.c ****       {
 682:Drivers/STM32F4/Drivers/STM32F4xx_HAL_Driver/Src/stm32f4xx_hal_flash_ex.c ****         *(__IO uint16_t *)OPTCR1_BYTE2_ADDRESS &= (~(WRPSector >> 12));
 683:Drivers/STM32F4/Drivers/STM32F4xx_HAL_Driver/Src/stm32f4xx_hal_flash_ex.c ****       }
 684:Drivers/STM32F4/Drivers/STM32F4xx_HAL_Driver/Src/stm32f4xx_hal_flash_ex.c ****     }
 685:Drivers/STM32F4/Drivers/STM32F4xx_HAL_Driver/Src/stm32f4xx_hal_flash_ex.c **** 
 686:Drivers/STM32F4/Drivers/STM32F4xx_HAL_Driver/Src/stm32f4xx_hal_flash_ex.c ****   }
 687:Drivers/STM32F4/Drivers/STM32F4xx_HAL_Driver/Src/stm32f4xx_hal_flash_ex.c ****   return status;
 688:Drivers/STM32F4/Drivers/STM32F4xx_HAL_Driver/Src/stm32f4xx_hal_flash_ex.c **** }
 689:Drivers/STM32F4/Drivers/STM32F4xx_HAL_Driver/Src/stm32f4xx_hal_flash_ex.c **** 
 690:Drivers/STM32F4/Drivers/STM32F4xx_HAL_Driver/Src/stm32f4xx_hal_flash_ex.c **** /**
 691:Drivers/STM32F4/Drivers/STM32F4xx_HAL_Driver/Src/stm32f4xx_hal_flash_ex.c ****   * @brief  Disable the write protection of the desired bank1 or bank 2 sectors
 692:Drivers/STM32F4/Drivers/STM32F4xx_HAL_Driver/Src/stm32f4xx_hal_flash_ex.c ****   *
 693:Drivers/STM32F4/Drivers/STM32F4xx_HAL_Driver/Src/stm32f4xx_hal_flash_ex.c ****   * @note   When the memory read protection level is selected (RDP level = 1),
 694:Drivers/STM32F4/Drivers/STM32F4xx_HAL_Driver/Src/stm32f4xx_hal_flash_ex.c ****   *         it is not possible to program or erase the flash sector i if CortexM4
 695:Drivers/STM32F4/Drivers/STM32F4xx_HAL_Driver/Src/stm32f4xx_hal_flash_ex.c ****   *         debug features are connected or boot code is executed in RAM, even if nWRPi = 1
 696:Drivers/STM32F4/Drivers/STM32F4xx_HAL_Driver/Src/stm32f4xx_hal_flash_ex.c ****   * @note   Active value of nWRPi bits is inverted when PCROP mode is active (SPRMOD =1).
 697:Drivers/STM32F4/Drivers/STM32F4xx_HAL_Driver/Src/stm32f4xx_hal_flash_ex.c ****   *
 698:Drivers/STM32F4/Drivers/STM32F4xx_HAL_Driver/Src/stm32f4xx_hal_flash_ex.c ****   * @param  WRPSector specifies the sector(s) to be write protected.
 699:Drivers/STM32F4/Drivers/STM32F4xx_HAL_Driver/Src/stm32f4xx_hal_flash_ex.c ****   *          This parameter can be one of the following values:
 700:Drivers/STM32F4/Drivers/STM32F4xx_HAL_Driver/Src/stm32f4xx_hal_flash_ex.c ****   *            @arg WRPSector: A value between OB_WRP_SECTOR_0 and OB_WRP_SECTOR_23
 701:Drivers/STM32F4/Drivers/STM32F4xx_HAL_Driver/Src/stm32f4xx_hal_flash_ex.c ****   *            @arg OB_WRP_Sector_All
 702:Drivers/STM32F4/Drivers/STM32F4xx_HAL_Driver/Src/stm32f4xx_hal_flash_ex.c ****   * @note   BANK2 starts from OB_WRP_SECTOR_12
 703:Drivers/STM32F4/Drivers/STM32F4xx_HAL_Driver/Src/stm32f4xx_hal_flash_ex.c ****   *
 704:Drivers/STM32F4/Drivers/STM32F4xx_HAL_Driver/Src/stm32f4xx_hal_flash_ex.c ****   * @param  Banks Disable write protection on all the sectors for the specific bank
 705:Drivers/STM32F4/Drivers/STM32F4xx_HAL_Driver/Src/stm32f4xx_hal_flash_ex.c ****   *          This parameter can be one of the following values:
 706:Drivers/STM32F4/Drivers/STM32F4xx_HAL_Driver/Src/stm32f4xx_hal_flash_ex.c ****   *            @arg FLASH_BANK_1: Bank1 to be erased
 707:Drivers/STM32F4/Drivers/STM32F4xx_HAL_Driver/Src/stm32f4xx_hal_flash_ex.c ****   *            @arg FLASH_BANK_2: Bank2 to be erased
 708:Drivers/STM32F4/Drivers/STM32F4xx_HAL_Driver/Src/stm32f4xx_hal_flash_ex.c ****   *            @arg FLASH_BANK_BOTH: Bank1 and Bank2 to be erased
 709:Drivers/STM32F4/Drivers/STM32F4xx_HAL_Driver/Src/stm32f4xx_hal_flash_ex.c ****   *
 710:Drivers/STM32F4/Drivers/STM32F4xx_HAL_Driver/Src/stm32f4xx_hal_flash_ex.c ****   * @retval HAL Status
 711:Drivers/STM32F4/Drivers/STM32F4xx_HAL_Driver/Src/stm32f4xx_hal_flash_ex.c ****   */
 712:Drivers/STM32F4/Drivers/STM32F4xx_HAL_Driver/Src/stm32f4xx_hal_flash_ex.c **** static HAL_StatusTypeDef FLASH_OB_DisableWRP(uint32_t WRPSector, uint32_t Banks)
 713:Drivers/STM32F4/Drivers/STM32F4xx_HAL_Driver/Src/stm32f4xx_hal_flash_ex.c **** {
 714:Drivers/STM32F4/Drivers/STM32F4xx_HAL_Driver/Src/stm32f4xx_hal_flash_ex.c ****   HAL_StatusTypeDef status = HAL_OK;
 715:Drivers/STM32F4/Drivers/STM32F4xx_HAL_Driver/Src/stm32f4xx_hal_flash_ex.c **** 
ARM GAS  /tmp/ccPeWH4r.s 			page 14


 716:Drivers/STM32F4/Drivers/STM32F4xx_HAL_Driver/Src/stm32f4xx_hal_flash_ex.c ****   /* Check the parameters */
 717:Drivers/STM32F4/Drivers/STM32F4xx_HAL_Driver/Src/stm32f4xx_hal_flash_ex.c ****   assert_param(IS_OB_WRP_SECTOR(WRPSector));
 718:Drivers/STM32F4/Drivers/STM32F4xx_HAL_Driver/Src/stm32f4xx_hal_flash_ex.c ****   assert_param(IS_FLASH_BANK(Banks));
 719:Drivers/STM32F4/Drivers/STM32F4xx_HAL_Driver/Src/stm32f4xx_hal_flash_ex.c **** 
 720:Drivers/STM32F4/Drivers/STM32F4xx_HAL_Driver/Src/stm32f4xx_hal_flash_ex.c ****   /* Wait for last operation to be completed */
 721:Drivers/STM32F4/Drivers/STM32F4xx_HAL_Driver/Src/stm32f4xx_hal_flash_ex.c ****   status = FLASH_WaitForLastOperation((uint32_t)FLASH_TIMEOUT_VALUE);
 722:Drivers/STM32F4/Drivers/STM32F4xx_HAL_Driver/Src/stm32f4xx_hal_flash_ex.c **** 
 723:Drivers/STM32F4/Drivers/STM32F4xx_HAL_Driver/Src/stm32f4xx_hal_flash_ex.c ****   if (status == HAL_OK)
 724:Drivers/STM32F4/Drivers/STM32F4xx_HAL_Driver/Src/stm32f4xx_hal_flash_ex.c ****   {
 725:Drivers/STM32F4/Drivers/STM32F4xx_HAL_Driver/Src/stm32f4xx_hal_flash_ex.c ****     if (((WRPSector == OB_WRP_SECTOR_All) && ((Banks == FLASH_BANK_1) || (Banks == FLASH_BANK_BOTH)
 726:Drivers/STM32F4/Drivers/STM32F4xx_HAL_Driver/Src/stm32f4xx_hal_flash_ex.c ****         (WRPSector < OB_WRP_SECTOR_12))
 727:Drivers/STM32F4/Drivers/STM32F4xx_HAL_Driver/Src/stm32f4xx_hal_flash_ex.c ****     {
 728:Drivers/STM32F4/Drivers/STM32F4xx_HAL_Driver/Src/stm32f4xx_hal_flash_ex.c ****       if (WRPSector == OB_WRP_SECTOR_All)
 729:Drivers/STM32F4/Drivers/STM32F4xx_HAL_Driver/Src/stm32f4xx_hal_flash_ex.c ****       {
 730:Drivers/STM32F4/Drivers/STM32F4xx_HAL_Driver/Src/stm32f4xx_hal_flash_ex.c ****         /*Write protection on all sector of BANK1*/
 731:Drivers/STM32F4/Drivers/STM32F4xx_HAL_Driver/Src/stm32f4xx_hal_flash_ex.c ****         *(__IO uint16_t *)OPTCR_BYTE2_ADDRESS |= (uint16_t)(WRPSector >> 12);
 732:Drivers/STM32F4/Drivers/STM32F4xx_HAL_Driver/Src/stm32f4xx_hal_flash_ex.c ****       }
 733:Drivers/STM32F4/Drivers/STM32F4xx_HAL_Driver/Src/stm32f4xx_hal_flash_ex.c ****       else
 734:Drivers/STM32F4/Drivers/STM32F4xx_HAL_Driver/Src/stm32f4xx_hal_flash_ex.c ****       {
 735:Drivers/STM32F4/Drivers/STM32F4xx_HAL_Driver/Src/stm32f4xx_hal_flash_ex.c ****         /*Write protection done on sectors of BANK1*/
 736:Drivers/STM32F4/Drivers/STM32F4xx_HAL_Driver/Src/stm32f4xx_hal_flash_ex.c ****         *(__IO uint16_t *)OPTCR_BYTE2_ADDRESS |= (uint16_t)WRPSector;
 737:Drivers/STM32F4/Drivers/STM32F4xx_HAL_Driver/Src/stm32f4xx_hal_flash_ex.c ****       }
 738:Drivers/STM32F4/Drivers/STM32F4xx_HAL_Driver/Src/stm32f4xx_hal_flash_ex.c ****     }
 739:Drivers/STM32F4/Drivers/STM32F4xx_HAL_Driver/Src/stm32f4xx_hal_flash_ex.c ****     else
 740:Drivers/STM32F4/Drivers/STM32F4xx_HAL_Driver/Src/stm32f4xx_hal_flash_ex.c ****     {
 741:Drivers/STM32F4/Drivers/STM32F4xx_HAL_Driver/Src/stm32f4xx_hal_flash_ex.c ****       /*Write protection done on sectors of BANK2*/
 742:Drivers/STM32F4/Drivers/STM32F4xx_HAL_Driver/Src/stm32f4xx_hal_flash_ex.c ****       *(__IO uint16_t *)OPTCR1_BYTE2_ADDRESS |= (uint16_t)(WRPSector >> 12);
 743:Drivers/STM32F4/Drivers/STM32F4xx_HAL_Driver/Src/stm32f4xx_hal_flash_ex.c ****     }
 744:Drivers/STM32F4/Drivers/STM32F4xx_HAL_Driver/Src/stm32f4xx_hal_flash_ex.c **** 
 745:Drivers/STM32F4/Drivers/STM32F4xx_HAL_Driver/Src/stm32f4xx_hal_flash_ex.c ****     /*Write protection on all sector  of BANK2*/
 746:Drivers/STM32F4/Drivers/STM32F4xx_HAL_Driver/Src/stm32f4xx_hal_flash_ex.c ****     if ((WRPSector == OB_WRP_SECTOR_All) && (Banks == FLASH_BANK_BOTH))
 747:Drivers/STM32F4/Drivers/STM32F4xx_HAL_Driver/Src/stm32f4xx_hal_flash_ex.c ****     {
 748:Drivers/STM32F4/Drivers/STM32F4xx_HAL_Driver/Src/stm32f4xx_hal_flash_ex.c ****       /* Wait for last operation to be completed */
 749:Drivers/STM32F4/Drivers/STM32F4xx_HAL_Driver/Src/stm32f4xx_hal_flash_ex.c ****       status = FLASH_WaitForLastOperation((uint32_t)FLASH_TIMEOUT_VALUE);
 750:Drivers/STM32F4/Drivers/STM32F4xx_HAL_Driver/Src/stm32f4xx_hal_flash_ex.c **** 
 751:Drivers/STM32F4/Drivers/STM32F4xx_HAL_Driver/Src/stm32f4xx_hal_flash_ex.c ****       if (status == HAL_OK)
 752:Drivers/STM32F4/Drivers/STM32F4xx_HAL_Driver/Src/stm32f4xx_hal_flash_ex.c ****       {
 753:Drivers/STM32F4/Drivers/STM32F4xx_HAL_Driver/Src/stm32f4xx_hal_flash_ex.c ****         *(__IO uint16_t *)OPTCR1_BYTE2_ADDRESS |= (uint16_t)(WRPSector >> 12);
 754:Drivers/STM32F4/Drivers/STM32F4xx_HAL_Driver/Src/stm32f4xx_hal_flash_ex.c ****       }
 755:Drivers/STM32F4/Drivers/STM32F4xx_HAL_Driver/Src/stm32f4xx_hal_flash_ex.c ****     }
 756:Drivers/STM32F4/Drivers/STM32F4xx_HAL_Driver/Src/stm32f4xx_hal_flash_ex.c **** 
 757:Drivers/STM32F4/Drivers/STM32F4xx_HAL_Driver/Src/stm32f4xx_hal_flash_ex.c ****   }
 758:Drivers/STM32F4/Drivers/STM32F4xx_HAL_Driver/Src/stm32f4xx_hal_flash_ex.c **** 
 759:Drivers/STM32F4/Drivers/STM32F4xx_HAL_Driver/Src/stm32f4xx_hal_flash_ex.c ****   return status;
 760:Drivers/STM32F4/Drivers/STM32F4xx_HAL_Driver/Src/stm32f4xx_hal_flash_ex.c **** }
 761:Drivers/STM32F4/Drivers/STM32F4xx_HAL_Driver/Src/stm32f4xx_hal_flash_ex.c **** 
 762:Drivers/STM32F4/Drivers/STM32F4xx_HAL_Driver/Src/stm32f4xx_hal_flash_ex.c **** /**
 763:Drivers/STM32F4/Drivers/STM32F4xx_HAL_Driver/Src/stm32f4xx_hal_flash_ex.c ****   * @brief  Configure the Dual Bank Boot.
 764:Drivers/STM32F4/Drivers/STM32F4xx_HAL_Driver/Src/stm32f4xx_hal_flash_ex.c ****   *
 765:Drivers/STM32F4/Drivers/STM32F4xx_HAL_Driver/Src/stm32f4xx_hal_flash_ex.c ****   * @note   This function can be used only for STM32F42xxx/43xxx devices.
 766:Drivers/STM32F4/Drivers/STM32F4xx_HAL_Driver/Src/stm32f4xx_hal_flash_ex.c ****   *
 767:Drivers/STM32F4/Drivers/STM32F4xx_HAL_Driver/Src/stm32f4xx_hal_flash_ex.c ****   * @param  BootConfig specifies the Dual Bank Boot Option byte.
 768:Drivers/STM32F4/Drivers/STM32F4xx_HAL_Driver/Src/stm32f4xx_hal_flash_ex.c ****   *          This parameter can be one of the following values:
 769:Drivers/STM32F4/Drivers/STM32F4xx_HAL_Driver/Src/stm32f4xx_hal_flash_ex.c ****   *            @arg OB_Dual_BootEnabled: Dual Bank Boot Enable
 770:Drivers/STM32F4/Drivers/STM32F4xx_HAL_Driver/Src/stm32f4xx_hal_flash_ex.c ****   *            @arg OB_Dual_BootDisabled: Dual Bank Boot Disabled
 771:Drivers/STM32F4/Drivers/STM32F4xx_HAL_Driver/Src/stm32f4xx_hal_flash_ex.c ****   * @retval None
 772:Drivers/STM32F4/Drivers/STM32F4xx_HAL_Driver/Src/stm32f4xx_hal_flash_ex.c ****   */
ARM GAS  /tmp/ccPeWH4r.s 			page 15


 773:Drivers/STM32F4/Drivers/STM32F4xx_HAL_Driver/Src/stm32f4xx_hal_flash_ex.c **** static HAL_StatusTypeDef FLASH_OB_BootConfig(uint8_t BootConfig)
 774:Drivers/STM32F4/Drivers/STM32F4xx_HAL_Driver/Src/stm32f4xx_hal_flash_ex.c **** {
 775:Drivers/STM32F4/Drivers/STM32F4xx_HAL_Driver/Src/stm32f4xx_hal_flash_ex.c ****   HAL_StatusTypeDef status = HAL_OK;
 776:Drivers/STM32F4/Drivers/STM32F4xx_HAL_Driver/Src/stm32f4xx_hal_flash_ex.c **** 
 777:Drivers/STM32F4/Drivers/STM32F4xx_HAL_Driver/Src/stm32f4xx_hal_flash_ex.c ****   /* Check the parameters */
 778:Drivers/STM32F4/Drivers/STM32F4xx_HAL_Driver/Src/stm32f4xx_hal_flash_ex.c ****   assert_param(IS_OB_BOOT(BootConfig));
 779:Drivers/STM32F4/Drivers/STM32F4xx_HAL_Driver/Src/stm32f4xx_hal_flash_ex.c **** 
 780:Drivers/STM32F4/Drivers/STM32F4xx_HAL_Driver/Src/stm32f4xx_hal_flash_ex.c ****   /* Wait for last operation to be completed */
 781:Drivers/STM32F4/Drivers/STM32F4xx_HAL_Driver/Src/stm32f4xx_hal_flash_ex.c ****   status = FLASH_WaitForLastOperation((uint32_t)FLASH_TIMEOUT_VALUE);
 782:Drivers/STM32F4/Drivers/STM32F4xx_HAL_Driver/Src/stm32f4xx_hal_flash_ex.c **** 
 783:Drivers/STM32F4/Drivers/STM32F4xx_HAL_Driver/Src/stm32f4xx_hal_flash_ex.c ****   if (status == HAL_OK)
 784:Drivers/STM32F4/Drivers/STM32F4xx_HAL_Driver/Src/stm32f4xx_hal_flash_ex.c ****   {
 785:Drivers/STM32F4/Drivers/STM32F4xx_HAL_Driver/Src/stm32f4xx_hal_flash_ex.c ****     /* Set Dual Bank Boot */
 786:Drivers/STM32F4/Drivers/STM32F4xx_HAL_Driver/Src/stm32f4xx_hal_flash_ex.c ****     *(__IO uint8_t *)OPTCR_BYTE0_ADDRESS &= (~FLASH_OPTCR_BFB2);
 787:Drivers/STM32F4/Drivers/STM32F4xx_HAL_Driver/Src/stm32f4xx_hal_flash_ex.c ****     *(__IO uint8_t *)OPTCR_BYTE0_ADDRESS |= BootConfig;
 788:Drivers/STM32F4/Drivers/STM32F4xx_HAL_Driver/Src/stm32f4xx_hal_flash_ex.c ****   }
 789:Drivers/STM32F4/Drivers/STM32F4xx_HAL_Driver/Src/stm32f4xx_hal_flash_ex.c **** 
 790:Drivers/STM32F4/Drivers/STM32F4xx_HAL_Driver/Src/stm32f4xx_hal_flash_ex.c ****   return status;
 791:Drivers/STM32F4/Drivers/STM32F4xx_HAL_Driver/Src/stm32f4xx_hal_flash_ex.c **** }
 792:Drivers/STM32F4/Drivers/STM32F4xx_HAL_Driver/Src/stm32f4xx_hal_flash_ex.c **** 
 793:Drivers/STM32F4/Drivers/STM32F4xx_HAL_Driver/Src/stm32f4xx_hal_flash_ex.c **** /**
 794:Drivers/STM32F4/Drivers/STM32F4xx_HAL_Driver/Src/stm32f4xx_hal_flash_ex.c ****   * @brief  Enable the read/write protection (PCROP) of the desired
 795:Drivers/STM32F4/Drivers/STM32F4xx_HAL_Driver/Src/stm32f4xx_hal_flash_ex.c ****   *         sectors of Bank 1 and/or Bank 2.
 796:Drivers/STM32F4/Drivers/STM32F4xx_HAL_Driver/Src/stm32f4xx_hal_flash_ex.c ****   * @note   This function can be used only for STM32F42xxx/43xxx devices.
 797:Drivers/STM32F4/Drivers/STM32F4xx_HAL_Driver/Src/stm32f4xx_hal_flash_ex.c ****   * @param  SectorBank1 Specifies the sector(s) to be read/write protected or unprotected for bank1
 798:Drivers/STM32F4/Drivers/STM32F4xx_HAL_Driver/Src/stm32f4xx_hal_flash_ex.c ****   *          This parameter can be one of the following values:
 799:Drivers/STM32F4/Drivers/STM32F4xx_HAL_Driver/Src/stm32f4xx_hal_flash_ex.c ****   *            @arg OB_PCROP: A value between OB_PCROP_SECTOR_0 and OB_PCROP_SECTOR_11
 800:Drivers/STM32F4/Drivers/STM32F4xx_HAL_Driver/Src/stm32f4xx_hal_flash_ex.c ****   *            @arg OB_PCROP_SECTOR__All
 801:Drivers/STM32F4/Drivers/STM32F4xx_HAL_Driver/Src/stm32f4xx_hal_flash_ex.c ****   * @param  SectorBank2 Specifies the sector(s) to be read/write protected or unprotected for bank2
 802:Drivers/STM32F4/Drivers/STM32F4xx_HAL_Driver/Src/stm32f4xx_hal_flash_ex.c ****   *          This parameter can be one of the following values:
 803:Drivers/STM32F4/Drivers/STM32F4xx_HAL_Driver/Src/stm32f4xx_hal_flash_ex.c ****   *            @arg OB_PCROP: A value between OB_PCROP_SECTOR_12 and OB_PCROP_SECTOR_23
 804:Drivers/STM32F4/Drivers/STM32F4xx_HAL_Driver/Src/stm32f4xx_hal_flash_ex.c ****   *            @arg OB_PCROP_SECTOR__All
 805:Drivers/STM32F4/Drivers/STM32F4xx_HAL_Driver/Src/stm32f4xx_hal_flash_ex.c ****   * @param  Banks Enable PCROP protection on all the sectors for the specific bank
 806:Drivers/STM32F4/Drivers/STM32F4xx_HAL_Driver/Src/stm32f4xx_hal_flash_ex.c ****   *          This parameter can be one of the following values:
 807:Drivers/STM32F4/Drivers/STM32F4xx_HAL_Driver/Src/stm32f4xx_hal_flash_ex.c ****   *            @arg FLASH_BANK_1: WRP on all sectors of bank1
 808:Drivers/STM32F4/Drivers/STM32F4xx_HAL_Driver/Src/stm32f4xx_hal_flash_ex.c ****   *            @arg FLASH_BANK_2: WRP on all sectors of bank2
 809:Drivers/STM32F4/Drivers/STM32F4xx_HAL_Driver/Src/stm32f4xx_hal_flash_ex.c ****   *            @arg FLASH_BANK_BOTH: WRP on all sectors of bank1 & bank2
 810:Drivers/STM32F4/Drivers/STM32F4xx_HAL_Driver/Src/stm32f4xx_hal_flash_ex.c ****   *
 811:Drivers/STM32F4/Drivers/STM32F4xx_HAL_Driver/Src/stm32f4xx_hal_flash_ex.c ****   * @retval HAL Status
 812:Drivers/STM32F4/Drivers/STM32F4xx_HAL_Driver/Src/stm32f4xx_hal_flash_ex.c ****   */
 813:Drivers/STM32F4/Drivers/STM32F4xx_HAL_Driver/Src/stm32f4xx_hal_flash_ex.c **** static HAL_StatusTypeDef FLASH_OB_EnablePCROP(uint32_t SectorBank1, uint32_t SectorBank2, uint32_t 
 814:Drivers/STM32F4/Drivers/STM32F4xx_HAL_Driver/Src/stm32f4xx_hal_flash_ex.c **** {
 815:Drivers/STM32F4/Drivers/STM32F4xx_HAL_Driver/Src/stm32f4xx_hal_flash_ex.c ****   HAL_StatusTypeDef status = HAL_OK;
 816:Drivers/STM32F4/Drivers/STM32F4xx_HAL_Driver/Src/stm32f4xx_hal_flash_ex.c **** 
 817:Drivers/STM32F4/Drivers/STM32F4xx_HAL_Driver/Src/stm32f4xx_hal_flash_ex.c ****   assert_param(IS_FLASH_BANK(Banks));
 818:Drivers/STM32F4/Drivers/STM32F4xx_HAL_Driver/Src/stm32f4xx_hal_flash_ex.c **** 
 819:Drivers/STM32F4/Drivers/STM32F4xx_HAL_Driver/Src/stm32f4xx_hal_flash_ex.c ****   /* Wait for last operation to be completed */
 820:Drivers/STM32F4/Drivers/STM32F4xx_HAL_Driver/Src/stm32f4xx_hal_flash_ex.c ****   status = FLASH_WaitForLastOperation((uint32_t)FLASH_TIMEOUT_VALUE);
 821:Drivers/STM32F4/Drivers/STM32F4xx_HAL_Driver/Src/stm32f4xx_hal_flash_ex.c **** 
 822:Drivers/STM32F4/Drivers/STM32F4xx_HAL_Driver/Src/stm32f4xx_hal_flash_ex.c ****   if (status == HAL_OK)
 823:Drivers/STM32F4/Drivers/STM32F4xx_HAL_Driver/Src/stm32f4xx_hal_flash_ex.c ****   {
 824:Drivers/STM32F4/Drivers/STM32F4xx_HAL_Driver/Src/stm32f4xx_hal_flash_ex.c ****     if ((Banks == FLASH_BANK_1) || (Banks == FLASH_BANK_BOTH))
 825:Drivers/STM32F4/Drivers/STM32F4xx_HAL_Driver/Src/stm32f4xx_hal_flash_ex.c ****     {
 826:Drivers/STM32F4/Drivers/STM32F4xx_HAL_Driver/Src/stm32f4xx_hal_flash_ex.c ****       assert_param(IS_OB_PCROP(SectorBank1));
 827:Drivers/STM32F4/Drivers/STM32F4xx_HAL_Driver/Src/stm32f4xx_hal_flash_ex.c ****       /*Write protection done on sectors of BANK1*/
 828:Drivers/STM32F4/Drivers/STM32F4xx_HAL_Driver/Src/stm32f4xx_hal_flash_ex.c ****       *(__IO uint16_t *)OPTCR_BYTE2_ADDRESS |= (uint16_t)SectorBank1;
 829:Drivers/STM32F4/Drivers/STM32F4xx_HAL_Driver/Src/stm32f4xx_hal_flash_ex.c ****     }
ARM GAS  /tmp/ccPeWH4r.s 			page 16


 830:Drivers/STM32F4/Drivers/STM32F4xx_HAL_Driver/Src/stm32f4xx_hal_flash_ex.c ****     else
 831:Drivers/STM32F4/Drivers/STM32F4xx_HAL_Driver/Src/stm32f4xx_hal_flash_ex.c ****     {
 832:Drivers/STM32F4/Drivers/STM32F4xx_HAL_Driver/Src/stm32f4xx_hal_flash_ex.c ****       assert_param(IS_OB_PCROP(SectorBank2));
 833:Drivers/STM32F4/Drivers/STM32F4xx_HAL_Driver/Src/stm32f4xx_hal_flash_ex.c ****       /*Write protection done on sectors of BANK2*/
 834:Drivers/STM32F4/Drivers/STM32F4xx_HAL_Driver/Src/stm32f4xx_hal_flash_ex.c ****       *(__IO uint16_t *)OPTCR1_BYTE2_ADDRESS |= (uint16_t)SectorBank2;
 835:Drivers/STM32F4/Drivers/STM32F4xx_HAL_Driver/Src/stm32f4xx_hal_flash_ex.c ****     }
 836:Drivers/STM32F4/Drivers/STM32F4xx_HAL_Driver/Src/stm32f4xx_hal_flash_ex.c **** 
 837:Drivers/STM32F4/Drivers/STM32F4xx_HAL_Driver/Src/stm32f4xx_hal_flash_ex.c ****     /*Write protection on all sector  of BANK2*/
 838:Drivers/STM32F4/Drivers/STM32F4xx_HAL_Driver/Src/stm32f4xx_hal_flash_ex.c ****     if (Banks == FLASH_BANK_BOTH)
 839:Drivers/STM32F4/Drivers/STM32F4xx_HAL_Driver/Src/stm32f4xx_hal_flash_ex.c ****     {
 840:Drivers/STM32F4/Drivers/STM32F4xx_HAL_Driver/Src/stm32f4xx_hal_flash_ex.c ****       assert_param(IS_OB_PCROP(SectorBank2));
 841:Drivers/STM32F4/Drivers/STM32F4xx_HAL_Driver/Src/stm32f4xx_hal_flash_ex.c ****       /* Wait for last operation to be completed */
 842:Drivers/STM32F4/Drivers/STM32F4xx_HAL_Driver/Src/stm32f4xx_hal_flash_ex.c ****       status = FLASH_WaitForLastOperation((uint32_t)FLASH_TIMEOUT_VALUE);
 843:Drivers/STM32F4/Drivers/STM32F4xx_HAL_Driver/Src/stm32f4xx_hal_flash_ex.c **** 
 844:Drivers/STM32F4/Drivers/STM32F4xx_HAL_Driver/Src/stm32f4xx_hal_flash_ex.c ****       if (status == HAL_OK)
 845:Drivers/STM32F4/Drivers/STM32F4xx_HAL_Driver/Src/stm32f4xx_hal_flash_ex.c ****       {
 846:Drivers/STM32F4/Drivers/STM32F4xx_HAL_Driver/Src/stm32f4xx_hal_flash_ex.c ****         /*Write protection done on sectors of BANK2*/
 847:Drivers/STM32F4/Drivers/STM32F4xx_HAL_Driver/Src/stm32f4xx_hal_flash_ex.c ****         *(__IO uint16_t *)OPTCR1_BYTE2_ADDRESS |= (uint16_t)SectorBank2;
 848:Drivers/STM32F4/Drivers/STM32F4xx_HAL_Driver/Src/stm32f4xx_hal_flash_ex.c ****       }
 849:Drivers/STM32F4/Drivers/STM32F4xx_HAL_Driver/Src/stm32f4xx_hal_flash_ex.c ****     }
 850:Drivers/STM32F4/Drivers/STM32F4xx_HAL_Driver/Src/stm32f4xx_hal_flash_ex.c **** 
 851:Drivers/STM32F4/Drivers/STM32F4xx_HAL_Driver/Src/stm32f4xx_hal_flash_ex.c ****   }
 852:Drivers/STM32F4/Drivers/STM32F4xx_HAL_Driver/Src/stm32f4xx_hal_flash_ex.c **** 
 853:Drivers/STM32F4/Drivers/STM32F4xx_HAL_Driver/Src/stm32f4xx_hal_flash_ex.c ****   return status;
 854:Drivers/STM32F4/Drivers/STM32F4xx_HAL_Driver/Src/stm32f4xx_hal_flash_ex.c **** }
 855:Drivers/STM32F4/Drivers/STM32F4xx_HAL_Driver/Src/stm32f4xx_hal_flash_ex.c **** 
 856:Drivers/STM32F4/Drivers/STM32F4xx_HAL_Driver/Src/stm32f4xx_hal_flash_ex.c **** 
 857:Drivers/STM32F4/Drivers/STM32F4xx_HAL_Driver/Src/stm32f4xx_hal_flash_ex.c **** /**
 858:Drivers/STM32F4/Drivers/STM32F4xx_HAL_Driver/Src/stm32f4xx_hal_flash_ex.c ****   * @brief  Disable the read/write protection (PCROP) of the desired
 859:Drivers/STM32F4/Drivers/STM32F4xx_HAL_Driver/Src/stm32f4xx_hal_flash_ex.c ****   *         sectors  of Bank 1 and/or Bank 2.
 860:Drivers/STM32F4/Drivers/STM32F4xx_HAL_Driver/Src/stm32f4xx_hal_flash_ex.c ****   * @note   This function can be used only for STM32F42xxx/43xxx devices.
 861:Drivers/STM32F4/Drivers/STM32F4xx_HAL_Driver/Src/stm32f4xx_hal_flash_ex.c ****   * @param  SectorBank1 specifies the sector(s) to be read/write protected or unprotected for bank1
 862:Drivers/STM32F4/Drivers/STM32F4xx_HAL_Driver/Src/stm32f4xx_hal_flash_ex.c ****   *          This parameter can be one of the following values:
 863:Drivers/STM32F4/Drivers/STM32F4xx_HAL_Driver/Src/stm32f4xx_hal_flash_ex.c ****   *            @arg OB_PCROP: A value between OB_PCROP_SECTOR_0 and OB_PCROP_SECTOR_11
 864:Drivers/STM32F4/Drivers/STM32F4xx_HAL_Driver/Src/stm32f4xx_hal_flash_ex.c ****   *            @arg OB_PCROP_SECTOR__All
 865:Drivers/STM32F4/Drivers/STM32F4xx_HAL_Driver/Src/stm32f4xx_hal_flash_ex.c ****   * @param  SectorBank2 Specifies the sector(s) to be read/write protected or unprotected for bank2
 866:Drivers/STM32F4/Drivers/STM32F4xx_HAL_Driver/Src/stm32f4xx_hal_flash_ex.c ****   *          This parameter can be one of the following values:
 867:Drivers/STM32F4/Drivers/STM32F4xx_HAL_Driver/Src/stm32f4xx_hal_flash_ex.c ****   *            @arg OB_PCROP: A value between OB_PCROP_SECTOR_12 and OB_PCROP_SECTOR_23
 868:Drivers/STM32F4/Drivers/STM32F4xx_HAL_Driver/Src/stm32f4xx_hal_flash_ex.c ****   *            @arg OB_PCROP_SECTOR__All
 869:Drivers/STM32F4/Drivers/STM32F4xx_HAL_Driver/Src/stm32f4xx_hal_flash_ex.c ****   * @param  Banks Disable PCROP protection on all the sectors for the specific bank
 870:Drivers/STM32F4/Drivers/STM32F4xx_HAL_Driver/Src/stm32f4xx_hal_flash_ex.c ****   *          This parameter can be one of the following values:
 871:Drivers/STM32F4/Drivers/STM32F4xx_HAL_Driver/Src/stm32f4xx_hal_flash_ex.c ****   *            @arg FLASH_BANK_1: WRP on all sectors of bank1
 872:Drivers/STM32F4/Drivers/STM32F4xx_HAL_Driver/Src/stm32f4xx_hal_flash_ex.c ****   *            @arg FLASH_BANK_2: WRP on all sectors of bank2
 873:Drivers/STM32F4/Drivers/STM32F4xx_HAL_Driver/Src/stm32f4xx_hal_flash_ex.c ****   *            @arg FLASH_BANK_BOTH: WRP on all sectors of bank1 & bank2
 874:Drivers/STM32F4/Drivers/STM32F4xx_HAL_Driver/Src/stm32f4xx_hal_flash_ex.c ****   *
 875:Drivers/STM32F4/Drivers/STM32F4xx_HAL_Driver/Src/stm32f4xx_hal_flash_ex.c ****   * @retval HAL Status
 876:Drivers/STM32F4/Drivers/STM32F4xx_HAL_Driver/Src/stm32f4xx_hal_flash_ex.c ****   */
 877:Drivers/STM32F4/Drivers/STM32F4xx_HAL_Driver/Src/stm32f4xx_hal_flash_ex.c **** static HAL_StatusTypeDef FLASH_OB_DisablePCROP(uint32_t SectorBank1, uint32_t SectorBank2, uint32_t
 878:Drivers/STM32F4/Drivers/STM32F4xx_HAL_Driver/Src/stm32f4xx_hal_flash_ex.c **** {
 879:Drivers/STM32F4/Drivers/STM32F4xx_HAL_Driver/Src/stm32f4xx_hal_flash_ex.c ****   HAL_StatusTypeDef status = HAL_OK;
 880:Drivers/STM32F4/Drivers/STM32F4xx_HAL_Driver/Src/stm32f4xx_hal_flash_ex.c **** 
 881:Drivers/STM32F4/Drivers/STM32F4xx_HAL_Driver/Src/stm32f4xx_hal_flash_ex.c ****   /* Check the parameters */
 882:Drivers/STM32F4/Drivers/STM32F4xx_HAL_Driver/Src/stm32f4xx_hal_flash_ex.c ****   assert_param(IS_FLASH_BANK(Banks));
 883:Drivers/STM32F4/Drivers/STM32F4xx_HAL_Driver/Src/stm32f4xx_hal_flash_ex.c **** 
 884:Drivers/STM32F4/Drivers/STM32F4xx_HAL_Driver/Src/stm32f4xx_hal_flash_ex.c ****   /* Wait for last operation to be completed */
 885:Drivers/STM32F4/Drivers/STM32F4xx_HAL_Driver/Src/stm32f4xx_hal_flash_ex.c ****   status = FLASH_WaitForLastOperation((uint32_t)FLASH_TIMEOUT_VALUE);
 886:Drivers/STM32F4/Drivers/STM32F4xx_HAL_Driver/Src/stm32f4xx_hal_flash_ex.c **** 
ARM GAS  /tmp/ccPeWH4r.s 			page 17


 887:Drivers/STM32F4/Drivers/STM32F4xx_HAL_Driver/Src/stm32f4xx_hal_flash_ex.c ****   if (status == HAL_OK)
 888:Drivers/STM32F4/Drivers/STM32F4xx_HAL_Driver/Src/stm32f4xx_hal_flash_ex.c ****   {
 889:Drivers/STM32F4/Drivers/STM32F4xx_HAL_Driver/Src/stm32f4xx_hal_flash_ex.c ****     if ((Banks == FLASH_BANK_1) || (Banks == FLASH_BANK_BOTH))
 890:Drivers/STM32F4/Drivers/STM32F4xx_HAL_Driver/Src/stm32f4xx_hal_flash_ex.c ****     {
 891:Drivers/STM32F4/Drivers/STM32F4xx_HAL_Driver/Src/stm32f4xx_hal_flash_ex.c ****       assert_param(IS_OB_PCROP(SectorBank1));
 892:Drivers/STM32F4/Drivers/STM32F4xx_HAL_Driver/Src/stm32f4xx_hal_flash_ex.c ****       /*Write protection done on sectors of BANK1*/
 893:Drivers/STM32F4/Drivers/STM32F4xx_HAL_Driver/Src/stm32f4xx_hal_flash_ex.c ****       *(__IO uint16_t *)OPTCR_BYTE2_ADDRESS &= (~SectorBank1);
 894:Drivers/STM32F4/Drivers/STM32F4xx_HAL_Driver/Src/stm32f4xx_hal_flash_ex.c ****     }
 895:Drivers/STM32F4/Drivers/STM32F4xx_HAL_Driver/Src/stm32f4xx_hal_flash_ex.c ****     else
 896:Drivers/STM32F4/Drivers/STM32F4xx_HAL_Driver/Src/stm32f4xx_hal_flash_ex.c ****     {
 897:Drivers/STM32F4/Drivers/STM32F4xx_HAL_Driver/Src/stm32f4xx_hal_flash_ex.c ****       /*Write protection done on sectors of BANK2*/
 898:Drivers/STM32F4/Drivers/STM32F4xx_HAL_Driver/Src/stm32f4xx_hal_flash_ex.c ****       assert_param(IS_OB_PCROP(SectorBank2));
 899:Drivers/STM32F4/Drivers/STM32F4xx_HAL_Driver/Src/stm32f4xx_hal_flash_ex.c ****       *(__IO uint16_t *)OPTCR1_BYTE2_ADDRESS &= (~SectorBank2);
 900:Drivers/STM32F4/Drivers/STM32F4xx_HAL_Driver/Src/stm32f4xx_hal_flash_ex.c ****     }
 901:Drivers/STM32F4/Drivers/STM32F4xx_HAL_Driver/Src/stm32f4xx_hal_flash_ex.c **** 
 902:Drivers/STM32F4/Drivers/STM32F4xx_HAL_Driver/Src/stm32f4xx_hal_flash_ex.c ****     /*Write protection on all sector  of BANK2*/
 903:Drivers/STM32F4/Drivers/STM32F4xx_HAL_Driver/Src/stm32f4xx_hal_flash_ex.c ****     if (Banks == FLASH_BANK_BOTH)
 904:Drivers/STM32F4/Drivers/STM32F4xx_HAL_Driver/Src/stm32f4xx_hal_flash_ex.c ****     {
 905:Drivers/STM32F4/Drivers/STM32F4xx_HAL_Driver/Src/stm32f4xx_hal_flash_ex.c ****       assert_param(IS_OB_PCROP(SectorBank2));
 906:Drivers/STM32F4/Drivers/STM32F4xx_HAL_Driver/Src/stm32f4xx_hal_flash_ex.c ****       /* Wait for last operation to be completed */
 907:Drivers/STM32F4/Drivers/STM32F4xx_HAL_Driver/Src/stm32f4xx_hal_flash_ex.c ****       status = FLASH_WaitForLastOperation((uint32_t)FLASH_TIMEOUT_VALUE);
 908:Drivers/STM32F4/Drivers/STM32F4xx_HAL_Driver/Src/stm32f4xx_hal_flash_ex.c **** 
 909:Drivers/STM32F4/Drivers/STM32F4xx_HAL_Driver/Src/stm32f4xx_hal_flash_ex.c ****       if (status == HAL_OK)
 910:Drivers/STM32F4/Drivers/STM32F4xx_HAL_Driver/Src/stm32f4xx_hal_flash_ex.c ****       {
 911:Drivers/STM32F4/Drivers/STM32F4xx_HAL_Driver/Src/stm32f4xx_hal_flash_ex.c ****         /*Write protection done on sectors of BANK2*/
 912:Drivers/STM32F4/Drivers/STM32F4xx_HAL_Driver/Src/stm32f4xx_hal_flash_ex.c ****         *(__IO uint16_t *)OPTCR1_BYTE2_ADDRESS &= (~SectorBank2);
 913:Drivers/STM32F4/Drivers/STM32F4xx_HAL_Driver/Src/stm32f4xx_hal_flash_ex.c ****       }
 914:Drivers/STM32F4/Drivers/STM32F4xx_HAL_Driver/Src/stm32f4xx_hal_flash_ex.c ****     }
 915:Drivers/STM32F4/Drivers/STM32F4xx_HAL_Driver/Src/stm32f4xx_hal_flash_ex.c **** 
 916:Drivers/STM32F4/Drivers/STM32F4xx_HAL_Driver/Src/stm32f4xx_hal_flash_ex.c ****   }
 917:Drivers/STM32F4/Drivers/STM32F4xx_HAL_Driver/Src/stm32f4xx_hal_flash_ex.c **** 
 918:Drivers/STM32F4/Drivers/STM32F4xx_HAL_Driver/Src/stm32f4xx_hal_flash_ex.c ****   return status;
 919:Drivers/STM32F4/Drivers/STM32F4xx_HAL_Driver/Src/stm32f4xx_hal_flash_ex.c **** 
 920:Drivers/STM32F4/Drivers/STM32F4xx_HAL_Driver/Src/stm32f4xx_hal_flash_ex.c **** }
 921:Drivers/STM32F4/Drivers/STM32F4xx_HAL_Driver/Src/stm32f4xx_hal_flash_ex.c **** 
 922:Drivers/STM32F4/Drivers/STM32F4xx_HAL_Driver/Src/stm32f4xx_hal_flash_ex.c **** #endif /* STM32F427xx || STM32F437xx || STM32F429xx || STM32F439xx || STM32F469xx || STM32F479xx */
 923:Drivers/STM32F4/Drivers/STM32F4xx_HAL_Driver/Src/stm32f4xx_hal_flash_ex.c **** 
 924:Drivers/STM32F4/Drivers/STM32F4xx_HAL_Driver/Src/stm32f4xx_hal_flash_ex.c **** #if defined(STM32F405xx) || defined(STM32F415xx) || defined(STM32F407xx) || defined(STM32F417xx) ||
 925:Drivers/STM32F4/Drivers/STM32F4xx_HAL_Driver/Src/stm32f4xx_hal_flash_ex.c ****     defined(STM32F401xC) || defined(STM32F401xE) || defined(STM32F410Tx) || defined(STM32F410Cx) ||
 926:Drivers/STM32F4/Drivers/STM32F4xx_HAL_Driver/Src/stm32f4xx_hal_flash_ex.c ****     defined(STM32F410Rx) || defined(STM32F411xE) || defined(STM32F446xx) || defined(STM32F412Zx) ||
 927:Drivers/STM32F4/Drivers/STM32F4xx_HAL_Driver/Src/stm32f4xx_hal_flash_ex.c ****     defined(STM32F412Vx) || defined(STM32F412Rx) || defined(STM32F412Cx) || defined(STM32F413xx) ||
 928:Drivers/STM32F4/Drivers/STM32F4xx_HAL_Driver/Src/stm32f4xx_hal_flash_ex.c ****     defined(STM32F423xx)
 929:Drivers/STM32F4/Drivers/STM32F4xx_HAL_Driver/Src/stm32f4xx_hal_flash_ex.c **** /**
 930:Drivers/STM32F4/Drivers/STM32F4xx_HAL_Driver/Src/stm32f4xx_hal_flash_ex.c ****   * @brief  Mass erase of FLASH memory
 931:Drivers/STM32F4/Drivers/STM32F4xx_HAL_Driver/Src/stm32f4xx_hal_flash_ex.c ****   * @param  VoltageRange The device voltage range which defines the erase parallelism.
 932:Drivers/STM32F4/Drivers/STM32F4xx_HAL_Driver/Src/stm32f4xx_hal_flash_ex.c ****   *          This parameter can be one of the following values:
 933:Drivers/STM32F4/Drivers/STM32F4xx_HAL_Driver/Src/stm32f4xx_hal_flash_ex.c ****   *            @arg FLASH_VOLTAGE_RANGE_1: when the device voltage range is 1.8V to 2.1V,
 934:Drivers/STM32F4/Drivers/STM32F4xx_HAL_Driver/Src/stm32f4xx_hal_flash_ex.c ****   *                                  the operation will be done by byte (8-bit)
 935:Drivers/STM32F4/Drivers/STM32F4xx_HAL_Driver/Src/stm32f4xx_hal_flash_ex.c ****   *            @arg FLASH_VOLTAGE_RANGE_2: when the device voltage range is 2.1V to 2.7V,
 936:Drivers/STM32F4/Drivers/STM32F4xx_HAL_Driver/Src/stm32f4xx_hal_flash_ex.c ****   *                                  the operation will be done by half word (16-bit)
 937:Drivers/STM32F4/Drivers/STM32F4xx_HAL_Driver/Src/stm32f4xx_hal_flash_ex.c ****   *            @arg FLASH_VOLTAGE_RANGE_3: when the device voltage range is 2.7V to 3.6V,
 938:Drivers/STM32F4/Drivers/STM32F4xx_HAL_Driver/Src/stm32f4xx_hal_flash_ex.c ****   *                                  the operation will be done by word (32-bit)
 939:Drivers/STM32F4/Drivers/STM32F4xx_HAL_Driver/Src/stm32f4xx_hal_flash_ex.c ****   *            @arg FLASH_VOLTAGE_RANGE_4: when the device voltage range is 2.7V to 3.6V + External
 940:Drivers/STM32F4/Drivers/STM32F4xx_HAL_Driver/Src/stm32f4xx_hal_flash_ex.c ****   *                                  the operation will be done by double word (64-bit)
 941:Drivers/STM32F4/Drivers/STM32F4xx_HAL_Driver/Src/stm32f4xx_hal_flash_ex.c ****   *
 942:Drivers/STM32F4/Drivers/STM32F4xx_HAL_Driver/Src/stm32f4xx_hal_flash_ex.c ****   * @param  Banks Banks to be erased
 943:Drivers/STM32F4/Drivers/STM32F4xx_HAL_Driver/Src/stm32f4xx_hal_flash_ex.c ****   *          This parameter can be one of the following values:
ARM GAS  /tmp/ccPeWH4r.s 			page 18


 944:Drivers/STM32F4/Drivers/STM32F4xx_HAL_Driver/Src/stm32f4xx_hal_flash_ex.c ****   *            @arg FLASH_BANK_1: Bank1 to be erased
 945:Drivers/STM32F4/Drivers/STM32F4xx_HAL_Driver/Src/stm32f4xx_hal_flash_ex.c ****   *
 946:Drivers/STM32F4/Drivers/STM32F4xx_HAL_Driver/Src/stm32f4xx_hal_flash_ex.c ****   * @retval None
 947:Drivers/STM32F4/Drivers/STM32F4xx_HAL_Driver/Src/stm32f4xx_hal_flash_ex.c ****   */
 948:Drivers/STM32F4/Drivers/STM32F4xx_HAL_Driver/Src/stm32f4xx_hal_flash_ex.c **** static void FLASH_MassErase(uint8_t VoltageRange, uint32_t Banks)
 949:Drivers/STM32F4/Drivers/STM32F4xx_HAL_Driver/Src/stm32f4xx_hal_flash_ex.c **** {
 950:Drivers/STM32F4/Drivers/STM32F4xx_HAL_Driver/Src/stm32f4xx_hal_flash_ex.c ****   /* Check the parameters */
 951:Drivers/STM32F4/Drivers/STM32F4xx_HAL_Driver/Src/stm32f4xx_hal_flash_ex.c ****   assert_param(IS_VOLTAGERANGE(VoltageRange));
 952:Drivers/STM32F4/Drivers/STM32F4xx_HAL_Driver/Src/stm32f4xx_hal_flash_ex.c ****   assert_param(IS_FLASH_BANK(Banks));
 953:Drivers/STM32F4/Drivers/STM32F4xx_HAL_Driver/Src/stm32f4xx_hal_flash_ex.c **** 
 954:Drivers/STM32F4/Drivers/STM32F4xx_HAL_Driver/Src/stm32f4xx_hal_flash_ex.c ****   /* If the previous operation is completed, proceed to erase all sectors */
 955:Drivers/STM32F4/Drivers/STM32F4xx_HAL_Driver/Src/stm32f4xx_hal_flash_ex.c ****   CLEAR_BIT(FLASH->CR, FLASH_CR_PSIZE);
 956:Drivers/STM32F4/Drivers/STM32F4xx_HAL_Driver/Src/stm32f4xx_hal_flash_ex.c ****   FLASH->CR |= FLASH_CR_MER;
 957:Drivers/STM32F4/Drivers/STM32F4xx_HAL_Driver/Src/stm32f4xx_hal_flash_ex.c ****   FLASH->CR |= FLASH_CR_STRT | ((uint32_t)VoltageRange << 8U);
 958:Drivers/STM32F4/Drivers/STM32F4xx_HAL_Driver/Src/stm32f4xx_hal_flash_ex.c **** }
 959:Drivers/STM32F4/Drivers/STM32F4xx_HAL_Driver/Src/stm32f4xx_hal_flash_ex.c **** 
 960:Drivers/STM32F4/Drivers/STM32F4xx_HAL_Driver/Src/stm32f4xx_hal_flash_ex.c **** /**
 961:Drivers/STM32F4/Drivers/STM32F4xx_HAL_Driver/Src/stm32f4xx_hal_flash_ex.c ****   * @brief  Erase the specified FLASH memory sector
 962:Drivers/STM32F4/Drivers/STM32F4xx_HAL_Driver/Src/stm32f4xx_hal_flash_ex.c ****   * @param  Sector FLASH sector to erase
 963:Drivers/STM32F4/Drivers/STM32F4xx_HAL_Driver/Src/stm32f4xx_hal_flash_ex.c ****   *         The value of this parameter depend on device used within the same series
 964:Drivers/STM32F4/Drivers/STM32F4xx_HAL_Driver/Src/stm32f4xx_hal_flash_ex.c ****   * @param  VoltageRange The device voltage range which defines the erase parallelism.
 965:Drivers/STM32F4/Drivers/STM32F4xx_HAL_Driver/Src/stm32f4xx_hal_flash_ex.c ****   *          This parameter can be one of the following values:
 966:Drivers/STM32F4/Drivers/STM32F4xx_HAL_Driver/Src/stm32f4xx_hal_flash_ex.c ****   *            @arg FLASH_VOLTAGE_RANGE_1: when the device voltage range is 1.8V to 2.1V,
 967:Drivers/STM32F4/Drivers/STM32F4xx_HAL_Driver/Src/stm32f4xx_hal_flash_ex.c ****   *                                  the operation will be done by byte (8-bit)
 968:Drivers/STM32F4/Drivers/STM32F4xx_HAL_Driver/Src/stm32f4xx_hal_flash_ex.c ****   *            @arg FLASH_VOLTAGE_RANGE_2: when the device voltage range is 2.1V to 2.7V,
 969:Drivers/STM32F4/Drivers/STM32F4xx_HAL_Driver/Src/stm32f4xx_hal_flash_ex.c ****   *                                  the operation will be done by half word (16-bit)
 970:Drivers/STM32F4/Drivers/STM32F4xx_HAL_Driver/Src/stm32f4xx_hal_flash_ex.c ****   *            @arg FLASH_VOLTAGE_RANGE_3: when the device voltage range is 2.7V to 3.6V,
 971:Drivers/STM32F4/Drivers/STM32F4xx_HAL_Driver/Src/stm32f4xx_hal_flash_ex.c ****   *                                  the operation will be done by word (32-bit)
 972:Drivers/STM32F4/Drivers/STM32F4xx_HAL_Driver/Src/stm32f4xx_hal_flash_ex.c ****   *            @arg FLASH_VOLTAGE_RANGE_4: when the device voltage range is 2.7V to 3.6V + External
 973:Drivers/STM32F4/Drivers/STM32F4xx_HAL_Driver/Src/stm32f4xx_hal_flash_ex.c ****   *                                  the operation will be done by double word (64-bit)
 974:Drivers/STM32F4/Drivers/STM32F4xx_HAL_Driver/Src/stm32f4xx_hal_flash_ex.c ****   *
 975:Drivers/STM32F4/Drivers/STM32F4xx_HAL_Driver/Src/stm32f4xx_hal_flash_ex.c ****   * @retval None
 976:Drivers/STM32F4/Drivers/STM32F4xx_HAL_Driver/Src/stm32f4xx_hal_flash_ex.c ****   */
 977:Drivers/STM32F4/Drivers/STM32F4xx_HAL_Driver/Src/stm32f4xx_hal_flash_ex.c **** void FLASH_Erase_Sector(uint32_t Sector, uint8_t VoltageRange)
 978:Drivers/STM32F4/Drivers/STM32F4xx_HAL_Driver/Src/stm32f4xx_hal_flash_ex.c **** {
 979:Drivers/STM32F4/Drivers/STM32F4xx_HAL_Driver/Src/stm32f4xx_hal_flash_ex.c ****   uint32_t tmp_psize = 0U;
 980:Drivers/STM32F4/Drivers/STM32F4xx_HAL_Driver/Src/stm32f4xx_hal_flash_ex.c **** 
 981:Drivers/STM32F4/Drivers/STM32F4xx_HAL_Driver/Src/stm32f4xx_hal_flash_ex.c ****   /* Check the parameters */
 982:Drivers/STM32F4/Drivers/STM32F4xx_HAL_Driver/Src/stm32f4xx_hal_flash_ex.c ****   assert_param(IS_FLASH_SECTOR(Sector));
 983:Drivers/STM32F4/Drivers/STM32F4xx_HAL_Driver/Src/stm32f4xx_hal_flash_ex.c ****   assert_param(IS_VOLTAGERANGE(VoltageRange));
 984:Drivers/STM32F4/Drivers/STM32F4xx_HAL_Driver/Src/stm32f4xx_hal_flash_ex.c **** 
 985:Drivers/STM32F4/Drivers/STM32F4xx_HAL_Driver/Src/stm32f4xx_hal_flash_ex.c ****   if (VoltageRange == FLASH_VOLTAGE_RANGE_1)
 986:Drivers/STM32F4/Drivers/STM32F4xx_HAL_Driver/Src/stm32f4xx_hal_flash_ex.c ****   {
 987:Drivers/STM32F4/Drivers/STM32F4xx_HAL_Driver/Src/stm32f4xx_hal_flash_ex.c ****     tmp_psize = FLASH_PSIZE_BYTE;
 988:Drivers/STM32F4/Drivers/STM32F4xx_HAL_Driver/Src/stm32f4xx_hal_flash_ex.c ****   }
 989:Drivers/STM32F4/Drivers/STM32F4xx_HAL_Driver/Src/stm32f4xx_hal_flash_ex.c ****   else if (VoltageRange == FLASH_VOLTAGE_RANGE_2)
 990:Drivers/STM32F4/Drivers/STM32F4xx_HAL_Driver/Src/stm32f4xx_hal_flash_ex.c ****   {
 991:Drivers/STM32F4/Drivers/STM32F4xx_HAL_Driver/Src/stm32f4xx_hal_flash_ex.c ****     tmp_psize = FLASH_PSIZE_HALF_WORD;
 992:Drivers/STM32F4/Drivers/STM32F4xx_HAL_Driver/Src/stm32f4xx_hal_flash_ex.c ****   }
 993:Drivers/STM32F4/Drivers/STM32F4xx_HAL_Driver/Src/stm32f4xx_hal_flash_ex.c ****   else if (VoltageRange == FLASH_VOLTAGE_RANGE_3)
 994:Drivers/STM32F4/Drivers/STM32F4xx_HAL_Driver/Src/stm32f4xx_hal_flash_ex.c ****   {
 995:Drivers/STM32F4/Drivers/STM32F4xx_HAL_Driver/Src/stm32f4xx_hal_flash_ex.c ****     tmp_psize = FLASH_PSIZE_WORD;
 996:Drivers/STM32F4/Drivers/STM32F4xx_HAL_Driver/Src/stm32f4xx_hal_flash_ex.c ****   }
 997:Drivers/STM32F4/Drivers/STM32F4xx_HAL_Driver/Src/stm32f4xx_hal_flash_ex.c ****   else
 998:Drivers/STM32F4/Drivers/STM32F4xx_HAL_Driver/Src/stm32f4xx_hal_flash_ex.c ****   {
 999:Drivers/STM32F4/Drivers/STM32F4xx_HAL_Driver/Src/stm32f4xx_hal_flash_ex.c ****     tmp_psize = FLASH_PSIZE_DOUBLE_WORD;
1000:Drivers/STM32F4/Drivers/STM32F4xx_HAL_Driver/Src/stm32f4xx_hal_flash_ex.c ****   }
ARM GAS  /tmp/ccPeWH4r.s 			page 19


1001:Drivers/STM32F4/Drivers/STM32F4xx_HAL_Driver/Src/stm32f4xx_hal_flash_ex.c **** 
1002:Drivers/STM32F4/Drivers/STM32F4xx_HAL_Driver/Src/stm32f4xx_hal_flash_ex.c ****   /* If the previous operation is completed, proceed to erase the sector */
1003:Drivers/STM32F4/Drivers/STM32F4xx_HAL_Driver/Src/stm32f4xx_hal_flash_ex.c ****   CLEAR_BIT(FLASH->CR, FLASH_CR_PSIZE);
1004:Drivers/STM32F4/Drivers/STM32F4xx_HAL_Driver/Src/stm32f4xx_hal_flash_ex.c ****   FLASH->CR |= tmp_psize;
1005:Drivers/STM32F4/Drivers/STM32F4xx_HAL_Driver/Src/stm32f4xx_hal_flash_ex.c ****   CLEAR_BIT(FLASH->CR, FLASH_CR_SNB);
1006:Drivers/STM32F4/Drivers/STM32F4xx_HAL_Driver/Src/stm32f4xx_hal_flash_ex.c ****   FLASH->CR |= FLASH_CR_SER | (Sector << FLASH_CR_SNB_Pos);
1007:Drivers/STM32F4/Drivers/STM32F4xx_HAL_Driver/Src/stm32f4xx_hal_flash_ex.c ****   FLASH->CR |= FLASH_CR_STRT;
1008:Drivers/STM32F4/Drivers/STM32F4xx_HAL_Driver/Src/stm32f4xx_hal_flash_ex.c **** }
1009:Drivers/STM32F4/Drivers/STM32F4xx_HAL_Driver/Src/stm32f4xx_hal_flash_ex.c **** 
1010:Drivers/STM32F4/Drivers/STM32F4xx_HAL_Driver/Src/stm32f4xx_hal_flash_ex.c **** /**
1011:Drivers/STM32F4/Drivers/STM32F4xx_HAL_Driver/Src/stm32f4xx_hal_flash_ex.c ****   * @brief  Enable the write protection of the desired bank 1 sectors
1012:Drivers/STM32F4/Drivers/STM32F4xx_HAL_Driver/Src/stm32f4xx_hal_flash_ex.c ****   *
1013:Drivers/STM32F4/Drivers/STM32F4xx_HAL_Driver/Src/stm32f4xx_hal_flash_ex.c ****   * @note   When the memory read protection level is selected (RDP level = 1),
1014:Drivers/STM32F4/Drivers/STM32F4xx_HAL_Driver/Src/stm32f4xx_hal_flash_ex.c ****   *         it is not possible to program or erase the flash sector i if CortexM4
1015:Drivers/STM32F4/Drivers/STM32F4xx_HAL_Driver/Src/stm32f4xx_hal_flash_ex.c ****   *         debug features are connected or boot code is executed in RAM, even if nWRPi = 1
1016:Drivers/STM32F4/Drivers/STM32F4xx_HAL_Driver/Src/stm32f4xx_hal_flash_ex.c ****   * @note   Active value of nWRPi bits is inverted when PCROP mode is active (SPRMOD =1).
1017:Drivers/STM32F4/Drivers/STM32F4xx_HAL_Driver/Src/stm32f4xx_hal_flash_ex.c ****   *
1018:Drivers/STM32F4/Drivers/STM32F4xx_HAL_Driver/Src/stm32f4xx_hal_flash_ex.c ****   * @param  WRPSector specifies the sector(s) to be write protected.
1019:Drivers/STM32F4/Drivers/STM32F4xx_HAL_Driver/Src/stm32f4xx_hal_flash_ex.c ****   *         The value of this parameter depend on device used within the same series
1020:Drivers/STM32F4/Drivers/STM32F4xx_HAL_Driver/Src/stm32f4xx_hal_flash_ex.c ****   *
1021:Drivers/STM32F4/Drivers/STM32F4xx_HAL_Driver/Src/stm32f4xx_hal_flash_ex.c ****   * @param  Banks Enable write protection on all the sectors for the specific bank
1022:Drivers/STM32F4/Drivers/STM32F4xx_HAL_Driver/Src/stm32f4xx_hal_flash_ex.c ****   *          This parameter can be one of the following values:
1023:Drivers/STM32F4/Drivers/STM32F4xx_HAL_Driver/Src/stm32f4xx_hal_flash_ex.c ****   *            @arg FLASH_BANK_1: WRP on all sectors of bank1
1024:Drivers/STM32F4/Drivers/STM32F4xx_HAL_Driver/Src/stm32f4xx_hal_flash_ex.c ****   *
1025:Drivers/STM32F4/Drivers/STM32F4xx_HAL_Driver/Src/stm32f4xx_hal_flash_ex.c ****   * @retval HAL Status
1026:Drivers/STM32F4/Drivers/STM32F4xx_HAL_Driver/Src/stm32f4xx_hal_flash_ex.c ****   */
1027:Drivers/STM32F4/Drivers/STM32F4xx_HAL_Driver/Src/stm32f4xx_hal_flash_ex.c **** static HAL_StatusTypeDef FLASH_OB_EnableWRP(uint32_t WRPSector, uint32_t Banks)
1028:Drivers/STM32F4/Drivers/STM32F4xx_HAL_Driver/Src/stm32f4xx_hal_flash_ex.c **** {
1029:Drivers/STM32F4/Drivers/STM32F4xx_HAL_Driver/Src/stm32f4xx_hal_flash_ex.c ****   HAL_StatusTypeDef status = HAL_OK;
1030:Drivers/STM32F4/Drivers/STM32F4xx_HAL_Driver/Src/stm32f4xx_hal_flash_ex.c **** 
1031:Drivers/STM32F4/Drivers/STM32F4xx_HAL_Driver/Src/stm32f4xx_hal_flash_ex.c ****   /* Check the parameters */
1032:Drivers/STM32F4/Drivers/STM32F4xx_HAL_Driver/Src/stm32f4xx_hal_flash_ex.c ****   assert_param(IS_OB_WRP_SECTOR(WRPSector));
1033:Drivers/STM32F4/Drivers/STM32F4xx_HAL_Driver/Src/stm32f4xx_hal_flash_ex.c ****   assert_param(IS_FLASH_BANK(Banks));
1034:Drivers/STM32F4/Drivers/STM32F4xx_HAL_Driver/Src/stm32f4xx_hal_flash_ex.c **** 
1035:Drivers/STM32F4/Drivers/STM32F4xx_HAL_Driver/Src/stm32f4xx_hal_flash_ex.c ****   /* Wait for last operation to be completed */
1036:Drivers/STM32F4/Drivers/STM32F4xx_HAL_Driver/Src/stm32f4xx_hal_flash_ex.c ****   status = FLASH_WaitForLastOperation((uint32_t)FLASH_TIMEOUT_VALUE);
1037:Drivers/STM32F4/Drivers/STM32F4xx_HAL_Driver/Src/stm32f4xx_hal_flash_ex.c **** 
1038:Drivers/STM32F4/Drivers/STM32F4xx_HAL_Driver/Src/stm32f4xx_hal_flash_ex.c ****   if (status == HAL_OK)
1039:Drivers/STM32F4/Drivers/STM32F4xx_HAL_Driver/Src/stm32f4xx_hal_flash_ex.c ****   {
1040:Drivers/STM32F4/Drivers/STM32F4xx_HAL_Driver/Src/stm32f4xx_hal_flash_ex.c ****     *(__IO uint16_t *)OPTCR_BYTE2_ADDRESS &= (~WRPSector);
1041:Drivers/STM32F4/Drivers/STM32F4xx_HAL_Driver/Src/stm32f4xx_hal_flash_ex.c ****   }
1042:Drivers/STM32F4/Drivers/STM32F4xx_HAL_Driver/Src/stm32f4xx_hal_flash_ex.c **** 
1043:Drivers/STM32F4/Drivers/STM32F4xx_HAL_Driver/Src/stm32f4xx_hal_flash_ex.c ****   return status;
1044:Drivers/STM32F4/Drivers/STM32F4xx_HAL_Driver/Src/stm32f4xx_hal_flash_ex.c **** }
1045:Drivers/STM32F4/Drivers/STM32F4xx_HAL_Driver/Src/stm32f4xx_hal_flash_ex.c **** 
1046:Drivers/STM32F4/Drivers/STM32F4xx_HAL_Driver/Src/stm32f4xx_hal_flash_ex.c **** /**
1047:Drivers/STM32F4/Drivers/STM32F4xx_HAL_Driver/Src/stm32f4xx_hal_flash_ex.c ****   * @brief  Disable the write protection of the desired bank 1 sectors
1048:Drivers/STM32F4/Drivers/STM32F4xx_HAL_Driver/Src/stm32f4xx_hal_flash_ex.c ****   *
1049:Drivers/STM32F4/Drivers/STM32F4xx_HAL_Driver/Src/stm32f4xx_hal_flash_ex.c ****   * @note   When the memory read protection level is selected (RDP level = 1),
1050:Drivers/STM32F4/Drivers/STM32F4xx_HAL_Driver/Src/stm32f4xx_hal_flash_ex.c ****   *         it is not possible to program or erase the flash sector i if CortexM4
1051:Drivers/STM32F4/Drivers/STM32F4xx_HAL_Driver/Src/stm32f4xx_hal_flash_ex.c ****   *         debug features are connected or boot code is executed in RAM, even if nWRPi = 1
1052:Drivers/STM32F4/Drivers/STM32F4xx_HAL_Driver/Src/stm32f4xx_hal_flash_ex.c ****   * @note   Active value of nWRPi bits is inverted when PCROP mode is active (SPRMOD =1).
1053:Drivers/STM32F4/Drivers/STM32F4xx_HAL_Driver/Src/stm32f4xx_hal_flash_ex.c ****   *
1054:Drivers/STM32F4/Drivers/STM32F4xx_HAL_Driver/Src/stm32f4xx_hal_flash_ex.c ****   * @param  WRPSector specifies the sector(s) to be write protected.
1055:Drivers/STM32F4/Drivers/STM32F4xx_HAL_Driver/Src/stm32f4xx_hal_flash_ex.c ****   *         The value of this parameter depend on device used within the same series
1056:Drivers/STM32F4/Drivers/STM32F4xx_HAL_Driver/Src/stm32f4xx_hal_flash_ex.c ****   *
1057:Drivers/STM32F4/Drivers/STM32F4xx_HAL_Driver/Src/stm32f4xx_hal_flash_ex.c ****   * @param  Banks Enable write protection on all the sectors for the specific bank
ARM GAS  /tmp/ccPeWH4r.s 			page 20


1058:Drivers/STM32F4/Drivers/STM32F4xx_HAL_Driver/Src/stm32f4xx_hal_flash_ex.c ****   *          This parameter can be one of the following values:
1059:Drivers/STM32F4/Drivers/STM32F4xx_HAL_Driver/Src/stm32f4xx_hal_flash_ex.c ****   *            @arg FLASH_BANK_1: WRP on all sectors of bank1
1060:Drivers/STM32F4/Drivers/STM32F4xx_HAL_Driver/Src/stm32f4xx_hal_flash_ex.c ****   *
1061:Drivers/STM32F4/Drivers/STM32F4xx_HAL_Driver/Src/stm32f4xx_hal_flash_ex.c ****   * @retval HAL Status
1062:Drivers/STM32F4/Drivers/STM32F4xx_HAL_Driver/Src/stm32f4xx_hal_flash_ex.c ****   */
1063:Drivers/STM32F4/Drivers/STM32F4xx_HAL_Driver/Src/stm32f4xx_hal_flash_ex.c **** static HAL_StatusTypeDef FLASH_OB_DisableWRP(uint32_t WRPSector, uint32_t Banks)
1064:Drivers/STM32F4/Drivers/STM32F4xx_HAL_Driver/Src/stm32f4xx_hal_flash_ex.c **** {
1065:Drivers/STM32F4/Drivers/STM32F4xx_HAL_Driver/Src/stm32f4xx_hal_flash_ex.c ****   HAL_StatusTypeDef status = HAL_OK;
1066:Drivers/STM32F4/Drivers/STM32F4xx_HAL_Driver/Src/stm32f4xx_hal_flash_ex.c **** 
1067:Drivers/STM32F4/Drivers/STM32F4xx_HAL_Driver/Src/stm32f4xx_hal_flash_ex.c ****   /* Check the parameters */
1068:Drivers/STM32F4/Drivers/STM32F4xx_HAL_Driver/Src/stm32f4xx_hal_flash_ex.c ****   assert_param(IS_OB_WRP_SECTOR(WRPSector));
1069:Drivers/STM32F4/Drivers/STM32F4xx_HAL_Driver/Src/stm32f4xx_hal_flash_ex.c ****   assert_param(IS_FLASH_BANK(Banks));
1070:Drivers/STM32F4/Drivers/STM32F4xx_HAL_Driver/Src/stm32f4xx_hal_flash_ex.c **** 
1071:Drivers/STM32F4/Drivers/STM32F4xx_HAL_Driver/Src/stm32f4xx_hal_flash_ex.c ****   /* Wait for last operation to be completed */
1072:Drivers/STM32F4/Drivers/STM32F4xx_HAL_Driver/Src/stm32f4xx_hal_flash_ex.c ****   status = FLASH_WaitForLastOperation((uint32_t)FLASH_TIMEOUT_VALUE);
1073:Drivers/STM32F4/Drivers/STM32F4xx_HAL_Driver/Src/stm32f4xx_hal_flash_ex.c **** 
1074:Drivers/STM32F4/Drivers/STM32F4xx_HAL_Driver/Src/stm32f4xx_hal_flash_ex.c ****   if (status == HAL_OK)
1075:Drivers/STM32F4/Drivers/STM32F4xx_HAL_Driver/Src/stm32f4xx_hal_flash_ex.c ****   {
1076:Drivers/STM32F4/Drivers/STM32F4xx_HAL_Driver/Src/stm32f4xx_hal_flash_ex.c ****     *(__IO uint16_t *)OPTCR_BYTE2_ADDRESS |= (uint16_t)WRPSector;
1077:Drivers/STM32F4/Drivers/STM32F4xx_HAL_Driver/Src/stm32f4xx_hal_flash_ex.c ****   }
1078:Drivers/STM32F4/Drivers/STM32F4xx_HAL_Driver/Src/stm32f4xx_hal_flash_ex.c **** 
1079:Drivers/STM32F4/Drivers/STM32F4xx_HAL_Driver/Src/stm32f4xx_hal_flash_ex.c ****   return status;
1080:Drivers/STM32F4/Drivers/STM32F4xx_HAL_Driver/Src/stm32f4xx_hal_flash_ex.c **** }
1081:Drivers/STM32F4/Drivers/STM32F4xx_HAL_Driver/Src/stm32f4xx_hal_flash_ex.c **** #endif /* STM32F40xxx || STM32F41xxx || STM32F401xx || STM32F410xx || STM32F411xE || STM32F446xx ||
1082:Drivers/STM32F4/Drivers/STM32F4xx_HAL_Driver/Src/stm32f4xx_hal_flash_ex.c ****           STM32F413xx || STM32F423xx */
1083:Drivers/STM32F4/Drivers/STM32F4xx_HAL_Driver/Src/stm32f4xx_hal_flash_ex.c **** 
1084:Drivers/STM32F4/Drivers/STM32F4xx_HAL_Driver/Src/stm32f4xx_hal_flash_ex.c **** #if defined(STM32F401xC) || defined(STM32F401xE) || defined(STM32F410Tx) || defined(STM32F410Cx) ||
1085:Drivers/STM32F4/Drivers/STM32F4xx_HAL_Driver/Src/stm32f4xx_hal_flash_ex.c ****     defined(STM32F411xE) || defined(STM32F446xx) || defined(STM32F412Zx) || defined(STM32F412Vx) ||
1086:Drivers/STM32F4/Drivers/STM32F4xx_HAL_Driver/Src/stm32f4xx_hal_flash_ex.c ****     defined(STM32F412Cx) || defined(STM32F413xx) || defined(STM32F423xx)
1087:Drivers/STM32F4/Drivers/STM32F4xx_HAL_Driver/Src/stm32f4xx_hal_flash_ex.c **** /**
1088:Drivers/STM32F4/Drivers/STM32F4xx_HAL_Driver/Src/stm32f4xx_hal_flash_ex.c ****   * @brief  Enable the read/write protection (PCROP) of the desired sectors.
1089:Drivers/STM32F4/Drivers/STM32F4xx_HAL_Driver/Src/stm32f4xx_hal_flash_ex.c ****   * @note   This function can be used only for STM32F401xx devices.
1090:Drivers/STM32F4/Drivers/STM32F4xx_HAL_Driver/Src/stm32f4xx_hal_flash_ex.c ****   * @param  Sector specifies the sector(s) to be read/write protected or unprotected.
1091:Drivers/STM32F4/Drivers/STM32F4xx_HAL_Driver/Src/stm32f4xx_hal_flash_ex.c ****   *          This parameter can be one of the following values:
1092:Drivers/STM32F4/Drivers/STM32F4xx_HAL_Driver/Src/stm32f4xx_hal_flash_ex.c ****   *            @arg OB_PCROP: A value between OB_PCROP_Sector0 and OB_PCROP_Sector5
1093:Drivers/STM32F4/Drivers/STM32F4xx_HAL_Driver/Src/stm32f4xx_hal_flash_ex.c ****   *            @arg OB_PCROP_Sector_All
1094:Drivers/STM32F4/Drivers/STM32F4xx_HAL_Driver/Src/stm32f4xx_hal_flash_ex.c ****   * @retval HAL Status
1095:Drivers/STM32F4/Drivers/STM32F4xx_HAL_Driver/Src/stm32f4xx_hal_flash_ex.c ****   */
1096:Drivers/STM32F4/Drivers/STM32F4xx_HAL_Driver/Src/stm32f4xx_hal_flash_ex.c **** static HAL_StatusTypeDef FLASH_OB_EnablePCROP(uint32_t Sector)
1097:Drivers/STM32F4/Drivers/STM32F4xx_HAL_Driver/Src/stm32f4xx_hal_flash_ex.c **** {
1098:Drivers/STM32F4/Drivers/STM32F4xx_HAL_Driver/Src/stm32f4xx_hal_flash_ex.c ****   HAL_StatusTypeDef status = HAL_OK;
1099:Drivers/STM32F4/Drivers/STM32F4xx_HAL_Driver/Src/stm32f4xx_hal_flash_ex.c **** 
1100:Drivers/STM32F4/Drivers/STM32F4xx_HAL_Driver/Src/stm32f4xx_hal_flash_ex.c ****   /* Check the parameters */
1101:Drivers/STM32F4/Drivers/STM32F4xx_HAL_Driver/Src/stm32f4xx_hal_flash_ex.c ****   assert_param(IS_OB_PCROP(Sector));
1102:Drivers/STM32F4/Drivers/STM32F4xx_HAL_Driver/Src/stm32f4xx_hal_flash_ex.c **** 
1103:Drivers/STM32F4/Drivers/STM32F4xx_HAL_Driver/Src/stm32f4xx_hal_flash_ex.c ****   /* Wait for last operation to be completed */
1104:Drivers/STM32F4/Drivers/STM32F4xx_HAL_Driver/Src/stm32f4xx_hal_flash_ex.c ****   status = FLASH_WaitForLastOperation((uint32_t)FLASH_TIMEOUT_VALUE);
1105:Drivers/STM32F4/Drivers/STM32F4xx_HAL_Driver/Src/stm32f4xx_hal_flash_ex.c **** 
1106:Drivers/STM32F4/Drivers/STM32F4xx_HAL_Driver/Src/stm32f4xx_hal_flash_ex.c ****   if (status == HAL_OK)
1107:Drivers/STM32F4/Drivers/STM32F4xx_HAL_Driver/Src/stm32f4xx_hal_flash_ex.c ****   {
1108:Drivers/STM32F4/Drivers/STM32F4xx_HAL_Driver/Src/stm32f4xx_hal_flash_ex.c ****     *(__IO uint16_t *)OPTCR_BYTE2_ADDRESS |= (uint16_t)Sector;
1109:Drivers/STM32F4/Drivers/STM32F4xx_HAL_Driver/Src/stm32f4xx_hal_flash_ex.c ****   }
1110:Drivers/STM32F4/Drivers/STM32F4xx_HAL_Driver/Src/stm32f4xx_hal_flash_ex.c **** 
1111:Drivers/STM32F4/Drivers/STM32F4xx_HAL_Driver/Src/stm32f4xx_hal_flash_ex.c ****   return status;
1112:Drivers/STM32F4/Drivers/STM32F4xx_HAL_Driver/Src/stm32f4xx_hal_flash_ex.c **** }
1113:Drivers/STM32F4/Drivers/STM32F4xx_HAL_Driver/Src/stm32f4xx_hal_flash_ex.c **** 
1114:Drivers/STM32F4/Drivers/STM32F4xx_HAL_Driver/Src/stm32f4xx_hal_flash_ex.c **** 
ARM GAS  /tmp/ccPeWH4r.s 			page 21


1115:Drivers/STM32F4/Drivers/STM32F4xx_HAL_Driver/Src/stm32f4xx_hal_flash_ex.c **** /**
1116:Drivers/STM32F4/Drivers/STM32F4xx_HAL_Driver/Src/stm32f4xx_hal_flash_ex.c ****   * @brief  Disable the read/write protection (PCROP) of the desired sectors.
1117:Drivers/STM32F4/Drivers/STM32F4xx_HAL_Driver/Src/stm32f4xx_hal_flash_ex.c ****   * @note   This function can be used only for STM32F401xx devices.
1118:Drivers/STM32F4/Drivers/STM32F4xx_HAL_Driver/Src/stm32f4xx_hal_flash_ex.c ****   * @param  Sector specifies the sector(s) to be read/write protected or unprotected.
1119:Drivers/STM32F4/Drivers/STM32F4xx_HAL_Driver/Src/stm32f4xx_hal_flash_ex.c ****   *          This parameter can be one of the following values:
1120:Drivers/STM32F4/Drivers/STM32F4xx_HAL_Driver/Src/stm32f4xx_hal_flash_ex.c ****   *            @arg OB_PCROP: A value between OB_PCROP_Sector0 and OB_PCROP_Sector5
1121:Drivers/STM32F4/Drivers/STM32F4xx_HAL_Driver/Src/stm32f4xx_hal_flash_ex.c ****   *            @arg OB_PCROP_Sector_All
1122:Drivers/STM32F4/Drivers/STM32F4xx_HAL_Driver/Src/stm32f4xx_hal_flash_ex.c ****   * @retval HAL Status
1123:Drivers/STM32F4/Drivers/STM32F4xx_HAL_Driver/Src/stm32f4xx_hal_flash_ex.c ****   */
1124:Drivers/STM32F4/Drivers/STM32F4xx_HAL_Driver/Src/stm32f4xx_hal_flash_ex.c **** static HAL_StatusTypeDef FLASH_OB_DisablePCROP(uint32_t Sector)
1125:Drivers/STM32F4/Drivers/STM32F4xx_HAL_Driver/Src/stm32f4xx_hal_flash_ex.c **** {
1126:Drivers/STM32F4/Drivers/STM32F4xx_HAL_Driver/Src/stm32f4xx_hal_flash_ex.c ****   HAL_StatusTypeDef status = HAL_OK;
1127:Drivers/STM32F4/Drivers/STM32F4xx_HAL_Driver/Src/stm32f4xx_hal_flash_ex.c **** 
1128:Drivers/STM32F4/Drivers/STM32F4xx_HAL_Driver/Src/stm32f4xx_hal_flash_ex.c ****   /* Check the parameters */
1129:Drivers/STM32F4/Drivers/STM32F4xx_HAL_Driver/Src/stm32f4xx_hal_flash_ex.c ****   assert_param(IS_OB_PCROP(Sector));
1130:Drivers/STM32F4/Drivers/STM32F4xx_HAL_Driver/Src/stm32f4xx_hal_flash_ex.c **** 
1131:Drivers/STM32F4/Drivers/STM32F4xx_HAL_Driver/Src/stm32f4xx_hal_flash_ex.c ****   /* Wait for last operation to be completed */
1132:Drivers/STM32F4/Drivers/STM32F4xx_HAL_Driver/Src/stm32f4xx_hal_flash_ex.c ****   status = FLASH_WaitForLastOperation((uint32_t)FLASH_TIMEOUT_VALUE);
1133:Drivers/STM32F4/Drivers/STM32F4xx_HAL_Driver/Src/stm32f4xx_hal_flash_ex.c **** 
1134:Drivers/STM32F4/Drivers/STM32F4xx_HAL_Driver/Src/stm32f4xx_hal_flash_ex.c ****   if (status == HAL_OK)
1135:Drivers/STM32F4/Drivers/STM32F4xx_HAL_Driver/Src/stm32f4xx_hal_flash_ex.c ****   {
1136:Drivers/STM32F4/Drivers/STM32F4xx_HAL_Driver/Src/stm32f4xx_hal_flash_ex.c ****     *(__IO uint16_t *)OPTCR_BYTE2_ADDRESS &= (~Sector);
1137:Drivers/STM32F4/Drivers/STM32F4xx_HAL_Driver/Src/stm32f4xx_hal_flash_ex.c ****   }
1138:Drivers/STM32F4/Drivers/STM32F4xx_HAL_Driver/Src/stm32f4xx_hal_flash_ex.c **** 
1139:Drivers/STM32F4/Drivers/STM32F4xx_HAL_Driver/Src/stm32f4xx_hal_flash_ex.c ****   return status;
1140:Drivers/STM32F4/Drivers/STM32F4xx_HAL_Driver/Src/stm32f4xx_hal_flash_ex.c **** 
1141:Drivers/STM32F4/Drivers/STM32F4xx_HAL_Driver/Src/stm32f4xx_hal_flash_ex.c **** }
1142:Drivers/STM32F4/Drivers/STM32F4xx_HAL_Driver/Src/stm32f4xx_hal_flash_ex.c **** #endif /* STM32F401xC || STM32F401xE || STM32F411xE || STM32F446xx || STM32F412Zx || STM32F412Vx ||
1143:Drivers/STM32F4/Drivers/STM32F4xx_HAL_Driver/Src/stm32f4xx_hal_flash_ex.c ****           STM32F413xx || STM32F423xx */
1144:Drivers/STM32F4/Drivers/STM32F4xx_HAL_Driver/Src/stm32f4xx_hal_flash_ex.c **** 
1145:Drivers/STM32F4/Drivers/STM32F4xx_HAL_Driver/Src/stm32f4xx_hal_flash_ex.c **** /**
1146:Drivers/STM32F4/Drivers/STM32F4xx_HAL_Driver/Src/stm32f4xx_hal_flash_ex.c ****   * @brief  Set the read protection level.
1147:Drivers/STM32F4/Drivers/STM32F4xx_HAL_Driver/Src/stm32f4xx_hal_flash_ex.c ****   * @param  Level specifies the read protection level.
1148:Drivers/STM32F4/Drivers/STM32F4xx_HAL_Driver/Src/stm32f4xx_hal_flash_ex.c ****   *          This parameter can be one of the following values:
1149:Drivers/STM32F4/Drivers/STM32F4xx_HAL_Driver/Src/stm32f4xx_hal_flash_ex.c ****   *            @arg OB_RDP_LEVEL_0: No protection
1150:Drivers/STM32F4/Drivers/STM32F4xx_HAL_Driver/Src/stm32f4xx_hal_flash_ex.c ****   *            @arg OB_RDP_LEVEL_1: Read protection of the memory
1151:Drivers/STM32F4/Drivers/STM32F4xx_HAL_Driver/Src/stm32f4xx_hal_flash_ex.c ****   *            @arg OB_RDP_LEVEL_2: Full chip protection
1152:Drivers/STM32F4/Drivers/STM32F4xx_HAL_Driver/Src/stm32f4xx_hal_flash_ex.c ****   *
1153:Drivers/STM32F4/Drivers/STM32F4xx_HAL_Driver/Src/stm32f4xx_hal_flash_ex.c ****   * @note WARNING: When enabling OB_RDP level 2 it's no more possible to go back to level 1 or 0
1154:Drivers/STM32F4/Drivers/STM32F4xx_HAL_Driver/Src/stm32f4xx_hal_flash_ex.c ****   *
1155:Drivers/STM32F4/Drivers/STM32F4xx_HAL_Driver/Src/stm32f4xx_hal_flash_ex.c ****   * @retval HAL Status
1156:Drivers/STM32F4/Drivers/STM32F4xx_HAL_Driver/Src/stm32f4xx_hal_flash_ex.c ****   */
1157:Drivers/STM32F4/Drivers/STM32F4xx_HAL_Driver/Src/stm32f4xx_hal_flash_ex.c **** static HAL_StatusTypeDef FLASH_OB_RDP_LevelConfig(uint8_t Level)
1158:Drivers/STM32F4/Drivers/STM32F4xx_HAL_Driver/Src/stm32f4xx_hal_flash_ex.c **** {
1159:Drivers/STM32F4/Drivers/STM32F4xx_HAL_Driver/Src/stm32f4xx_hal_flash_ex.c ****   HAL_StatusTypeDef status = HAL_OK;
1160:Drivers/STM32F4/Drivers/STM32F4xx_HAL_Driver/Src/stm32f4xx_hal_flash_ex.c **** 
1161:Drivers/STM32F4/Drivers/STM32F4xx_HAL_Driver/Src/stm32f4xx_hal_flash_ex.c ****   /* Check the parameters */
1162:Drivers/STM32F4/Drivers/STM32F4xx_HAL_Driver/Src/stm32f4xx_hal_flash_ex.c ****   assert_param(IS_OB_RDP_LEVEL(Level));
1163:Drivers/STM32F4/Drivers/STM32F4xx_HAL_Driver/Src/stm32f4xx_hal_flash_ex.c **** 
1164:Drivers/STM32F4/Drivers/STM32F4xx_HAL_Driver/Src/stm32f4xx_hal_flash_ex.c ****   /* Wait for last operation to be completed */
1165:Drivers/STM32F4/Drivers/STM32F4xx_HAL_Driver/Src/stm32f4xx_hal_flash_ex.c ****   status = FLASH_WaitForLastOperation((uint32_t)FLASH_TIMEOUT_VALUE);
1166:Drivers/STM32F4/Drivers/STM32F4xx_HAL_Driver/Src/stm32f4xx_hal_flash_ex.c **** 
1167:Drivers/STM32F4/Drivers/STM32F4xx_HAL_Driver/Src/stm32f4xx_hal_flash_ex.c ****   if (status == HAL_OK)
1168:Drivers/STM32F4/Drivers/STM32F4xx_HAL_Driver/Src/stm32f4xx_hal_flash_ex.c ****   {
1169:Drivers/STM32F4/Drivers/STM32F4xx_HAL_Driver/Src/stm32f4xx_hal_flash_ex.c ****     *(__IO uint8_t *)OPTCR_BYTE1_ADDRESS = Level;
1170:Drivers/STM32F4/Drivers/STM32F4xx_HAL_Driver/Src/stm32f4xx_hal_flash_ex.c ****   }
1171:Drivers/STM32F4/Drivers/STM32F4xx_HAL_Driver/Src/stm32f4xx_hal_flash_ex.c **** 
ARM GAS  /tmp/ccPeWH4r.s 			page 22


1172:Drivers/STM32F4/Drivers/STM32F4xx_HAL_Driver/Src/stm32f4xx_hal_flash_ex.c ****   return status;
1173:Drivers/STM32F4/Drivers/STM32F4xx_HAL_Driver/Src/stm32f4xx_hal_flash_ex.c **** }
1174:Drivers/STM32F4/Drivers/STM32F4xx_HAL_Driver/Src/stm32f4xx_hal_flash_ex.c **** 
1175:Drivers/STM32F4/Drivers/STM32F4xx_HAL_Driver/Src/stm32f4xx_hal_flash_ex.c **** /**
1176:Drivers/STM32F4/Drivers/STM32F4xx_HAL_Driver/Src/stm32f4xx_hal_flash_ex.c ****   * @brief  Program the FLASH User Option Byte: IWDG_SW / RST_STOP / RST_STDBY.
1177:Drivers/STM32F4/Drivers/STM32F4xx_HAL_Driver/Src/stm32f4xx_hal_flash_ex.c ****   * @param  Iwdg Selects the IWDG mode
1178:Drivers/STM32F4/Drivers/STM32F4xx_HAL_Driver/Src/stm32f4xx_hal_flash_ex.c ****   *          This parameter can be one of the following values:
1179:Drivers/STM32F4/Drivers/STM32F4xx_HAL_Driver/Src/stm32f4xx_hal_flash_ex.c ****   *            @arg OB_IWDG_SW: Software IWDG selected
1180:Drivers/STM32F4/Drivers/STM32F4xx_HAL_Driver/Src/stm32f4xx_hal_flash_ex.c ****   *            @arg OB_IWDG_HW: Hardware IWDG selected
1181:Drivers/STM32F4/Drivers/STM32F4xx_HAL_Driver/Src/stm32f4xx_hal_flash_ex.c ****   * @param  Stop Reset event when entering STOP mode.
1182:Drivers/STM32F4/Drivers/STM32F4xx_HAL_Driver/Src/stm32f4xx_hal_flash_ex.c ****   *          This parameter  can be one of the following values:
1183:Drivers/STM32F4/Drivers/STM32F4xx_HAL_Driver/Src/stm32f4xx_hal_flash_ex.c ****   *            @arg OB_STOP_NO_RST: No reset generated when entering in STOP
1184:Drivers/STM32F4/Drivers/STM32F4xx_HAL_Driver/Src/stm32f4xx_hal_flash_ex.c ****   *            @arg OB_STOP_RST: Reset generated when entering in STOP
1185:Drivers/STM32F4/Drivers/STM32F4xx_HAL_Driver/Src/stm32f4xx_hal_flash_ex.c ****   * @param  Stdby Reset event when entering Standby mode.
1186:Drivers/STM32F4/Drivers/STM32F4xx_HAL_Driver/Src/stm32f4xx_hal_flash_ex.c ****   *          This parameter  can be one of the following values:
1187:Drivers/STM32F4/Drivers/STM32F4xx_HAL_Driver/Src/stm32f4xx_hal_flash_ex.c ****   *            @arg OB_STDBY_NO_RST: No reset generated when entering in STANDBY
1188:Drivers/STM32F4/Drivers/STM32F4xx_HAL_Driver/Src/stm32f4xx_hal_flash_ex.c ****   *            @arg OB_STDBY_RST: Reset generated when entering in STANDBY
1189:Drivers/STM32F4/Drivers/STM32F4xx_HAL_Driver/Src/stm32f4xx_hal_flash_ex.c ****   * @retval HAL Status
1190:Drivers/STM32F4/Drivers/STM32F4xx_HAL_Driver/Src/stm32f4xx_hal_flash_ex.c ****   */
1191:Drivers/STM32F4/Drivers/STM32F4xx_HAL_Driver/Src/stm32f4xx_hal_flash_ex.c **** static HAL_StatusTypeDef FLASH_OB_UserConfig(uint8_t Iwdg, uint8_t Stop, uint8_t Stdby)
1192:Drivers/STM32F4/Drivers/STM32F4xx_HAL_Driver/Src/stm32f4xx_hal_flash_ex.c **** {
1193:Drivers/STM32F4/Drivers/STM32F4xx_HAL_Driver/Src/stm32f4xx_hal_flash_ex.c ****   uint8_t optiontmp;
1194:Drivers/STM32F4/Drivers/STM32F4xx_HAL_Driver/Src/stm32f4xx_hal_flash_ex.c ****   HAL_StatusTypeDef status = HAL_OK;
1195:Drivers/STM32F4/Drivers/STM32F4xx_HAL_Driver/Src/stm32f4xx_hal_flash_ex.c **** 
1196:Drivers/STM32F4/Drivers/STM32F4xx_HAL_Driver/Src/stm32f4xx_hal_flash_ex.c ****   /* Check the parameters */
1197:Drivers/STM32F4/Drivers/STM32F4xx_HAL_Driver/Src/stm32f4xx_hal_flash_ex.c ****   assert_param(IS_OB_IWDG_SOURCE(Iwdg));
1198:Drivers/STM32F4/Drivers/STM32F4xx_HAL_Driver/Src/stm32f4xx_hal_flash_ex.c ****   assert_param(IS_OB_STOP_SOURCE(Stop));
1199:Drivers/STM32F4/Drivers/STM32F4xx_HAL_Driver/Src/stm32f4xx_hal_flash_ex.c ****   assert_param(IS_OB_STDBY_SOURCE(Stdby));
1200:Drivers/STM32F4/Drivers/STM32F4xx_HAL_Driver/Src/stm32f4xx_hal_flash_ex.c **** 
1201:Drivers/STM32F4/Drivers/STM32F4xx_HAL_Driver/Src/stm32f4xx_hal_flash_ex.c ****   /* Wait for last operation to be completed */
1202:Drivers/STM32F4/Drivers/STM32F4xx_HAL_Driver/Src/stm32f4xx_hal_flash_ex.c ****   status = FLASH_WaitForLastOperation((uint32_t)FLASH_TIMEOUT_VALUE);
1203:Drivers/STM32F4/Drivers/STM32F4xx_HAL_Driver/Src/stm32f4xx_hal_flash_ex.c **** 
1204:Drivers/STM32F4/Drivers/STM32F4xx_HAL_Driver/Src/stm32f4xx_hal_flash_ex.c ****   if (status == HAL_OK)
1205:Drivers/STM32F4/Drivers/STM32F4xx_HAL_Driver/Src/stm32f4xx_hal_flash_ex.c ****   {
1206:Drivers/STM32F4/Drivers/STM32F4xx_HAL_Driver/Src/stm32f4xx_hal_flash_ex.c ****     /* Mask OPTLOCK, OPTSTRT, BOR_LEV and BFB2 bits */
1207:Drivers/STM32F4/Drivers/STM32F4xx_HAL_Driver/Src/stm32f4xx_hal_flash_ex.c ****     optiontmp = (uint8_t)((*(__IO uint8_t *)OPTCR_BYTE0_ADDRESS) & (uint8_t)0x1F);
1208:Drivers/STM32F4/Drivers/STM32F4xx_HAL_Driver/Src/stm32f4xx_hal_flash_ex.c **** 
1209:Drivers/STM32F4/Drivers/STM32F4xx_HAL_Driver/Src/stm32f4xx_hal_flash_ex.c ****     /* Update User Option Byte */
1210:Drivers/STM32F4/Drivers/STM32F4xx_HAL_Driver/Src/stm32f4xx_hal_flash_ex.c ****     *(__IO uint8_t *)OPTCR_BYTE0_ADDRESS = Iwdg | (uint8_t)(Stdby | (uint8_t)(Stop | ((uint8_t)opti
1211:Drivers/STM32F4/Drivers/STM32F4xx_HAL_Driver/Src/stm32f4xx_hal_flash_ex.c ****   }
1212:Drivers/STM32F4/Drivers/STM32F4xx_HAL_Driver/Src/stm32f4xx_hal_flash_ex.c **** 
1213:Drivers/STM32F4/Drivers/STM32F4xx_HAL_Driver/Src/stm32f4xx_hal_flash_ex.c ****   return status;
1214:Drivers/STM32F4/Drivers/STM32F4xx_HAL_Driver/Src/stm32f4xx_hal_flash_ex.c **** }
1215:Drivers/STM32F4/Drivers/STM32F4xx_HAL_Driver/Src/stm32f4xx_hal_flash_ex.c **** 
1216:Drivers/STM32F4/Drivers/STM32F4xx_HAL_Driver/Src/stm32f4xx_hal_flash_ex.c **** /**
1217:Drivers/STM32F4/Drivers/STM32F4xx_HAL_Driver/Src/stm32f4xx_hal_flash_ex.c ****   * @brief  Set the BOR Level.
1218:Drivers/STM32F4/Drivers/STM32F4xx_HAL_Driver/Src/stm32f4xx_hal_flash_ex.c ****   * @param  Level specifies the Option Bytes BOR Reset Level.
1219:Drivers/STM32F4/Drivers/STM32F4xx_HAL_Driver/Src/stm32f4xx_hal_flash_ex.c ****   *          This parameter can be one of the following values:
1220:Drivers/STM32F4/Drivers/STM32F4xx_HAL_Driver/Src/stm32f4xx_hal_flash_ex.c ****   *            @arg OB_BOR_LEVEL3: Supply voltage ranges from 2.7 to 3.6 V
1221:Drivers/STM32F4/Drivers/STM32F4xx_HAL_Driver/Src/stm32f4xx_hal_flash_ex.c ****   *            @arg OB_BOR_LEVEL2: Supply voltage ranges from 2.4 to 2.7 V
1222:Drivers/STM32F4/Drivers/STM32F4xx_HAL_Driver/Src/stm32f4xx_hal_flash_ex.c ****   *            @arg OB_BOR_LEVEL1: Supply voltage ranges from 2.1 to 2.4 V
1223:Drivers/STM32F4/Drivers/STM32F4xx_HAL_Driver/Src/stm32f4xx_hal_flash_ex.c ****   *            @arg OB_BOR_OFF: Supply voltage ranges from 1.62 to 2.1 V
1224:Drivers/STM32F4/Drivers/STM32F4xx_HAL_Driver/Src/stm32f4xx_hal_flash_ex.c ****   * @retval HAL Status
1225:Drivers/STM32F4/Drivers/STM32F4xx_HAL_Driver/Src/stm32f4xx_hal_flash_ex.c ****   */
1226:Drivers/STM32F4/Drivers/STM32F4xx_HAL_Driver/Src/stm32f4xx_hal_flash_ex.c **** static HAL_StatusTypeDef FLASH_OB_BOR_LevelConfig(uint8_t Level)
1227:Drivers/STM32F4/Drivers/STM32F4xx_HAL_Driver/Src/stm32f4xx_hal_flash_ex.c **** {
1228:Drivers/STM32F4/Drivers/STM32F4xx_HAL_Driver/Src/stm32f4xx_hal_flash_ex.c ****   /* Check the parameters */
ARM GAS  /tmp/ccPeWH4r.s 			page 23


1229:Drivers/STM32F4/Drivers/STM32F4xx_HAL_Driver/Src/stm32f4xx_hal_flash_ex.c ****   assert_param(IS_OB_BOR_LEVEL(Level));
1230:Drivers/STM32F4/Drivers/STM32F4xx_HAL_Driver/Src/stm32f4xx_hal_flash_ex.c **** 
1231:Drivers/STM32F4/Drivers/STM32F4xx_HAL_Driver/Src/stm32f4xx_hal_flash_ex.c ****   /* Set the BOR Level */
1232:Drivers/STM32F4/Drivers/STM32F4xx_HAL_Driver/Src/stm32f4xx_hal_flash_ex.c ****   *(__IO uint8_t *)OPTCR_BYTE0_ADDRESS &= (~FLASH_OPTCR_BOR_LEV);
1233:Drivers/STM32F4/Drivers/STM32F4xx_HAL_Driver/Src/stm32f4xx_hal_flash_ex.c ****   *(__IO uint8_t *)OPTCR_BYTE0_ADDRESS |= Level;
1234:Drivers/STM32F4/Drivers/STM32F4xx_HAL_Driver/Src/stm32f4xx_hal_flash_ex.c **** 
1235:Drivers/STM32F4/Drivers/STM32F4xx_HAL_Driver/Src/stm32f4xx_hal_flash_ex.c ****   return HAL_OK;
1236:Drivers/STM32F4/Drivers/STM32F4xx_HAL_Driver/Src/stm32f4xx_hal_flash_ex.c **** 
1237:Drivers/STM32F4/Drivers/STM32F4xx_HAL_Driver/Src/stm32f4xx_hal_flash_ex.c **** }
1238:Drivers/STM32F4/Drivers/STM32F4xx_HAL_Driver/Src/stm32f4xx_hal_flash_ex.c **** 
1239:Drivers/STM32F4/Drivers/STM32F4xx_HAL_Driver/Src/stm32f4xx_hal_flash_ex.c **** /**
1240:Drivers/STM32F4/Drivers/STM32F4xx_HAL_Driver/Src/stm32f4xx_hal_flash_ex.c ****   * @brief  Return the FLASH User Option Byte value.
1241:Drivers/STM32F4/Drivers/STM32F4xx_HAL_Driver/Src/stm32f4xx_hal_flash_ex.c ****   * @retval uint8_t FLASH User Option Bytes values: IWDG_SW(Bit0), RST_STOP(Bit1)
1242:Drivers/STM32F4/Drivers/STM32F4xx_HAL_Driver/Src/stm32f4xx_hal_flash_ex.c ****   *         and RST_STDBY(Bit2).
1243:Drivers/STM32F4/Drivers/STM32F4xx_HAL_Driver/Src/stm32f4xx_hal_flash_ex.c ****   */
1244:Drivers/STM32F4/Drivers/STM32F4xx_HAL_Driver/Src/stm32f4xx_hal_flash_ex.c **** static uint8_t FLASH_OB_GetUser(void)
1245:Drivers/STM32F4/Drivers/STM32F4xx_HAL_Driver/Src/stm32f4xx_hal_flash_ex.c **** {
  28              		.loc 1 1245 1 view -0
  29              		.cfi_startproc
  30              		@ args = 0, pretend = 0, frame = 0
  31              		@ frame_needed = 0, uses_anonymous_args = 0
  32              		@ link register save eliminated.
1246:Drivers/STM32F4/Drivers/STM32F4xx_HAL_Driver/Src/stm32f4xx_hal_flash_ex.c ****   /* Return the User Option Byte */
1247:Drivers/STM32F4/Drivers/STM32F4xx_HAL_Driver/Src/stm32f4xx_hal_flash_ex.c ****   return ((uint8_t)(FLASH->OPTCR & 0xE0));
  33              		.loc 1 1247 3 view .LVU1
  34              		.loc 1 1247 26 is_stmt 0 view .LVU2
  35 0000 024B     		ldr	r3, .L2
  36 0002 5869     		ldr	r0, [r3, #20]
1248:Drivers/STM32F4/Drivers/STM32F4xx_HAL_Driver/Src/stm32f4xx_hal_flash_ex.c **** }
  37              		.loc 1 1248 1 view .LVU3
  38 0004 00F0E000 		and	r0, r0, #224
  39 0008 7047     		bx	lr
  40              	.L3:
  41 000a 00BF     		.align	2
  42              	.L2:
  43 000c 003C0240 		.word	1073888256
  44              		.cfi_endproc
  45              	.LFE250:
  47              		.section	.text.FLASH_OB_GetWRP,"ax",%progbits
  48              		.align	1
  49              		.syntax unified
  50              		.thumb
  51              		.thumb_func
  53              	FLASH_OB_GetWRP:
  54              	.LFB251:
1249:Drivers/STM32F4/Drivers/STM32F4xx_HAL_Driver/Src/stm32f4xx_hal_flash_ex.c **** 
1250:Drivers/STM32F4/Drivers/STM32F4xx_HAL_Driver/Src/stm32f4xx_hal_flash_ex.c **** /**
1251:Drivers/STM32F4/Drivers/STM32F4xx_HAL_Driver/Src/stm32f4xx_hal_flash_ex.c ****   * @brief  Return the FLASH Write Protection Option Bytes value.
1252:Drivers/STM32F4/Drivers/STM32F4xx_HAL_Driver/Src/stm32f4xx_hal_flash_ex.c ****   * @retval uint16_t FLASH Write Protection Option Bytes value
1253:Drivers/STM32F4/Drivers/STM32F4xx_HAL_Driver/Src/stm32f4xx_hal_flash_ex.c ****   */
1254:Drivers/STM32F4/Drivers/STM32F4xx_HAL_Driver/Src/stm32f4xx_hal_flash_ex.c **** static uint16_t FLASH_OB_GetWRP(void)
1255:Drivers/STM32F4/Drivers/STM32F4xx_HAL_Driver/Src/stm32f4xx_hal_flash_ex.c **** {
  55              		.loc 1 1255 1 is_stmt 1 view -0
  56              		.cfi_startproc
  57              		@ args = 0, pretend = 0, frame = 0
  58              		@ frame_needed = 0, uses_anonymous_args = 0
  59              		@ link register save eliminated.
ARM GAS  /tmp/ccPeWH4r.s 			page 24


1256:Drivers/STM32F4/Drivers/STM32F4xx_HAL_Driver/Src/stm32f4xx_hal_flash_ex.c ****   /* Return the FLASH write protection Register value */
1257:Drivers/STM32F4/Drivers/STM32F4xx_HAL_Driver/Src/stm32f4xx_hal_flash_ex.c ****   return (*(__IO uint16_t *)(OPTCR_BYTE2_ADDRESS));
  60              		.loc 1 1257 3 view .LVU5
  61              		.loc 1 1257 11 is_stmt 0 view .LVU6
  62 0000 014B     		ldr	r3, .L5
  63 0002 D88A     		ldrh	r0, [r3, #22]
1258:Drivers/STM32F4/Drivers/STM32F4xx_HAL_Driver/Src/stm32f4xx_hal_flash_ex.c **** }
  64              		.loc 1 1258 1 view .LVU7
  65 0004 80B2     		uxth	r0, r0
  66 0006 7047     		bx	lr
  67              	.L6:
  68              		.align	2
  69              	.L5:
  70 0008 003C0240 		.word	1073888256
  71              		.cfi_endproc
  72              	.LFE251:
  74              		.section	.text.FLASH_OB_GetRDP,"ax",%progbits
  75              		.align	1
  76              		.syntax unified
  77              		.thumb
  78              		.thumb_func
  80              	FLASH_OB_GetRDP:
  81              	.LFB252:
1259:Drivers/STM32F4/Drivers/STM32F4xx_HAL_Driver/Src/stm32f4xx_hal_flash_ex.c **** 
1260:Drivers/STM32F4/Drivers/STM32F4xx_HAL_Driver/Src/stm32f4xx_hal_flash_ex.c **** /**
1261:Drivers/STM32F4/Drivers/STM32F4xx_HAL_Driver/Src/stm32f4xx_hal_flash_ex.c ****   * @brief  Returns the FLASH Read Protection level.
1262:Drivers/STM32F4/Drivers/STM32F4xx_HAL_Driver/Src/stm32f4xx_hal_flash_ex.c ****   * @retval FLASH ReadOut Protection Status:
1263:Drivers/STM32F4/Drivers/STM32F4xx_HAL_Driver/Src/stm32f4xx_hal_flash_ex.c ****   *         This parameter can be one of the following values:
1264:Drivers/STM32F4/Drivers/STM32F4xx_HAL_Driver/Src/stm32f4xx_hal_flash_ex.c ****   *            @arg OB_RDP_LEVEL_0: No protection
1265:Drivers/STM32F4/Drivers/STM32F4xx_HAL_Driver/Src/stm32f4xx_hal_flash_ex.c ****   *            @arg OB_RDP_LEVEL_1: Read protection of the memory
1266:Drivers/STM32F4/Drivers/STM32F4xx_HAL_Driver/Src/stm32f4xx_hal_flash_ex.c ****   *            @arg OB_RDP_LEVEL_2: Full chip protection
1267:Drivers/STM32F4/Drivers/STM32F4xx_HAL_Driver/Src/stm32f4xx_hal_flash_ex.c ****   */
1268:Drivers/STM32F4/Drivers/STM32F4xx_HAL_Driver/Src/stm32f4xx_hal_flash_ex.c **** static uint8_t FLASH_OB_GetRDP(void)
1269:Drivers/STM32F4/Drivers/STM32F4xx_HAL_Driver/Src/stm32f4xx_hal_flash_ex.c **** {
  82              		.loc 1 1269 1 is_stmt 1 view -0
  83              		.cfi_startproc
  84              		@ args = 0, pretend = 0, frame = 0
  85              		@ frame_needed = 0, uses_anonymous_args = 0
  86              		@ link register save eliminated.
1270:Drivers/STM32F4/Drivers/STM32F4xx_HAL_Driver/Src/stm32f4xx_hal_flash_ex.c ****   uint8_t readstatus = OB_RDP_LEVEL_0;
  87              		.loc 1 1270 3 view .LVU9
  88              	.LVL0:
1271:Drivers/STM32F4/Drivers/STM32F4xx_HAL_Driver/Src/stm32f4xx_hal_flash_ex.c **** 
1272:Drivers/STM32F4/Drivers/STM32F4xx_HAL_Driver/Src/stm32f4xx_hal_flash_ex.c ****   if (*(__IO uint8_t *)(OPTCR_BYTE1_ADDRESS) == (uint8_t)OB_RDP_LEVEL_2)
  89              		.loc 1 1272 3 view .LVU10
  90              		.loc 1 1272 7 is_stmt 0 view .LVU11
  91 0000 054B     		ldr	r3, .L10
  92 0002 587D     		ldrb	r0, [r3, #21]	@ zero_extendqisi2
  93 0004 C0B2     		uxtb	r0, r0
  94              		.loc 1 1272 6 view .LVU12
  95 0006 CC28     		cmp	r0, #204
  96 0008 04D0     		beq	.L8
1273:Drivers/STM32F4/Drivers/STM32F4xx_HAL_Driver/Src/stm32f4xx_hal_flash_ex.c ****   {
1274:Drivers/STM32F4/Drivers/STM32F4xx_HAL_Driver/Src/stm32f4xx_hal_flash_ex.c ****     readstatus = OB_RDP_LEVEL_2;
1275:Drivers/STM32F4/Drivers/STM32F4xx_HAL_Driver/Src/stm32f4xx_hal_flash_ex.c ****   }
1276:Drivers/STM32F4/Drivers/STM32F4xx_HAL_Driver/Src/stm32f4xx_hal_flash_ex.c ****   else if (*(__IO uint8_t *)(OPTCR_BYTE1_ADDRESS) == (uint8_t)OB_RDP_LEVEL_0)
  97              		.loc 1 1276 8 is_stmt 1 view .LVU13
ARM GAS  /tmp/ccPeWH4r.s 			page 25


  98              		.loc 1 1276 12 is_stmt 0 view .LVU14
  99 000a 587D     		ldrb	r0, [r3, #21]	@ zero_extendqisi2
 100 000c C0B2     		uxtb	r0, r0
 101              		.loc 1 1276 11 view .LVU15
 102 000e AA28     		cmp	r0, #170
 103 0010 00D0     		beq	.L8
1277:Drivers/STM32F4/Drivers/STM32F4xx_HAL_Driver/Src/stm32f4xx_hal_flash_ex.c ****   {
1278:Drivers/STM32F4/Drivers/STM32F4xx_HAL_Driver/Src/stm32f4xx_hal_flash_ex.c ****     readstatus = OB_RDP_LEVEL_0;
1279:Drivers/STM32F4/Drivers/STM32F4xx_HAL_Driver/Src/stm32f4xx_hal_flash_ex.c ****   }
1280:Drivers/STM32F4/Drivers/STM32F4xx_HAL_Driver/Src/stm32f4xx_hal_flash_ex.c ****   else
1281:Drivers/STM32F4/Drivers/STM32F4xx_HAL_Driver/Src/stm32f4xx_hal_flash_ex.c ****   {
1282:Drivers/STM32F4/Drivers/STM32F4xx_HAL_Driver/Src/stm32f4xx_hal_flash_ex.c ****     readstatus = OB_RDP_LEVEL_1;
 104              		.loc 1 1282 16 view .LVU16
 105 0012 5520     		movs	r0, #85
 106              	.L8:
 107              	.LVL1:
1283:Drivers/STM32F4/Drivers/STM32F4xx_HAL_Driver/Src/stm32f4xx_hal_flash_ex.c ****   }
1284:Drivers/STM32F4/Drivers/STM32F4xx_HAL_Driver/Src/stm32f4xx_hal_flash_ex.c **** 
1285:Drivers/STM32F4/Drivers/STM32F4xx_HAL_Driver/Src/stm32f4xx_hal_flash_ex.c ****   return readstatus;
 108              		.loc 1 1285 3 is_stmt 1 view .LVU17
1286:Drivers/STM32F4/Drivers/STM32F4xx_HAL_Driver/Src/stm32f4xx_hal_flash_ex.c **** }
 109              		.loc 1 1286 1 is_stmt 0 view .LVU18
 110 0014 7047     		bx	lr
 111              	.L11:
 112 0016 00BF     		.align	2
 113              	.L10:
 114 0018 003C0240 		.word	1073888256
 115              		.cfi_endproc
 116              	.LFE252:
 118              		.section	.text.FLASH_OB_GetBOR,"ax",%progbits
 119              		.align	1
 120              		.syntax unified
 121              		.thumb
 122              		.thumb_func
 124              	FLASH_OB_GetBOR:
 125              	.LFB253:
1287:Drivers/STM32F4/Drivers/STM32F4xx_HAL_Driver/Src/stm32f4xx_hal_flash_ex.c **** 
1288:Drivers/STM32F4/Drivers/STM32F4xx_HAL_Driver/Src/stm32f4xx_hal_flash_ex.c **** /**
1289:Drivers/STM32F4/Drivers/STM32F4xx_HAL_Driver/Src/stm32f4xx_hal_flash_ex.c ****   * @brief  Returns the FLASH BOR level.
1290:Drivers/STM32F4/Drivers/STM32F4xx_HAL_Driver/Src/stm32f4xx_hal_flash_ex.c ****   * @retval uint8_t The FLASH BOR level:
1291:Drivers/STM32F4/Drivers/STM32F4xx_HAL_Driver/Src/stm32f4xx_hal_flash_ex.c ****   *           - OB_BOR_LEVEL3: Supply voltage ranges from 2.7 to 3.6 V
1292:Drivers/STM32F4/Drivers/STM32F4xx_HAL_Driver/Src/stm32f4xx_hal_flash_ex.c ****   *           - OB_BOR_LEVEL2: Supply voltage ranges from 2.4 to 2.7 V
1293:Drivers/STM32F4/Drivers/STM32F4xx_HAL_Driver/Src/stm32f4xx_hal_flash_ex.c ****   *           - OB_BOR_LEVEL1: Supply voltage ranges from 2.1 to 2.4 V
1294:Drivers/STM32F4/Drivers/STM32F4xx_HAL_Driver/Src/stm32f4xx_hal_flash_ex.c ****   *           - OB_BOR_OFF   : Supply voltage ranges from 1.62 to 2.1 V
1295:Drivers/STM32F4/Drivers/STM32F4xx_HAL_Driver/Src/stm32f4xx_hal_flash_ex.c ****   */
1296:Drivers/STM32F4/Drivers/STM32F4xx_HAL_Driver/Src/stm32f4xx_hal_flash_ex.c **** static uint8_t FLASH_OB_GetBOR(void)
1297:Drivers/STM32F4/Drivers/STM32F4xx_HAL_Driver/Src/stm32f4xx_hal_flash_ex.c **** {
 126              		.loc 1 1297 1 is_stmt 1 view -0
 127              		.cfi_startproc
 128              		@ args = 0, pretend = 0, frame = 0
 129              		@ frame_needed = 0, uses_anonymous_args = 0
 130              		@ link register save eliminated.
1298:Drivers/STM32F4/Drivers/STM32F4xx_HAL_Driver/Src/stm32f4xx_hal_flash_ex.c ****   /* Return the FLASH BOR level */
1299:Drivers/STM32F4/Drivers/STM32F4xx_HAL_Driver/Src/stm32f4xx_hal_flash_ex.c ****   return (uint8_t)(*(__IO uint8_t *)(OPTCR_BYTE0_ADDRESS) & (uint8_t)0x0C);
 131              		.loc 1 1299 3 view .LVU20
 132              		.loc 1 1299 10 is_stmt 0 view .LVU21
 133 0000 024B     		ldr	r3, .L13
ARM GAS  /tmp/ccPeWH4r.s 			page 26


 134 0002 187D     		ldrb	r0, [r3, #20]	@ zero_extendqisi2
1300:Drivers/STM32F4/Drivers/STM32F4xx_HAL_Driver/Src/stm32f4xx_hal_flash_ex.c **** }
 135              		.loc 1 1300 1 view .LVU22
 136 0004 00F00C00 		and	r0, r0, #12
 137 0008 7047     		bx	lr
 138              	.L14:
 139 000a 00BF     		.align	2
 140              	.L13:
 141 000c 003C0240 		.word	1073888256
 142              		.cfi_endproc
 143              	.LFE253:
 145              		.section	.rodata.FLASH_MassErase.str1.4,"aMS",%progbits,1
 146              		.align	2
 147              	.LC0:
 148 0000 44726976 		.ascii	"Drivers/STM32F4/Drivers/STM32F4xx_HAL_Driver/Src/st"
 148      6572732F 
 148      53544D33 
 148      3246342F 
 148      44726976 
 149 0033 6D333266 		.ascii	"m32f4xx_hal_flash_ex.c\000"
 149      3478785F 
 149      68616C5F 
 149      666C6173 
 149      685F6578 
 150              		.section	.text.FLASH_MassErase,"ax",%progbits
 151              		.align	1
 152              		.syntax unified
 153              		.thumb
 154              		.thumb_func
 156              	FLASH_MassErase:
 157              	.LVL2:
 158              	.LFB243:
 949:Drivers/STM32F4/Drivers/STM32F4xx_HAL_Driver/Src/stm32f4xx_hal_flash_ex.c ****   /* Check the parameters */
 159              		.loc 1 949 1 is_stmt 1 view -0
 160              		.cfi_startproc
 161              		@ args = 0, pretend = 0, frame = 0
 162              		@ frame_needed = 0, uses_anonymous_args = 0
 949:Drivers/STM32F4/Drivers/STM32F4xx_HAL_Driver/Src/stm32f4xx_hal_flash_ex.c ****   /* Check the parameters */
 163              		.loc 1 949 1 is_stmt 0 view .LVU24
 164 0000 38B5     		push	{r3, r4, r5, lr}
 165              	.LCFI0:
 166              		.cfi_def_cfa_offset 16
 167              		.cfi_offset 3, -16
 168              		.cfi_offset 4, -12
 169              		.cfi_offset 5, -8
 170              		.cfi_offset 14, -4
 171 0002 0446     		mov	r4, r0
 172 0004 0D46     		mov	r5, r1
 951:Drivers/STM32F4/Drivers/STM32F4xx_HAL_Driver/Src/stm32f4xx_hal_flash_ex.c ****   assert_param(IS_FLASH_BANK(Banks));
 173              		.loc 1 951 3 is_stmt 1 view .LVU25
 174 0006 0328     		cmp	r0, #3
 175 0008 11D8     		bhi	.L19
 176              	.LVL3:
 177              	.L16:
 952:Drivers/STM32F4/Drivers/STM32F4xx_HAL_Driver/Src/stm32f4xx_hal_flash_ex.c **** 
 178              		.loc 1 952 3 view .LVU26
 179 000a 012D     		cmp	r5, #1
ARM GAS  /tmp/ccPeWH4r.s 			page 27


 180 000c 15D1     		bne	.L20
 181              	.L17:
 955:Drivers/STM32F4/Drivers/STM32F4xx_HAL_Driver/Src/stm32f4xx_hal_flash_ex.c ****   FLASH->CR |= FLASH_CR_MER;
 182              		.loc 1 955 3 view .LVU27
 183 000e 0E4B     		ldr	r3, .L21
 184 0010 1A69     		ldr	r2, [r3, #16]
 185 0012 22F44072 		bic	r2, r2, #768
 186 0016 1A61     		str	r2, [r3, #16]
 956:Drivers/STM32F4/Drivers/STM32F4xx_HAL_Driver/Src/stm32f4xx_hal_flash_ex.c ****   FLASH->CR |= FLASH_CR_STRT | ((uint32_t)VoltageRange << 8U);
 187              		.loc 1 956 3 view .LVU28
 956:Drivers/STM32F4/Drivers/STM32F4xx_HAL_Driver/Src/stm32f4xx_hal_flash_ex.c ****   FLASH->CR |= FLASH_CR_STRT | ((uint32_t)VoltageRange << 8U);
 188              		.loc 1 956 8 is_stmt 0 view .LVU29
 189 0018 1A69     		ldr	r2, [r3, #16]
 956:Drivers/STM32F4/Drivers/STM32F4xx_HAL_Driver/Src/stm32f4xx_hal_flash_ex.c ****   FLASH->CR |= FLASH_CR_STRT | ((uint32_t)VoltageRange << 8U);
 190              		.loc 1 956 13 view .LVU30
 191 001a 42F00402 		orr	r2, r2, #4
 192 001e 1A61     		str	r2, [r3, #16]
 957:Drivers/STM32F4/Drivers/STM32F4xx_HAL_Driver/Src/stm32f4xx_hal_flash_ex.c **** }
 193              		.loc 1 957 3 is_stmt 1 view .LVU31
 957:Drivers/STM32F4/Drivers/STM32F4xx_HAL_Driver/Src/stm32f4xx_hal_flash_ex.c **** }
 194              		.loc 1 957 8 is_stmt 0 view .LVU32
 195 0020 1869     		ldr	r0, [r3, #16]
 957:Drivers/STM32F4/Drivers/STM32F4xx_HAL_Driver/Src/stm32f4xx_hal_flash_ex.c **** }
 196              		.loc 1 957 13 view .LVU33
 197 0022 40EA0420 		orr	r0, r0, r4, lsl #8
 198 0026 40F48030 		orr	r0, r0, #65536
 199 002a 1861     		str	r0, [r3, #16]
 958:Drivers/STM32F4/Drivers/STM32F4xx_HAL_Driver/Src/stm32f4xx_hal_flash_ex.c **** 
 200              		.loc 1 958 1 view .LVU34
 201 002c 38BD     		pop	{r3, r4, r5, pc}
 202              	.LVL4:
 203              	.L19:
 951:Drivers/STM32F4/Drivers/STM32F4xx_HAL_Driver/Src/stm32f4xx_hal_flash_ex.c ****   assert_param(IS_FLASH_BANK(Banks));
 204              		.loc 1 951 3 discriminator 1 view .LVU35
 205 002e 40F2B731 		movw	r1, #951
 206              	.LVL5:
 951:Drivers/STM32F4/Drivers/STM32F4xx_HAL_Driver/Src/stm32f4xx_hal_flash_ex.c ****   assert_param(IS_FLASH_BANK(Banks));
 207              		.loc 1 951 3 discriminator 1 view .LVU36
 208 0032 0648     		ldr	r0, .L21+4
 209              	.LVL6:
 951:Drivers/STM32F4/Drivers/STM32F4xx_HAL_Driver/Src/stm32f4xx_hal_flash_ex.c ****   assert_param(IS_FLASH_BANK(Banks));
 210              		.loc 1 951 3 discriminator 1 view .LVU37
 211 0034 FFF7FEFF 		bl	assert_failed
 212              	.LVL7:
 213 0038 E7E7     		b	.L16
 214              	.L20:
 952:Drivers/STM32F4/Drivers/STM32F4xx_HAL_Driver/Src/stm32f4xx_hal_flash_ex.c **** 
 215              		.loc 1 952 3 discriminator 1 view .LVU38
 216 003a 4FF46E71 		mov	r1, #952
 217 003e 0348     		ldr	r0, .L21+4
 218 0040 FFF7FEFF 		bl	assert_failed
 219              	.LVL8:
 220 0044 E3E7     		b	.L17
 221              	.L22:
 222 0046 00BF     		.align	2
 223              	.L21:
 224 0048 003C0240 		.word	1073888256
ARM GAS  /tmp/ccPeWH4r.s 			page 28


 225 004c 00000000 		.word	.LC0
 226              		.cfi_endproc
 227              	.LFE243:
 229              		.section	.text.FLASH_OB_BOR_LevelConfig,"ax",%progbits
 230              		.align	1
 231              		.syntax unified
 232              		.thumb
 233              		.thumb_func
 235              	FLASH_OB_BOR_LevelConfig:
 236              	.LVL9:
 237              	.LFB249:
1227:Drivers/STM32F4/Drivers/STM32F4xx_HAL_Driver/Src/stm32f4xx_hal_flash_ex.c ****   /* Check the parameters */
 238              		.loc 1 1227 1 is_stmt 1 view -0
 239              		.cfi_startproc
 240              		@ args = 0, pretend = 0, frame = 0
 241              		@ frame_needed = 0, uses_anonymous_args = 0
1227:Drivers/STM32F4/Drivers/STM32F4xx_HAL_Driver/Src/stm32f4xx_hal_flash_ex.c ****   /* Check the parameters */
 242              		.loc 1 1227 1 is_stmt 0 view .LVU40
 243 0000 10B5     		push	{r4, lr}
 244              	.LCFI1:
 245              		.cfi_def_cfa_offset 8
 246              		.cfi_offset 4, -8
 247              		.cfi_offset 14, -4
 248 0002 0446     		mov	r4, r0
1229:Drivers/STM32F4/Drivers/STM32F4xx_HAL_Driver/Src/stm32f4xx_hal_flash_ex.c **** 
 249              		.loc 1 1229 3 is_stmt 1 view .LVU41
 250 0004 0C28     		cmp	r0, #12
 251 0006 0FD8     		bhi	.L24
 252 0008 41F21113 		movw	r3, #4369
 253 000c C340     		lsrs	r3, r3, r0
 254 000e 13F0010F 		tst	r3, #1
 255 0012 09D0     		beq	.L24
 256              	.LVL10:
 257              	.L25:
1232:Drivers/STM32F4/Drivers/STM32F4xx_HAL_Driver/Src/stm32f4xx_hal_flash_ex.c ****   *(__IO uint8_t *)OPTCR_BYTE0_ADDRESS |= Level;
 258              		.loc 1 1232 3 view .LVU42
 259 0014 074B     		ldr	r3, .L27
 260 0016 1A7D     		ldrb	r2, [r3, #20]	@ zero_extendqisi2
1232:Drivers/STM32F4/Drivers/STM32F4xx_HAL_Driver/Src/stm32f4xx_hal_flash_ex.c ****   *(__IO uint8_t *)OPTCR_BYTE0_ADDRESS |= Level;
 261              		.loc 1 1232 40 is_stmt 0 view .LVU43
 262 0018 02F0F302 		and	r2, r2, #243
 263 001c 1A75     		strb	r2, [r3, #20]
1233:Drivers/STM32F4/Drivers/STM32F4xx_HAL_Driver/Src/stm32f4xx_hal_flash_ex.c **** 
 264              		.loc 1 1233 3 is_stmt 1 view .LVU44
 265 001e 1A7D     		ldrb	r2, [r3, #20]	@ zero_extendqisi2
1233:Drivers/STM32F4/Drivers/STM32F4xx_HAL_Driver/Src/stm32f4xx_hal_flash_ex.c **** 
 266              		.loc 1 1233 40 is_stmt 0 view .LVU45
 267 0020 2243     		orrs	r2, r2, r4
 268 0022 1A75     		strb	r2, [r3, #20]
1235:Drivers/STM32F4/Drivers/STM32F4xx_HAL_Driver/Src/stm32f4xx_hal_flash_ex.c **** 
 269              		.loc 1 1235 3 is_stmt 1 view .LVU46
1237:Drivers/STM32F4/Drivers/STM32F4xx_HAL_Driver/Src/stm32f4xx_hal_flash_ex.c **** 
 270              		.loc 1 1237 1 is_stmt 0 view .LVU47
 271 0024 0020     		movs	r0, #0
 272 0026 10BD     		pop	{r4, pc}
 273              	.LVL11:
 274              	.L24:
ARM GAS  /tmp/ccPeWH4r.s 			page 29


1229:Drivers/STM32F4/Drivers/STM32F4xx_HAL_Driver/Src/stm32f4xx_hal_flash_ex.c **** 
 275              		.loc 1 1229 3 discriminator 4 view .LVU48
 276 0028 40F2CD41 		movw	r1, #1229
 277 002c 0248     		ldr	r0, .L27+4
 278              	.LVL12:
1229:Drivers/STM32F4/Drivers/STM32F4xx_HAL_Driver/Src/stm32f4xx_hal_flash_ex.c **** 
 279              		.loc 1 1229 3 discriminator 4 view .LVU49
 280 002e FFF7FEFF 		bl	assert_failed
 281              	.LVL13:
 282 0032 EFE7     		b	.L25
 283              	.L28:
 284              		.align	2
 285              	.L27:
 286 0034 003C0240 		.word	1073888256
 287 0038 00000000 		.word	.LC0
 288              		.cfi_endproc
 289              	.LFE249:
 291              		.section	.text.FLASH_OB_EnableWRP,"ax",%progbits
 292              		.align	1
 293              		.syntax unified
 294              		.thumb
 295              		.thumb_func
 297              	FLASH_OB_EnableWRP:
 298              	.LVL14:
 299              	.LFB245:
1028:Drivers/STM32F4/Drivers/STM32F4xx_HAL_Driver/Src/stm32f4xx_hal_flash_ex.c ****   HAL_StatusTypeDef status = HAL_OK;
 300              		.loc 1 1028 1 is_stmt 1 view -0
 301              		.cfi_startproc
 302              		@ args = 0, pretend = 0, frame = 0
 303              		@ frame_needed = 0, uses_anonymous_args = 0
1028:Drivers/STM32F4/Drivers/STM32F4xx_HAL_Driver/Src/stm32f4xx_hal_flash_ex.c ****   HAL_StatusTypeDef status = HAL_OK;
 304              		.loc 1 1028 1 is_stmt 0 view .LVU51
 305 0000 38B5     		push	{r3, r4, r5, lr}
 306              	.LCFI2:
 307              		.cfi_def_cfa_offset 16
 308              		.cfi_offset 3, -16
 309              		.cfi_offset 4, -12
 310              		.cfi_offset 5, -8
 311              		.cfi_offset 14, -4
 312 0002 0446     		mov	r4, r0
 313 0004 0D46     		mov	r5, r1
1029:Drivers/STM32F4/Drivers/STM32F4xx_HAL_Driver/Src/stm32f4xx_hal_flash_ex.c **** 
 314              		.loc 1 1029 3 is_stmt 1 view .LVU52
 315              	.LVL15:
1032:Drivers/STM32F4/Drivers/STM32F4xx_HAL_Driver/Src/stm32f4xx_hal_flash_ex.c ****   assert_param(IS_FLASH_BANK(Banks));
 316              		.loc 1 1032 3 view .LVU53
 317 0006 421E     		subs	r2, r0, #1
 318 0008 40F6FE73 		movw	r3, #4094
 319 000c 9A42     		cmp	r2, r3
 320 000e 0DD8     		bhi	.L34
 321              	.LVL16:
 322              	.L30:
1033:Drivers/STM32F4/Drivers/STM32F4xx_HAL_Driver/Src/stm32f4xx_hal_flash_ex.c **** 
 323              		.loc 1 1033 3 view .LVU54
 324 0010 012D     		cmp	r5, #1
 325 0012 11D1     		bne	.L35
 326              	.L31:
ARM GAS  /tmp/ccPeWH4r.s 			page 30


1036:Drivers/STM32F4/Drivers/STM32F4xx_HAL_Driver/Src/stm32f4xx_hal_flash_ex.c **** 
 327              		.loc 1 1036 3 view .LVU55
1036:Drivers/STM32F4/Drivers/STM32F4xx_HAL_Driver/Src/stm32f4xx_hal_flash_ex.c **** 
 328              		.loc 1 1036 12 is_stmt 0 view .LVU56
 329 0014 4CF25030 		movw	r0, #50000
 330 0018 FFF7FEFF 		bl	FLASH_WaitForLastOperation
 331              	.LVL17:
1038:Drivers/STM32F4/Drivers/STM32F4xx_HAL_Driver/Src/stm32f4xx_hal_flash_ex.c ****   {
 332              		.loc 1 1038 3 is_stmt 1 view .LVU57
1038:Drivers/STM32F4/Drivers/STM32F4xx_HAL_Driver/Src/stm32f4xx_hal_flash_ex.c ****   {
 333              		.loc 1 1038 6 is_stmt 0 view .LVU58
 334 001c 28B9     		cbnz	r0, .L32
1040:Drivers/STM32F4/Drivers/STM32F4xx_HAL_Driver/Src/stm32f4xx_hal_flash_ex.c ****   }
 335              		.loc 1 1040 5 is_stmt 1 view .LVU59
 336 001e 094A     		ldr	r2, .L36
 337 0020 D38A     		ldrh	r3, [r2, #22]
 338 0022 9BB2     		uxth	r3, r3
1040:Drivers/STM32F4/Drivers/STM32F4xx_HAL_Driver/Src/stm32f4xx_hal_flash_ex.c ****   }
 339              		.loc 1 1040 43 is_stmt 0 view .LVU60
 340 0024 23EA0403 		bic	r3, r3, r4
 341 0028 D382     		strh	r3, [r2, #22]	@ movhi
 342              	.L32:
1043:Drivers/STM32F4/Drivers/STM32F4xx_HAL_Driver/Src/stm32f4xx_hal_flash_ex.c **** }
 343              		.loc 1 1043 3 is_stmt 1 view .LVU61
1044:Drivers/STM32F4/Drivers/STM32F4xx_HAL_Driver/Src/stm32f4xx_hal_flash_ex.c **** 
 344              		.loc 1 1044 1 is_stmt 0 view .LVU62
 345 002a 38BD     		pop	{r3, r4, r5, pc}
 346              	.LVL18:
 347              	.L34:
1032:Drivers/STM32F4/Drivers/STM32F4xx_HAL_Driver/Src/stm32f4xx_hal_flash_ex.c ****   assert_param(IS_FLASH_BANK(Banks));
 348              		.loc 1 1032 3 discriminator 1 view .LVU63
 349 002c 4FF48161 		mov	r1, #1032
 350              	.LVL19:
1032:Drivers/STM32F4/Drivers/STM32F4xx_HAL_Driver/Src/stm32f4xx_hal_flash_ex.c ****   assert_param(IS_FLASH_BANK(Banks));
 351              		.loc 1 1032 3 discriminator 1 view .LVU64
 352 0030 0548     		ldr	r0, .L36+4
 353              	.LVL20:
1032:Drivers/STM32F4/Drivers/STM32F4xx_HAL_Driver/Src/stm32f4xx_hal_flash_ex.c ****   assert_param(IS_FLASH_BANK(Banks));
 354              		.loc 1 1032 3 discriminator 1 view .LVU65
 355 0032 FFF7FEFF 		bl	assert_failed
 356              	.LVL21:
 357 0036 EBE7     		b	.L30
 358              	.L35:
1033:Drivers/STM32F4/Drivers/STM32F4xx_HAL_Driver/Src/stm32f4xx_hal_flash_ex.c **** 
 359              		.loc 1 1033 3 discriminator 1 view .LVU66
 360 0038 40F20941 		movw	r1, #1033
 361 003c 0248     		ldr	r0, .L36+4
 362 003e FFF7FEFF 		bl	assert_failed
 363              	.LVL22:
 364 0042 E7E7     		b	.L31
 365              	.L37:
 366              		.align	2
 367              	.L36:
 368 0044 003C0240 		.word	1073888256
 369 0048 00000000 		.word	.LC0
 370              		.cfi_endproc
 371              	.LFE245:
ARM GAS  /tmp/ccPeWH4r.s 			page 31


 373              		.section	.text.FLASH_OB_DisableWRP,"ax",%progbits
 374              		.align	1
 375              		.syntax unified
 376              		.thumb
 377              		.thumb_func
 379              	FLASH_OB_DisableWRP:
 380              	.LVL23:
 381              	.LFB246:
1064:Drivers/STM32F4/Drivers/STM32F4xx_HAL_Driver/Src/stm32f4xx_hal_flash_ex.c ****   HAL_StatusTypeDef status = HAL_OK;
 382              		.loc 1 1064 1 is_stmt 1 view -0
 383              		.cfi_startproc
 384              		@ args = 0, pretend = 0, frame = 0
 385              		@ frame_needed = 0, uses_anonymous_args = 0
1064:Drivers/STM32F4/Drivers/STM32F4xx_HAL_Driver/Src/stm32f4xx_hal_flash_ex.c ****   HAL_StatusTypeDef status = HAL_OK;
 386              		.loc 1 1064 1 is_stmt 0 view .LVU68
 387 0000 38B5     		push	{r3, r4, r5, lr}
 388              	.LCFI3:
 389              		.cfi_def_cfa_offset 16
 390              		.cfi_offset 3, -16
 391              		.cfi_offset 4, -12
 392              		.cfi_offset 5, -8
 393              		.cfi_offset 14, -4
 394 0002 0446     		mov	r4, r0
 395 0004 0D46     		mov	r5, r1
1065:Drivers/STM32F4/Drivers/STM32F4xx_HAL_Driver/Src/stm32f4xx_hal_flash_ex.c **** 
 396              		.loc 1 1065 3 is_stmt 1 view .LVU69
 397              	.LVL24:
1068:Drivers/STM32F4/Drivers/STM32F4xx_HAL_Driver/Src/stm32f4xx_hal_flash_ex.c ****   assert_param(IS_FLASH_BANK(Banks));
 398              		.loc 1 1068 3 view .LVU70
 399 0006 421E     		subs	r2, r0, #1
 400 0008 40F6FE73 		movw	r3, #4094
 401 000c 9A42     		cmp	r2, r3
 402 000e 0DD8     		bhi	.L43
 403              	.LVL25:
 404              	.L39:
1069:Drivers/STM32F4/Drivers/STM32F4xx_HAL_Driver/Src/stm32f4xx_hal_flash_ex.c **** 
 405              		.loc 1 1069 3 view .LVU71
 406 0010 012D     		cmp	r5, #1
 407 0012 11D1     		bne	.L44
 408              	.L40:
1072:Drivers/STM32F4/Drivers/STM32F4xx_HAL_Driver/Src/stm32f4xx_hal_flash_ex.c **** 
 409              		.loc 1 1072 3 view .LVU72
1072:Drivers/STM32F4/Drivers/STM32F4xx_HAL_Driver/Src/stm32f4xx_hal_flash_ex.c **** 
 410              		.loc 1 1072 12 is_stmt 0 view .LVU73
 411 0014 4CF25030 		movw	r0, #50000
 412 0018 FFF7FEFF 		bl	FLASH_WaitForLastOperation
 413              	.LVL26:
1074:Drivers/STM32F4/Drivers/STM32F4xx_HAL_Driver/Src/stm32f4xx_hal_flash_ex.c ****   {
 414              		.loc 1 1074 3 is_stmt 1 view .LVU74
1074:Drivers/STM32F4/Drivers/STM32F4xx_HAL_Driver/Src/stm32f4xx_hal_flash_ex.c ****   {
 415              		.loc 1 1074 6 is_stmt 0 view .LVU75
 416 001c 28B9     		cbnz	r0, .L41
1076:Drivers/STM32F4/Drivers/STM32F4xx_HAL_Driver/Src/stm32f4xx_hal_flash_ex.c ****   }
 417              		.loc 1 1076 5 is_stmt 1 view .LVU76
 418 001e 094A     		ldr	r2, .L45
 419 0020 D38A     		ldrh	r3, [r2, #22]
 420 0022 9BB2     		uxth	r3, r3
ARM GAS  /tmp/ccPeWH4r.s 			page 32


1076:Drivers/STM32F4/Drivers/STM32F4xx_HAL_Driver/Src/stm32f4xx_hal_flash_ex.c ****   }
 421              		.loc 1 1076 46 is_stmt 0 view .LVU77
 422 0024 A4B2     		uxth	r4, r4
 423              	.LVL27:
1076:Drivers/STM32F4/Drivers/STM32F4xx_HAL_Driver/Src/stm32f4xx_hal_flash_ex.c ****   }
 424              		.loc 1 1076 43 view .LVU78
 425 0026 2343     		orrs	r3, r3, r4
 426 0028 D382     		strh	r3, [r2, #22]	@ movhi
 427              	.L41:
1079:Drivers/STM32F4/Drivers/STM32F4xx_HAL_Driver/Src/stm32f4xx_hal_flash_ex.c **** }
 428              		.loc 1 1079 3 is_stmt 1 view .LVU79
1080:Drivers/STM32F4/Drivers/STM32F4xx_HAL_Driver/Src/stm32f4xx_hal_flash_ex.c **** #endif /* STM32F40xxx || STM32F41xxx || STM32F401xx || STM32F410xx || STM32F411xE || STM32F446xx ||
 429              		.loc 1 1080 1 is_stmt 0 view .LVU80
 430 002a 38BD     		pop	{r3, r4, r5, pc}
 431              	.LVL28:
 432              	.L43:
1068:Drivers/STM32F4/Drivers/STM32F4xx_HAL_Driver/Src/stm32f4xx_hal_flash_ex.c ****   assert_param(IS_FLASH_BANK(Banks));
 433              		.loc 1 1068 3 discriminator 1 view .LVU81
 434 002c 40F22C41 		movw	r1, #1068
 435              	.LVL29:
1068:Drivers/STM32F4/Drivers/STM32F4xx_HAL_Driver/Src/stm32f4xx_hal_flash_ex.c ****   assert_param(IS_FLASH_BANK(Banks));
 436              		.loc 1 1068 3 discriminator 1 view .LVU82
 437 0030 0548     		ldr	r0, .L45+4
 438              	.LVL30:
1068:Drivers/STM32F4/Drivers/STM32F4xx_HAL_Driver/Src/stm32f4xx_hal_flash_ex.c ****   assert_param(IS_FLASH_BANK(Banks));
 439              		.loc 1 1068 3 discriminator 1 view .LVU83
 440 0032 FFF7FEFF 		bl	assert_failed
 441              	.LVL31:
 442 0036 EBE7     		b	.L39
 443              	.L44:
1069:Drivers/STM32F4/Drivers/STM32F4xx_HAL_Driver/Src/stm32f4xx_hal_flash_ex.c **** 
 444              		.loc 1 1069 3 discriminator 1 view .LVU84
 445 0038 40F22D41 		movw	r1, #1069
 446 003c 0248     		ldr	r0, .L45+4
 447 003e FFF7FEFF 		bl	assert_failed
 448              	.LVL32:
 449 0042 E7E7     		b	.L40
 450              	.L46:
 451              		.align	2
 452              	.L45:
 453 0044 003C0240 		.word	1073888256
 454 0048 00000000 		.word	.LC0
 455              		.cfi_endproc
 456              	.LFE246:
 458              		.section	.text.FLASH_OB_RDP_LevelConfig,"ax",%progbits
 459              		.align	1
 460              		.syntax unified
 461              		.thumb
 462              		.thumb_func
 464              	FLASH_OB_RDP_LevelConfig:
 465              	.LVL33:
 466              	.LFB247:
1158:Drivers/STM32F4/Drivers/STM32F4xx_HAL_Driver/Src/stm32f4xx_hal_flash_ex.c ****   HAL_StatusTypeDef status = HAL_OK;
 467              		.loc 1 1158 1 is_stmt 1 view -0
 468              		.cfi_startproc
 469              		@ args = 0, pretend = 0, frame = 0
 470              		@ frame_needed = 0, uses_anonymous_args = 0
ARM GAS  /tmp/ccPeWH4r.s 			page 33


1158:Drivers/STM32F4/Drivers/STM32F4xx_HAL_Driver/Src/stm32f4xx_hal_flash_ex.c ****   HAL_StatusTypeDef status = HAL_OK;
 471              		.loc 1 1158 1 is_stmt 0 view .LVU86
 472 0000 10B5     		push	{r4, lr}
 473              	.LCFI4:
 474              		.cfi_def_cfa_offset 8
 475              		.cfi_offset 4, -8
 476              		.cfi_offset 14, -4
 477 0002 0446     		mov	r4, r0
1159:Drivers/STM32F4/Drivers/STM32F4xx_HAL_Driver/Src/stm32f4xx_hal_flash_ex.c **** 
 478              		.loc 1 1159 3 is_stmt 1 view .LVU87
 479              	.LVL34:
1162:Drivers/STM32F4/Drivers/STM32F4xx_HAL_Driver/Src/stm32f4xx_hal_flash_ex.c **** 
 480              		.loc 1 1162 3 view .LVU88
 481 0004 AA28     		cmp	r0, #170
 482 0006 03D0     		beq	.L48
1162:Drivers/STM32F4/Drivers/STM32F4xx_HAL_Driver/Src/stm32f4xx_hal_flash_ex.c **** 
 483              		.loc 1 1162 3 is_stmt 0 discriminator 1 view .LVU89
 484 0008 5528     		cmp	r0, #85
 485 000a 01D0     		beq	.L48
1162:Drivers/STM32F4/Drivers/STM32F4xx_HAL_Driver/Src/stm32f4xx_hal_flash_ex.c **** 
 486              		.loc 1 1162 3 discriminator 2 view .LVU90
 487 000c CC28     		cmp	r0, #204
 488 000e 07D1     		bne	.L51
 489              	.LVL35:
 490              	.L48:
1165:Drivers/STM32F4/Drivers/STM32F4xx_HAL_Driver/Src/stm32f4xx_hal_flash_ex.c **** 
 491              		.loc 1 1165 3 is_stmt 1 view .LVU91
1165:Drivers/STM32F4/Drivers/STM32F4xx_HAL_Driver/Src/stm32f4xx_hal_flash_ex.c **** 
 492              		.loc 1 1165 12 is_stmt 0 view .LVU92
 493 0010 4CF25030 		movw	r0, #50000
 494 0014 FFF7FEFF 		bl	FLASH_WaitForLastOperation
 495              	.LVL36:
1167:Drivers/STM32F4/Drivers/STM32F4xx_HAL_Driver/Src/stm32f4xx_hal_flash_ex.c ****   {
 496              		.loc 1 1167 3 is_stmt 1 view .LVU93
1167:Drivers/STM32F4/Drivers/STM32F4xx_HAL_Driver/Src/stm32f4xx_hal_flash_ex.c ****   {
 497              		.loc 1 1167 6 is_stmt 0 view .LVU94
 498 0018 08B9     		cbnz	r0, .L49
1169:Drivers/STM32F4/Drivers/STM32F4xx_HAL_Driver/Src/stm32f4xx_hal_flash_ex.c ****   }
 499              		.loc 1 1169 5 is_stmt 1 view .LVU95
1169:Drivers/STM32F4/Drivers/STM32F4xx_HAL_Driver/Src/stm32f4xx_hal_flash_ex.c ****   }
 500              		.loc 1 1169 42 is_stmt 0 view .LVU96
 501 001a 044B     		ldr	r3, .L52
 502 001c 5C75     		strb	r4, [r3, #21]
 503              	.L49:
1172:Drivers/STM32F4/Drivers/STM32F4xx_HAL_Driver/Src/stm32f4xx_hal_flash_ex.c **** }
 504              		.loc 1 1172 3 is_stmt 1 view .LVU97
1173:Drivers/STM32F4/Drivers/STM32F4xx_HAL_Driver/Src/stm32f4xx_hal_flash_ex.c **** 
 505              		.loc 1 1173 1 is_stmt 0 view .LVU98
 506 001e 10BD     		pop	{r4, pc}
 507              	.LVL37:
 508              	.L51:
1162:Drivers/STM32F4/Drivers/STM32F4xx_HAL_Driver/Src/stm32f4xx_hal_flash_ex.c **** 
 509              		.loc 1 1162 3 discriminator 3 view .LVU99
 510 0020 40F28A41 		movw	r1, #1162
 511 0024 0248     		ldr	r0, .L52+4
 512              	.LVL38:
1162:Drivers/STM32F4/Drivers/STM32F4xx_HAL_Driver/Src/stm32f4xx_hal_flash_ex.c **** 
ARM GAS  /tmp/ccPeWH4r.s 			page 34


 513              		.loc 1 1162 3 discriminator 3 view .LVU100
 514 0026 FFF7FEFF 		bl	assert_failed
 515              	.LVL39:
 516 002a F1E7     		b	.L48
 517              	.L53:
 518              		.align	2
 519              	.L52:
 520 002c 003C0240 		.word	1073888256
 521 0030 00000000 		.word	.LC0
 522              		.cfi_endproc
 523              	.LFE247:
 525              		.section	.text.FLASH_OB_UserConfig,"ax",%progbits
 526              		.align	1
 527              		.syntax unified
 528              		.thumb
 529              		.thumb_func
 531              	FLASH_OB_UserConfig:
 532              	.LVL40:
 533              	.LFB248:
1192:Drivers/STM32F4/Drivers/STM32F4xx_HAL_Driver/Src/stm32f4xx_hal_flash_ex.c ****   uint8_t optiontmp;
 534              		.loc 1 1192 1 is_stmt 1 view -0
 535              		.cfi_startproc
 536              		@ args = 0, pretend = 0, frame = 0
 537              		@ frame_needed = 0, uses_anonymous_args = 0
1192:Drivers/STM32F4/Drivers/STM32F4xx_HAL_Driver/Src/stm32f4xx_hal_flash_ex.c ****   uint8_t optiontmp;
 538              		.loc 1 1192 1 is_stmt 0 view .LVU102
 539 0000 70B5     		push	{r4, r5, r6, lr}
 540              	.LCFI5:
 541              		.cfi_def_cfa_offset 16
 542              		.cfi_offset 4, -16
 543              		.cfi_offset 5, -12
 544              		.cfi_offset 6, -8
 545              		.cfi_offset 14, -4
 546 0002 0546     		mov	r5, r0
 547 0004 0C46     		mov	r4, r1
 548 0006 1646     		mov	r6, r2
1193:Drivers/STM32F4/Drivers/STM32F4xx_HAL_Driver/Src/stm32f4xx_hal_flash_ex.c ****   HAL_StatusTypeDef status = HAL_OK;
 549              		.loc 1 1193 3 is_stmt 1 view .LVU103
1194:Drivers/STM32F4/Drivers/STM32F4xx_HAL_Driver/Src/stm32f4xx_hal_flash_ex.c **** 
 550              		.loc 1 1194 3 view .LVU104
 551              	.LVL41:
1197:Drivers/STM32F4/Drivers/STM32F4xx_HAL_Driver/Src/stm32f4xx_hal_flash_ex.c ****   assert_param(IS_OB_STOP_SOURCE(Stop));
 552              		.loc 1 1197 3 view .LVU105
 553 0008 2028     		cmp	r0, #32
 554 000a 00D0     		beq	.L55
1197:Drivers/STM32F4/Drivers/STM32F4xx_HAL_Driver/Src/stm32f4xx_hal_flash_ex.c ****   assert_param(IS_OB_STOP_SOURCE(Stop));
 555              		.loc 1 1197 3 is_stmt 0 discriminator 1 view .LVU106
 556 000c 98B9     		cbnz	r0, .L60
 557              	.LVL42:
 558              	.L55:
1198:Drivers/STM32F4/Drivers/STM32F4xx_HAL_Driver/Src/stm32f4xx_hal_flash_ex.c ****   assert_param(IS_OB_STDBY_SOURCE(Stdby));
 559              		.loc 1 1198 3 is_stmt 1 view .LVU107
 560 000e 402C     		cmp	r4, #64
 561 0010 00D0     		beq	.L56
1198:Drivers/STM32F4/Drivers/STM32F4xx_HAL_Driver/Src/stm32f4xx_hal_flash_ex.c ****   assert_param(IS_OB_STDBY_SOURCE(Stdby));
 562              		.loc 1 1198 3 is_stmt 0 discriminator 1 view .LVU108
 563 0012 B4B9     		cbnz	r4, .L61
ARM GAS  /tmp/ccPeWH4r.s 			page 35


 564              	.L56:
1199:Drivers/STM32F4/Drivers/STM32F4xx_HAL_Driver/Src/stm32f4xx_hal_flash_ex.c **** 
 565              		.loc 1 1199 3 is_stmt 1 view .LVU109
 566 0014 802E     		cmp	r6, #128
 567 0016 00D0     		beq	.L57
1199:Drivers/STM32F4/Drivers/STM32F4xx_HAL_Driver/Src/stm32f4xx_hal_flash_ex.c **** 
 568              		.loc 1 1199 3 is_stmt 0 discriminator 1 view .LVU110
 569 0018 CEB9     		cbnz	r6, .L62
 570              	.L57:
1202:Drivers/STM32F4/Drivers/STM32F4xx_HAL_Driver/Src/stm32f4xx_hal_flash_ex.c **** 
 571              		.loc 1 1202 3 is_stmt 1 view .LVU111
1202:Drivers/STM32F4/Drivers/STM32F4xx_HAL_Driver/Src/stm32f4xx_hal_flash_ex.c **** 
 572              		.loc 1 1202 12 is_stmt 0 view .LVU112
 573 001a 4CF25030 		movw	r0, #50000
 574 001e FFF7FEFF 		bl	FLASH_WaitForLastOperation
 575              	.LVL43:
1204:Drivers/STM32F4/Drivers/STM32F4xx_HAL_Driver/Src/stm32f4xx_hal_flash_ex.c ****   {
 576              		.loc 1 1204 3 is_stmt 1 view .LVU113
1204:Drivers/STM32F4/Drivers/STM32F4xx_HAL_Driver/Src/stm32f4xx_hal_flash_ex.c ****   {
 577              		.loc 1 1204 6 is_stmt 0 view .LVU114
 578 0022 38B9     		cbnz	r0, .L58
1207:Drivers/STM32F4/Drivers/STM32F4xx_HAL_Driver/Src/stm32f4xx_hal_flash_ex.c **** 
 579              		.loc 1 1207 5 is_stmt 1 view .LVU115
1207:Drivers/STM32F4/Drivers/STM32F4xx_HAL_Driver/Src/stm32f4xx_hal_flash_ex.c **** 
 580              		.loc 1 1207 66 is_stmt 0 view .LVU116
 581 0024 0D4A     		ldr	r2, .L63
 582 0026 137D     		ldrb	r3, [r2, #20]	@ zero_extendqisi2
1207:Drivers/STM32F4/Drivers/STM32F4xx_HAL_Driver/Src/stm32f4xx_hal_flash_ex.c **** 
 583              		.loc 1 1207 15 view .LVU117
 584 0028 03F01F03 		and	r3, r3, #31
 585              	.LVL44:
1210:Drivers/STM32F4/Drivers/STM32F4xx_HAL_Driver/Src/stm32f4xx_hal_flash_ex.c ****   }
 586              		.loc 1 1210 5 is_stmt 1 view .LVU118
1210:Drivers/STM32F4/Drivers/STM32F4xx_HAL_Driver/Src/stm32f4xx_hal_flash_ex.c ****   }
 587              		.loc 1 1210 69 is_stmt 0 view .LVU119
 588 002c 1C43     		orrs	r4, r4, r3
 589              	.LVL45:
1210:Drivers/STM32F4/Drivers/STM32F4xx_HAL_Driver/Src/stm32f4xx_hal_flash_ex.c ****   }
 590              		.loc 1 1210 51 view .LVU120
 591 002e 3443     		orrs	r4, r4, r6
1210:Drivers/STM32F4/Drivers/STM32F4xx_HAL_Driver/Src/stm32f4xx_hal_flash_ex.c ****   }
 592              		.loc 1 1210 42 view .LVU121
 593 0030 2C43     		orrs	r4, r4, r5
 594 0032 1475     		strb	r4, [r2, #20]
 595              	.LVL46:
 596              	.L58:
1213:Drivers/STM32F4/Drivers/STM32F4xx_HAL_Driver/Src/stm32f4xx_hal_flash_ex.c **** }
 597              		.loc 1 1213 3 is_stmt 1 view .LVU122
1214:Drivers/STM32F4/Drivers/STM32F4xx_HAL_Driver/Src/stm32f4xx_hal_flash_ex.c **** 
 598              		.loc 1 1214 1 is_stmt 0 view .LVU123
 599 0034 70BD     		pop	{r4, r5, r6, pc}
 600              	.LVL47:
 601              	.L60:
1197:Drivers/STM32F4/Drivers/STM32F4xx_HAL_Driver/Src/stm32f4xx_hal_flash_ex.c ****   assert_param(IS_OB_STOP_SOURCE(Stop));
 602              		.loc 1 1197 3 discriminator 2 view .LVU124
 603 0036 40F2AD41 		movw	r1, #1197
 604              	.LVL48:
ARM GAS  /tmp/ccPeWH4r.s 			page 36


1197:Drivers/STM32F4/Drivers/STM32F4xx_HAL_Driver/Src/stm32f4xx_hal_flash_ex.c ****   assert_param(IS_OB_STOP_SOURCE(Stop));
 605              		.loc 1 1197 3 discriminator 2 view .LVU125
 606 003a 0948     		ldr	r0, .L63+4
 607              	.LVL49:
1197:Drivers/STM32F4/Drivers/STM32F4xx_HAL_Driver/Src/stm32f4xx_hal_flash_ex.c ****   assert_param(IS_OB_STOP_SOURCE(Stop));
 608              		.loc 1 1197 3 discriminator 2 view .LVU126
 609 003c FFF7FEFF 		bl	assert_failed
 610              	.LVL50:
1197:Drivers/STM32F4/Drivers/STM32F4xx_HAL_Driver/Src/stm32f4xx_hal_flash_ex.c ****   assert_param(IS_OB_STOP_SOURCE(Stop));
 611              		.loc 1 1197 3 discriminator 2 view .LVU127
 612 0040 E5E7     		b	.L55
 613              	.L61:
1198:Drivers/STM32F4/Drivers/STM32F4xx_HAL_Driver/Src/stm32f4xx_hal_flash_ex.c ****   assert_param(IS_OB_STDBY_SOURCE(Stdby));
 614              		.loc 1 1198 3 discriminator 2 view .LVU128
 615 0042 40F2AE41 		movw	r1, #1198
 616 0046 0648     		ldr	r0, .L63+4
 617 0048 FFF7FEFF 		bl	assert_failed
 618              	.LVL51:
 619 004c E2E7     		b	.L56
 620              	.L62:
1199:Drivers/STM32F4/Drivers/STM32F4xx_HAL_Driver/Src/stm32f4xx_hal_flash_ex.c **** 
 621              		.loc 1 1199 3 discriminator 2 view .LVU129
 622 004e 40F2AF41 		movw	r1, #1199
 623 0052 0348     		ldr	r0, .L63+4
 624 0054 FFF7FEFF 		bl	assert_failed
 625              	.LVL52:
 626 0058 DFE7     		b	.L57
 627              	.L64:
 628 005a 00BF     		.align	2
 629              	.L63:
 630 005c 003C0240 		.word	1073888256
 631 0060 00000000 		.word	.LC0
 632              		.cfi_endproc
 633              	.LFE248:
 635              		.section	.text.HAL_FLASHEx_OBProgram,"ax",%progbits
 636              		.align	1
 637              		.global	HAL_FLASHEx_OBProgram
 638              		.syntax unified
 639              		.thumb
 640              		.thumb_func
 642              	HAL_FLASHEx_OBProgram:
 643              	.LVL53:
 644              	.LFB241:
 282:Drivers/STM32F4/Drivers/STM32F4xx_HAL_Driver/Src/stm32f4xx_hal_flash_ex.c ****   HAL_StatusTypeDef status = HAL_ERROR;
 645              		.loc 1 282 1 is_stmt 1 view -0
 646              		.cfi_startproc
 647              		@ args = 0, pretend = 0, frame = 0
 648              		@ frame_needed = 0, uses_anonymous_args = 0
 283:Drivers/STM32F4/Drivers/STM32F4xx_HAL_Driver/Src/stm32f4xx_hal_flash_ex.c **** 
 649              		.loc 1 283 3 view .LVU131
 286:Drivers/STM32F4/Drivers/STM32F4xx_HAL_Driver/Src/stm32f4xx_hal_flash_ex.c **** 
 650              		.loc 1 286 3 view .LVU132
 286:Drivers/STM32F4/Drivers/STM32F4xx_HAL_Driver/Src/stm32f4xx_hal_flash_ex.c **** 
 651              		.loc 1 286 3 view .LVU133
 652 0000 284B     		ldr	r3, .L86
 653 0002 1B7E     		ldrb	r3, [r3, #24]	@ zero_extendqisi2
 654 0004 012B     		cmp	r3, #1
ARM GAS  /tmp/ccPeWH4r.s 			page 37


 655 0006 4AD0     		beq	.L74
 282:Drivers/STM32F4/Drivers/STM32F4xx_HAL_Driver/Src/stm32f4xx_hal_flash_ex.c ****   HAL_StatusTypeDef status = HAL_ERROR;
 656              		.loc 1 282 1 is_stmt 0 view .LVU134
 657 0008 10B5     		push	{r4, lr}
 658              	.LCFI6:
 659              		.cfi_def_cfa_offset 8
 660              		.cfi_offset 4, -8
 661              		.cfi_offset 14, -4
 662 000a 0446     		mov	r4, r0
 286:Drivers/STM32F4/Drivers/STM32F4xx_HAL_Driver/Src/stm32f4xx_hal_flash_ex.c **** 
 663              		.loc 1 286 3 is_stmt 1 discriminator 2 view .LVU135
 664 000c 254B     		ldr	r3, .L86
 665 000e 0122     		movs	r2, #1
 666 0010 1A76     		strb	r2, [r3, #24]
 286:Drivers/STM32F4/Drivers/STM32F4xx_HAL_Driver/Src/stm32f4xx_hal_flash_ex.c **** 
 667              		.loc 1 286 3 discriminator 2 view .LVU136
 289:Drivers/STM32F4/Drivers/STM32F4xx_HAL_Driver/Src/stm32f4xx_hal_flash_ex.c **** 
 668              		.loc 1 289 3 view .LVU137
 669 0012 0368     		ldr	r3, [r0]
 670 0014 0F2B     		cmp	r3, #15
 671 0016 0ED8     		bhi	.L80
 672              	.LVL54:
 673              	.L67:
 292:Drivers/STM32F4/Drivers/STM32F4xx_HAL_Driver/Src/stm32f4xx_hal_flash_ex.c ****   {
 674              		.loc 1 292 3 view .LVU138
 292:Drivers/STM32F4/Drivers/STM32F4xx_HAL_Driver/Src/stm32f4xx_hal_flash_ex.c ****   {
 675              		.loc 1 292 15 is_stmt 0 view .LVU139
 676 0018 2368     		ldr	r3, [r4]
 292:Drivers/STM32F4/Drivers/STM32F4xx_HAL_Driver/Src/stm32f4xx_hal_flash_ex.c ****   {
 677              		.loc 1 292 6 view .LVU140
 678 001a 13F0010F 		tst	r3, #1
 679 001e 1BD0     		beq	.L75
 294:Drivers/STM32F4/Drivers/STM32F4xx_HAL_Driver/Src/stm32f4xx_hal_flash_ex.c ****     if (pOBInit->WRPState == OB_WRPSTATE_ENABLE)
 680              		.loc 1 294 5 is_stmt 1 view .LVU141
 681 0020 6368     		ldr	r3, [r4, #4]
 682 0022 012B     		cmp	r3, #1
 683 0024 0DD8     		bhi	.L81
 684              	.L69:
 295:Drivers/STM32F4/Drivers/STM32F4xx_HAL_Driver/Src/stm32f4xx_hal_flash_ex.c ****     {
 685              		.loc 1 295 5 view .LVU142
 295:Drivers/STM32F4/Drivers/STM32F4xx_HAL_Driver/Src/stm32f4xx_hal_flash_ex.c ****     {
 686              		.loc 1 295 16 is_stmt 0 view .LVU143
 687 0026 6368     		ldr	r3, [r4, #4]
 295:Drivers/STM32F4/Drivers/STM32F4xx_HAL_Driver/Src/stm32f4xx_hal_flash_ex.c ****     {
 688              		.loc 1 295 8 view .LVU144
 689 0028 012B     		cmp	r3, #1
 690 002a 10D0     		beq	.L82
 303:Drivers/STM32F4/Drivers/STM32F4xx_HAL_Driver/Src/stm32f4xx_hal_flash_ex.c ****     }
 691              		.loc 1 303 7 is_stmt 1 view .LVU145
 303:Drivers/STM32F4/Drivers/STM32F4xx_HAL_Driver/Src/stm32f4xx_hal_flash_ex.c ****     }
 692              		.loc 1 303 16 is_stmt 0 view .LVU146
 693 002c E168     		ldr	r1, [r4, #12]
 694 002e A068     		ldr	r0, [r4, #8]
 695 0030 FFF7FEFF 		bl	FLASH_OB_DisableWRP
 696              	.LVL55:
 303:Drivers/STM32F4/Drivers/STM32F4xx_HAL_Driver/Src/stm32f4xx_hal_flash_ex.c ****     }
 697              		.loc 1 303 16 view .LVU147
ARM GAS  /tmp/ccPeWH4r.s 			page 38


 698 0034 11E0     		b	.L68
 699              	.LVL56:
 700              	.L80:
 289:Drivers/STM32F4/Drivers/STM32F4xx_HAL_Driver/Src/stm32f4xx_hal_flash_ex.c **** 
 701              		.loc 1 289 3 discriminator 1 view .LVU148
 702 0036 40F22111 		movw	r1, #289
 703 003a 1B48     		ldr	r0, .L86+4
 704              	.LVL57:
 289:Drivers/STM32F4/Drivers/STM32F4xx_HAL_Driver/Src/stm32f4xx_hal_flash_ex.c **** 
 705              		.loc 1 289 3 discriminator 1 view .LVU149
 706 003c FFF7FEFF 		bl	assert_failed
 707              	.LVL58:
 708 0040 EAE7     		b	.L67
 709              	.L81:
 294:Drivers/STM32F4/Drivers/STM32F4xx_HAL_Driver/Src/stm32f4xx_hal_flash_ex.c ****     if (pOBInit->WRPState == OB_WRPSTATE_ENABLE)
 710              		.loc 1 294 5 discriminator 1 view .LVU150
 711 0042 4FF49371 		mov	r1, #294
 712 0046 1848     		ldr	r0, .L86+4
 713 0048 FFF7FEFF 		bl	assert_failed
 714              	.LVL59:
 715 004c EBE7     		b	.L69
 716              	.L82:
 298:Drivers/STM32F4/Drivers/STM32F4xx_HAL_Driver/Src/stm32f4xx_hal_flash_ex.c ****     }
 717              		.loc 1 298 7 is_stmt 1 view .LVU151
 298:Drivers/STM32F4/Drivers/STM32F4xx_HAL_Driver/Src/stm32f4xx_hal_flash_ex.c ****     }
 718              		.loc 1 298 16 is_stmt 0 view .LVU152
 719 004e E168     		ldr	r1, [r4, #12]
 720 0050 A068     		ldr	r0, [r4, #8]
 721 0052 FFF7FEFF 		bl	FLASH_OB_EnableWRP
 722              	.LVL60:
 298:Drivers/STM32F4/Drivers/STM32F4xx_HAL_Driver/Src/stm32f4xx_hal_flash_ex.c ****     }
 723              		.loc 1 298 16 view .LVU153
 724 0056 00E0     		b	.L68
 725              	.LVL61:
 726              	.L75:
 283:Drivers/STM32F4/Drivers/STM32F4xx_HAL_Driver/Src/stm32f4xx_hal_flash_ex.c **** 
 727              		.loc 1 283 21 view .LVU154
 728 0058 0120     		movs	r0, #1
 729              	.LVL62:
 730              	.L68:
 308:Drivers/STM32F4/Drivers/STM32F4xx_HAL_Driver/Src/stm32f4xx_hal_flash_ex.c ****   {
 731              		.loc 1 308 3 is_stmt 1 view .LVU155
 308:Drivers/STM32F4/Drivers/STM32F4xx_HAL_Driver/Src/stm32f4xx_hal_flash_ex.c ****   {
 732              		.loc 1 308 15 is_stmt 0 view .LVU156
 733 005a 2368     		ldr	r3, [r4]
 308:Drivers/STM32F4/Drivers/STM32F4xx_HAL_Driver/Src/stm32f4xx_hal_flash_ex.c ****   {
 734              		.loc 1 308 6 view .LVU157
 735 005c 13F0020F 		tst	r3, #2
 736 0060 0BD1     		bne	.L83
 737              	.L71:
 314:Drivers/STM32F4/Drivers/STM32F4xx_HAL_Driver/Src/stm32f4xx_hal_flash_ex.c ****   {
 738              		.loc 1 314 3 is_stmt 1 view .LVU158
 314:Drivers/STM32F4/Drivers/STM32F4xx_HAL_Driver/Src/stm32f4xx_hal_flash_ex.c ****   {
 739              		.loc 1 314 15 is_stmt 0 view .LVU159
 740 0062 2368     		ldr	r3, [r4]
 314:Drivers/STM32F4/Drivers/STM32F4xx_HAL_Driver/Src/stm32f4xx_hal_flash_ex.c ****   {
 741              		.loc 1 314 6 view .LVU160
ARM GAS  /tmp/ccPeWH4r.s 			page 39


 742 0064 13F0040F 		tst	r3, #4
 743 0068 0BD1     		bne	.L84
 744              	.L72:
 322:Drivers/STM32F4/Drivers/STM32F4xx_HAL_Driver/Src/stm32f4xx_hal_flash_ex.c ****   {
 745              		.loc 1 322 3 is_stmt 1 view .LVU161
 322:Drivers/STM32F4/Drivers/STM32F4xx_HAL_Driver/Src/stm32f4xx_hal_flash_ex.c ****   {
 746              		.loc 1 322 15 is_stmt 0 view .LVU162
 747 006a 2368     		ldr	r3, [r4]
 322:Drivers/STM32F4/Drivers/STM32F4xx_HAL_Driver/Src/stm32f4xx_hal_flash_ex.c ****   {
 748              		.loc 1 322 6 view .LVU163
 749 006c 13F0080F 		tst	r3, #8
 750 0070 11D1     		bne	.L85
 751              	.L73:
 328:Drivers/STM32F4/Drivers/STM32F4xx_HAL_Driver/Src/stm32f4xx_hal_flash_ex.c **** 
 752              		.loc 1 328 3 is_stmt 1 view .LVU164
 328:Drivers/STM32F4/Drivers/STM32F4xx_HAL_Driver/Src/stm32f4xx_hal_flash_ex.c **** 
 753              		.loc 1 328 3 view .LVU165
 754 0072 0C4B     		ldr	r3, .L86
 755 0074 0022     		movs	r2, #0
 756 0076 1A76     		strb	r2, [r3, #24]
 328:Drivers/STM32F4/Drivers/STM32F4xx_HAL_Driver/Src/stm32f4xx_hal_flash_ex.c **** 
 757              		.loc 1 328 3 view .LVU166
 330:Drivers/STM32F4/Drivers/STM32F4xx_HAL_Driver/Src/stm32f4xx_hal_flash_ex.c **** }
 758              		.loc 1 330 3 view .LVU167
 331:Drivers/STM32F4/Drivers/STM32F4xx_HAL_Driver/Src/stm32f4xx_hal_flash_ex.c **** 
 759              		.loc 1 331 1 is_stmt 0 view .LVU168
 760 0078 10BD     		pop	{r4, pc}
 761              	.LVL63:
 762              	.L83:
 310:Drivers/STM32F4/Drivers/STM32F4xx_HAL_Driver/Src/stm32f4xx_hal_flash_ex.c ****   }
 763              		.loc 1 310 5 is_stmt 1 view .LVU169
 310:Drivers/STM32F4/Drivers/STM32F4xx_HAL_Driver/Src/stm32f4xx_hal_flash_ex.c ****   }
 764              		.loc 1 310 14 is_stmt 0 view .LVU170
 765 007a 207C     		ldrb	r0, [r4, #16]	@ zero_extendqisi2
 766              	.LVL64:
 310:Drivers/STM32F4/Drivers/STM32F4xx_HAL_Driver/Src/stm32f4xx_hal_flash_ex.c ****   }
 767              		.loc 1 310 14 view .LVU171
 768 007c FFF7FEFF 		bl	FLASH_OB_RDP_LevelConfig
 769              	.LVL65:
 310:Drivers/STM32F4/Drivers/STM32F4xx_HAL_Driver/Src/stm32f4xx_hal_flash_ex.c ****   }
 770              		.loc 1 310 14 view .LVU172
 771 0080 EFE7     		b	.L71
 772              	.L84:
 316:Drivers/STM32F4/Drivers/STM32F4xx_HAL_Driver/Src/stm32f4xx_hal_flash_ex.c ****                                  pOBInit->USERConfig & OB_STOP_NO_RST,
 773              		.loc 1 316 5 is_stmt 1 view .LVU173
 316:Drivers/STM32F4/Drivers/STM32F4xx_HAL_Driver/Src/stm32f4xx_hal_flash_ex.c ****                                  pOBInit->USERConfig & OB_STOP_NO_RST,
 774              		.loc 1 316 41 is_stmt 0 view .LVU174
 775 0082 207E     		ldrb	r0, [r4, #24]	@ zero_extendqisi2
 776              	.LVL66:
 316:Drivers/STM32F4/Drivers/STM32F4xx_HAL_Driver/Src/stm32f4xx_hal_flash_ex.c ****                                  pOBInit->USERConfig & OB_STOP_NO_RST,
 777              		.loc 1 316 14 view .LVU175
 778 0084 00F08002 		and	r2, r0, #128
 779 0088 00F04001 		and	r1, r0, #64
 780 008c 00F02000 		and	r0, r0, #32
 781 0090 FFF7FEFF 		bl	FLASH_OB_UserConfig
 782              	.LVL67:
 316:Drivers/STM32F4/Drivers/STM32F4xx_HAL_Driver/Src/stm32f4xx_hal_flash_ex.c ****                                  pOBInit->USERConfig & OB_STOP_NO_RST,
ARM GAS  /tmp/ccPeWH4r.s 			page 40


 783              		.loc 1 316 14 view .LVU176
 784 0094 E9E7     		b	.L72
 785              	.L85:
 324:Drivers/STM32F4/Drivers/STM32F4xx_HAL_Driver/Src/stm32f4xx_hal_flash_ex.c ****   }
 786              		.loc 1 324 5 is_stmt 1 view .LVU177
 324:Drivers/STM32F4/Drivers/STM32F4xx_HAL_Driver/Src/stm32f4xx_hal_flash_ex.c ****   }
 787              		.loc 1 324 14 is_stmt 0 view .LVU178
 788 0096 207D     		ldrb	r0, [r4, #20]	@ zero_extendqisi2
 789              	.LVL68:
 324:Drivers/STM32F4/Drivers/STM32F4xx_HAL_Driver/Src/stm32f4xx_hal_flash_ex.c ****   }
 790              		.loc 1 324 14 view .LVU179
 791 0098 FFF7FEFF 		bl	FLASH_OB_BOR_LevelConfig
 792              	.LVL69:
 324:Drivers/STM32F4/Drivers/STM32F4xx_HAL_Driver/Src/stm32f4xx_hal_flash_ex.c ****   }
 793              		.loc 1 324 14 view .LVU180
 794 009c E9E7     		b	.L73
 795              	.LVL70:
 796              	.L74:
 797              	.LCFI7:
 798              		.cfi_def_cfa_offset 0
 799              		.cfi_restore 4
 800              		.cfi_restore 14
 286:Drivers/STM32F4/Drivers/STM32F4xx_HAL_Driver/Src/stm32f4xx_hal_flash_ex.c **** 
 801              		.loc 1 286 3 discriminator 1 view .LVU181
 802 009e 0220     		movs	r0, #2
 803              	.LVL71:
 331:Drivers/STM32F4/Drivers/STM32F4xx_HAL_Driver/Src/stm32f4xx_hal_flash_ex.c **** 
 804              		.loc 1 331 1 view .LVU182
 805 00a0 7047     		bx	lr
 806              	.L87:
 807 00a2 00BF     		.align	2
 808              	.L86:
 809 00a4 00000000 		.word	pFlash
 810 00a8 00000000 		.word	.LC0
 811              		.cfi_endproc
 812              	.LFE241:
 814              		.section	.text.HAL_FLASHEx_OBGetConfig,"ax",%progbits
 815              		.align	1
 816              		.global	HAL_FLASHEx_OBGetConfig
 817              		.syntax unified
 818              		.thumb
 819              		.thumb_func
 821              	HAL_FLASHEx_OBGetConfig:
 822              	.LVL72:
 823              	.LFB242:
 341:Drivers/STM32F4/Drivers/STM32F4xx_HAL_Driver/Src/stm32f4xx_hal_flash_ex.c ****   pOBInit->OptionType = OPTIONBYTE_WRP | OPTIONBYTE_RDP | OPTIONBYTE_USER | OPTIONBYTE_BOR;
 824              		.loc 1 341 1 is_stmt 1 view -0
 825              		.cfi_startproc
 826              		@ args = 0, pretend = 0, frame = 0
 827              		@ frame_needed = 0, uses_anonymous_args = 0
 341:Drivers/STM32F4/Drivers/STM32F4xx_HAL_Driver/Src/stm32f4xx_hal_flash_ex.c ****   pOBInit->OptionType = OPTIONBYTE_WRP | OPTIONBYTE_RDP | OPTIONBYTE_USER | OPTIONBYTE_BOR;
 828              		.loc 1 341 1 is_stmt 0 view .LVU184
 829 0000 10B5     		push	{r4, lr}
 830              	.LCFI8:
 831              		.cfi_def_cfa_offset 8
 832              		.cfi_offset 4, -8
 833              		.cfi_offset 14, -4
ARM GAS  /tmp/ccPeWH4r.s 			page 41


 834 0002 0446     		mov	r4, r0
 342:Drivers/STM32F4/Drivers/STM32F4xx_HAL_Driver/Src/stm32f4xx_hal_flash_ex.c **** 
 835              		.loc 1 342 3 is_stmt 1 view .LVU185
 342:Drivers/STM32F4/Drivers/STM32F4xx_HAL_Driver/Src/stm32f4xx_hal_flash_ex.c **** 
 836              		.loc 1 342 23 is_stmt 0 view .LVU186
 837 0004 0F23     		movs	r3, #15
 838 0006 0360     		str	r3, [r0]
 345:Drivers/STM32F4/Drivers/STM32F4xx_HAL_Driver/Src/stm32f4xx_hal_flash_ex.c **** 
 839              		.loc 1 345 3 is_stmt 1 view .LVU187
 345:Drivers/STM32F4/Drivers/STM32F4xx_HAL_Driver/Src/stm32f4xx_hal_flash_ex.c **** 
 840              		.loc 1 345 34 is_stmt 0 view .LVU188
 841 0008 FFF7FEFF 		bl	FLASH_OB_GetWRP
 842              	.LVL73:
 345:Drivers/STM32F4/Drivers/STM32F4xx_HAL_Driver/Src/stm32f4xx_hal_flash_ex.c **** 
 843              		.loc 1 345 22 discriminator 1 view .LVU189
 844 000c A060     		str	r0, [r4, #8]
 348:Drivers/STM32F4/Drivers/STM32F4xx_HAL_Driver/Src/stm32f4xx_hal_flash_ex.c **** 
 845              		.loc 1 348 3 is_stmt 1 view .LVU190
 348:Drivers/STM32F4/Drivers/STM32F4xx_HAL_Driver/Src/stm32f4xx_hal_flash_ex.c **** 
 846              		.loc 1 348 33 is_stmt 0 view .LVU191
 847 000e FFF7FEFF 		bl	FLASH_OB_GetRDP
 848              	.LVL74:
 348:Drivers/STM32F4/Drivers/STM32F4xx_HAL_Driver/Src/stm32f4xx_hal_flash_ex.c **** 
 849              		.loc 1 348 21 discriminator 1 view .LVU192
 850 0012 2061     		str	r0, [r4, #16]
 351:Drivers/STM32F4/Drivers/STM32F4xx_HAL_Driver/Src/stm32f4xx_hal_flash_ex.c **** 
 851              		.loc 1 351 3 is_stmt 1 view .LVU193
 351:Drivers/STM32F4/Drivers/STM32F4xx_HAL_Driver/Src/stm32f4xx_hal_flash_ex.c **** 
 852              		.loc 1 351 34 is_stmt 0 view .LVU194
 853 0014 FFF7FEFF 		bl	FLASH_OB_GetUser
 854              	.LVL75:
 351:Drivers/STM32F4/Drivers/STM32F4xx_HAL_Driver/Src/stm32f4xx_hal_flash_ex.c **** 
 855              		.loc 1 351 23 discriminator 1 view .LVU195
 856 0018 2076     		strb	r0, [r4, #24]
 354:Drivers/STM32F4/Drivers/STM32F4xx_HAL_Driver/Src/stm32f4xx_hal_flash_ex.c **** }
 857              		.loc 1 354 3 is_stmt 1 view .LVU196
 354:Drivers/STM32F4/Drivers/STM32F4xx_HAL_Driver/Src/stm32f4xx_hal_flash_ex.c **** }
 858              		.loc 1 354 33 is_stmt 0 view .LVU197
 859 001a FFF7FEFF 		bl	FLASH_OB_GetBOR
 860              	.LVL76:
 354:Drivers/STM32F4/Drivers/STM32F4xx_HAL_Driver/Src/stm32f4xx_hal_flash_ex.c **** }
 861              		.loc 1 354 21 discriminator 1 view .LVU198
 862 001e 6061     		str	r0, [r4, #20]
 355:Drivers/STM32F4/Drivers/STM32F4xx_HAL_Driver/Src/stm32f4xx_hal_flash_ex.c **** 
 863              		.loc 1 355 1 view .LVU199
 864 0020 10BD     		pop	{r4, pc}
 355:Drivers/STM32F4/Drivers/STM32F4xx_HAL_Driver/Src/stm32f4xx_hal_flash_ex.c **** 
 865              		.loc 1 355 1 view .LVU200
 866              		.cfi_endproc
 867              	.LFE242:
 869              		.section	.text.FLASH_Erase_Sector,"ax",%progbits
 870              		.align	1
 871              		.global	FLASH_Erase_Sector
 872              		.syntax unified
 873              		.thumb
 874              		.thumb_func
 876              	FLASH_Erase_Sector:
ARM GAS  /tmp/ccPeWH4r.s 			page 42


 877              	.LVL77:
 878              	.LFB244:
 978:Drivers/STM32F4/Drivers/STM32F4xx_HAL_Driver/Src/stm32f4xx_hal_flash_ex.c ****   uint32_t tmp_psize = 0U;
 879              		.loc 1 978 1 is_stmt 1 view -0
 880              		.cfi_startproc
 881              		@ args = 0, pretend = 0, frame = 0
 882              		@ frame_needed = 0, uses_anonymous_args = 0
 978:Drivers/STM32F4/Drivers/STM32F4xx_HAL_Driver/Src/stm32f4xx_hal_flash_ex.c ****   uint32_t tmp_psize = 0U;
 883              		.loc 1 978 1 is_stmt 0 view .LVU202
 884 0000 38B5     		push	{r3, r4, r5, lr}
 885              	.LCFI9:
 886              		.cfi_def_cfa_offset 16
 887              		.cfi_offset 3, -16
 888              		.cfi_offset 4, -12
 889              		.cfi_offset 5, -8
 890              		.cfi_offset 14, -4
 891 0002 0546     		mov	r5, r0
 892 0004 0C46     		mov	r4, r1
 979:Drivers/STM32F4/Drivers/STM32F4xx_HAL_Driver/Src/stm32f4xx_hal_flash_ex.c **** 
 893              		.loc 1 979 3 is_stmt 1 view .LVU203
 894              	.LVL78:
 982:Drivers/STM32F4/Drivers/STM32F4xx_HAL_Driver/Src/stm32f4xx_hal_flash_ex.c ****   assert_param(IS_VOLTAGERANGE(VoltageRange));
 895              		.loc 1 982 3 view .LVU204
 896 0006 0B28     		cmp	r0, #11
 897 0008 08D8     		bhi	.L98
 898              	.LVL79:
 899              	.L91:
 983:Drivers/STM32F4/Drivers/STM32F4xx_HAL_Driver/Src/stm32f4xx_hal_flash_ex.c **** 
 900              		.loc 1 983 3 view .LVU205
 901 000a 032C     		cmp	r4, #3
 902 000c 0CD8     		bhi	.L99
 903              	.L92:
 985:Drivers/STM32F4/Drivers/STM32F4xx_HAL_Driver/Src/stm32f4xx_hal_flash_ex.c ****   {
 904              		.loc 1 985 3 view .LVU206
 905 000e 012C     		cmp	r4, #1
 906 0010 10D0     		beq	.L94
 907 0012 022C     		cmp	r4, #2
 908 0014 11D0     		beq	.L95
 909 0016 4CBB     		cbnz	r4, .L96
 978:Drivers/STM32F4/Drivers/STM32F4xx_HAL_Driver/Src/stm32f4xx_hal_flash_ex.c ****   uint32_t tmp_psize = 0U;
 910              		.loc 1 978 1 is_stmt 0 view .LVU207
 911 0018 0021     		movs	r1, #0
 912 001a 10E0     		b	.L93
 913              	.LVL80:
 914              	.L98:
 982:Drivers/STM32F4/Drivers/STM32F4xx_HAL_Driver/Src/stm32f4xx_hal_flash_ex.c ****   assert_param(IS_VOLTAGERANGE(VoltageRange));
 915              		.loc 1 982 3 discriminator 1 view .LVU208
 916 001c 40F2D631 		movw	r1, #982
 917              	.LVL81:
 982:Drivers/STM32F4/Drivers/STM32F4xx_HAL_Driver/Src/stm32f4xx_hal_flash_ex.c ****   assert_param(IS_VOLTAGERANGE(VoltageRange));
 918              		.loc 1 982 3 discriminator 1 view .LVU209
 919 0020 1448     		ldr	r0, .L100
 920              	.LVL82:
 982:Drivers/STM32F4/Drivers/STM32F4xx_HAL_Driver/Src/stm32f4xx_hal_flash_ex.c ****   assert_param(IS_VOLTAGERANGE(VoltageRange));
 921              		.loc 1 982 3 discriminator 1 view .LVU210
 922 0022 FFF7FEFF 		bl	assert_failed
 923              	.LVL83:
ARM GAS  /tmp/ccPeWH4r.s 			page 43


 924 0026 F0E7     		b	.L91
 925              	.L99:
 983:Drivers/STM32F4/Drivers/STM32F4xx_HAL_Driver/Src/stm32f4xx_hal_flash_ex.c **** 
 926              		.loc 1 983 3 discriminator 1 view .LVU211
 927 0028 40F2D731 		movw	r1, #983
 928 002c 1148     		ldr	r0, .L100
 929 002e FFF7FEFF 		bl	assert_failed
 930              	.LVL84:
 931 0032 ECE7     		b	.L92
 932              	.L94:
 978:Drivers/STM32F4/Drivers/STM32F4xx_HAL_Driver/Src/stm32f4xx_hal_flash_ex.c ****   uint32_t tmp_psize = 0U;
 933              		.loc 1 978 1 view .LVU212
 934 0034 4FF48071 		mov	r1, #256
 935 0038 01E0     		b	.L93
 936              	.L95:
 937 003a 4FF40071 		mov	r1, #512
 938              	.L93:
 939              	.LVL85:
1003:Drivers/STM32F4/Drivers/STM32F4xx_HAL_Driver/Src/stm32f4xx_hal_flash_ex.c ****   FLASH->CR |= tmp_psize;
 940              		.loc 1 1003 3 is_stmt 1 view .LVU213
 941 003e 0E4B     		ldr	r3, .L100+4
 942 0040 1A69     		ldr	r2, [r3, #16]
 943 0042 22F44072 		bic	r2, r2, #768
 944 0046 1A61     		str	r2, [r3, #16]
1004:Drivers/STM32F4/Drivers/STM32F4xx_HAL_Driver/Src/stm32f4xx_hal_flash_ex.c ****   CLEAR_BIT(FLASH->CR, FLASH_CR_SNB);
 945              		.loc 1 1004 3 view .LVU214
1004:Drivers/STM32F4/Drivers/STM32F4xx_HAL_Driver/Src/stm32f4xx_hal_flash_ex.c ****   CLEAR_BIT(FLASH->CR, FLASH_CR_SNB);
 946              		.loc 1 1004 8 is_stmt 0 view .LVU215
 947 0048 1A69     		ldr	r2, [r3, #16]
1004:Drivers/STM32F4/Drivers/STM32F4xx_HAL_Driver/Src/stm32f4xx_hal_flash_ex.c ****   CLEAR_BIT(FLASH->CR, FLASH_CR_SNB);
 948              		.loc 1 1004 13 view .LVU216
 949 004a 0A43     		orrs	r2, r2, r1
 950 004c 1A61     		str	r2, [r3, #16]
1005:Drivers/STM32F4/Drivers/STM32F4xx_HAL_Driver/Src/stm32f4xx_hal_flash_ex.c ****   FLASH->CR |= FLASH_CR_SER | (Sector << FLASH_CR_SNB_Pos);
 951              		.loc 1 1005 3 is_stmt 1 view .LVU217
 952 004e 1A69     		ldr	r2, [r3, #16]
 953 0050 22F07802 		bic	r2, r2, #120
 954 0054 1A61     		str	r2, [r3, #16]
1006:Drivers/STM32F4/Drivers/STM32F4xx_HAL_Driver/Src/stm32f4xx_hal_flash_ex.c ****   FLASH->CR |= FLASH_CR_STRT;
 955              		.loc 1 1006 3 view .LVU218
1006:Drivers/STM32F4/Drivers/STM32F4xx_HAL_Driver/Src/stm32f4xx_hal_flash_ex.c ****   FLASH->CR |= FLASH_CR_STRT;
 956              		.loc 1 1006 8 is_stmt 0 view .LVU219
 957 0056 1869     		ldr	r0, [r3, #16]
1006:Drivers/STM32F4/Drivers/STM32F4xx_HAL_Driver/Src/stm32f4xx_hal_flash_ex.c ****   FLASH->CR |= FLASH_CR_STRT;
 958              		.loc 1 1006 13 view .LVU220
 959 0058 40EAC500 		orr	r0, r0, r5, lsl #3
 960 005c 40F00200 		orr	r0, r0, #2
 961 0060 1861     		str	r0, [r3, #16]
1007:Drivers/STM32F4/Drivers/STM32F4xx_HAL_Driver/Src/stm32f4xx_hal_flash_ex.c **** }
 962              		.loc 1 1007 3 is_stmt 1 view .LVU221
1007:Drivers/STM32F4/Drivers/STM32F4xx_HAL_Driver/Src/stm32f4xx_hal_flash_ex.c **** }
 963              		.loc 1 1007 8 is_stmt 0 view .LVU222
 964 0062 1A69     		ldr	r2, [r3, #16]
1007:Drivers/STM32F4/Drivers/STM32F4xx_HAL_Driver/Src/stm32f4xx_hal_flash_ex.c **** }
 965              		.loc 1 1007 13 view .LVU223
 966 0064 42F48032 		orr	r2, r2, #65536
 967 0068 1A61     		str	r2, [r3, #16]
ARM GAS  /tmp/ccPeWH4r.s 			page 44


1008:Drivers/STM32F4/Drivers/STM32F4xx_HAL_Driver/Src/stm32f4xx_hal_flash_ex.c **** 
 968              		.loc 1 1008 1 view .LVU224
 969 006a 38BD     		pop	{r3, r4, r5, pc}
 970              	.LVL86:
 971              	.L96:
 978:Drivers/STM32F4/Drivers/STM32F4xx_HAL_Driver/Src/stm32f4xx_hal_flash_ex.c ****   uint32_t tmp_psize = 0U;
 972              		.loc 1 978 1 view .LVU225
 973 006c 4FF44071 		mov	r1, #768
 974 0070 E5E7     		b	.L93
 975              	.L101:
 976 0072 00BF     		.align	2
 977              	.L100:
 978 0074 00000000 		.word	.LC0
 979 0078 003C0240 		.word	1073888256
 980              		.cfi_endproc
 981              	.LFE244:
 983              		.section	.text.HAL_FLASHEx_Erase_IT,"ax",%progbits
 984              		.align	1
 985              		.global	HAL_FLASHEx_Erase_IT
 986              		.syntax unified
 987              		.thumb
 988              		.thumb_func
 990              	HAL_FLASHEx_Erase_IT:
 991              	.LVL87:
 992              	.LFB240:
 232:Drivers/STM32F4/Drivers/STM32F4xx_HAL_Driver/Src/stm32f4xx_hal_flash_ex.c ****   HAL_StatusTypeDef status = HAL_OK;
 993              		.loc 1 232 1 is_stmt 1 view -0
 994              		.cfi_startproc
 995              		@ args = 0, pretend = 0, frame = 0
 996              		@ frame_needed = 0, uses_anonymous_args = 0
 232:Drivers/STM32F4/Drivers/STM32F4xx_HAL_Driver/Src/stm32f4xx_hal_flash_ex.c ****   HAL_StatusTypeDef status = HAL_OK;
 997              		.loc 1 232 1 is_stmt 0 view .LVU227
 998 0000 10B5     		push	{r4, lr}
 999              	.LCFI10:
 1000              		.cfi_def_cfa_offset 8
 1001              		.cfi_offset 4, -8
 1002              		.cfi_offset 14, -4
 1003 0002 0446     		mov	r4, r0
 233:Drivers/STM32F4/Drivers/STM32F4xx_HAL_Driver/Src/stm32f4xx_hal_flash_ex.c **** 
 1004              		.loc 1 233 3 is_stmt 1 view .LVU228
 1005              	.LVL88:
 236:Drivers/STM32F4/Drivers/STM32F4xx_HAL_Driver/Src/stm32f4xx_hal_flash_ex.c **** 
 1006              		.loc 1 236 3 view .LVU229
 1007 0004 0368     		ldr	r3, [r0]
 1008 0006 012B     		cmp	r3, #1
 1009 0008 21D8     		bhi	.L108
 1010              	.LVL89:
 1011              	.L103:
 239:Drivers/STM32F4/Drivers/STM32F4xx_HAL_Driver/Src/stm32f4xx_hal_flash_ex.c **** 
 1012              		.loc 1 239 3 view .LVU230
 1013 000a 1B4B     		ldr	r3, .L111
 1014 000c 1A69     		ldr	r2, [r3, #16]
 1015 000e 42F08072 		orr	r2, r2, #16777216
 1016 0012 1A61     		str	r2, [r3, #16]
 242:Drivers/STM32F4/Drivers/STM32F4xx_HAL_Driver/Src/stm32f4xx_hal_flash_ex.c **** 
 1017              		.loc 1 242 3 view .LVU231
 1018 0014 1A69     		ldr	r2, [r3, #16]
ARM GAS  /tmp/ccPeWH4r.s 			page 45


 1019 0016 42F00072 		orr	r2, r2, #33554432
 1020 001a 1A61     		str	r2, [r3, #16]
 245:Drivers/STM32F4/Drivers/STM32F4xx_HAL_Driver/Src/stm32f4xx_hal_flash_ex.c ****                          FLASH_FLAG_PGAERR | FLASH_FLAG_PGPERR | FLASH_FLAG_PGSERR);
 1021              		.loc 1 245 3 view .LVU232
 1022 001c F322     		movs	r2, #243
 1023 001e DA60     		str	r2, [r3, #12]
 248:Drivers/STM32F4/Drivers/STM32F4xx_HAL_Driver/Src/stm32f4xx_hal_flash_ex.c ****   {
 1024              		.loc 1 248 3 view .LVU233
 248:Drivers/STM32F4/Drivers/STM32F4xx_HAL_Driver/Src/stm32f4xx_hal_flash_ex.c ****   {
 1025              		.loc 1 248 17 is_stmt 0 view .LVU234
 1026 0020 2368     		ldr	r3, [r4]
 248:Drivers/STM32F4/Drivers/STM32F4xx_HAL_Driver/Src/stm32f4xx_hal_flash_ex.c ****   {
 1027              		.loc 1 248 6 view .LVU235
 1028 0022 012B     		cmp	r3, #1
 1029 0024 18D0     		beq	.L109
 260:Drivers/STM32F4/Drivers/STM32F4xx_HAL_Driver/Src/stm32f4xx_hal_flash_ex.c **** 
 1030              		.loc 1 260 5 is_stmt 1 view .LVU236
 1031 0026 E368     		ldr	r3, [r4, #12]
 1032 0028 A268     		ldr	r2, [r4, #8]
 1033 002a 1344     		add	r3, r3, r2
 1034 002c 013B     		subs	r3, r3, #1
 1035 002e 0B2B     		cmp	r3, #11
 1036 0030 1BD8     		bhi	.L110
 1037              	.L106:
 262:Drivers/STM32F4/Drivers/STM32F4xx_HAL_Driver/Src/stm32f4xx_hal_flash_ex.c ****     pFlash.NbSectorsToErase = pEraseInit->NbSectors;
 1038              		.loc 1 262 5 view .LVU237
 262:Drivers/STM32F4/Drivers/STM32F4xx_HAL_Driver/Src/stm32f4xx_hal_flash_ex.c ****     pFlash.NbSectorsToErase = pEraseInit->NbSectors;
 1039              		.loc 1 262 29 is_stmt 0 view .LVU238
 1040 0032 124B     		ldr	r3, .L111+4
 1041 0034 0122     		movs	r2, #1
 1042 0036 1A70     		strb	r2, [r3]
 263:Drivers/STM32F4/Drivers/STM32F4xx_HAL_Driver/Src/stm32f4xx_hal_flash_ex.c ****     pFlash.Sector = pEraseInit->Sector;
 1043              		.loc 1 263 5 is_stmt 1 view .LVU239
 263:Drivers/STM32F4/Drivers/STM32F4xx_HAL_Driver/Src/stm32f4xx_hal_flash_ex.c ****     pFlash.Sector = pEraseInit->Sector;
 1044              		.loc 1 263 41 is_stmt 0 view .LVU240
 1045 0038 E268     		ldr	r2, [r4, #12]
 263:Drivers/STM32F4/Drivers/STM32F4xx_HAL_Driver/Src/stm32f4xx_hal_flash_ex.c ****     pFlash.Sector = pEraseInit->Sector;
 1046              		.loc 1 263 29 view .LVU241
 1047 003a 5A60     		str	r2, [r3, #4]
 264:Drivers/STM32F4/Drivers/STM32F4xx_HAL_Driver/Src/stm32f4xx_hal_flash_ex.c ****     pFlash.VoltageForErase = (uint8_t)pEraseInit->VoltageRange;
 1048              		.loc 1 264 5 is_stmt 1 view .LVU242
 264:Drivers/STM32F4/Drivers/STM32F4xx_HAL_Driver/Src/stm32f4xx_hal_flash_ex.c ****     pFlash.VoltageForErase = (uint8_t)pEraseInit->VoltageRange;
 1049              		.loc 1 264 31 is_stmt 0 view .LVU243
 1050 003c A268     		ldr	r2, [r4, #8]
 264:Drivers/STM32F4/Drivers/STM32F4xx_HAL_Driver/Src/stm32f4xx_hal_flash_ex.c ****     pFlash.VoltageForErase = (uint8_t)pEraseInit->VoltageRange;
 1051              		.loc 1 264 19 view .LVU244
 1052 003e DA60     		str	r2, [r3, #12]
 265:Drivers/STM32F4/Drivers/STM32F4xx_HAL_Driver/Src/stm32f4xx_hal_flash_ex.c **** 
 1053              		.loc 1 265 5 is_stmt 1 view .LVU245
 265:Drivers/STM32F4/Drivers/STM32F4xx_HAL_Driver/Src/stm32f4xx_hal_flash_ex.c **** 
 1054              		.loc 1 265 30 is_stmt 0 view .LVU246
 1055 0040 217C     		ldrb	r1, [r4, #16]	@ zero_extendqisi2
 265:Drivers/STM32F4/Drivers/STM32F4xx_HAL_Driver/Src/stm32f4xx_hal_flash_ex.c **** 
 1056              		.loc 1 265 28 view .LVU247
 1057 0042 1972     		strb	r1, [r3, #8]
 268:Drivers/STM32F4/Drivers/STM32F4xx_HAL_Driver/Src/stm32f4xx_hal_flash_ex.c ****   }
 1058              		.loc 1 268 5 is_stmt 1 view .LVU248
ARM GAS  /tmp/ccPeWH4r.s 			page 46


 1059 0044 A068     		ldr	r0, [r4, #8]
 1060 0046 FFF7FEFF 		bl	FLASH_Erase_Sector
 1061              	.LVL90:
 1062              	.L105:
 271:Drivers/STM32F4/Drivers/STM32F4xx_HAL_Driver/Src/stm32f4xx_hal_flash_ex.c **** }
 1063              		.loc 1 271 3 view .LVU249
 272:Drivers/STM32F4/Drivers/STM32F4xx_HAL_Driver/Src/stm32f4xx_hal_flash_ex.c **** 
 1064              		.loc 1 272 1 is_stmt 0 view .LVU250
 1065 004a 0020     		movs	r0, #0
 1066 004c 10BD     		pop	{r4, pc}
 1067              	.LVL91:
 1068              	.L108:
 236:Drivers/STM32F4/Drivers/STM32F4xx_HAL_Driver/Src/stm32f4xx_hal_flash_ex.c **** 
 1069              		.loc 1 236 3 discriminator 1 view .LVU251
 1070 004e EC21     		movs	r1, #236
 1071 0050 0B48     		ldr	r0, .L111+8
 1072              	.LVL92:
 236:Drivers/STM32F4/Drivers/STM32F4xx_HAL_Driver/Src/stm32f4xx_hal_flash_ex.c **** 
 1073              		.loc 1 236 3 discriminator 1 view .LVU252
 1074 0052 FFF7FEFF 		bl	assert_failed
 1075              	.LVL93:
 1076 0056 D8E7     		b	.L103
 1077              	.L109:
 251:Drivers/STM32F4/Drivers/STM32F4xx_HAL_Driver/Src/stm32f4xx_hal_flash_ex.c ****     pFlash.Bank = pEraseInit->Banks;
 1078              		.loc 1 251 5 is_stmt 1 view .LVU253
 251:Drivers/STM32F4/Drivers/STM32F4xx_HAL_Driver/Src/stm32f4xx_hal_flash_ex.c ****     pFlash.Bank = pEraseInit->Banks;
 1079              		.loc 1 251 29 is_stmt 0 view .LVU254
 1080 0058 084B     		ldr	r3, .L111+4
 1081 005a 0222     		movs	r2, #2
 1082 005c 1A70     		strb	r2, [r3]
 252:Drivers/STM32F4/Drivers/STM32F4xx_HAL_Driver/Src/stm32f4xx_hal_flash_ex.c ****     FLASH_MassErase((uint8_t) pEraseInit->VoltageRange, pEraseInit->Banks);
 1083              		.loc 1 252 5 is_stmt 1 view .LVU255
 252:Drivers/STM32F4/Drivers/STM32F4xx_HAL_Driver/Src/stm32f4xx_hal_flash_ex.c ****     FLASH_MassErase((uint8_t) pEraseInit->VoltageRange, pEraseInit->Banks);
 1084              		.loc 1 252 29 is_stmt 0 view .LVU256
 1085 005e 6168     		ldr	r1, [r4, #4]
 252:Drivers/STM32F4/Drivers/STM32F4xx_HAL_Driver/Src/stm32f4xx_hal_flash_ex.c ****     FLASH_MassErase((uint8_t) pEraseInit->VoltageRange, pEraseInit->Banks);
 1086              		.loc 1 252 17 view .LVU257
 1087 0060 1961     		str	r1, [r3, #16]
 253:Drivers/STM32F4/Drivers/STM32F4xx_HAL_Driver/Src/stm32f4xx_hal_flash_ex.c ****   }
 1088              		.loc 1 253 5 is_stmt 1 view .LVU258
 1089 0062 207C     		ldrb	r0, [r4, #16]	@ zero_extendqisi2
 1090 0064 FFF7FEFF 		bl	FLASH_MassErase
 1091              	.LVL94:
 1092 0068 EFE7     		b	.L105
 1093              	.L110:
 260:Drivers/STM32F4/Drivers/STM32F4xx_HAL_Driver/Src/stm32f4xx_hal_flash_ex.c **** 
 1094              		.loc 1 260 5 is_stmt 0 discriminator 1 view .LVU259
 1095 006a 4FF48271 		mov	r1, #260
 1096 006e 0448     		ldr	r0, .L111+8
 1097 0070 FFF7FEFF 		bl	assert_failed
 1098              	.LVL95:
 1099 0074 DDE7     		b	.L106
 1100              	.L112:
 1101 0076 00BF     		.align	2
 1102              	.L111:
 1103 0078 003C0240 		.word	1073888256
 1104 007c 00000000 		.word	pFlash
ARM GAS  /tmp/ccPeWH4r.s 			page 47


 1105 0080 00000000 		.word	.LC0
 1106              		.cfi_endproc
 1107              	.LFE240:
 1109              		.section	.text.FLASH_FlushCaches,"ax",%progbits
 1110              		.align	1
 1111              		.global	FLASH_FlushCaches
 1112              		.syntax unified
 1113              		.thumb
 1114              		.thumb_func
 1116              	FLASH_FlushCaches:
 1117              	.LFB254:
1301:Drivers/STM32F4/Drivers/STM32F4xx_HAL_Driver/Src/stm32f4xx_hal_flash_ex.c **** 
1302:Drivers/STM32F4/Drivers/STM32F4xx_HAL_Driver/Src/stm32f4xx_hal_flash_ex.c **** /**
1303:Drivers/STM32F4/Drivers/STM32F4xx_HAL_Driver/Src/stm32f4xx_hal_flash_ex.c ****   * @brief  Flush the instruction and data caches
1304:Drivers/STM32F4/Drivers/STM32F4xx_HAL_Driver/Src/stm32f4xx_hal_flash_ex.c ****   * @retval None
1305:Drivers/STM32F4/Drivers/STM32F4xx_HAL_Driver/Src/stm32f4xx_hal_flash_ex.c ****   */
1306:Drivers/STM32F4/Drivers/STM32F4xx_HAL_Driver/Src/stm32f4xx_hal_flash_ex.c **** void FLASH_FlushCaches(void)
1307:Drivers/STM32F4/Drivers/STM32F4xx_HAL_Driver/Src/stm32f4xx_hal_flash_ex.c **** {
 1118              		.loc 1 1307 1 is_stmt 1 view -0
 1119              		.cfi_startproc
 1120              		@ args = 0, pretend = 0, frame = 0
 1121              		@ frame_needed = 0, uses_anonymous_args = 0
 1122              		@ link register save eliminated.
1308:Drivers/STM32F4/Drivers/STM32F4xx_HAL_Driver/Src/stm32f4xx_hal_flash_ex.c ****   /* Flush instruction cache  */
1309:Drivers/STM32F4/Drivers/STM32F4xx_HAL_Driver/Src/stm32f4xx_hal_flash_ex.c ****   if (READ_BIT(FLASH->ACR, FLASH_ACR_ICEN) != RESET)
 1123              		.loc 1 1309 3 view .LVU261
 1124              		.loc 1 1309 7 is_stmt 0 view .LVU262
 1125 0000 164B     		ldr	r3, .L116
 1126 0002 1B68     		ldr	r3, [r3]
 1127              		.loc 1 1309 6 view .LVU263
 1128 0004 13F4007F 		tst	r3, #512
 1129 0008 10D0     		beq	.L114
1310:Drivers/STM32F4/Drivers/STM32F4xx_HAL_Driver/Src/stm32f4xx_hal_flash_ex.c ****   {
1311:Drivers/STM32F4/Drivers/STM32F4xx_HAL_Driver/Src/stm32f4xx_hal_flash_ex.c ****     /* Disable instruction cache  */
1312:Drivers/STM32F4/Drivers/STM32F4xx_HAL_Driver/Src/stm32f4xx_hal_flash_ex.c ****     __HAL_FLASH_INSTRUCTION_CACHE_DISABLE();
 1130              		.loc 1 1312 5 is_stmt 1 view .LVU264
 1131 000a 144B     		ldr	r3, .L116
 1132 000c 1A68     		ldr	r2, [r3]
 1133 000e 22F40072 		bic	r2, r2, #512
 1134 0012 1A60     		str	r2, [r3]
1313:Drivers/STM32F4/Drivers/STM32F4xx_HAL_Driver/Src/stm32f4xx_hal_flash_ex.c ****     /* Reset instruction cache */
1314:Drivers/STM32F4/Drivers/STM32F4xx_HAL_Driver/Src/stm32f4xx_hal_flash_ex.c ****     __HAL_FLASH_INSTRUCTION_CACHE_RESET();
 1135              		.loc 1 1314 5 view .LVU265
 1136              		.loc 1 1314 5 view .LVU266
 1137 0014 1A68     		ldr	r2, [r3]
 1138 0016 42F40062 		orr	r2, r2, #2048
 1139 001a 1A60     		str	r2, [r3]
 1140              		.loc 1 1314 5 view .LVU267
 1141 001c 1A68     		ldr	r2, [r3]
 1142 001e 22F40062 		bic	r2, r2, #2048
 1143 0022 1A60     		str	r2, [r3]
 1144              		.loc 1 1314 5 view .LVU268
1315:Drivers/STM32F4/Drivers/STM32F4xx_HAL_Driver/Src/stm32f4xx_hal_flash_ex.c ****     /* Enable instruction cache */
1316:Drivers/STM32F4/Drivers/STM32F4xx_HAL_Driver/Src/stm32f4xx_hal_flash_ex.c ****     __HAL_FLASH_INSTRUCTION_CACHE_ENABLE();
 1145              		.loc 1 1316 5 view .LVU269
 1146 0024 1A68     		ldr	r2, [r3]
 1147 0026 42F40072 		orr	r2, r2, #512
ARM GAS  /tmp/ccPeWH4r.s 			page 48


 1148 002a 1A60     		str	r2, [r3]
 1149              	.L114:
1317:Drivers/STM32F4/Drivers/STM32F4xx_HAL_Driver/Src/stm32f4xx_hal_flash_ex.c ****   }
1318:Drivers/STM32F4/Drivers/STM32F4xx_HAL_Driver/Src/stm32f4xx_hal_flash_ex.c **** 
1319:Drivers/STM32F4/Drivers/STM32F4xx_HAL_Driver/Src/stm32f4xx_hal_flash_ex.c ****   /* Flush data cache */
1320:Drivers/STM32F4/Drivers/STM32F4xx_HAL_Driver/Src/stm32f4xx_hal_flash_ex.c ****   if (READ_BIT(FLASH->ACR, FLASH_ACR_DCEN) != RESET)
 1150              		.loc 1 1320 3 view .LVU270
 1151              		.loc 1 1320 7 is_stmt 0 view .LVU271
 1152 002c 0B4B     		ldr	r3, .L116
 1153 002e 1B68     		ldr	r3, [r3]
 1154              		.loc 1 1320 6 view .LVU272
 1155 0030 13F4806F 		tst	r3, #1024
 1156 0034 10D0     		beq	.L113
1321:Drivers/STM32F4/Drivers/STM32F4xx_HAL_Driver/Src/stm32f4xx_hal_flash_ex.c ****   {
1322:Drivers/STM32F4/Drivers/STM32F4xx_HAL_Driver/Src/stm32f4xx_hal_flash_ex.c ****     /* Disable data cache  */
1323:Drivers/STM32F4/Drivers/STM32F4xx_HAL_Driver/Src/stm32f4xx_hal_flash_ex.c ****     __HAL_FLASH_DATA_CACHE_DISABLE();
 1157              		.loc 1 1323 5 is_stmt 1 view .LVU273
 1158 0036 094B     		ldr	r3, .L116
 1159 0038 1A68     		ldr	r2, [r3]
 1160 003a 22F48062 		bic	r2, r2, #1024
 1161 003e 1A60     		str	r2, [r3]
1324:Drivers/STM32F4/Drivers/STM32F4xx_HAL_Driver/Src/stm32f4xx_hal_flash_ex.c ****     /* Reset data cache */
1325:Drivers/STM32F4/Drivers/STM32F4xx_HAL_Driver/Src/stm32f4xx_hal_flash_ex.c ****     __HAL_FLASH_DATA_CACHE_RESET();
 1162              		.loc 1 1325 5 view .LVU274
 1163              		.loc 1 1325 5 view .LVU275
 1164 0040 1A68     		ldr	r2, [r3]
 1165 0042 42F48052 		orr	r2, r2, #4096
 1166 0046 1A60     		str	r2, [r3]
 1167              		.loc 1 1325 5 view .LVU276
 1168 0048 1A68     		ldr	r2, [r3]
 1169 004a 22F48052 		bic	r2, r2, #4096
 1170 004e 1A60     		str	r2, [r3]
 1171              		.loc 1 1325 5 view .LVU277
1326:Drivers/STM32F4/Drivers/STM32F4xx_HAL_Driver/Src/stm32f4xx_hal_flash_ex.c ****     /* Enable data cache */
1327:Drivers/STM32F4/Drivers/STM32F4xx_HAL_Driver/Src/stm32f4xx_hal_flash_ex.c ****     __HAL_FLASH_DATA_CACHE_ENABLE();
 1172              		.loc 1 1327 5 view .LVU278
 1173 0050 1A68     		ldr	r2, [r3]
 1174 0052 42F48062 		orr	r2, r2, #1024
 1175 0056 1A60     		str	r2, [r3]
 1176              	.L113:
1328:Drivers/STM32F4/Drivers/STM32F4xx_HAL_Driver/Src/stm32f4xx_hal_flash_ex.c ****   }
1329:Drivers/STM32F4/Drivers/STM32F4xx_HAL_Driver/Src/stm32f4xx_hal_flash_ex.c **** }
 1177              		.loc 1 1329 1 is_stmt 0 view .LVU279
 1178 0058 7047     		bx	lr
 1179              	.L117:
 1180 005a 00BF     		.align	2
 1181              	.L116:
 1182 005c 003C0240 		.word	1073888256
 1183              		.cfi_endproc
 1184              	.LFE254:
 1186              		.section	.text.HAL_FLASHEx_Erase,"ax",%progbits
 1187              		.align	1
 1188              		.global	HAL_FLASHEx_Erase
 1189              		.syntax unified
 1190              		.thumb
 1191              		.thumb_func
 1193              	HAL_FLASHEx_Erase:
ARM GAS  /tmp/ccPeWH4r.s 			page 49


 1194              	.LVL96:
 1195              	.LFB239:
 161:Drivers/STM32F4/Drivers/STM32F4xx_HAL_Driver/Src/stm32f4xx_hal_flash_ex.c ****   HAL_StatusTypeDef status;
 1196              		.loc 1 161 1 is_stmt 1 view -0
 1197              		.cfi_startproc
 1198              		@ args = 0, pretend = 0, frame = 0
 1199              		@ frame_needed = 0, uses_anonymous_args = 0
 161:Drivers/STM32F4/Drivers/STM32F4xx_HAL_Driver/Src/stm32f4xx_hal_flash_ex.c ****   HAL_StatusTypeDef status;
 1200              		.loc 1 161 1 is_stmt 0 view .LVU281
 1201 0000 F8B5     		push	{r3, r4, r5, r6, r7, lr}
 1202              	.LCFI11:
 1203              		.cfi_def_cfa_offset 24
 1204              		.cfi_offset 3, -24
 1205              		.cfi_offset 4, -20
 1206              		.cfi_offset 5, -16
 1207              		.cfi_offset 6, -12
 1208              		.cfi_offset 7, -8
 1209              		.cfi_offset 14, -4
 162:Drivers/STM32F4/Drivers/STM32F4xx_HAL_Driver/Src/stm32f4xx_hal_flash_ex.c ****   uint32_t index = 0U;
 1210              		.loc 1 162 3 is_stmt 1 view .LVU282
 163:Drivers/STM32F4/Drivers/STM32F4xx_HAL_Driver/Src/stm32f4xx_hal_flash_ex.c **** 
 1211              		.loc 1 163 3 view .LVU283
 1212              	.LVL97:
 166:Drivers/STM32F4/Drivers/STM32F4xx_HAL_Driver/Src/stm32f4xx_hal_flash_ex.c **** 
 1213              		.loc 1 166 3 view .LVU284
 166:Drivers/STM32F4/Drivers/STM32F4xx_HAL_Driver/Src/stm32f4xx_hal_flash_ex.c **** 
 1214              		.loc 1 166 3 view .LVU285
 1215 0002 2C4B     		ldr	r3, .L134
 1216 0004 1B7E     		ldrb	r3, [r3, #24]	@ zero_extendqisi2
 1217 0006 012B     		cmp	r3, #1
 1218 0008 52D0     		beq	.L128
 1219 000a 0446     		mov	r4, r0
 1220 000c 0E46     		mov	r6, r1
 166:Drivers/STM32F4/Drivers/STM32F4xx_HAL_Driver/Src/stm32f4xx_hal_flash_ex.c **** 
 1221              		.loc 1 166 3 discriminator 2 view .LVU286
 1222 000e 294B     		ldr	r3, .L134
 1223 0010 0122     		movs	r2, #1
 1224 0012 1A76     		strb	r2, [r3, #24]
 166:Drivers/STM32F4/Drivers/STM32F4xx_HAL_Driver/Src/stm32f4xx_hal_flash_ex.c **** 
 1225              		.loc 1 166 3 discriminator 2 view .LVU287
 169:Drivers/STM32F4/Drivers/STM32F4xx_HAL_Driver/Src/stm32f4xx_hal_flash_ex.c **** 
 1226              		.loc 1 169 3 view .LVU288
 1227 0014 0368     		ldr	r3, [r0]
 1228 0016 9342     		cmp	r3, r2
 1229 0018 29D8     		bhi	.L130
 1230              	.LVL98:
 1231              	.L120:
 172:Drivers/STM32F4/Drivers/STM32F4xx_HAL_Driver/Src/stm32f4xx_hal_flash_ex.c **** 
 1232              		.loc 1 172 3 view .LVU289
 172:Drivers/STM32F4/Drivers/STM32F4xx_HAL_Driver/Src/stm32f4xx_hal_flash_ex.c **** 
 1233              		.loc 1 172 12 is_stmt 0 view .LVU290
 1234 001a 4CF25030 		movw	r0, #50000
 1235 001e FFF7FEFF 		bl	FLASH_WaitForLastOperation
 1236              	.LVL99:
 174:Drivers/STM32F4/Drivers/STM32F4xx_HAL_Driver/Src/stm32f4xx_hal_flash_ex.c ****   {
 1237              		.loc 1 174 3 is_stmt 1 view .LVU291
 174:Drivers/STM32F4/Drivers/STM32F4xx_HAL_Driver/Src/stm32f4xx_hal_flash_ex.c ****   {
ARM GAS  /tmp/ccPeWH4r.s 			page 50


 1238              		.loc 1 174 6 is_stmt 0 view .LVU292
 1239 0022 0746     		mov	r7, r0
 1240 0024 0028     		cmp	r0, #0
 1241 0026 3ED1     		bne	.L121
 177:Drivers/STM32F4/Drivers/STM32F4xx_HAL_Driver/Src/stm32f4xx_hal_flash_ex.c **** 
 1242              		.loc 1 177 5 is_stmt 1 view .LVU293
 177:Drivers/STM32F4/Drivers/STM32F4xx_HAL_Driver/Src/stm32f4xx_hal_flash_ex.c **** 
 1243              		.loc 1 177 18 is_stmt 0 view .LVU294
 1244 0028 4FF0FF33 		mov	r3, #-1
 1245 002c 3360     		str	r3, [r6]
 179:Drivers/STM32F4/Drivers/STM32F4xx_HAL_Driver/Src/stm32f4xx_hal_flash_ex.c ****     {
 1246              		.loc 1 179 5 is_stmt 1 view .LVU295
 179:Drivers/STM32F4/Drivers/STM32F4xx_HAL_Driver/Src/stm32f4xx_hal_flash_ex.c ****     {
 1247              		.loc 1 179 19 is_stmt 0 view .LVU296
 1248 002e 2368     		ldr	r3, [r4]
 179:Drivers/STM32F4/Drivers/STM32F4xx_HAL_Driver/Src/stm32f4xx_hal_flash_ex.c ****     {
 1249              		.loc 1 179 8 view .LVU297
 1250 0030 012B     		cmp	r3, #1
 1251 0032 21D0     		beq	.L131
 193:Drivers/STM32F4/Drivers/STM32F4xx_HAL_Driver/Src/stm32f4xx_hal_flash_ex.c **** 
 1252              		.loc 1 193 7 is_stmt 1 view .LVU298
 1253 0034 E368     		ldr	r3, [r4, #12]
 1254 0036 A268     		ldr	r2, [r4, #8]
 1255 0038 1344     		add	r3, r3, r2
 1256 003a 013B     		subs	r3, r3, #1
 1257 003c 0B2B     		cmp	r3, #11
 1258 003e 2AD8     		bhi	.L132
 1259              	.LVL100:
 1260              	.L124:
 196:Drivers/STM32F4/Drivers/STM32F4xx_HAL_Driver/Src/stm32f4xx_hal_flash_ex.c ****       {
 1261              		.loc 1 196 7 view .LVU299
 196:Drivers/STM32F4/Drivers/STM32F4xx_HAL_Driver/Src/stm32f4xx_hal_flash_ex.c ****       {
 1262              		.loc 1 196 18 is_stmt 0 view .LVU300
 1263 0040 A568     		ldr	r5, [r4, #8]
 1264              	.LVL101:
 1265              	.L125:
 196:Drivers/STM32F4/Drivers/STM32F4xx_HAL_Driver/Src/stm32f4xx_hal_flash_ex.c ****       {
 1266              		.loc 1 196 46 is_stmt 1 discriminator 1 view .LVU301
 196:Drivers/STM32F4/Drivers/STM32F4xx_HAL_Driver/Src/stm32f4xx_hal_flash_ex.c ****       {
 1267              		.loc 1 196 59 is_stmt 0 discriminator 1 view .LVU302
 1268 0042 E368     		ldr	r3, [r4, #12]
 196:Drivers/STM32F4/Drivers/STM32F4xx_HAL_Driver/Src/stm32f4xx_hal_flash_ex.c ****       {
 1269              		.loc 1 196 83 discriminator 1 view .LVU303
 1270 0044 A268     		ldr	r2, [r4, #8]
 196:Drivers/STM32F4/Drivers/STM32F4xx_HAL_Driver/Src/stm32f4xx_hal_flash_ex.c ****       {
 1271              		.loc 1 196 71 discriminator 1 view .LVU304
 1272 0046 1344     		add	r3, r3, r2
 196:Drivers/STM32F4/Drivers/STM32F4xx_HAL_Driver/Src/stm32f4xx_hal_flash_ex.c ****       {
 1273              		.loc 1 196 46 discriminator 1 view .LVU305
 1274 0048 AB42     		cmp	r3, r5
 1275 004a 2AD9     		bls	.L123
 198:Drivers/STM32F4/Drivers/STM32F4xx_HAL_Driver/Src/stm32f4xx_hal_flash_ex.c **** 
 1276              		.loc 1 198 9 is_stmt 1 view .LVU306
 1277 004c 217C     		ldrb	r1, [r4, #16]	@ zero_extendqisi2
 1278 004e 2846     		mov	r0, r5
 1279 0050 FFF7FEFF 		bl	FLASH_Erase_Sector
 1280              	.LVL102:
ARM GAS  /tmp/ccPeWH4r.s 			page 51


 201:Drivers/STM32F4/Drivers/STM32F4xx_HAL_Driver/Src/stm32f4xx_hal_flash_ex.c **** 
 1281              		.loc 1 201 9 view .LVU307
 201:Drivers/STM32F4/Drivers/STM32F4xx_HAL_Driver/Src/stm32f4xx_hal_flash_ex.c **** 
 1282              		.loc 1 201 18 is_stmt 0 view .LVU308
 1283 0054 4CF25030 		movw	r0, #50000
 1284 0058 FFF7FEFF 		bl	FLASH_WaitForLastOperation
 1285              	.LVL103:
 204:Drivers/STM32F4/Drivers/STM32F4xx_HAL_Driver/Src/stm32f4xx_hal_flash_ex.c **** 
 1286              		.loc 1 204 9 is_stmt 1 view .LVU309
 1287 005c 164A     		ldr	r2, .L134+4
 1288 005e 1369     		ldr	r3, [r2, #16]
 1289 0060 23F07A03 		bic	r3, r3, #122
 1290 0064 1361     		str	r3, [r2, #16]
 206:Drivers/STM32F4/Drivers/STM32F4xx_HAL_Driver/Src/stm32f4xx_hal_flash_ex.c ****         {
 1291              		.loc 1 206 9 view .LVU310
 206:Drivers/STM32F4/Drivers/STM32F4xx_HAL_Driver/Src/stm32f4xx_hal_flash_ex.c ****         {
 1292              		.loc 1 206 12 is_stmt 0 view .LVU311
 1293 0066 0746     		mov	r7, r0
 1294 0068 D0B9     		cbnz	r0, .L133
 196:Drivers/STM32F4/Drivers/STM32F4xx_HAL_Driver/Src/stm32f4xx_hal_flash_ex.c ****       {
 1295              		.loc 1 196 99 is_stmt 1 discriminator 2 view .LVU312
 1296 006a 0135     		adds	r5, r5, #1
 1297              	.LVL104:
 196:Drivers/STM32F4/Drivers/STM32F4xx_HAL_Driver/Src/stm32f4xx_hal_flash_ex.c ****       {
 1298              		.loc 1 196 99 is_stmt 0 discriminator 2 view .LVU313
 1299 006c E9E7     		b	.L125
 1300              	.LVL105:
 1301              	.L130:
 169:Drivers/STM32F4/Drivers/STM32F4xx_HAL_Driver/Src/stm32f4xx_hal_flash_ex.c **** 
 1302              		.loc 1 169 3 discriminator 1 view .LVU314
 1303 006e A921     		movs	r1, #169
 1304              	.LVL106:
 169:Drivers/STM32F4/Drivers/STM32F4xx_HAL_Driver/Src/stm32f4xx_hal_flash_ex.c **** 
 1305              		.loc 1 169 3 discriminator 1 view .LVU315
 1306 0070 1248     		ldr	r0, .L134+8
 1307              	.LVL107:
 169:Drivers/STM32F4/Drivers/STM32F4xx_HAL_Driver/Src/stm32f4xx_hal_flash_ex.c **** 
 1308              		.loc 1 169 3 discriminator 1 view .LVU316
 1309 0072 FFF7FEFF 		bl	assert_failed
 1310              	.LVL108:
 1311 0076 D0E7     		b	.L120
 1312              	.LVL109:
 1313              	.L131:
 182:Drivers/STM32F4/Drivers/STM32F4xx_HAL_Driver/Src/stm32f4xx_hal_flash_ex.c **** 
 1314              		.loc 1 182 7 is_stmt 1 view .LVU317
 1315 0078 6168     		ldr	r1, [r4, #4]
 1316 007a 207C     		ldrb	r0, [r4, #16]	@ zero_extendqisi2
 1317              	.LVL110:
 182:Drivers/STM32F4/Drivers/STM32F4xx_HAL_Driver/Src/stm32f4xx_hal_flash_ex.c **** 
 1318              		.loc 1 182 7 is_stmt 0 view .LVU318
 1319 007c FFF7FEFF 		bl	FLASH_MassErase
 1320              	.LVL111:
 185:Drivers/STM32F4/Drivers/STM32F4xx_HAL_Driver/Src/stm32f4xx_hal_flash_ex.c **** 
 1321              		.loc 1 185 7 is_stmt 1 view .LVU319
 185:Drivers/STM32F4/Drivers/STM32F4xx_HAL_Driver/Src/stm32f4xx_hal_flash_ex.c **** 
 1322              		.loc 1 185 16 is_stmt 0 view .LVU320
 1323 0080 4CF25030 		movw	r0, #50000
ARM GAS  /tmp/ccPeWH4r.s 			page 52


 1324 0084 FFF7FEFF 		bl	FLASH_WaitForLastOperation
 1325              	.LVL112:
 1326 0088 0746     		mov	r7, r0
 1327              	.LVL113:
 188:Drivers/STM32F4/Drivers/STM32F4xx_HAL_Driver/Src/stm32f4xx_hal_flash_ex.c ****     }
 1328              		.loc 1 188 7 is_stmt 1 view .LVU321
 188:Drivers/STM32F4/Drivers/STM32F4xx_HAL_Driver/Src/stm32f4xx_hal_flash_ex.c ****     }
 1329              		.loc 1 188 12 is_stmt 0 view .LVU322
 1330 008a 0B4A     		ldr	r2, .L134+4
 1331 008c 1369     		ldr	r3, [r2, #16]
 188:Drivers/STM32F4/Drivers/STM32F4xx_HAL_Driver/Src/stm32f4xx_hal_flash_ex.c ****     }
 1332              		.loc 1 188 17 view .LVU323
 1333 008e 23F00403 		bic	r3, r3, #4
 1334 0092 1361     		str	r3, [r2, #16]
 1335 0094 05E0     		b	.L123
 1336              	.LVL114:
 1337              	.L132:
 193:Drivers/STM32F4/Drivers/STM32F4xx_HAL_Driver/Src/stm32f4xx_hal_flash_ex.c **** 
 1338              		.loc 1 193 7 discriminator 1 view .LVU324
 1339 0096 C121     		movs	r1, #193
 1340 0098 0848     		ldr	r0, .L134+8
 1341              	.LVL115:
 193:Drivers/STM32F4/Drivers/STM32F4xx_HAL_Driver/Src/stm32f4xx_hal_flash_ex.c **** 
 1342              		.loc 1 193 7 discriminator 1 view .LVU325
 1343 009a FFF7FEFF 		bl	assert_failed
 1344              	.LVL116:
 1345 009e CFE7     		b	.L124
 1346              	.LVL117:
 1347              	.L133:
 209:Drivers/STM32F4/Drivers/STM32F4xx_HAL_Driver/Src/stm32f4xx_hal_flash_ex.c ****           break;
 1348              		.loc 1 209 11 is_stmt 1 view .LVU326
 209:Drivers/STM32F4/Drivers/STM32F4xx_HAL_Driver/Src/stm32f4xx_hal_flash_ex.c ****           break;
 1349              		.loc 1 209 24 is_stmt 0 view .LVU327
 1350 00a0 3560     		str	r5, [r6]
 210:Drivers/STM32F4/Drivers/STM32F4xx_HAL_Driver/Src/stm32f4xx_hal_flash_ex.c ****         }
 1351              		.loc 1 210 11 is_stmt 1 view .LVU328
 1352              	.LVL118:
 1353              	.L123:
 215:Drivers/STM32F4/Drivers/STM32F4xx_HAL_Driver/Src/stm32f4xx_hal_flash_ex.c ****   }
 1354              		.loc 1 215 5 view .LVU329
 1355 00a2 FFF7FEFF 		bl	FLASH_FlushCaches
 1356              	.LVL119:
 1357              	.L121:
 219:Drivers/STM32F4/Drivers/STM32F4xx_HAL_Driver/Src/stm32f4xx_hal_flash_ex.c **** 
 1358              		.loc 1 219 3 view .LVU330
 219:Drivers/STM32F4/Drivers/STM32F4xx_HAL_Driver/Src/stm32f4xx_hal_flash_ex.c **** 
 1359              		.loc 1 219 3 view .LVU331
 1360 00a6 034B     		ldr	r3, .L134
 1361 00a8 0022     		movs	r2, #0
 1362 00aa 1A76     		strb	r2, [r3, #24]
 219:Drivers/STM32F4/Drivers/STM32F4xx_HAL_Driver/Src/stm32f4xx_hal_flash_ex.c **** 
 1363              		.loc 1 219 3 view .LVU332
 221:Drivers/STM32F4/Drivers/STM32F4xx_HAL_Driver/Src/stm32f4xx_hal_flash_ex.c **** }
 1364              		.loc 1 221 3 view .LVU333
 1365              	.LVL120:
 1366              	.L119:
 222:Drivers/STM32F4/Drivers/STM32F4xx_HAL_Driver/Src/stm32f4xx_hal_flash_ex.c **** 
ARM GAS  /tmp/ccPeWH4r.s 			page 53


 1367              		.loc 1 222 1 is_stmt 0 view .LVU334
 1368 00ac 3846     		mov	r0, r7
 1369 00ae F8BD     		pop	{r3, r4, r5, r6, r7, pc}
 1370              	.LVL121:
 1371              	.L128:
 166:Drivers/STM32F4/Drivers/STM32F4xx_HAL_Driver/Src/stm32f4xx_hal_flash_ex.c **** 
 1372              		.loc 1 166 3 discriminator 1 view .LVU335
 1373 00b0 0227     		movs	r7, #2
 1374 00b2 FBE7     		b	.L119
 1375              	.L135:
 1376              		.align	2
 1377              	.L134:
 1378 00b4 00000000 		.word	pFlash
 1379 00b8 003C0240 		.word	1073888256
 1380 00bc 00000000 		.word	.LC0
 1381              		.cfi_endproc
 1382              	.LFE239:
 1384              		.text
 1385              	.Letext0:
 1386              		.file 2 "/usr/lib/gcc/arm-none-eabi/13.2.1/include/stdint.h"
 1387              		.file 3 "Drivers/STM32F4/Drivers/CMSIS/Device/ST/STM32F4xx/Include/stm32f405xx.h"
 1388              		.file 4 "Drivers/STM32F4/Drivers/CMSIS/Device/ST/STM32F4xx/Include/stm32f4xx.h"
 1389              		.file 5 "Drivers/STM32F4/Drivers/STM32F4xx_HAL_Driver/Inc/stm32f4xx_hal_def.h"
 1390              		.file 6 "Drivers/STM32F4/Drivers/STM32F4xx_HAL_Driver/Inc/stm32f4xx_hal_flash.h"
 1391              		.file 7 "Drivers/STM32F4/Drivers/STM32F4xx_HAL_Driver/Inc/stm32f4xx_hal_flash_ex.h"
 1392              		.file 8 "Core/Inc/stm32f4xx_hal_conf.h"
ARM GAS  /tmp/ccPeWH4r.s 			page 54


DEFINED SYMBOLS
                            *ABS*:00000000 stm32f4xx_hal_flash_ex.c
     /tmp/ccPeWH4r.s:21     .text.FLASH_OB_GetUser:00000000 $t
     /tmp/ccPeWH4r.s:26     .text.FLASH_OB_GetUser:00000000 FLASH_OB_GetUser
     /tmp/ccPeWH4r.s:43     .text.FLASH_OB_GetUser:0000000c $d
     /tmp/ccPeWH4r.s:48     .text.FLASH_OB_GetWRP:00000000 $t
     /tmp/ccPeWH4r.s:53     .text.FLASH_OB_GetWRP:00000000 FLASH_OB_GetWRP
     /tmp/ccPeWH4r.s:70     .text.FLASH_OB_GetWRP:00000008 $d
     /tmp/ccPeWH4r.s:75     .text.FLASH_OB_GetRDP:00000000 $t
     /tmp/ccPeWH4r.s:80     .text.FLASH_OB_GetRDP:00000000 FLASH_OB_GetRDP
     /tmp/ccPeWH4r.s:114    .text.FLASH_OB_GetRDP:00000018 $d
     /tmp/ccPeWH4r.s:119    .text.FLASH_OB_GetBOR:00000000 $t
     /tmp/ccPeWH4r.s:124    .text.FLASH_OB_GetBOR:00000000 FLASH_OB_GetBOR
     /tmp/ccPeWH4r.s:141    .text.FLASH_OB_GetBOR:0000000c $d
     /tmp/ccPeWH4r.s:146    .rodata.FLASH_MassErase.str1.4:00000000 $d
     /tmp/ccPeWH4r.s:151    .text.FLASH_MassErase:00000000 $t
     /tmp/ccPeWH4r.s:156    .text.FLASH_MassErase:00000000 FLASH_MassErase
     /tmp/ccPeWH4r.s:224    .text.FLASH_MassErase:00000048 $d
     /tmp/ccPeWH4r.s:230    .text.FLASH_OB_BOR_LevelConfig:00000000 $t
     /tmp/ccPeWH4r.s:235    .text.FLASH_OB_BOR_LevelConfig:00000000 FLASH_OB_BOR_LevelConfig
     /tmp/ccPeWH4r.s:286    .text.FLASH_OB_BOR_LevelConfig:00000034 $d
     /tmp/ccPeWH4r.s:292    .text.FLASH_OB_EnableWRP:00000000 $t
     /tmp/ccPeWH4r.s:297    .text.FLASH_OB_EnableWRP:00000000 FLASH_OB_EnableWRP
     /tmp/ccPeWH4r.s:368    .text.FLASH_OB_EnableWRP:00000044 $d
     /tmp/ccPeWH4r.s:374    .text.FLASH_OB_DisableWRP:00000000 $t
     /tmp/ccPeWH4r.s:379    .text.FLASH_OB_DisableWRP:00000000 FLASH_OB_DisableWRP
     /tmp/ccPeWH4r.s:453    .text.FLASH_OB_DisableWRP:00000044 $d
     /tmp/ccPeWH4r.s:459    .text.FLASH_OB_RDP_LevelConfig:00000000 $t
     /tmp/ccPeWH4r.s:464    .text.FLASH_OB_RDP_LevelConfig:00000000 FLASH_OB_RDP_LevelConfig
     /tmp/ccPeWH4r.s:520    .text.FLASH_OB_RDP_LevelConfig:0000002c $d
     /tmp/ccPeWH4r.s:526    .text.FLASH_OB_UserConfig:00000000 $t
     /tmp/ccPeWH4r.s:531    .text.FLASH_OB_UserConfig:00000000 FLASH_OB_UserConfig
     /tmp/ccPeWH4r.s:630    .text.FLASH_OB_UserConfig:0000005c $d
     /tmp/ccPeWH4r.s:636    .text.HAL_FLASHEx_OBProgram:00000000 $t
     /tmp/ccPeWH4r.s:642    .text.HAL_FLASHEx_OBProgram:00000000 HAL_FLASHEx_OBProgram
     /tmp/ccPeWH4r.s:809    .text.HAL_FLASHEx_OBProgram:000000a4 $d
     /tmp/ccPeWH4r.s:815    .text.HAL_FLASHEx_OBGetConfig:00000000 $t
     /tmp/ccPeWH4r.s:821    .text.HAL_FLASHEx_OBGetConfig:00000000 HAL_FLASHEx_OBGetConfig
     /tmp/ccPeWH4r.s:870    .text.FLASH_Erase_Sector:00000000 $t
     /tmp/ccPeWH4r.s:876    .text.FLASH_Erase_Sector:00000000 FLASH_Erase_Sector
     /tmp/ccPeWH4r.s:978    .text.FLASH_Erase_Sector:00000074 $d
     /tmp/ccPeWH4r.s:984    .text.HAL_FLASHEx_Erase_IT:00000000 $t
     /tmp/ccPeWH4r.s:990    .text.HAL_FLASHEx_Erase_IT:00000000 HAL_FLASHEx_Erase_IT
     /tmp/ccPeWH4r.s:1103   .text.HAL_FLASHEx_Erase_IT:00000078 $d
     /tmp/ccPeWH4r.s:1110   .text.FLASH_FlushCaches:00000000 $t
     /tmp/ccPeWH4r.s:1116   .text.FLASH_FlushCaches:00000000 FLASH_FlushCaches
     /tmp/ccPeWH4r.s:1182   .text.FLASH_FlushCaches:0000005c $d
     /tmp/ccPeWH4r.s:1187   .text.HAL_FLASHEx_Erase:00000000 $t
     /tmp/ccPeWH4r.s:1193   .text.HAL_FLASHEx_Erase:00000000 HAL_FLASHEx_Erase
     /tmp/ccPeWH4r.s:1378   .text.HAL_FLASHEx_Erase:000000b4 $d

UNDEFINED SYMBOLS
assert_failed
FLASH_WaitForLastOperation
pFlash
