ARM GAS  /tmp/ccT7L7Lv.s 			page 1


   1              		.cpu cortex-m4
   2              		.arch armv7e-m
   3              		.fpu fpv4-sp-d16
   4              		.eabi_attribute 27, 1
   5              		.eabi_attribute 28, 1
   6              		.eabi_attribute 20, 1
   7              		.eabi_attribute 21, 1
   8              		.eabi_attribute 23, 3
   9              		.eabi_attribute 24, 1
  10              		.eabi_attribute 25, 1
  11              		.eabi_attribute 26, 1
  12              		.eabi_attribute 30, 1
  13              		.eabi_attribute 34, 1
  14              		.eabi_attribute 18, 4
  15              		.file	"stm32f4xx_hal_adc_ex.c"
  16              		.text
  17              	.Ltext0:
  18              		.cfi_sections	.debug_frame
  19              		.file 1 "Drivers/STM32F4/Drivers/STM32F4xx_HAL_Driver/Src/stm32f4xx_hal_adc_ex.c"
  20              		.section	.text.ADC_MultiModeDMAError,"ax",%progbits
  21              		.align	1
  22              		.syntax unified
  23              		.thumb
  24              		.thumb_func
  26              	ADC_MultiModeDMAError:
  27              	.LVL0:
  28              	.LFB253:
   1:Drivers/STM32F4/Drivers/STM32F4xx_HAL_Driver/Src/stm32f4xx_hal_adc_ex.c **** /**
   2:Drivers/STM32F4/Drivers/STM32F4xx_HAL_Driver/Src/stm32f4xx_hal_adc_ex.c ****   ******************************************************************************
   3:Drivers/STM32F4/Drivers/STM32F4xx_HAL_Driver/Src/stm32f4xx_hal_adc_ex.c ****   * @file    stm32f4xx_hal_adc_ex.c
   4:Drivers/STM32F4/Drivers/STM32F4xx_HAL_Driver/Src/stm32f4xx_hal_adc_ex.c ****   * @author  MCD Application Team
   5:Drivers/STM32F4/Drivers/STM32F4xx_HAL_Driver/Src/stm32f4xx_hal_adc_ex.c ****   * @brief   This file provides firmware functions to manage the following
   6:Drivers/STM32F4/Drivers/STM32F4xx_HAL_Driver/Src/stm32f4xx_hal_adc_ex.c ****   *          functionalities of the ADC extension peripheral:
   7:Drivers/STM32F4/Drivers/STM32F4xx_HAL_Driver/Src/stm32f4xx_hal_adc_ex.c ****   *           + Extended features functions
   8:Drivers/STM32F4/Drivers/STM32F4xx_HAL_Driver/Src/stm32f4xx_hal_adc_ex.c ****   *
   9:Drivers/STM32F4/Drivers/STM32F4xx_HAL_Driver/Src/stm32f4xx_hal_adc_ex.c ****   ******************************************************************************
  10:Drivers/STM32F4/Drivers/STM32F4xx_HAL_Driver/Src/stm32f4xx_hal_adc_ex.c ****   * @attention
  11:Drivers/STM32F4/Drivers/STM32F4xx_HAL_Driver/Src/stm32f4xx_hal_adc_ex.c ****   *
  12:Drivers/STM32F4/Drivers/STM32F4xx_HAL_Driver/Src/stm32f4xx_hal_adc_ex.c ****   * Copyright (c) 2017 STMicroelectronics.
  13:Drivers/STM32F4/Drivers/STM32F4xx_HAL_Driver/Src/stm32f4xx_hal_adc_ex.c ****   * All rights reserved.
  14:Drivers/STM32F4/Drivers/STM32F4xx_HAL_Driver/Src/stm32f4xx_hal_adc_ex.c ****   *
  15:Drivers/STM32F4/Drivers/STM32F4xx_HAL_Driver/Src/stm32f4xx_hal_adc_ex.c ****   * This software is licensed under terms that can be found in the LICENSE file
  16:Drivers/STM32F4/Drivers/STM32F4xx_HAL_Driver/Src/stm32f4xx_hal_adc_ex.c ****   * in the root directory of this software component.
  17:Drivers/STM32F4/Drivers/STM32F4xx_HAL_Driver/Src/stm32f4xx_hal_adc_ex.c ****   * If no LICENSE file comes with this software, it is provided AS-IS.
  18:Drivers/STM32F4/Drivers/STM32F4xx_HAL_Driver/Src/stm32f4xx_hal_adc_ex.c ****   *
  19:Drivers/STM32F4/Drivers/STM32F4xx_HAL_Driver/Src/stm32f4xx_hal_adc_ex.c ****   ******************************************************************************
  20:Drivers/STM32F4/Drivers/STM32F4xx_HAL_Driver/Src/stm32f4xx_hal_adc_ex.c ****   @verbatim
  21:Drivers/STM32F4/Drivers/STM32F4xx_HAL_Driver/Src/stm32f4xx_hal_adc_ex.c ****   ==============================================================================
  22:Drivers/STM32F4/Drivers/STM32F4xx_HAL_Driver/Src/stm32f4xx_hal_adc_ex.c ****                     ##### How to use this driver #####
  23:Drivers/STM32F4/Drivers/STM32F4xx_HAL_Driver/Src/stm32f4xx_hal_adc_ex.c ****   ==============================================================================
  24:Drivers/STM32F4/Drivers/STM32F4xx_HAL_Driver/Src/stm32f4xx_hal_adc_ex.c ****     [..]
  25:Drivers/STM32F4/Drivers/STM32F4xx_HAL_Driver/Src/stm32f4xx_hal_adc_ex.c ****     (#)Initialize the ADC low level resources by implementing the HAL_ADC_MspInit():
  26:Drivers/STM32F4/Drivers/STM32F4xx_HAL_Driver/Src/stm32f4xx_hal_adc_ex.c ****        (##) Enable the ADC interface clock using __HAL_RCC_ADC_CLK_ENABLE()
  27:Drivers/STM32F4/Drivers/STM32F4xx_HAL_Driver/Src/stm32f4xx_hal_adc_ex.c ****        (##) ADC pins configuration
  28:Drivers/STM32F4/Drivers/STM32F4xx_HAL_Driver/Src/stm32f4xx_hal_adc_ex.c ****              (+++) Enable the clock for the ADC GPIOs using the following function:
  29:Drivers/STM32F4/Drivers/STM32F4xx_HAL_Driver/Src/stm32f4xx_hal_adc_ex.c ****                    __HAL_RCC_GPIOx_CLK_ENABLE()
  30:Drivers/STM32F4/Drivers/STM32F4xx_HAL_Driver/Src/stm32f4xx_hal_adc_ex.c ****              (+++) Configure these ADC pins in analog mode using HAL_GPIO_Init()
ARM GAS  /tmp/ccT7L7Lv.s 			page 2


  31:Drivers/STM32F4/Drivers/STM32F4xx_HAL_Driver/Src/stm32f4xx_hal_adc_ex.c ****        (##) In case of using interrupts (e.g. HAL_ADC_Start_IT())
  32:Drivers/STM32F4/Drivers/STM32F4xx_HAL_Driver/Src/stm32f4xx_hal_adc_ex.c ****              (+++) Configure the ADC interrupt priority using HAL_NVIC_SetPriority()
  33:Drivers/STM32F4/Drivers/STM32F4xx_HAL_Driver/Src/stm32f4xx_hal_adc_ex.c ****              (+++) Enable the ADC IRQ handler using HAL_NVIC_EnableIRQ()
  34:Drivers/STM32F4/Drivers/STM32F4xx_HAL_Driver/Src/stm32f4xx_hal_adc_ex.c ****              (+++) In ADC IRQ handler, call HAL_ADC_IRQHandler()
  35:Drivers/STM32F4/Drivers/STM32F4xx_HAL_Driver/Src/stm32f4xx_hal_adc_ex.c ****       (##) In case of using DMA to control data transfer (e.g. HAL_ADC_Start_DMA())
  36:Drivers/STM32F4/Drivers/STM32F4xx_HAL_Driver/Src/stm32f4xx_hal_adc_ex.c ****              (+++) Enable the DMAx interface clock using __HAL_RCC_DMAx_CLK_ENABLE()
  37:Drivers/STM32F4/Drivers/STM32F4xx_HAL_Driver/Src/stm32f4xx_hal_adc_ex.c ****              (+++) Configure and enable two DMA streams stream for managing data
  38:Drivers/STM32F4/Drivers/STM32F4xx_HAL_Driver/Src/stm32f4xx_hal_adc_ex.c ****                  transfer from peripheral to memory (output stream)
  39:Drivers/STM32F4/Drivers/STM32F4xx_HAL_Driver/Src/stm32f4xx_hal_adc_ex.c ****              (+++) Associate the initialized DMA handle to the ADC DMA handle
  40:Drivers/STM32F4/Drivers/STM32F4xx_HAL_Driver/Src/stm32f4xx_hal_adc_ex.c ****                  using  __HAL_LINKDMA()
  41:Drivers/STM32F4/Drivers/STM32F4xx_HAL_Driver/Src/stm32f4xx_hal_adc_ex.c ****              (+++) Configure the priority and enable the NVIC for the transfer complete
  42:Drivers/STM32F4/Drivers/STM32F4xx_HAL_Driver/Src/stm32f4xx_hal_adc_ex.c ****                  interrupt on the two DMA Streams. The output stream should have higher
  43:Drivers/STM32F4/Drivers/STM32F4xx_HAL_Driver/Src/stm32f4xx_hal_adc_ex.c ****                  priority than the input stream.
  44:Drivers/STM32F4/Drivers/STM32F4xx_HAL_Driver/Src/stm32f4xx_hal_adc_ex.c ****      (#) Configure the ADC Prescaler, conversion resolution and data alignment
  45:Drivers/STM32F4/Drivers/STM32F4xx_HAL_Driver/Src/stm32f4xx_hal_adc_ex.c ****          using the HAL_ADC_Init() function.
  46:Drivers/STM32F4/Drivers/STM32F4xx_HAL_Driver/Src/stm32f4xx_hal_adc_ex.c **** 
  47:Drivers/STM32F4/Drivers/STM32F4xx_HAL_Driver/Src/stm32f4xx_hal_adc_ex.c ****      (#) Configure the ADC Injected channels group features, use HAL_ADC_Init()
  48:Drivers/STM32F4/Drivers/STM32F4xx_HAL_Driver/Src/stm32f4xx_hal_adc_ex.c ****          and HAL_ADC_ConfigChannel() functions.
  49:Drivers/STM32F4/Drivers/STM32F4xx_HAL_Driver/Src/stm32f4xx_hal_adc_ex.c **** 
  50:Drivers/STM32F4/Drivers/STM32F4xx_HAL_Driver/Src/stm32f4xx_hal_adc_ex.c ****      (#) Three operation modes are available within this driver:
  51:Drivers/STM32F4/Drivers/STM32F4xx_HAL_Driver/Src/stm32f4xx_hal_adc_ex.c **** 
  52:Drivers/STM32F4/Drivers/STM32F4xx_HAL_Driver/Src/stm32f4xx_hal_adc_ex.c ****      *** Polling mode IO operation ***
  53:Drivers/STM32F4/Drivers/STM32F4xx_HAL_Driver/Src/stm32f4xx_hal_adc_ex.c ****      =================================
  54:Drivers/STM32F4/Drivers/STM32F4xx_HAL_Driver/Src/stm32f4xx_hal_adc_ex.c ****      [..]
  55:Drivers/STM32F4/Drivers/STM32F4xx_HAL_Driver/Src/stm32f4xx_hal_adc_ex.c ****        (+) Start the ADC peripheral using HAL_ADCEx_InjectedStart()
  56:Drivers/STM32F4/Drivers/STM32F4xx_HAL_Driver/Src/stm32f4xx_hal_adc_ex.c ****        (+) Wait for end of conversion using HAL_ADC_PollForConversion(), at this stage
  57:Drivers/STM32F4/Drivers/STM32F4xx_HAL_Driver/Src/stm32f4xx_hal_adc_ex.c ****            user can specify the value of timeout according to his end application
  58:Drivers/STM32F4/Drivers/STM32F4xx_HAL_Driver/Src/stm32f4xx_hal_adc_ex.c ****        (+) To read the ADC converted values, use the HAL_ADCEx_InjectedGetValue() function.
  59:Drivers/STM32F4/Drivers/STM32F4xx_HAL_Driver/Src/stm32f4xx_hal_adc_ex.c ****        (+) Stop the ADC peripheral using HAL_ADCEx_InjectedStop()
  60:Drivers/STM32F4/Drivers/STM32F4xx_HAL_Driver/Src/stm32f4xx_hal_adc_ex.c **** 
  61:Drivers/STM32F4/Drivers/STM32F4xx_HAL_Driver/Src/stm32f4xx_hal_adc_ex.c ****      *** Interrupt mode IO operation ***
  62:Drivers/STM32F4/Drivers/STM32F4xx_HAL_Driver/Src/stm32f4xx_hal_adc_ex.c ****      ===================================
  63:Drivers/STM32F4/Drivers/STM32F4xx_HAL_Driver/Src/stm32f4xx_hal_adc_ex.c ****      [..]
  64:Drivers/STM32F4/Drivers/STM32F4xx_HAL_Driver/Src/stm32f4xx_hal_adc_ex.c ****        (+) Start the ADC peripheral using HAL_ADCEx_InjectedStart_IT()
  65:Drivers/STM32F4/Drivers/STM32F4xx_HAL_Driver/Src/stm32f4xx_hal_adc_ex.c ****        (+) Use HAL_ADC_IRQHandler() called under ADC_IRQHandler() Interrupt subroutine
  66:Drivers/STM32F4/Drivers/STM32F4xx_HAL_Driver/Src/stm32f4xx_hal_adc_ex.c ****        (+) At ADC end of conversion HAL_ADCEx_InjectedConvCpltCallback() function is executed and u
  67:Drivers/STM32F4/Drivers/STM32F4xx_HAL_Driver/Src/stm32f4xx_hal_adc_ex.c ****             add his own code by customization of function pointer HAL_ADCEx_InjectedConvCpltCallbac
  68:Drivers/STM32F4/Drivers/STM32F4xx_HAL_Driver/Src/stm32f4xx_hal_adc_ex.c ****        (+) In case of ADC Error, HAL_ADCEx_InjectedErrorCallback() function is executed and user ca
  69:Drivers/STM32F4/Drivers/STM32F4xx_HAL_Driver/Src/stm32f4xx_hal_adc_ex.c ****             add his own code by customization of function pointer HAL_ADCEx_InjectedErrorCallback
  70:Drivers/STM32F4/Drivers/STM32F4xx_HAL_Driver/Src/stm32f4xx_hal_adc_ex.c ****        (+) Stop the ADC peripheral using HAL_ADCEx_InjectedStop_IT()
  71:Drivers/STM32F4/Drivers/STM32F4xx_HAL_Driver/Src/stm32f4xx_hal_adc_ex.c **** 
  72:Drivers/STM32F4/Drivers/STM32F4xx_HAL_Driver/Src/stm32f4xx_hal_adc_ex.c ****      *** Multi mode ADCs Regular channels configuration ***
  73:Drivers/STM32F4/Drivers/STM32F4xx_HAL_Driver/Src/stm32f4xx_hal_adc_ex.c ****      ======================================================
  74:Drivers/STM32F4/Drivers/STM32F4xx_HAL_Driver/Src/stm32f4xx_hal_adc_ex.c ****      [..]
  75:Drivers/STM32F4/Drivers/STM32F4xx_HAL_Driver/Src/stm32f4xx_hal_adc_ex.c ****        (+) Select the Multi mode ADC regular channels features (dual or triple mode)
  76:Drivers/STM32F4/Drivers/STM32F4xx_HAL_Driver/Src/stm32f4xx_hal_adc_ex.c ****           and configure the DMA mode using HAL_ADCEx_MultiModeConfigChannel() functions.
  77:Drivers/STM32F4/Drivers/STM32F4xx_HAL_Driver/Src/stm32f4xx_hal_adc_ex.c ****        (+) Start the ADC peripheral using HAL_ADCEx_MultiModeStart_DMA(), at this stage the user sp
  78:Drivers/STM32F4/Drivers/STM32F4xx_HAL_Driver/Src/stm32f4xx_hal_adc_ex.c ****            of data to be transferred at each end of conversion
  79:Drivers/STM32F4/Drivers/STM32F4xx_HAL_Driver/Src/stm32f4xx_hal_adc_ex.c ****        (+) Read the ADCs converted values using the HAL_ADCEx_MultiModeGetValue() function.
  80:Drivers/STM32F4/Drivers/STM32F4xx_HAL_Driver/Src/stm32f4xx_hal_adc_ex.c **** 
  81:Drivers/STM32F4/Drivers/STM32F4xx_HAL_Driver/Src/stm32f4xx_hal_adc_ex.c **** 
  82:Drivers/STM32F4/Drivers/STM32F4xx_HAL_Driver/Src/stm32f4xx_hal_adc_ex.c ****     @endverbatim
  83:Drivers/STM32F4/Drivers/STM32F4xx_HAL_Driver/Src/stm32f4xx_hal_adc_ex.c ****   */
  84:Drivers/STM32F4/Drivers/STM32F4xx_HAL_Driver/Src/stm32f4xx_hal_adc_ex.c **** 
  85:Drivers/STM32F4/Drivers/STM32F4xx_HAL_Driver/Src/stm32f4xx_hal_adc_ex.c **** /* Includes ------------------------------------------------------------------*/
  86:Drivers/STM32F4/Drivers/STM32F4xx_HAL_Driver/Src/stm32f4xx_hal_adc_ex.c **** #include "stm32f4xx_hal.h"
  87:Drivers/STM32F4/Drivers/STM32F4xx_HAL_Driver/Src/stm32f4xx_hal_adc_ex.c **** 
ARM GAS  /tmp/ccT7L7Lv.s 			page 3


  88:Drivers/STM32F4/Drivers/STM32F4xx_HAL_Driver/Src/stm32f4xx_hal_adc_ex.c **** /** @addtogroup STM32F4xx_HAL_Driver
  89:Drivers/STM32F4/Drivers/STM32F4xx_HAL_Driver/Src/stm32f4xx_hal_adc_ex.c ****   * @{
  90:Drivers/STM32F4/Drivers/STM32F4xx_HAL_Driver/Src/stm32f4xx_hal_adc_ex.c ****   */
  91:Drivers/STM32F4/Drivers/STM32F4xx_HAL_Driver/Src/stm32f4xx_hal_adc_ex.c **** 
  92:Drivers/STM32F4/Drivers/STM32F4xx_HAL_Driver/Src/stm32f4xx_hal_adc_ex.c **** /** @defgroup ADCEx ADCEx
  93:Drivers/STM32F4/Drivers/STM32F4xx_HAL_Driver/Src/stm32f4xx_hal_adc_ex.c ****   * @brief ADC Extended driver modules
  94:Drivers/STM32F4/Drivers/STM32F4xx_HAL_Driver/Src/stm32f4xx_hal_adc_ex.c ****   * @{
  95:Drivers/STM32F4/Drivers/STM32F4xx_HAL_Driver/Src/stm32f4xx_hal_adc_ex.c ****   */
  96:Drivers/STM32F4/Drivers/STM32F4xx_HAL_Driver/Src/stm32f4xx_hal_adc_ex.c **** 
  97:Drivers/STM32F4/Drivers/STM32F4xx_HAL_Driver/Src/stm32f4xx_hal_adc_ex.c **** #ifdef HAL_ADC_MODULE_ENABLED
  98:Drivers/STM32F4/Drivers/STM32F4xx_HAL_Driver/Src/stm32f4xx_hal_adc_ex.c **** 
  99:Drivers/STM32F4/Drivers/STM32F4xx_HAL_Driver/Src/stm32f4xx_hal_adc_ex.c **** /* Private typedef -----------------------------------------------------------*/
 100:Drivers/STM32F4/Drivers/STM32F4xx_HAL_Driver/Src/stm32f4xx_hal_adc_ex.c **** /* Private define ------------------------------------------------------------*/
 101:Drivers/STM32F4/Drivers/STM32F4xx_HAL_Driver/Src/stm32f4xx_hal_adc_ex.c **** /* Private macro -------------------------------------------------------------*/
 102:Drivers/STM32F4/Drivers/STM32F4xx_HAL_Driver/Src/stm32f4xx_hal_adc_ex.c **** /* Private variables ---------------------------------------------------------*/
 103:Drivers/STM32F4/Drivers/STM32F4xx_HAL_Driver/Src/stm32f4xx_hal_adc_ex.c **** /** @addtogroup ADCEx_Private_Functions
 104:Drivers/STM32F4/Drivers/STM32F4xx_HAL_Driver/Src/stm32f4xx_hal_adc_ex.c ****   * @{
 105:Drivers/STM32F4/Drivers/STM32F4xx_HAL_Driver/Src/stm32f4xx_hal_adc_ex.c ****   */
 106:Drivers/STM32F4/Drivers/STM32F4xx_HAL_Driver/Src/stm32f4xx_hal_adc_ex.c **** /* Private function prototypes -----------------------------------------------*/
 107:Drivers/STM32F4/Drivers/STM32F4xx_HAL_Driver/Src/stm32f4xx_hal_adc_ex.c **** static void ADC_MultiModeDMAConvCplt(DMA_HandleTypeDef *hdma);
 108:Drivers/STM32F4/Drivers/STM32F4xx_HAL_Driver/Src/stm32f4xx_hal_adc_ex.c **** static void ADC_MultiModeDMAError(DMA_HandleTypeDef *hdma);
 109:Drivers/STM32F4/Drivers/STM32F4xx_HAL_Driver/Src/stm32f4xx_hal_adc_ex.c **** static void ADC_MultiModeDMAHalfConvCplt(DMA_HandleTypeDef *hdma);
 110:Drivers/STM32F4/Drivers/STM32F4xx_HAL_Driver/Src/stm32f4xx_hal_adc_ex.c **** /**
 111:Drivers/STM32F4/Drivers/STM32F4xx_HAL_Driver/Src/stm32f4xx_hal_adc_ex.c ****   * @}
 112:Drivers/STM32F4/Drivers/STM32F4xx_HAL_Driver/Src/stm32f4xx_hal_adc_ex.c ****   */
 113:Drivers/STM32F4/Drivers/STM32F4xx_HAL_Driver/Src/stm32f4xx_hal_adc_ex.c **** 
 114:Drivers/STM32F4/Drivers/STM32F4xx_HAL_Driver/Src/stm32f4xx_hal_adc_ex.c **** /* Exported functions --------------------------------------------------------*/
 115:Drivers/STM32F4/Drivers/STM32F4xx_HAL_Driver/Src/stm32f4xx_hal_adc_ex.c **** /** @defgroup ADCEx_Exported_Functions ADC Exported Functions
 116:Drivers/STM32F4/Drivers/STM32F4xx_HAL_Driver/Src/stm32f4xx_hal_adc_ex.c ****   * @{
 117:Drivers/STM32F4/Drivers/STM32F4xx_HAL_Driver/Src/stm32f4xx_hal_adc_ex.c ****   */
 118:Drivers/STM32F4/Drivers/STM32F4xx_HAL_Driver/Src/stm32f4xx_hal_adc_ex.c **** 
 119:Drivers/STM32F4/Drivers/STM32F4xx_HAL_Driver/Src/stm32f4xx_hal_adc_ex.c **** /** @defgroup ADCEx_Exported_Functions_Group1  Extended features functions
 120:Drivers/STM32F4/Drivers/STM32F4xx_HAL_Driver/Src/stm32f4xx_hal_adc_ex.c ****   *  @brief    Extended features functions
 121:Drivers/STM32F4/Drivers/STM32F4xx_HAL_Driver/Src/stm32f4xx_hal_adc_ex.c ****   *
 122:Drivers/STM32F4/Drivers/STM32F4xx_HAL_Driver/Src/stm32f4xx_hal_adc_ex.c **** @verbatim
 123:Drivers/STM32F4/Drivers/STM32F4xx_HAL_Driver/Src/stm32f4xx_hal_adc_ex.c ****  ===============================================================================
 124:Drivers/STM32F4/Drivers/STM32F4xx_HAL_Driver/Src/stm32f4xx_hal_adc_ex.c ****                  ##### Extended features functions #####
 125:Drivers/STM32F4/Drivers/STM32F4xx_HAL_Driver/Src/stm32f4xx_hal_adc_ex.c ****  ===============================================================================
 126:Drivers/STM32F4/Drivers/STM32F4xx_HAL_Driver/Src/stm32f4xx_hal_adc_ex.c ****     [..]  This section provides functions allowing to:
 127:Drivers/STM32F4/Drivers/STM32F4xx_HAL_Driver/Src/stm32f4xx_hal_adc_ex.c ****       (+) Start conversion of injected channel.
 128:Drivers/STM32F4/Drivers/STM32F4xx_HAL_Driver/Src/stm32f4xx_hal_adc_ex.c ****       (+) Stop conversion of injected channel.
 129:Drivers/STM32F4/Drivers/STM32F4xx_HAL_Driver/Src/stm32f4xx_hal_adc_ex.c ****       (+) Start multimode and enable DMA transfer.
 130:Drivers/STM32F4/Drivers/STM32F4xx_HAL_Driver/Src/stm32f4xx_hal_adc_ex.c ****       (+) Stop multimode and disable DMA transfer.
 131:Drivers/STM32F4/Drivers/STM32F4xx_HAL_Driver/Src/stm32f4xx_hal_adc_ex.c ****       (+) Get result of injected channel conversion.
 132:Drivers/STM32F4/Drivers/STM32F4xx_HAL_Driver/Src/stm32f4xx_hal_adc_ex.c ****       (+) Get result of multimode conversion.
 133:Drivers/STM32F4/Drivers/STM32F4xx_HAL_Driver/Src/stm32f4xx_hal_adc_ex.c ****       (+) Configure injected channels.
 134:Drivers/STM32F4/Drivers/STM32F4xx_HAL_Driver/Src/stm32f4xx_hal_adc_ex.c ****       (+) Configure multimode.
 135:Drivers/STM32F4/Drivers/STM32F4xx_HAL_Driver/Src/stm32f4xx_hal_adc_ex.c **** 
 136:Drivers/STM32F4/Drivers/STM32F4xx_HAL_Driver/Src/stm32f4xx_hal_adc_ex.c **** @endverbatim
 137:Drivers/STM32F4/Drivers/STM32F4xx_HAL_Driver/Src/stm32f4xx_hal_adc_ex.c ****   * @{
 138:Drivers/STM32F4/Drivers/STM32F4xx_HAL_Driver/Src/stm32f4xx_hal_adc_ex.c ****   */
 139:Drivers/STM32F4/Drivers/STM32F4xx_HAL_Driver/Src/stm32f4xx_hal_adc_ex.c **** 
 140:Drivers/STM32F4/Drivers/STM32F4xx_HAL_Driver/Src/stm32f4xx_hal_adc_ex.c **** /**
 141:Drivers/STM32F4/Drivers/STM32F4xx_HAL_Driver/Src/stm32f4xx_hal_adc_ex.c ****   * @brief  Enables the selected ADC software start conversion of the injected channels.
 142:Drivers/STM32F4/Drivers/STM32F4xx_HAL_Driver/Src/stm32f4xx_hal_adc_ex.c ****   * @param  hadc pointer to a ADC_HandleTypeDef structure that contains
 143:Drivers/STM32F4/Drivers/STM32F4xx_HAL_Driver/Src/stm32f4xx_hal_adc_ex.c ****   *         the configuration information for the specified ADC.
 144:Drivers/STM32F4/Drivers/STM32F4xx_HAL_Driver/Src/stm32f4xx_hal_adc_ex.c ****   * @retval HAL status
ARM GAS  /tmp/ccT7L7Lv.s 			page 4


 145:Drivers/STM32F4/Drivers/STM32F4xx_HAL_Driver/Src/stm32f4xx_hal_adc_ex.c ****   */
 146:Drivers/STM32F4/Drivers/STM32F4xx_HAL_Driver/Src/stm32f4xx_hal_adc_ex.c **** HAL_StatusTypeDef HAL_ADCEx_InjectedStart(ADC_HandleTypeDef *hadc)
 147:Drivers/STM32F4/Drivers/STM32F4xx_HAL_Driver/Src/stm32f4xx_hal_adc_ex.c **** {
 148:Drivers/STM32F4/Drivers/STM32F4xx_HAL_Driver/Src/stm32f4xx_hal_adc_ex.c ****   __IO uint32_t counter = 0U;
 149:Drivers/STM32F4/Drivers/STM32F4xx_HAL_Driver/Src/stm32f4xx_hal_adc_ex.c ****   uint32_t tmp1 = 0U, tmp2 = 0U;
 150:Drivers/STM32F4/Drivers/STM32F4xx_HAL_Driver/Src/stm32f4xx_hal_adc_ex.c ****   ADC_Common_TypeDef *tmpADC_Common;
 151:Drivers/STM32F4/Drivers/STM32F4xx_HAL_Driver/Src/stm32f4xx_hal_adc_ex.c **** 
 152:Drivers/STM32F4/Drivers/STM32F4xx_HAL_Driver/Src/stm32f4xx_hal_adc_ex.c ****   /* Process locked */
 153:Drivers/STM32F4/Drivers/STM32F4xx_HAL_Driver/Src/stm32f4xx_hal_adc_ex.c ****   __HAL_LOCK(hadc);
 154:Drivers/STM32F4/Drivers/STM32F4xx_HAL_Driver/Src/stm32f4xx_hal_adc_ex.c **** 
 155:Drivers/STM32F4/Drivers/STM32F4xx_HAL_Driver/Src/stm32f4xx_hal_adc_ex.c ****   /* Enable the ADC peripheral */
 156:Drivers/STM32F4/Drivers/STM32F4xx_HAL_Driver/Src/stm32f4xx_hal_adc_ex.c **** 
 157:Drivers/STM32F4/Drivers/STM32F4xx_HAL_Driver/Src/stm32f4xx_hal_adc_ex.c ****   /* Check if ADC peripheral is disabled in order to enable it and wait during
 158:Drivers/STM32F4/Drivers/STM32F4xx_HAL_Driver/Src/stm32f4xx_hal_adc_ex.c ****      Tstab time the ADC's stabilization */
 159:Drivers/STM32F4/Drivers/STM32F4xx_HAL_Driver/Src/stm32f4xx_hal_adc_ex.c ****   if ((hadc->Instance->CR2 & ADC_CR2_ADON) != ADC_CR2_ADON)
 160:Drivers/STM32F4/Drivers/STM32F4xx_HAL_Driver/Src/stm32f4xx_hal_adc_ex.c ****   {
 161:Drivers/STM32F4/Drivers/STM32F4xx_HAL_Driver/Src/stm32f4xx_hal_adc_ex.c ****     /* Enable the Peripheral */
 162:Drivers/STM32F4/Drivers/STM32F4xx_HAL_Driver/Src/stm32f4xx_hal_adc_ex.c ****     __HAL_ADC_ENABLE(hadc);
 163:Drivers/STM32F4/Drivers/STM32F4xx_HAL_Driver/Src/stm32f4xx_hal_adc_ex.c **** 
 164:Drivers/STM32F4/Drivers/STM32F4xx_HAL_Driver/Src/stm32f4xx_hal_adc_ex.c ****     /* Delay for ADC stabilization time */
 165:Drivers/STM32F4/Drivers/STM32F4xx_HAL_Driver/Src/stm32f4xx_hal_adc_ex.c ****     /* Compute number of CPU cycles to wait for */
 166:Drivers/STM32F4/Drivers/STM32F4xx_HAL_Driver/Src/stm32f4xx_hal_adc_ex.c ****     counter = (ADC_STAB_DELAY_US * (SystemCoreClock / 1000000U));
 167:Drivers/STM32F4/Drivers/STM32F4xx_HAL_Driver/Src/stm32f4xx_hal_adc_ex.c ****     while (counter != 0U)
 168:Drivers/STM32F4/Drivers/STM32F4xx_HAL_Driver/Src/stm32f4xx_hal_adc_ex.c ****     {
 169:Drivers/STM32F4/Drivers/STM32F4xx_HAL_Driver/Src/stm32f4xx_hal_adc_ex.c ****       counter--;
 170:Drivers/STM32F4/Drivers/STM32F4xx_HAL_Driver/Src/stm32f4xx_hal_adc_ex.c ****     }
 171:Drivers/STM32F4/Drivers/STM32F4xx_HAL_Driver/Src/stm32f4xx_hal_adc_ex.c ****   }
 172:Drivers/STM32F4/Drivers/STM32F4xx_HAL_Driver/Src/stm32f4xx_hal_adc_ex.c **** 
 173:Drivers/STM32F4/Drivers/STM32F4xx_HAL_Driver/Src/stm32f4xx_hal_adc_ex.c ****   /* Start conversion if ADC is effectively enabled */
 174:Drivers/STM32F4/Drivers/STM32F4xx_HAL_Driver/Src/stm32f4xx_hal_adc_ex.c ****   if (HAL_IS_BIT_SET(hadc->Instance->CR2, ADC_CR2_ADON))
 175:Drivers/STM32F4/Drivers/STM32F4xx_HAL_Driver/Src/stm32f4xx_hal_adc_ex.c ****   {
 176:Drivers/STM32F4/Drivers/STM32F4xx_HAL_Driver/Src/stm32f4xx_hal_adc_ex.c ****     /* Set ADC state                                                          */
 177:Drivers/STM32F4/Drivers/STM32F4xx_HAL_Driver/Src/stm32f4xx_hal_adc_ex.c ****     /* - Clear state bitfield related to injected group conversion results    */
 178:Drivers/STM32F4/Drivers/STM32F4xx_HAL_Driver/Src/stm32f4xx_hal_adc_ex.c ****     /* - Set state bitfield related to injected operation                     */
 179:Drivers/STM32F4/Drivers/STM32F4xx_HAL_Driver/Src/stm32f4xx_hal_adc_ex.c ****     ADC_STATE_CLR_SET(hadc->State,
 180:Drivers/STM32F4/Drivers/STM32F4xx_HAL_Driver/Src/stm32f4xx_hal_adc_ex.c ****                       HAL_ADC_STATE_READY | HAL_ADC_STATE_INJ_EOC,
 181:Drivers/STM32F4/Drivers/STM32F4xx_HAL_Driver/Src/stm32f4xx_hal_adc_ex.c ****                       HAL_ADC_STATE_INJ_BUSY);
 182:Drivers/STM32F4/Drivers/STM32F4xx_HAL_Driver/Src/stm32f4xx_hal_adc_ex.c **** 
 183:Drivers/STM32F4/Drivers/STM32F4xx_HAL_Driver/Src/stm32f4xx_hal_adc_ex.c ****     /* Check if a regular conversion is ongoing */
 184:Drivers/STM32F4/Drivers/STM32F4xx_HAL_Driver/Src/stm32f4xx_hal_adc_ex.c ****     /* Note: On this device, there is no ADC error code fields related to     */
 185:Drivers/STM32F4/Drivers/STM32F4xx_HAL_Driver/Src/stm32f4xx_hal_adc_ex.c ****     /*       conversions on group injected only. In case of conversion on     */
 186:Drivers/STM32F4/Drivers/STM32F4xx_HAL_Driver/Src/stm32f4xx_hal_adc_ex.c ****     /*       going on group regular, no error code is reset.                  */
 187:Drivers/STM32F4/Drivers/STM32F4xx_HAL_Driver/Src/stm32f4xx_hal_adc_ex.c ****     if (HAL_IS_BIT_CLR(hadc->State, HAL_ADC_STATE_REG_BUSY))
 188:Drivers/STM32F4/Drivers/STM32F4xx_HAL_Driver/Src/stm32f4xx_hal_adc_ex.c ****     {
 189:Drivers/STM32F4/Drivers/STM32F4xx_HAL_Driver/Src/stm32f4xx_hal_adc_ex.c ****       /* Reset ADC all error code fields */
 190:Drivers/STM32F4/Drivers/STM32F4xx_HAL_Driver/Src/stm32f4xx_hal_adc_ex.c ****       ADC_CLEAR_ERRORCODE(hadc);
 191:Drivers/STM32F4/Drivers/STM32F4xx_HAL_Driver/Src/stm32f4xx_hal_adc_ex.c ****     }
 192:Drivers/STM32F4/Drivers/STM32F4xx_HAL_Driver/Src/stm32f4xx_hal_adc_ex.c **** 
 193:Drivers/STM32F4/Drivers/STM32F4xx_HAL_Driver/Src/stm32f4xx_hal_adc_ex.c ****     /* Process unlocked */
 194:Drivers/STM32F4/Drivers/STM32F4xx_HAL_Driver/Src/stm32f4xx_hal_adc_ex.c ****     /* Unlock before starting ADC conversions: in case of potential           */
 195:Drivers/STM32F4/Drivers/STM32F4xx_HAL_Driver/Src/stm32f4xx_hal_adc_ex.c ****     /* interruption, to let the process to ADC IRQ Handler.                   */
 196:Drivers/STM32F4/Drivers/STM32F4xx_HAL_Driver/Src/stm32f4xx_hal_adc_ex.c ****     __HAL_UNLOCK(hadc);
 197:Drivers/STM32F4/Drivers/STM32F4xx_HAL_Driver/Src/stm32f4xx_hal_adc_ex.c **** 
 198:Drivers/STM32F4/Drivers/STM32F4xx_HAL_Driver/Src/stm32f4xx_hal_adc_ex.c ****     /* Clear injected group conversion flag */
 199:Drivers/STM32F4/Drivers/STM32F4xx_HAL_Driver/Src/stm32f4xx_hal_adc_ex.c ****     /* (To ensure of no unknown state from potential previous ADC operations) */
 200:Drivers/STM32F4/Drivers/STM32F4xx_HAL_Driver/Src/stm32f4xx_hal_adc_ex.c ****     __HAL_ADC_CLEAR_FLAG(hadc, ADC_FLAG_JEOC);
 201:Drivers/STM32F4/Drivers/STM32F4xx_HAL_Driver/Src/stm32f4xx_hal_adc_ex.c **** 
ARM GAS  /tmp/ccT7L7Lv.s 			page 5


 202:Drivers/STM32F4/Drivers/STM32F4xx_HAL_Driver/Src/stm32f4xx_hal_adc_ex.c ****     /* Pointer to the common control register to which is belonging hadc    */
 203:Drivers/STM32F4/Drivers/STM32F4xx_HAL_Driver/Src/stm32f4xx_hal_adc_ex.c ****     /* (Depending on STM32F4 product, there may be up to 3 ADC and 1 common */
 204:Drivers/STM32F4/Drivers/STM32F4xx_HAL_Driver/Src/stm32f4xx_hal_adc_ex.c ****     /* control register)                                                    */
 205:Drivers/STM32F4/Drivers/STM32F4xx_HAL_Driver/Src/stm32f4xx_hal_adc_ex.c ****     tmpADC_Common = ADC_COMMON_REGISTER(hadc);
 206:Drivers/STM32F4/Drivers/STM32F4xx_HAL_Driver/Src/stm32f4xx_hal_adc_ex.c **** 
 207:Drivers/STM32F4/Drivers/STM32F4xx_HAL_Driver/Src/stm32f4xx_hal_adc_ex.c ****     /* Check if Multimode enabled */
 208:Drivers/STM32F4/Drivers/STM32F4xx_HAL_Driver/Src/stm32f4xx_hal_adc_ex.c ****     if (HAL_IS_BIT_CLR(tmpADC_Common->CCR, ADC_CCR_MULTI))
 209:Drivers/STM32F4/Drivers/STM32F4xx_HAL_Driver/Src/stm32f4xx_hal_adc_ex.c ****     {
 210:Drivers/STM32F4/Drivers/STM32F4xx_HAL_Driver/Src/stm32f4xx_hal_adc_ex.c ****       tmp1 = HAL_IS_BIT_CLR(hadc->Instance->CR2, ADC_CR2_JEXTEN);
 211:Drivers/STM32F4/Drivers/STM32F4xx_HAL_Driver/Src/stm32f4xx_hal_adc_ex.c ****       tmp2 = HAL_IS_BIT_CLR(hadc->Instance->CR1, ADC_CR1_JAUTO);
 212:Drivers/STM32F4/Drivers/STM32F4xx_HAL_Driver/Src/stm32f4xx_hal_adc_ex.c ****       if (tmp1 && tmp2)
 213:Drivers/STM32F4/Drivers/STM32F4xx_HAL_Driver/Src/stm32f4xx_hal_adc_ex.c ****       {
 214:Drivers/STM32F4/Drivers/STM32F4xx_HAL_Driver/Src/stm32f4xx_hal_adc_ex.c ****         /* Enable the selected ADC software conversion for injected group */
 215:Drivers/STM32F4/Drivers/STM32F4xx_HAL_Driver/Src/stm32f4xx_hal_adc_ex.c ****         hadc->Instance->CR2 |= ADC_CR2_JSWSTART;
 216:Drivers/STM32F4/Drivers/STM32F4xx_HAL_Driver/Src/stm32f4xx_hal_adc_ex.c ****       }
 217:Drivers/STM32F4/Drivers/STM32F4xx_HAL_Driver/Src/stm32f4xx_hal_adc_ex.c ****     }
 218:Drivers/STM32F4/Drivers/STM32F4xx_HAL_Driver/Src/stm32f4xx_hal_adc_ex.c ****     else
 219:Drivers/STM32F4/Drivers/STM32F4xx_HAL_Driver/Src/stm32f4xx_hal_adc_ex.c ****     {
 220:Drivers/STM32F4/Drivers/STM32F4xx_HAL_Driver/Src/stm32f4xx_hal_adc_ex.c ****       tmp1 = HAL_IS_BIT_CLR(hadc->Instance->CR2, ADC_CR2_JEXTEN);
 221:Drivers/STM32F4/Drivers/STM32F4xx_HAL_Driver/Src/stm32f4xx_hal_adc_ex.c ****       tmp2 = HAL_IS_BIT_CLR(hadc->Instance->CR1, ADC_CR1_JAUTO);
 222:Drivers/STM32F4/Drivers/STM32F4xx_HAL_Driver/Src/stm32f4xx_hal_adc_ex.c ****       if ((hadc->Instance == ADC1) && tmp1 && tmp2)
 223:Drivers/STM32F4/Drivers/STM32F4xx_HAL_Driver/Src/stm32f4xx_hal_adc_ex.c ****       {
 224:Drivers/STM32F4/Drivers/STM32F4xx_HAL_Driver/Src/stm32f4xx_hal_adc_ex.c ****         /* Enable the selected ADC software conversion for injected group */
 225:Drivers/STM32F4/Drivers/STM32F4xx_HAL_Driver/Src/stm32f4xx_hal_adc_ex.c ****         hadc->Instance->CR2 |= ADC_CR2_JSWSTART;
 226:Drivers/STM32F4/Drivers/STM32F4xx_HAL_Driver/Src/stm32f4xx_hal_adc_ex.c ****       }
 227:Drivers/STM32F4/Drivers/STM32F4xx_HAL_Driver/Src/stm32f4xx_hal_adc_ex.c ****     }
 228:Drivers/STM32F4/Drivers/STM32F4xx_HAL_Driver/Src/stm32f4xx_hal_adc_ex.c ****   }
 229:Drivers/STM32F4/Drivers/STM32F4xx_HAL_Driver/Src/stm32f4xx_hal_adc_ex.c ****   else
 230:Drivers/STM32F4/Drivers/STM32F4xx_HAL_Driver/Src/stm32f4xx_hal_adc_ex.c ****   {
 231:Drivers/STM32F4/Drivers/STM32F4xx_HAL_Driver/Src/stm32f4xx_hal_adc_ex.c ****     /* Update ADC state machine to error */
 232:Drivers/STM32F4/Drivers/STM32F4xx_HAL_Driver/Src/stm32f4xx_hal_adc_ex.c ****     SET_BIT(hadc->State, HAL_ADC_STATE_ERROR_INTERNAL);
 233:Drivers/STM32F4/Drivers/STM32F4xx_HAL_Driver/Src/stm32f4xx_hal_adc_ex.c **** 
 234:Drivers/STM32F4/Drivers/STM32F4xx_HAL_Driver/Src/stm32f4xx_hal_adc_ex.c ****     /* Set ADC error code to ADC IP internal error */
 235:Drivers/STM32F4/Drivers/STM32F4xx_HAL_Driver/Src/stm32f4xx_hal_adc_ex.c ****     SET_BIT(hadc->ErrorCode, HAL_ADC_ERROR_INTERNAL);
 236:Drivers/STM32F4/Drivers/STM32F4xx_HAL_Driver/Src/stm32f4xx_hal_adc_ex.c ****   }
 237:Drivers/STM32F4/Drivers/STM32F4xx_HAL_Driver/Src/stm32f4xx_hal_adc_ex.c **** 
 238:Drivers/STM32F4/Drivers/STM32F4xx_HAL_Driver/Src/stm32f4xx_hal_adc_ex.c ****   /* Return function status */
 239:Drivers/STM32F4/Drivers/STM32F4xx_HAL_Driver/Src/stm32f4xx_hal_adc_ex.c ****   return HAL_OK;
 240:Drivers/STM32F4/Drivers/STM32F4xx_HAL_Driver/Src/stm32f4xx_hal_adc_ex.c **** }
 241:Drivers/STM32F4/Drivers/STM32F4xx_HAL_Driver/Src/stm32f4xx_hal_adc_ex.c **** 
 242:Drivers/STM32F4/Drivers/STM32F4xx_HAL_Driver/Src/stm32f4xx_hal_adc_ex.c **** /**
 243:Drivers/STM32F4/Drivers/STM32F4xx_HAL_Driver/Src/stm32f4xx_hal_adc_ex.c ****   * @brief  Enables the interrupt and starts ADC conversion of injected channels.
 244:Drivers/STM32F4/Drivers/STM32F4xx_HAL_Driver/Src/stm32f4xx_hal_adc_ex.c ****   * @param  hadc pointer to a ADC_HandleTypeDef structure that contains
 245:Drivers/STM32F4/Drivers/STM32F4xx_HAL_Driver/Src/stm32f4xx_hal_adc_ex.c ****   *         the configuration information for the specified ADC.
 246:Drivers/STM32F4/Drivers/STM32F4xx_HAL_Driver/Src/stm32f4xx_hal_adc_ex.c ****   *
 247:Drivers/STM32F4/Drivers/STM32F4xx_HAL_Driver/Src/stm32f4xx_hal_adc_ex.c ****   * @retval HAL status.
 248:Drivers/STM32F4/Drivers/STM32F4xx_HAL_Driver/Src/stm32f4xx_hal_adc_ex.c ****   */
 249:Drivers/STM32F4/Drivers/STM32F4xx_HAL_Driver/Src/stm32f4xx_hal_adc_ex.c **** HAL_StatusTypeDef HAL_ADCEx_InjectedStart_IT(ADC_HandleTypeDef *hadc)
 250:Drivers/STM32F4/Drivers/STM32F4xx_HAL_Driver/Src/stm32f4xx_hal_adc_ex.c **** {
 251:Drivers/STM32F4/Drivers/STM32F4xx_HAL_Driver/Src/stm32f4xx_hal_adc_ex.c ****   __IO uint32_t counter = 0U;
 252:Drivers/STM32F4/Drivers/STM32F4xx_HAL_Driver/Src/stm32f4xx_hal_adc_ex.c ****   uint32_t tmp1 = 0U, tmp2 = 0U;
 253:Drivers/STM32F4/Drivers/STM32F4xx_HAL_Driver/Src/stm32f4xx_hal_adc_ex.c ****   ADC_Common_TypeDef *tmpADC_Common;
 254:Drivers/STM32F4/Drivers/STM32F4xx_HAL_Driver/Src/stm32f4xx_hal_adc_ex.c **** 
 255:Drivers/STM32F4/Drivers/STM32F4xx_HAL_Driver/Src/stm32f4xx_hal_adc_ex.c ****   /* Process locked */
 256:Drivers/STM32F4/Drivers/STM32F4xx_HAL_Driver/Src/stm32f4xx_hal_adc_ex.c ****   __HAL_LOCK(hadc);
 257:Drivers/STM32F4/Drivers/STM32F4xx_HAL_Driver/Src/stm32f4xx_hal_adc_ex.c **** 
 258:Drivers/STM32F4/Drivers/STM32F4xx_HAL_Driver/Src/stm32f4xx_hal_adc_ex.c ****   /* Enable the ADC peripheral */
ARM GAS  /tmp/ccT7L7Lv.s 			page 6


 259:Drivers/STM32F4/Drivers/STM32F4xx_HAL_Driver/Src/stm32f4xx_hal_adc_ex.c **** 
 260:Drivers/STM32F4/Drivers/STM32F4xx_HAL_Driver/Src/stm32f4xx_hal_adc_ex.c ****   /* Check if ADC peripheral is disabled in order to enable it and wait during
 261:Drivers/STM32F4/Drivers/STM32F4xx_HAL_Driver/Src/stm32f4xx_hal_adc_ex.c ****      Tstab time the ADC's stabilization */
 262:Drivers/STM32F4/Drivers/STM32F4xx_HAL_Driver/Src/stm32f4xx_hal_adc_ex.c ****   if ((hadc->Instance->CR2 & ADC_CR2_ADON) != ADC_CR2_ADON)
 263:Drivers/STM32F4/Drivers/STM32F4xx_HAL_Driver/Src/stm32f4xx_hal_adc_ex.c ****   {
 264:Drivers/STM32F4/Drivers/STM32F4xx_HAL_Driver/Src/stm32f4xx_hal_adc_ex.c ****     /* Enable the Peripheral */
 265:Drivers/STM32F4/Drivers/STM32F4xx_HAL_Driver/Src/stm32f4xx_hal_adc_ex.c ****     __HAL_ADC_ENABLE(hadc);
 266:Drivers/STM32F4/Drivers/STM32F4xx_HAL_Driver/Src/stm32f4xx_hal_adc_ex.c **** 
 267:Drivers/STM32F4/Drivers/STM32F4xx_HAL_Driver/Src/stm32f4xx_hal_adc_ex.c ****     /* Delay for ADC stabilization time */
 268:Drivers/STM32F4/Drivers/STM32F4xx_HAL_Driver/Src/stm32f4xx_hal_adc_ex.c ****     /* Compute number of CPU cycles to wait for */
 269:Drivers/STM32F4/Drivers/STM32F4xx_HAL_Driver/Src/stm32f4xx_hal_adc_ex.c ****     counter = (ADC_STAB_DELAY_US * (SystemCoreClock / 1000000U));
 270:Drivers/STM32F4/Drivers/STM32F4xx_HAL_Driver/Src/stm32f4xx_hal_adc_ex.c ****     while (counter != 0U)
 271:Drivers/STM32F4/Drivers/STM32F4xx_HAL_Driver/Src/stm32f4xx_hal_adc_ex.c ****     {
 272:Drivers/STM32F4/Drivers/STM32F4xx_HAL_Driver/Src/stm32f4xx_hal_adc_ex.c ****       counter--;
 273:Drivers/STM32F4/Drivers/STM32F4xx_HAL_Driver/Src/stm32f4xx_hal_adc_ex.c ****     }
 274:Drivers/STM32F4/Drivers/STM32F4xx_HAL_Driver/Src/stm32f4xx_hal_adc_ex.c ****   }
 275:Drivers/STM32F4/Drivers/STM32F4xx_HAL_Driver/Src/stm32f4xx_hal_adc_ex.c **** 
 276:Drivers/STM32F4/Drivers/STM32F4xx_HAL_Driver/Src/stm32f4xx_hal_adc_ex.c ****   /* Start conversion if ADC is effectively enabled */
 277:Drivers/STM32F4/Drivers/STM32F4xx_HAL_Driver/Src/stm32f4xx_hal_adc_ex.c ****   if (HAL_IS_BIT_SET(hadc->Instance->CR2, ADC_CR2_ADON))
 278:Drivers/STM32F4/Drivers/STM32F4xx_HAL_Driver/Src/stm32f4xx_hal_adc_ex.c ****   {
 279:Drivers/STM32F4/Drivers/STM32F4xx_HAL_Driver/Src/stm32f4xx_hal_adc_ex.c ****     /* Set ADC state                                                          */
 280:Drivers/STM32F4/Drivers/STM32F4xx_HAL_Driver/Src/stm32f4xx_hal_adc_ex.c ****     /* - Clear state bitfield related to injected group conversion results    */
 281:Drivers/STM32F4/Drivers/STM32F4xx_HAL_Driver/Src/stm32f4xx_hal_adc_ex.c ****     /* - Set state bitfield related to injected operation                     */
 282:Drivers/STM32F4/Drivers/STM32F4xx_HAL_Driver/Src/stm32f4xx_hal_adc_ex.c ****     ADC_STATE_CLR_SET(hadc->State,
 283:Drivers/STM32F4/Drivers/STM32F4xx_HAL_Driver/Src/stm32f4xx_hal_adc_ex.c ****                       HAL_ADC_STATE_READY | HAL_ADC_STATE_INJ_EOC,
 284:Drivers/STM32F4/Drivers/STM32F4xx_HAL_Driver/Src/stm32f4xx_hal_adc_ex.c ****                       HAL_ADC_STATE_INJ_BUSY);
 285:Drivers/STM32F4/Drivers/STM32F4xx_HAL_Driver/Src/stm32f4xx_hal_adc_ex.c **** 
 286:Drivers/STM32F4/Drivers/STM32F4xx_HAL_Driver/Src/stm32f4xx_hal_adc_ex.c ****     /* Check if a regular conversion is ongoing */
 287:Drivers/STM32F4/Drivers/STM32F4xx_HAL_Driver/Src/stm32f4xx_hal_adc_ex.c ****     /* Note: On this device, there is no ADC error code fields related to     */
 288:Drivers/STM32F4/Drivers/STM32F4xx_HAL_Driver/Src/stm32f4xx_hal_adc_ex.c ****     /*       conversions on group injected only. In case of conversion on     */
 289:Drivers/STM32F4/Drivers/STM32F4xx_HAL_Driver/Src/stm32f4xx_hal_adc_ex.c ****     /*       going on group regular, no error code is reset.                  */
 290:Drivers/STM32F4/Drivers/STM32F4xx_HAL_Driver/Src/stm32f4xx_hal_adc_ex.c ****     if (HAL_IS_BIT_CLR(hadc->State, HAL_ADC_STATE_REG_BUSY))
 291:Drivers/STM32F4/Drivers/STM32F4xx_HAL_Driver/Src/stm32f4xx_hal_adc_ex.c ****     {
 292:Drivers/STM32F4/Drivers/STM32F4xx_HAL_Driver/Src/stm32f4xx_hal_adc_ex.c ****       /* Reset ADC all error code fields */
 293:Drivers/STM32F4/Drivers/STM32F4xx_HAL_Driver/Src/stm32f4xx_hal_adc_ex.c ****       ADC_CLEAR_ERRORCODE(hadc);
 294:Drivers/STM32F4/Drivers/STM32F4xx_HAL_Driver/Src/stm32f4xx_hal_adc_ex.c ****     }
 295:Drivers/STM32F4/Drivers/STM32F4xx_HAL_Driver/Src/stm32f4xx_hal_adc_ex.c **** 
 296:Drivers/STM32F4/Drivers/STM32F4xx_HAL_Driver/Src/stm32f4xx_hal_adc_ex.c ****     /* Process unlocked */
 297:Drivers/STM32F4/Drivers/STM32F4xx_HAL_Driver/Src/stm32f4xx_hal_adc_ex.c ****     /* Unlock before starting ADC conversions: in case of potential           */
 298:Drivers/STM32F4/Drivers/STM32F4xx_HAL_Driver/Src/stm32f4xx_hal_adc_ex.c ****     /* interruption, to let the process to ADC IRQ Handler.                   */
 299:Drivers/STM32F4/Drivers/STM32F4xx_HAL_Driver/Src/stm32f4xx_hal_adc_ex.c ****     __HAL_UNLOCK(hadc);
 300:Drivers/STM32F4/Drivers/STM32F4xx_HAL_Driver/Src/stm32f4xx_hal_adc_ex.c **** 
 301:Drivers/STM32F4/Drivers/STM32F4xx_HAL_Driver/Src/stm32f4xx_hal_adc_ex.c ****     /* Clear injected group conversion flag */
 302:Drivers/STM32F4/Drivers/STM32F4xx_HAL_Driver/Src/stm32f4xx_hal_adc_ex.c ****     /* (To ensure of no unknown state from potential previous ADC operations) */
 303:Drivers/STM32F4/Drivers/STM32F4xx_HAL_Driver/Src/stm32f4xx_hal_adc_ex.c ****     __HAL_ADC_CLEAR_FLAG(hadc, ADC_FLAG_JEOC);
 304:Drivers/STM32F4/Drivers/STM32F4xx_HAL_Driver/Src/stm32f4xx_hal_adc_ex.c **** 
 305:Drivers/STM32F4/Drivers/STM32F4xx_HAL_Driver/Src/stm32f4xx_hal_adc_ex.c ****     /* Enable end of conversion interrupt for injected channels */
 306:Drivers/STM32F4/Drivers/STM32F4xx_HAL_Driver/Src/stm32f4xx_hal_adc_ex.c ****     __HAL_ADC_ENABLE_IT(hadc, ADC_IT_JEOC);
 307:Drivers/STM32F4/Drivers/STM32F4xx_HAL_Driver/Src/stm32f4xx_hal_adc_ex.c **** 
 308:Drivers/STM32F4/Drivers/STM32F4xx_HAL_Driver/Src/stm32f4xx_hal_adc_ex.c ****     /* Pointer to the common control register to which is belonging hadc    */
 309:Drivers/STM32F4/Drivers/STM32F4xx_HAL_Driver/Src/stm32f4xx_hal_adc_ex.c ****     /* (Depending on STM32F4 product, there may be up to 3 ADC and 1 common */
 310:Drivers/STM32F4/Drivers/STM32F4xx_HAL_Driver/Src/stm32f4xx_hal_adc_ex.c ****     /* control register)                                                    */
 311:Drivers/STM32F4/Drivers/STM32F4xx_HAL_Driver/Src/stm32f4xx_hal_adc_ex.c ****     tmpADC_Common = ADC_COMMON_REGISTER(hadc);
 312:Drivers/STM32F4/Drivers/STM32F4xx_HAL_Driver/Src/stm32f4xx_hal_adc_ex.c **** 
 313:Drivers/STM32F4/Drivers/STM32F4xx_HAL_Driver/Src/stm32f4xx_hal_adc_ex.c ****     /* Check if Multimode enabled */
 314:Drivers/STM32F4/Drivers/STM32F4xx_HAL_Driver/Src/stm32f4xx_hal_adc_ex.c ****     if (HAL_IS_BIT_CLR(tmpADC_Common->CCR, ADC_CCR_MULTI))
 315:Drivers/STM32F4/Drivers/STM32F4xx_HAL_Driver/Src/stm32f4xx_hal_adc_ex.c ****     {
ARM GAS  /tmp/ccT7L7Lv.s 			page 7


 316:Drivers/STM32F4/Drivers/STM32F4xx_HAL_Driver/Src/stm32f4xx_hal_adc_ex.c ****       tmp1 = HAL_IS_BIT_CLR(hadc->Instance->CR2, ADC_CR2_JEXTEN);
 317:Drivers/STM32F4/Drivers/STM32F4xx_HAL_Driver/Src/stm32f4xx_hal_adc_ex.c ****       tmp2 = HAL_IS_BIT_CLR(hadc->Instance->CR1, ADC_CR1_JAUTO);
 318:Drivers/STM32F4/Drivers/STM32F4xx_HAL_Driver/Src/stm32f4xx_hal_adc_ex.c ****       if (tmp1 && tmp2)
 319:Drivers/STM32F4/Drivers/STM32F4xx_HAL_Driver/Src/stm32f4xx_hal_adc_ex.c ****       {
 320:Drivers/STM32F4/Drivers/STM32F4xx_HAL_Driver/Src/stm32f4xx_hal_adc_ex.c ****         /* Enable the selected ADC software conversion for injected group */
 321:Drivers/STM32F4/Drivers/STM32F4xx_HAL_Driver/Src/stm32f4xx_hal_adc_ex.c ****         hadc->Instance->CR2 |= ADC_CR2_JSWSTART;
 322:Drivers/STM32F4/Drivers/STM32F4xx_HAL_Driver/Src/stm32f4xx_hal_adc_ex.c ****       }
 323:Drivers/STM32F4/Drivers/STM32F4xx_HAL_Driver/Src/stm32f4xx_hal_adc_ex.c ****     }
 324:Drivers/STM32F4/Drivers/STM32F4xx_HAL_Driver/Src/stm32f4xx_hal_adc_ex.c ****     else
 325:Drivers/STM32F4/Drivers/STM32F4xx_HAL_Driver/Src/stm32f4xx_hal_adc_ex.c ****     {
 326:Drivers/STM32F4/Drivers/STM32F4xx_HAL_Driver/Src/stm32f4xx_hal_adc_ex.c ****       tmp1 = HAL_IS_BIT_CLR(hadc->Instance->CR2, ADC_CR2_JEXTEN);
 327:Drivers/STM32F4/Drivers/STM32F4xx_HAL_Driver/Src/stm32f4xx_hal_adc_ex.c ****       tmp2 = HAL_IS_BIT_CLR(hadc->Instance->CR1, ADC_CR1_JAUTO);
 328:Drivers/STM32F4/Drivers/STM32F4xx_HAL_Driver/Src/stm32f4xx_hal_adc_ex.c ****       if ((hadc->Instance == ADC1) && tmp1 && tmp2)
 329:Drivers/STM32F4/Drivers/STM32F4xx_HAL_Driver/Src/stm32f4xx_hal_adc_ex.c ****       {
 330:Drivers/STM32F4/Drivers/STM32F4xx_HAL_Driver/Src/stm32f4xx_hal_adc_ex.c ****         /* Enable the selected ADC software conversion for injected group */
 331:Drivers/STM32F4/Drivers/STM32F4xx_HAL_Driver/Src/stm32f4xx_hal_adc_ex.c ****         hadc->Instance->CR2 |= ADC_CR2_JSWSTART;
 332:Drivers/STM32F4/Drivers/STM32F4xx_HAL_Driver/Src/stm32f4xx_hal_adc_ex.c ****       }
 333:Drivers/STM32F4/Drivers/STM32F4xx_HAL_Driver/Src/stm32f4xx_hal_adc_ex.c ****     }
 334:Drivers/STM32F4/Drivers/STM32F4xx_HAL_Driver/Src/stm32f4xx_hal_adc_ex.c ****   }
 335:Drivers/STM32F4/Drivers/STM32F4xx_HAL_Driver/Src/stm32f4xx_hal_adc_ex.c ****   else
 336:Drivers/STM32F4/Drivers/STM32F4xx_HAL_Driver/Src/stm32f4xx_hal_adc_ex.c ****   {
 337:Drivers/STM32F4/Drivers/STM32F4xx_HAL_Driver/Src/stm32f4xx_hal_adc_ex.c ****     /* Update ADC state machine to error */
 338:Drivers/STM32F4/Drivers/STM32F4xx_HAL_Driver/Src/stm32f4xx_hal_adc_ex.c ****     SET_BIT(hadc->State, HAL_ADC_STATE_ERROR_INTERNAL);
 339:Drivers/STM32F4/Drivers/STM32F4xx_HAL_Driver/Src/stm32f4xx_hal_adc_ex.c **** 
 340:Drivers/STM32F4/Drivers/STM32F4xx_HAL_Driver/Src/stm32f4xx_hal_adc_ex.c ****     /* Set ADC error code to ADC IP internal error */
 341:Drivers/STM32F4/Drivers/STM32F4xx_HAL_Driver/Src/stm32f4xx_hal_adc_ex.c ****     SET_BIT(hadc->ErrorCode, HAL_ADC_ERROR_INTERNAL);
 342:Drivers/STM32F4/Drivers/STM32F4xx_HAL_Driver/Src/stm32f4xx_hal_adc_ex.c ****   }
 343:Drivers/STM32F4/Drivers/STM32F4xx_HAL_Driver/Src/stm32f4xx_hal_adc_ex.c **** 
 344:Drivers/STM32F4/Drivers/STM32F4xx_HAL_Driver/Src/stm32f4xx_hal_adc_ex.c ****   /* Return function status */
 345:Drivers/STM32F4/Drivers/STM32F4xx_HAL_Driver/Src/stm32f4xx_hal_adc_ex.c ****   return HAL_OK;
 346:Drivers/STM32F4/Drivers/STM32F4xx_HAL_Driver/Src/stm32f4xx_hal_adc_ex.c **** }
 347:Drivers/STM32F4/Drivers/STM32F4xx_HAL_Driver/Src/stm32f4xx_hal_adc_ex.c **** 
 348:Drivers/STM32F4/Drivers/STM32F4xx_HAL_Driver/Src/stm32f4xx_hal_adc_ex.c **** /**
 349:Drivers/STM32F4/Drivers/STM32F4xx_HAL_Driver/Src/stm32f4xx_hal_adc_ex.c ****   * @brief  Stop conversion of injected channels. Disable ADC peripheral if
 350:Drivers/STM32F4/Drivers/STM32F4xx_HAL_Driver/Src/stm32f4xx_hal_adc_ex.c ****   *         no regular conversion is on going.
 351:Drivers/STM32F4/Drivers/STM32F4xx_HAL_Driver/Src/stm32f4xx_hal_adc_ex.c ****   * @note   If ADC must be disabled and if conversion is on going on
 352:Drivers/STM32F4/Drivers/STM32F4xx_HAL_Driver/Src/stm32f4xx_hal_adc_ex.c ****   *         regular group, function HAL_ADC_Stop must be used to stop both
 353:Drivers/STM32F4/Drivers/STM32F4xx_HAL_Driver/Src/stm32f4xx_hal_adc_ex.c ****   *         injected and regular groups, and disable the ADC.
 354:Drivers/STM32F4/Drivers/STM32F4xx_HAL_Driver/Src/stm32f4xx_hal_adc_ex.c ****   * @note   If injected group mode auto-injection is enabled,
 355:Drivers/STM32F4/Drivers/STM32F4xx_HAL_Driver/Src/stm32f4xx_hal_adc_ex.c ****   *         function HAL_ADC_Stop must be used.
 356:Drivers/STM32F4/Drivers/STM32F4xx_HAL_Driver/Src/stm32f4xx_hal_adc_ex.c ****   * @note   In case of auto-injection mode, HAL_ADC_Stop must be used.
 357:Drivers/STM32F4/Drivers/STM32F4xx_HAL_Driver/Src/stm32f4xx_hal_adc_ex.c ****   * @param  hadc ADC handle
 358:Drivers/STM32F4/Drivers/STM32F4xx_HAL_Driver/Src/stm32f4xx_hal_adc_ex.c ****   * @retval None
 359:Drivers/STM32F4/Drivers/STM32F4xx_HAL_Driver/Src/stm32f4xx_hal_adc_ex.c ****   */
 360:Drivers/STM32F4/Drivers/STM32F4xx_HAL_Driver/Src/stm32f4xx_hal_adc_ex.c **** HAL_StatusTypeDef HAL_ADCEx_InjectedStop(ADC_HandleTypeDef *hadc)
 361:Drivers/STM32F4/Drivers/STM32F4xx_HAL_Driver/Src/stm32f4xx_hal_adc_ex.c **** {
 362:Drivers/STM32F4/Drivers/STM32F4xx_HAL_Driver/Src/stm32f4xx_hal_adc_ex.c ****   HAL_StatusTypeDef tmp_hal_status = HAL_OK;
 363:Drivers/STM32F4/Drivers/STM32F4xx_HAL_Driver/Src/stm32f4xx_hal_adc_ex.c **** 
 364:Drivers/STM32F4/Drivers/STM32F4xx_HAL_Driver/Src/stm32f4xx_hal_adc_ex.c ****   /* Check the parameters */
 365:Drivers/STM32F4/Drivers/STM32F4xx_HAL_Driver/Src/stm32f4xx_hal_adc_ex.c ****   assert_param(IS_ADC_ALL_INSTANCE(hadc->Instance));
 366:Drivers/STM32F4/Drivers/STM32F4xx_HAL_Driver/Src/stm32f4xx_hal_adc_ex.c **** 
 367:Drivers/STM32F4/Drivers/STM32F4xx_HAL_Driver/Src/stm32f4xx_hal_adc_ex.c ****   /* Process locked */
 368:Drivers/STM32F4/Drivers/STM32F4xx_HAL_Driver/Src/stm32f4xx_hal_adc_ex.c ****   __HAL_LOCK(hadc);
 369:Drivers/STM32F4/Drivers/STM32F4xx_HAL_Driver/Src/stm32f4xx_hal_adc_ex.c **** 
 370:Drivers/STM32F4/Drivers/STM32F4xx_HAL_Driver/Src/stm32f4xx_hal_adc_ex.c ****   /* Stop potential conversion and disable ADC peripheral                     */
 371:Drivers/STM32F4/Drivers/STM32F4xx_HAL_Driver/Src/stm32f4xx_hal_adc_ex.c ****   /* Conditioned to:                                                          */
 372:Drivers/STM32F4/Drivers/STM32F4xx_HAL_Driver/Src/stm32f4xx_hal_adc_ex.c ****   /* - No conversion on the other group (regular group) is intended to        */
ARM GAS  /tmp/ccT7L7Lv.s 			page 8


 373:Drivers/STM32F4/Drivers/STM32F4xx_HAL_Driver/Src/stm32f4xx_hal_adc_ex.c ****   /*   continue (injected and regular groups stop conversion and ADC disable  */
 374:Drivers/STM32F4/Drivers/STM32F4xx_HAL_Driver/Src/stm32f4xx_hal_adc_ex.c ****   /*   are common)                                                            */
 375:Drivers/STM32F4/Drivers/STM32F4xx_HAL_Driver/Src/stm32f4xx_hal_adc_ex.c ****   /* - In case of auto-injection mode, HAL_ADC_Stop must be used.             */
 376:Drivers/STM32F4/Drivers/STM32F4xx_HAL_Driver/Src/stm32f4xx_hal_adc_ex.c ****   if (((hadc->State & HAL_ADC_STATE_REG_BUSY) == RESET)  &&
 377:Drivers/STM32F4/Drivers/STM32F4xx_HAL_Driver/Src/stm32f4xx_hal_adc_ex.c ****       HAL_IS_BIT_CLR(hadc->Instance->CR1, ADC_CR1_JAUTO))
 378:Drivers/STM32F4/Drivers/STM32F4xx_HAL_Driver/Src/stm32f4xx_hal_adc_ex.c ****   {
 379:Drivers/STM32F4/Drivers/STM32F4xx_HAL_Driver/Src/stm32f4xx_hal_adc_ex.c ****     /* Stop potential conversion on going, on regular and injected groups */
 380:Drivers/STM32F4/Drivers/STM32F4xx_HAL_Driver/Src/stm32f4xx_hal_adc_ex.c ****     /* Disable ADC peripheral */
 381:Drivers/STM32F4/Drivers/STM32F4xx_HAL_Driver/Src/stm32f4xx_hal_adc_ex.c ****     __HAL_ADC_DISABLE(hadc);
 382:Drivers/STM32F4/Drivers/STM32F4xx_HAL_Driver/Src/stm32f4xx_hal_adc_ex.c **** 
 383:Drivers/STM32F4/Drivers/STM32F4xx_HAL_Driver/Src/stm32f4xx_hal_adc_ex.c ****     /* Check if ADC is effectively disabled */
 384:Drivers/STM32F4/Drivers/STM32F4xx_HAL_Driver/Src/stm32f4xx_hal_adc_ex.c ****     if (HAL_IS_BIT_CLR(hadc->Instance->CR2, ADC_CR2_ADON))
 385:Drivers/STM32F4/Drivers/STM32F4xx_HAL_Driver/Src/stm32f4xx_hal_adc_ex.c ****     {
 386:Drivers/STM32F4/Drivers/STM32F4xx_HAL_Driver/Src/stm32f4xx_hal_adc_ex.c ****       /* Set ADC state */
 387:Drivers/STM32F4/Drivers/STM32F4xx_HAL_Driver/Src/stm32f4xx_hal_adc_ex.c ****       ADC_STATE_CLR_SET(hadc->State,
 388:Drivers/STM32F4/Drivers/STM32F4xx_HAL_Driver/Src/stm32f4xx_hal_adc_ex.c ****                         HAL_ADC_STATE_REG_BUSY | HAL_ADC_STATE_INJ_BUSY,
 389:Drivers/STM32F4/Drivers/STM32F4xx_HAL_Driver/Src/stm32f4xx_hal_adc_ex.c ****                         HAL_ADC_STATE_READY);
 390:Drivers/STM32F4/Drivers/STM32F4xx_HAL_Driver/Src/stm32f4xx_hal_adc_ex.c ****     }
 391:Drivers/STM32F4/Drivers/STM32F4xx_HAL_Driver/Src/stm32f4xx_hal_adc_ex.c ****   }
 392:Drivers/STM32F4/Drivers/STM32F4xx_HAL_Driver/Src/stm32f4xx_hal_adc_ex.c ****   else
 393:Drivers/STM32F4/Drivers/STM32F4xx_HAL_Driver/Src/stm32f4xx_hal_adc_ex.c ****   {
 394:Drivers/STM32F4/Drivers/STM32F4xx_HAL_Driver/Src/stm32f4xx_hal_adc_ex.c ****     /* Update ADC state machine to error */
 395:Drivers/STM32F4/Drivers/STM32F4xx_HAL_Driver/Src/stm32f4xx_hal_adc_ex.c ****     SET_BIT(hadc->State, HAL_ADC_STATE_ERROR_CONFIG);
 396:Drivers/STM32F4/Drivers/STM32F4xx_HAL_Driver/Src/stm32f4xx_hal_adc_ex.c **** 
 397:Drivers/STM32F4/Drivers/STM32F4xx_HAL_Driver/Src/stm32f4xx_hal_adc_ex.c ****     tmp_hal_status = HAL_ERROR;
 398:Drivers/STM32F4/Drivers/STM32F4xx_HAL_Driver/Src/stm32f4xx_hal_adc_ex.c ****   }
 399:Drivers/STM32F4/Drivers/STM32F4xx_HAL_Driver/Src/stm32f4xx_hal_adc_ex.c **** 
 400:Drivers/STM32F4/Drivers/STM32F4xx_HAL_Driver/Src/stm32f4xx_hal_adc_ex.c ****   /* Process unlocked */
 401:Drivers/STM32F4/Drivers/STM32F4xx_HAL_Driver/Src/stm32f4xx_hal_adc_ex.c ****   __HAL_UNLOCK(hadc);
 402:Drivers/STM32F4/Drivers/STM32F4xx_HAL_Driver/Src/stm32f4xx_hal_adc_ex.c **** 
 403:Drivers/STM32F4/Drivers/STM32F4xx_HAL_Driver/Src/stm32f4xx_hal_adc_ex.c ****   /* Return function status */
 404:Drivers/STM32F4/Drivers/STM32F4xx_HAL_Driver/Src/stm32f4xx_hal_adc_ex.c ****   return tmp_hal_status;
 405:Drivers/STM32F4/Drivers/STM32F4xx_HAL_Driver/Src/stm32f4xx_hal_adc_ex.c **** }
 406:Drivers/STM32F4/Drivers/STM32F4xx_HAL_Driver/Src/stm32f4xx_hal_adc_ex.c **** 
 407:Drivers/STM32F4/Drivers/STM32F4xx_HAL_Driver/Src/stm32f4xx_hal_adc_ex.c **** /**
 408:Drivers/STM32F4/Drivers/STM32F4xx_HAL_Driver/Src/stm32f4xx_hal_adc_ex.c ****   * @brief  Poll for injected conversion complete
 409:Drivers/STM32F4/Drivers/STM32F4xx_HAL_Driver/Src/stm32f4xx_hal_adc_ex.c ****   * @param  hadc pointer to a ADC_HandleTypeDef structure that contains
 410:Drivers/STM32F4/Drivers/STM32F4xx_HAL_Driver/Src/stm32f4xx_hal_adc_ex.c ****   *         the configuration information for the specified ADC.
 411:Drivers/STM32F4/Drivers/STM32F4xx_HAL_Driver/Src/stm32f4xx_hal_adc_ex.c ****   * @param  Timeout Timeout value in millisecond.
 412:Drivers/STM32F4/Drivers/STM32F4xx_HAL_Driver/Src/stm32f4xx_hal_adc_ex.c ****   * @retval HAL status
 413:Drivers/STM32F4/Drivers/STM32F4xx_HAL_Driver/Src/stm32f4xx_hal_adc_ex.c ****   */
 414:Drivers/STM32F4/Drivers/STM32F4xx_HAL_Driver/Src/stm32f4xx_hal_adc_ex.c **** HAL_StatusTypeDef HAL_ADCEx_InjectedPollForConversion(ADC_HandleTypeDef *hadc, uint32_t Timeout)
 415:Drivers/STM32F4/Drivers/STM32F4xx_HAL_Driver/Src/stm32f4xx_hal_adc_ex.c **** {
 416:Drivers/STM32F4/Drivers/STM32F4xx_HAL_Driver/Src/stm32f4xx_hal_adc_ex.c ****   uint32_t tickstart = 0U;
 417:Drivers/STM32F4/Drivers/STM32F4xx_HAL_Driver/Src/stm32f4xx_hal_adc_ex.c **** 
 418:Drivers/STM32F4/Drivers/STM32F4xx_HAL_Driver/Src/stm32f4xx_hal_adc_ex.c ****   /* Get tick */
 419:Drivers/STM32F4/Drivers/STM32F4xx_HAL_Driver/Src/stm32f4xx_hal_adc_ex.c ****   tickstart = HAL_GetTick();
 420:Drivers/STM32F4/Drivers/STM32F4xx_HAL_Driver/Src/stm32f4xx_hal_adc_ex.c **** 
 421:Drivers/STM32F4/Drivers/STM32F4xx_HAL_Driver/Src/stm32f4xx_hal_adc_ex.c ****   /* Check End of conversion flag */
 422:Drivers/STM32F4/Drivers/STM32F4xx_HAL_Driver/Src/stm32f4xx_hal_adc_ex.c ****   while (!(__HAL_ADC_GET_FLAG(hadc, ADC_FLAG_JEOC)))
 423:Drivers/STM32F4/Drivers/STM32F4xx_HAL_Driver/Src/stm32f4xx_hal_adc_ex.c ****   {
 424:Drivers/STM32F4/Drivers/STM32F4xx_HAL_Driver/Src/stm32f4xx_hal_adc_ex.c ****     /* Check for the Timeout */
 425:Drivers/STM32F4/Drivers/STM32F4xx_HAL_Driver/Src/stm32f4xx_hal_adc_ex.c ****     if (Timeout != HAL_MAX_DELAY)
 426:Drivers/STM32F4/Drivers/STM32F4xx_HAL_Driver/Src/stm32f4xx_hal_adc_ex.c ****     {
 427:Drivers/STM32F4/Drivers/STM32F4xx_HAL_Driver/Src/stm32f4xx_hal_adc_ex.c ****       if ((Timeout == 0U) || ((HAL_GetTick() - tickstart) > Timeout))
 428:Drivers/STM32F4/Drivers/STM32F4xx_HAL_Driver/Src/stm32f4xx_hal_adc_ex.c ****       {
 429:Drivers/STM32F4/Drivers/STM32F4xx_HAL_Driver/Src/stm32f4xx_hal_adc_ex.c ****         /* New check to avoid false timeout detection in case of preemption */
ARM GAS  /tmp/ccT7L7Lv.s 			page 9


 430:Drivers/STM32F4/Drivers/STM32F4xx_HAL_Driver/Src/stm32f4xx_hal_adc_ex.c ****         if (!(__HAL_ADC_GET_FLAG(hadc, ADC_FLAG_JEOC)))
 431:Drivers/STM32F4/Drivers/STM32F4xx_HAL_Driver/Src/stm32f4xx_hal_adc_ex.c ****         {
 432:Drivers/STM32F4/Drivers/STM32F4xx_HAL_Driver/Src/stm32f4xx_hal_adc_ex.c ****           hadc->State = HAL_ADC_STATE_TIMEOUT;
 433:Drivers/STM32F4/Drivers/STM32F4xx_HAL_Driver/Src/stm32f4xx_hal_adc_ex.c ****           /* Process unlocked */
 434:Drivers/STM32F4/Drivers/STM32F4xx_HAL_Driver/Src/stm32f4xx_hal_adc_ex.c ****           __HAL_UNLOCK(hadc);
 435:Drivers/STM32F4/Drivers/STM32F4xx_HAL_Driver/Src/stm32f4xx_hal_adc_ex.c ****           return HAL_TIMEOUT;
 436:Drivers/STM32F4/Drivers/STM32F4xx_HAL_Driver/Src/stm32f4xx_hal_adc_ex.c ****         }
 437:Drivers/STM32F4/Drivers/STM32F4xx_HAL_Driver/Src/stm32f4xx_hal_adc_ex.c ****       }
 438:Drivers/STM32F4/Drivers/STM32F4xx_HAL_Driver/Src/stm32f4xx_hal_adc_ex.c ****     }
 439:Drivers/STM32F4/Drivers/STM32F4xx_HAL_Driver/Src/stm32f4xx_hal_adc_ex.c ****   }
 440:Drivers/STM32F4/Drivers/STM32F4xx_HAL_Driver/Src/stm32f4xx_hal_adc_ex.c **** 
 441:Drivers/STM32F4/Drivers/STM32F4xx_HAL_Driver/Src/stm32f4xx_hal_adc_ex.c ****   /* Clear injected group conversion flag */
 442:Drivers/STM32F4/Drivers/STM32F4xx_HAL_Driver/Src/stm32f4xx_hal_adc_ex.c ****   __HAL_ADC_CLEAR_FLAG(hadc, ADC_FLAG_JSTRT | ADC_FLAG_JEOC);
 443:Drivers/STM32F4/Drivers/STM32F4xx_HAL_Driver/Src/stm32f4xx_hal_adc_ex.c **** 
 444:Drivers/STM32F4/Drivers/STM32F4xx_HAL_Driver/Src/stm32f4xx_hal_adc_ex.c ****   /* Update ADC state machine */
 445:Drivers/STM32F4/Drivers/STM32F4xx_HAL_Driver/Src/stm32f4xx_hal_adc_ex.c ****   SET_BIT(hadc->State, HAL_ADC_STATE_INJ_EOC);
 446:Drivers/STM32F4/Drivers/STM32F4xx_HAL_Driver/Src/stm32f4xx_hal_adc_ex.c **** 
 447:Drivers/STM32F4/Drivers/STM32F4xx_HAL_Driver/Src/stm32f4xx_hal_adc_ex.c ****   /* Determine whether any further conversion upcoming on group injected      */
 448:Drivers/STM32F4/Drivers/STM32F4xx_HAL_Driver/Src/stm32f4xx_hal_adc_ex.c ****   /* by external trigger, continuous mode or scan sequence on going.          */
 449:Drivers/STM32F4/Drivers/STM32F4xx_HAL_Driver/Src/stm32f4xx_hal_adc_ex.c ****   /* Note: On STM32F4, there is no independent flag of end of sequence.       */
 450:Drivers/STM32F4/Drivers/STM32F4xx_HAL_Driver/Src/stm32f4xx_hal_adc_ex.c ****   /*       The test of scan sequence on going is done either with scan        */
 451:Drivers/STM32F4/Drivers/STM32F4xx_HAL_Driver/Src/stm32f4xx_hal_adc_ex.c ****   /*       sequence disabled or with end of conversion flag set to            */
 452:Drivers/STM32F4/Drivers/STM32F4xx_HAL_Driver/Src/stm32f4xx_hal_adc_ex.c ****   /*       of end of sequence.                                                */
 453:Drivers/STM32F4/Drivers/STM32F4xx_HAL_Driver/Src/stm32f4xx_hal_adc_ex.c ****   if (ADC_IS_SOFTWARE_START_INJECTED(hadc)                    &&
 454:Drivers/STM32F4/Drivers/STM32F4xx_HAL_Driver/Src/stm32f4xx_hal_adc_ex.c ****       (HAL_IS_BIT_CLR(hadc->Instance->JSQR, ADC_JSQR_JL)  ||
 455:Drivers/STM32F4/Drivers/STM32F4xx_HAL_Driver/Src/stm32f4xx_hal_adc_ex.c ****        HAL_IS_BIT_CLR(hadc->Instance->CR2, ADC_CR2_EOCS)) &&
 456:Drivers/STM32F4/Drivers/STM32F4xx_HAL_Driver/Src/stm32f4xx_hal_adc_ex.c ****       (HAL_IS_BIT_CLR(hadc->Instance->CR1, ADC_CR1_JAUTO) &&
 457:Drivers/STM32F4/Drivers/STM32F4xx_HAL_Driver/Src/stm32f4xx_hal_adc_ex.c ****        (ADC_IS_SOFTWARE_START_REGULAR(hadc)       &&
 458:Drivers/STM32F4/Drivers/STM32F4xx_HAL_Driver/Src/stm32f4xx_hal_adc_ex.c ****         (hadc->Init.ContinuousConvMode == DISABLE))))
 459:Drivers/STM32F4/Drivers/STM32F4xx_HAL_Driver/Src/stm32f4xx_hal_adc_ex.c ****   {
 460:Drivers/STM32F4/Drivers/STM32F4xx_HAL_Driver/Src/stm32f4xx_hal_adc_ex.c ****     /* Set ADC state */
 461:Drivers/STM32F4/Drivers/STM32F4xx_HAL_Driver/Src/stm32f4xx_hal_adc_ex.c ****     CLEAR_BIT(hadc->State, HAL_ADC_STATE_INJ_BUSY);
 462:Drivers/STM32F4/Drivers/STM32F4xx_HAL_Driver/Src/stm32f4xx_hal_adc_ex.c **** 
 463:Drivers/STM32F4/Drivers/STM32F4xx_HAL_Driver/Src/stm32f4xx_hal_adc_ex.c ****     if (HAL_IS_BIT_CLR(hadc->State, HAL_ADC_STATE_REG_BUSY))
 464:Drivers/STM32F4/Drivers/STM32F4xx_HAL_Driver/Src/stm32f4xx_hal_adc_ex.c ****     {
 465:Drivers/STM32F4/Drivers/STM32F4xx_HAL_Driver/Src/stm32f4xx_hal_adc_ex.c ****       SET_BIT(hadc->State, HAL_ADC_STATE_READY);
 466:Drivers/STM32F4/Drivers/STM32F4xx_HAL_Driver/Src/stm32f4xx_hal_adc_ex.c ****     }
 467:Drivers/STM32F4/Drivers/STM32F4xx_HAL_Driver/Src/stm32f4xx_hal_adc_ex.c ****   }
 468:Drivers/STM32F4/Drivers/STM32F4xx_HAL_Driver/Src/stm32f4xx_hal_adc_ex.c **** 
 469:Drivers/STM32F4/Drivers/STM32F4xx_HAL_Driver/Src/stm32f4xx_hal_adc_ex.c ****   /* Return ADC state */
 470:Drivers/STM32F4/Drivers/STM32F4xx_HAL_Driver/Src/stm32f4xx_hal_adc_ex.c ****   return HAL_OK;
 471:Drivers/STM32F4/Drivers/STM32F4xx_HAL_Driver/Src/stm32f4xx_hal_adc_ex.c **** }
 472:Drivers/STM32F4/Drivers/STM32F4xx_HAL_Driver/Src/stm32f4xx_hal_adc_ex.c **** 
 473:Drivers/STM32F4/Drivers/STM32F4xx_HAL_Driver/Src/stm32f4xx_hal_adc_ex.c **** /**
 474:Drivers/STM32F4/Drivers/STM32F4xx_HAL_Driver/Src/stm32f4xx_hal_adc_ex.c ****   * @brief  Stop conversion of injected channels, disable interruption of
 475:Drivers/STM32F4/Drivers/STM32F4xx_HAL_Driver/Src/stm32f4xx_hal_adc_ex.c ****   *         end-of-conversion. Disable ADC peripheral if no regular conversion
 476:Drivers/STM32F4/Drivers/STM32F4xx_HAL_Driver/Src/stm32f4xx_hal_adc_ex.c ****   *         is on going.
 477:Drivers/STM32F4/Drivers/STM32F4xx_HAL_Driver/Src/stm32f4xx_hal_adc_ex.c ****   * @note   If ADC must be disabled and if conversion is on going on
 478:Drivers/STM32F4/Drivers/STM32F4xx_HAL_Driver/Src/stm32f4xx_hal_adc_ex.c ****   *         regular group, function HAL_ADC_Stop must be used to stop both
 479:Drivers/STM32F4/Drivers/STM32F4xx_HAL_Driver/Src/stm32f4xx_hal_adc_ex.c ****   *         injected and regular groups, and disable the ADC.
 480:Drivers/STM32F4/Drivers/STM32F4xx_HAL_Driver/Src/stm32f4xx_hal_adc_ex.c ****   * @note   If injected group mode auto-injection is enabled,
 481:Drivers/STM32F4/Drivers/STM32F4xx_HAL_Driver/Src/stm32f4xx_hal_adc_ex.c ****   *         function HAL_ADC_Stop must be used.
 482:Drivers/STM32F4/Drivers/STM32F4xx_HAL_Driver/Src/stm32f4xx_hal_adc_ex.c ****   * @param  hadc ADC handle
 483:Drivers/STM32F4/Drivers/STM32F4xx_HAL_Driver/Src/stm32f4xx_hal_adc_ex.c ****   * @retval None
 484:Drivers/STM32F4/Drivers/STM32F4xx_HAL_Driver/Src/stm32f4xx_hal_adc_ex.c ****   */
 485:Drivers/STM32F4/Drivers/STM32F4xx_HAL_Driver/Src/stm32f4xx_hal_adc_ex.c **** HAL_StatusTypeDef HAL_ADCEx_InjectedStop_IT(ADC_HandleTypeDef *hadc)
 486:Drivers/STM32F4/Drivers/STM32F4xx_HAL_Driver/Src/stm32f4xx_hal_adc_ex.c **** {
ARM GAS  /tmp/ccT7L7Lv.s 			page 10


 487:Drivers/STM32F4/Drivers/STM32F4xx_HAL_Driver/Src/stm32f4xx_hal_adc_ex.c ****   HAL_StatusTypeDef tmp_hal_status = HAL_OK;
 488:Drivers/STM32F4/Drivers/STM32F4xx_HAL_Driver/Src/stm32f4xx_hal_adc_ex.c **** 
 489:Drivers/STM32F4/Drivers/STM32F4xx_HAL_Driver/Src/stm32f4xx_hal_adc_ex.c ****   /* Check the parameters */
 490:Drivers/STM32F4/Drivers/STM32F4xx_HAL_Driver/Src/stm32f4xx_hal_adc_ex.c ****   assert_param(IS_ADC_ALL_INSTANCE(hadc->Instance));
 491:Drivers/STM32F4/Drivers/STM32F4xx_HAL_Driver/Src/stm32f4xx_hal_adc_ex.c **** 
 492:Drivers/STM32F4/Drivers/STM32F4xx_HAL_Driver/Src/stm32f4xx_hal_adc_ex.c ****   /* Process locked */
 493:Drivers/STM32F4/Drivers/STM32F4xx_HAL_Driver/Src/stm32f4xx_hal_adc_ex.c ****   __HAL_LOCK(hadc);
 494:Drivers/STM32F4/Drivers/STM32F4xx_HAL_Driver/Src/stm32f4xx_hal_adc_ex.c **** 
 495:Drivers/STM32F4/Drivers/STM32F4xx_HAL_Driver/Src/stm32f4xx_hal_adc_ex.c ****   /* Stop potential conversion and disable ADC peripheral                     */
 496:Drivers/STM32F4/Drivers/STM32F4xx_HAL_Driver/Src/stm32f4xx_hal_adc_ex.c ****   /* Conditioned to:                                                          */
 497:Drivers/STM32F4/Drivers/STM32F4xx_HAL_Driver/Src/stm32f4xx_hal_adc_ex.c ****   /* - No conversion on the other group (regular group) is intended to        */
 498:Drivers/STM32F4/Drivers/STM32F4xx_HAL_Driver/Src/stm32f4xx_hal_adc_ex.c ****   /*   continue (injected and regular groups stop conversion and ADC disable  */
 499:Drivers/STM32F4/Drivers/STM32F4xx_HAL_Driver/Src/stm32f4xx_hal_adc_ex.c ****   /*   are common)                                                            */
 500:Drivers/STM32F4/Drivers/STM32F4xx_HAL_Driver/Src/stm32f4xx_hal_adc_ex.c ****   /* - In case of auto-injection mode, HAL_ADC_Stop must be used.             */
 501:Drivers/STM32F4/Drivers/STM32F4xx_HAL_Driver/Src/stm32f4xx_hal_adc_ex.c ****   if (((hadc->State & HAL_ADC_STATE_REG_BUSY) == RESET)  &&
 502:Drivers/STM32F4/Drivers/STM32F4xx_HAL_Driver/Src/stm32f4xx_hal_adc_ex.c ****       HAL_IS_BIT_CLR(hadc->Instance->CR1, ADC_CR1_JAUTO))
 503:Drivers/STM32F4/Drivers/STM32F4xx_HAL_Driver/Src/stm32f4xx_hal_adc_ex.c ****   {
 504:Drivers/STM32F4/Drivers/STM32F4xx_HAL_Driver/Src/stm32f4xx_hal_adc_ex.c ****     /* Stop potential conversion on going, on regular and injected groups */
 505:Drivers/STM32F4/Drivers/STM32F4xx_HAL_Driver/Src/stm32f4xx_hal_adc_ex.c ****     /* Disable ADC peripheral */
 506:Drivers/STM32F4/Drivers/STM32F4xx_HAL_Driver/Src/stm32f4xx_hal_adc_ex.c ****     __HAL_ADC_DISABLE(hadc);
 507:Drivers/STM32F4/Drivers/STM32F4xx_HAL_Driver/Src/stm32f4xx_hal_adc_ex.c **** 
 508:Drivers/STM32F4/Drivers/STM32F4xx_HAL_Driver/Src/stm32f4xx_hal_adc_ex.c ****     /* Check if ADC is effectively disabled */
 509:Drivers/STM32F4/Drivers/STM32F4xx_HAL_Driver/Src/stm32f4xx_hal_adc_ex.c ****     if (HAL_IS_BIT_CLR(hadc->Instance->CR2, ADC_CR2_ADON))
 510:Drivers/STM32F4/Drivers/STM32F4xx_HAL_Driver/Src/stm32f4xx_hal_adc_ex.c ****     {
 511:Drivers/STM32F4/Drivers/STM32F4xx_HAL_Driver/Src/stm32f4xx_hal_adc_ex.c ****       /* Disable ADC end of conversion interrupt for injected channels */
 512:Drivers/STM32F4/Drivers/STM32F4xx_HAL_Driver/Src/stm32f4xx_hal_adc_ex.c ****       __HAL_ADC_DISABLE_IT(hadc, ADC_IT_JEOC);
 513:Drivers/STM32F4/Drivers/STM32F4xx_HAL_Driver/Src/stm32f4xx_hal_adc_ex.c **** 
 514:Drivers/STM32F4/Drivers/STM32F4xx_HAL_Driver/Src/stm32f4xx_hal_adc_ex.c ****       /* Set ADC state */
 515:Drivers/STM32F4/Drivers/STM32F4xx_HAL_Driver/Src/stm32f4xx_hal_adc_ex.c ****       ADC_STATE_CLR_SET(hadc->State,
 516:Drivers/STM32F4/Drivers/STM32F4xx_HAL_Driver/Src/stm32f4xx_hal_adc_ex.c ****                         HAL_ADC_STATE_REG_BUSY | HAL_ADC_STATE_INJ_BUSY,
 517:Drivers/STM32F4/Drivers/STM32F4xx_HAL_Driver/Src/stm32f4xx_hal_adc_ex.c ****                         HAL_ADC_STATE_READY);
 518:Drivers/STM32F4/Drivers/STM32F4xx_HAL_Driver/Src/stm32f4xx_hal_adc_ex.c ****     }
 519:Drivers/STM32F4/Drivers/STM32F4xx_HAL_Driver/Src/stm32f4xx_hal_adc_ex.c ****   }
 520:Drivers/STM32F4/Drivers/STM32F4xx_HAL_Driver/Src/stm32f4xx_hal_adc_ex.c ****   else
 521:Drivers/STM32F4/Drivers/STM32F4xx_HAL_Driver/Src/stm32f4xx_hal_adc_ex.c ****   {
 522:Drivers/STM32F4/Drivers/STM32F4xx_HAL_Driver/Src/stm32f4xx_hal_adc_ex.c ****     /* Update ADC state machine to error */
 523:Drivers/STM32F4/Drivers/STM32F4xx_HAL_Driver/Src/stm32f4xx_hal_adc_ex.c ****     SET_BIT(hadc->State, HAL_ADC_STATE_ERROR_CONFIG);
 524:Drivers/STM32F4/Drivers/STM32F4xx_HAL_Driver/Src/stm32f4xx_hal_adc_ex.c **** 
 525:Drivers/STM32F4/Drivers/STM32F4xx_HAL_Driver/Src/stm32f4xx_hal_adc_ex.c ****     tmp_hal_status = HAL_ERROR;
 526:Drivers/STM32F4/Drivers/STM32F4xx_HAL_Driver/Src/stm32f4xx_hal_adc_ex.c ****   }
 527:Drivers/STM32F4/Drivers/STM32F4xx_HAL_Driver/Src/stm32f4xx_hal_adc_ex.c **** 
 528:Drivers/STM32F4/Drivers/STM32F4xx_HAL_Driver/Src/stm32f4xx_hal_adc_ex.c ****   /* Process unlocked */
 529:Drivers/STM32F4/Drivers/STM32F4xx_HAL_Driver/Src/stm32f4xx_hal_adc_ex.c ****   __HAL_UNLOCK(hadc);
 530:Drivers/STM32F4/Drivers/STM32F4xx_HAL_Driver/Src/stm32f4xx_hal_adc_ex.c **** 
 531:Drivers/STM32F4/Drivers/STM32F4xx_HAL_Driver/Src/stm32f4xx_hal_adc_ex.c ****   /* Return function status */
 532:Drivers/STM32F4/Drivers/STM32F4xx_HAL_Driver/Src/stm32f4xx_hal_adc_ex.c ****   return tmp_hal_status;
 533:Drivers/STM32F4/Drivers/STM32F4xx_HAL_Driver/Src/stm32f4xx_hal_adc_ex.c **** }
 534:Drivers/STM32F4/Drivers/STM32F4xx_HAL_Driver/Src/stm32f4xx_hal_adc_ex.c **** 
 535:Drivers/STM32F4/Drivers/STM32F4xx_HAL_Driver/Src/stm32f4xx_hal_adc_ex.c **** /**
 536:Drivers/STM32F4/Drivers/STM32F4xx_HAL_Driver/Src/stm32f4xx_hal_adc_ex.c ****   * @brief  Gets the converted value from data register of injected channel.
 537:Drivers/STM32F4/Drivers/STM32F4xx_HAL_Driver/Src/stm32f4xx_hal_adc_ex.c ****   * @param  hadc pointer to a ADC_HandleTypeDef structure that contains
 538:Drivers/STM32F4/Drivers/STM32F4xx_HAL_Driver/Src/stm32f4xx_hal_adc_ex.c ****   *         the configuration information for the specified ADC.
 539:Drivers/STM32F4/Drivers/STM32F4xx_HAL_Driver/Src/stm32f4xx_hal_adc_ex.c ****   * @param  InjectedRank the ADC injected rank.
 540:Drivers/STM32F4/Drivers/STM32F4xx_HAL_Driver/Src/stm32f4xx_hal_adc_ex.c ****   *          This parameter can be one of the following values:
 541:Drivers/STM32F4/Drivers/STM32F4xx_HAL_Driver/Src/stm32f4xx_hal_adc_ex.c ****   *            @arg ADC_INJECTED_RANK_1: Injected Channel1 selected
 542:Drivers/STM32F4/Drivers/STM32F4xx_HAL_Driver/Src/stm32f4xx_hal_adc_ex.c ****   *            @arg ADC_INJECTED_RANK_2: Injected Channel2 selected
 543:Drivers/STM32F4/Drivers/STM32F4xx_HAL_Driver/Src/stm32f4xx_hal_adc_ex.c ****   *            @arg ADC_INJECTED_RANK_3: Injected Channel3 selected
ARM GAS  /tmp/ccT7L7Lv.s 			page 11


 544:Drivers/STM32F4/Drivers/STM32F4xx_HAL_Driver/Src/stm32f4xx_hal_adc_ex.c ****   *            @arg ADC_INJECTED_RANK_4: Injected Channel4 selected
 545:Drivers/STM32F4/Drivers/STM32F4xx_HAL_Driver/Src/stm32f4xx_hal_adc_ex.c ****   * @retval None
 546:Drivers/STM32F4/Drivers/STM32F4xx_HAL_Driver/Src/stm32f4xx_hal_adc_ex.c ****   */
 547:Drivers/STM32F4/Drivers/STM32F4xx_HAL_Driver/Src/stm32f4xx_hal_adc_ex.c **** uint32_t HAL_ADCEx_InjectedGetValue(ADC_HandleTypeDef *hadc, uint32_t InjectedRank)
 548:Drivers/STM32F4/Drivers/STM32F4xx_HAL_Driver/Src/stm32f4xx_hal_adc_ex.c **** {
 549:Drivers/STM32F4/Drivers/STM32F4xx_HAL_Driver/Src/stm32f4xx_hal_adc_ex.c ****   __IO uint32_t tmp = 0U;
 550:Drivers/STM32F4/Drivers/STM32F4xx_HAL_Driver/Src/stm32f4xx_hal_adc_ex.c **** 
 551:Drivers/STM32F4/Drivers/STM32F4xx_HAL_Driver/Src/stm32f4xx_hal_adc_ex.c ****   /* Check the parameters */
 552:Drivers/STM32F4/Drivers/STM32F4xx_HAL_Driver/Src/stm32f4xx_hal_adc_ex.c ****   assert_param(IS_ADC_INJECTED_RANK(InjectedRank));
 553:Drivers/STM32F4/Drivers/STM32F4xx_HAL_Driver/Src/stm32f4xx_hal_adc_ex.c **** 
 554:Drivers/STM32F4/Drivers/STM32F4xx_HAL_Driver/Src/stm32f4xx_hal_adc_ex.c ****   /* Clear injected group conversion flag to have similar behaviour as        */
 555:Drivers/STM32F4/Drivers/STM32F4xx_HAL_Driver/Src/stm32f4xx_hal_adc_ex.c ****   /* regular group: reading data register also clears end of conversion flag. */
 556:Drivers/STM32F4/Drivers/STM32F4xx_HAL_Driver/Src/stm32f4xx_hal_adc_ex.c ****   __HAL_ADC_CLEAR_FLAG(hadc, ADC_FLAG_JEOC);
 557:Drivers/STM32F4/Drivers/STM32F4xx_HAL_Driver/Src/stm32f4xx_hal_adc_ex.c **** 
 558:Drivers/STM32F4/Drivers/STM32F4xx_HAL_Driver/Src/stm32f4xx_hal_adc_ex.c ****   /* Return the selected ADC converted value */
 559:Drivers/STM32F4/Drivers/STM32F4xx_HAL_Driver/Src/stm32f4xx_hal_adc_ex.c ****   switch (InjectedRank)
 560:Drivers/STM32F4/Drivers/STM32F4xx_HAL_Driver/Src/stm32f4xx_hal_adc_ex.c ****   {
 561:Drivers/STM32F4/Drivers/STM32F4xx_HAL_Driver/Src/stm32f4xx_hal_adc_ex.c ****     case ADC_INJECTED_RANK_4:
 562:Drivers/STM32F4/Drivers/STM32F4xx_HAL_Driver/Src/stm32f4xx_hal_adc_ex.c ****     {
 563:Drivers/STM32F4/Drivers/STM32F4xx_HAL_Driver/Src/stm32f4xx_hal_adc_ex.c ****       tmp =  hadc->Instance->JDR4;
 564:Drivers/STM32F4/Drivers/STM32F4xx_HAL_Driver/Src/stm32f4xx_hal_adc_ex.c ****     }
 565:Drivers/STM32F4/Drivers/STM32F4xx_HAL_Driver/Src/stm32f4xx_hal_adc_ex.c ****     break;
 566:Drivers/STM32F4/Drivers/STM32F4xx_HAL_Driver/Src/stm32f4xx_hal_adc_ex.c ****     case ADC_INJECTED_RANK_3:
 567:Drivers/STM32F4/Drivers/STM32F4xx_HAL_Driver/Src/stm32f4xx_hal_adc_ex.c ****     {
 568:Drivers/STM32F4/Drivers/STM32F4xx_HAL_Driver/Src/stm32f4xx_hal_adc_ex.c ****       tmp =  hadc->Instance->JDR3;
 569:Drivers/STM32F4/Drivers/STM32F4xx_HAL_Driver/Src/stm32f4xx_hal_adc_ex.c ****     }
 570:Drivers/STM32F4/Drivers/STM32F4xx_HAL_Driver/Src/stm32f4xx_hal_adc_ex.c ****     break;
 571:Drivers/STM32F4/Drivers/STM32F4xx_HAL_Driver/Src/stm32f4xx_hal_adc_ex.c ****     case ADC_INJECTED_RANK_2:
 572:Drivers/STM32F4/Drivers/STM32F4xx_HAL_Driver/Src/stm32f4xx_hal_adc_ex.c ****     {
 573:Drivers/STM32F4/Drivers/STM32F4xx_HAL_Driver/Src/stm32f4xx_hal_adc_ex.c ****       tmp =  hadc->Instance->JDR2;
 574:Drivers/STM32F4/Drivers/STM32F4xx_HAL_Driver/Src/stm32f4xx_hal_adc_ex.c ****     }
 575:Drivers/STM32F4/Drivers/STM32F4xx_HAL_Driver/Src/stm32f4xx_hal_adc_ex.c ****     break;
 576:Drivers/STM32F4/Drivers/STM32F4xx_HAL_Driver/Src/stm32f4xx_hal_adc_ex.c ****     case ADC_INJECTED_RANK_1:
 577:Drivers/STM32F4/Drivers/STM32F4xx_HAL_Driver/Src/stm32f4xx_hal_adc_ex.c ****     {
 578:Drivers/STM32F4/Drivers/STM32F4xx_HAL_Driver/Src/stm32f4xx_hal_adc_ex.c ****       tmp =  hadc->Instance->JDR1;
 579:Drivers/STM32F4/Drivers/STM32F4xx_HAL_Driver/Src/stm32f4xx_hal_adc_ex.c ****     }
 580:Drivers/STM32F4/Drivers/STM32F4xx_HAL_Driver/Src/stm32f4xx_hal_adc_ex.c ****     break;
 581:Drivers/STM32F4/Drivers/STM32F4xx_HAL_Driver/Src/stm32f4xx_hal_adc_ex.c ****     default:
 582:Drivers/STM32F4/Drivers/STM32F4xx_HAL_Driver/Src/stm32f4xx_hal_adc_ex.c ****       break;
 583:Drivers/STM32F4/Drivers/STM32F4xx_HAL_Driver/Src/stm32f4xx_hal_adc_ex.c ****   }
 584:Drivers/STM32F4/Drivers/STM32F4xx_HAL_Driver/Src/stm32f4xx_hal_adc_ex.c ****   return tmp;
 585:Drivers/STM32F4/Drivers/STM32F4xx_HAL_Driver/Src/stm32f4xx_hal_adc_ex.c **** }
 586:Drivers/STM32F4/Drivers/STM32F4xx_HAL_Driver/Src/stm32f4xx_hal_adc_ex.c **** 
 587:Drivers/STM32F4/Drivers/STM32F4xx_HAL_Driver/Src/stm32f4xx_hal_adc_ex.c **** /**
 588:Drivers/STM32F4/Drivers/STM32F4xx_HAL_Driver/Src/stm32f4xx_hal_adc_ex.c ****   * @brief  Enables ADC DMA request after last transfer (Multi-ADC mode) and enables ADC peripheral
 589:Drivers/STM32F4/Drivers/STM32F4xx_HAL_Driver/Src/stm32f4xx_hal_adc_ex.c ****   *
 590:Drivers/STM32F4/Drivers/STM32F4xx_HAL_Driver/Src/stm32f4xx_hal_adc_ex.c ****   * @note   Caution: This function must be used only with the ADC master.
 591:Drivers/STM32F4/Drivers/STM32F4xx_HAL_Driver/Src/stm32f4xx_hal_adc_ex.c ****   *
 592:Drivers/STM32F4/Drivers/STM32F4xx_HAL_Driver/Src/stm32f4xx_hal_adc_ex.c ****   * @param  hadc pointer to a ADC_HandleTypeDef structure that contains
 593:Drivers/STM32F4/Drivers/STM32F4xx_HAL_Driver/Src/stm32f4xx_hal_adc_ex.c ****   *         the configuration information for the specified ADC.
 594:Drivers/STM32F4/Drivers/STM32F4xx_HAL_Driver/Src/stm32f4xx_hal_adc_ex.c ****   * @param  pData   Pointer to buffer in which transferred from ADC peripheral to memory will be st
 595:Drivers/STM32F4/Drivers/STM32F4xx_HAL_Driver/Src/stm32f4xx_hal_adc_ex.c ****   * @param  Length  The length of data to be transferred from ADC peripheral to memory.
 596:Drivers/STM32F4/Drivers/STM32F4xx_HAL_Driver/Src/stm32f4xx_hal_adc_ex.c ****   * @retval HAL status
 597:Drivers/STM32F4/Drivers/STM32F4xx_HAL_Driver/Src/stm32f4xx_hal_adc_ex.c ****   */
 598:Drivers/STM32F4/Drivers/STM32F4xx_HAL_Driver/Src/stm32f4xx_hal_adc_ex.c **** HAL_StatusTypeDef HAL_ADCEx_MultiModeStart_DMA(ADC_HandleTypeDef *hadc, uint32_t *pData, uint32_t L
 599:Drivers/STM32F4/Drivers/STM32F4xx_HAL_Driver/Src/stm32f4xx_hal_adc_ex.c **** {
 600:Drivers/STM32F4/Drivers/STM32F4xx_HAL_Driver/Src/stm32f4xx_hal_adc_ex.c ****   __IO uint32_t counter = 0U;
ARM GAS  /tmp/ccT7L7Lv.s 			page 12


 601:Drivers/STM32F4/Drivers/STM32F4xx_HAL_Driver/Src/stm32f4xx_hal_adc_ex.c ****   ADC_Common_TypeDef *tmpADC_Common;
 602:Drivers/STM32F4/Drivers/STM32F4xx_HAL_Driver/Src/stm32f4xx_hal_adc_ex.c ****   HAL_StatusTypeDef tmp_hal_status = HAL_OK;
 603:Drivers/STM32F4/Drivers/STM32F4xx_HAL_Driver/Src/stm32f4xx_hal_adc_ex.c ****   /* Check the parameters */
 604:Drivers/STM32F4/Drivers/STM32F4xx_HAL_Driver/Src/stm32f4xx_hal_adc_ex.c ****   assert_param(IS_FUNCTIONAL_STATE(hadc->Init.ContinuousConvMode));
 605:Drivers/STM32F4/Drivers/STM32F4xx_HAL_Driver/Src/stm32f4xx_hal_adc_ex.c ****   assert_param(IS_ADC_EXT_TRIG_EDGE(hadc->Init.ExternalTrigConvEdge));
 606:Drivers/STM32F4/Drivers/STM32F4xx_HAL_Driver/Src/stm32f4xx_hal_adc_ex.c ****   assert_param(IS_FUNCTIONAL_STATE(hadc->Init.DMAContinuousRequests));
 607:Drivers/STM32F4/Drivers/STM32F4xx_HAL_Driver/Src/stm32f4xx_hal_adc_ex.c **** 
 608:Drivers/STM32F4/Drivers/STM32F4xx_HAL_Driver/Src/stm32f4xx_hal_adc_ex.c ****   /* Process locked */
 609:Drivers/STM32F4/Drivers/STM32F4xx_HAL_Driver/Src/stm32f4xx_hal_adc_ex.c ****   __HAL_LOCK(hadc);
 610:Drivers/STM32F4/Drivers/STM32F4xx_HAL_Driver/Src/stm32f4xx_hal_adc_ex.c **** 
 611:Drivers/STM32F4/Drivers/STM32F4xx_HAL_Driver/Src/stm32f4xx_hal_adc_ex.c ****   /* Check if ADC peripheral is disabled in order to enable it and wait during
 612:Drivers/STM32F4/Drivers/STM32F4xx_HAL_Driver/Src/stm32f4xx_hal_adc_ex.c ****      Tstab time the ADC's stabilization */
 613:Drivers/STM32F4/Drivers/STM32F4xx_HAL_Driver/Src/stm32f4xx_hal_adc_ex.c ****   if ((hadc->Instance->CR2 & ADC_CR2_ADON) != ADC_CR2_ADON)
 614:Drivers/STM32F4/Drivers/STM32F4xx_HAL_Driver/Src/stm32f4xx_hal_adc_ex.c ****   {
 615:Drivers/STM32F4/Drivers/STM32F4xx_HAL_Driver/Src/stm32f4xx_hal_adc_ex.c ****     /* Enable the Peripheral */
 616:Drivers/STM32F4/Drivers/STM32F4xx_HAL_Driver/Src/stm32f4xx_hal_adc_ex.c ****     __HAL_ADC_ENABLE(hadc);
 617:Drivers/STM32F4/Drivers/STM32F4xx_HAL_Driver/Src/stm32f4xx_hal_adc_ex.c **** 
 618:Drivers/STM32F4/Drivers/STM32F4xx_HAL_Driver/Src/stm32f4xx_hal_adc_ex.c ****     /* Delay for temperature sensor stabilization time */
 619:Drivers/STM32F4/Drivers/STM32F4xx_HAL_Driver/Src/stm32f4xx_hal_adc_ex.c ****     /* Compute number of CPU cycles to wait for */
 620:Drivers/STM32F4/Drivers/STM32F4xx_HAL_Driver/Src/stm32f4xx_hal_adc_ex.c ****     counter = (ADC_STAB_DELAY_US * (SystemCoreClock / 1000000U));
 621:Drivers/STM32F4/Drivers/STM32F4xx_HAL_Driver/Src/stm32f4xx_hal_adc_ex.c ****     while (counter != 0U)
 622:Drivers/STM32F4/Drivers/STM32F4xx_HAL_Driver/Src/stm32f4xx_hal_adc_ex.c ****     {
 623:Drivers/STM32F4/Drivers/STM32F4xx_HAL_Driver/Src/stm32f4xx_hal_adc_ex.c ****       counter--;
 624:Drivers/STM32F4/Drivers/STM32F4xx_HAL_Driver/Src/stm32f4xx_hal_adc_ex.c ****     }
 625:Drivers/STM32F4/Drivers/STM32F4xx_HAL_Driver/Src/stm32f4xx_hal_adc_ex.c ****   }
 626:Drivers/STM32F4/Drivers/STM32F4xx_HAL_Driver/Src/stm32f4xx_hal_adc_ex.c **** 
 627:Drivers/STM32F4/Drivers/STM32F4xx_HAL_Driver/Src/stm32f4xx_hal_adc_ex.c ****   /* Start conversion if ADC is effectively enabled */
 628:Drivers/STM32F4/Drivers/STM32F4xx_HAL_Driver/Src/stm32f4xx_hal_adc_ex.c ****   if (HAL_IS_BIT_SET(hadc->Instance->CR2, ADC_CR2_ADON))
 629:Drivers/STM32F4/Drivers/STM32F4xx_HAL_Driver/Src/stm32f4xx_hal_adc_ex.c ****   {
 630:Drivers/STM32F4/Drivers/STM32F4xx_HAL_Driver/Src/stm32f4xx_hal_adc_ex.c ****     /* Set ADC state                                                          */
 631:Drivers/STM32F4/Drivers/STM32F4xx_HAL_Driver/Src/stm32f4xx_hal_adc_ex.c ****     /* - Clear state bitfield related to regular group conversion results     */
 632:Drivers/STM32F4/Drivers/STM32F4xx_HAL_Driver/Src/stm32f4xx_hal_adc_ex.c ****     /* - Set state bitfield related to regular group operation                */
 633:Drivers/STM32F4/Drivers/STM32F4xx_HAL_Driver/Src/stm32f4xx_hal_adc_ex.c ****     ADC_STATE_CLR_SET(hadc->State,
 634:Drivers/STM32F4/Drivers/STM32F4xx_HAL_Driver/Src/stm32f4xx_hal_adc_ex.c ****                       HAL_ADC_STATE_READY | HAL_ADC_STATE_REG_EOC | HAL_ADC_STATE_REG_OVR,
 635:Drivers/STM32F4/Drivers/STM32F4xx_HAL_Driver/Src/stm32f4xx_hal_adc_ex.c ****                       HAL_ADC_STATE_REG_BUSY);
 636:Drivers/STM32F4/Drivers/STM32F4xx_HAL_Driver/Src/stm32f4xx_hal_adc_ex.c **** 
 637:Drivers/STM32F4/Drivers/STM32F4xx_HAL_Driver/Src/stm32f4xx_hal_adc_ex.c ****     /* If conversions on group regular are also triggering group injected,    */
 638:Drivers/STM32F4/Drivers/STM32F4xx_HAL_Driver/Src/stm32f4xx_hal_adc_ex.c ****     /* update ADC state.                                                      */
 639:Drivers/STM32F4/Drivers/STM32F4xx_HAL_Driver/Src/stm32f4xx_hal_adc_ex.c ****     if (READ_BIT(hadc->Instance->CR1, ADC_CR1_JAUTO) != RESET)
 640:Drivers/STM32F4/Drivers/STM32F4xx_HAL_Driver/Src/stm32f4xx_hal_adc_ex.c ****     {
 641:Drivers/STM32F4/Drivers/STM32F4xx_HAL_Driver/Src/stm32f4xx_hal_adc_ex.c ****       ADC_STATE_CLR_SET(hadc->State, HAL_ADC_STATE_INJ_EOC, HAL_ADC_STATE_INJ_BUSY);
 642:Drivers/STM32F4/Drivers/STM32F4xx_HAL_Driver/Src/stm32f4xx_hal_adc_ex.c ****     }
 643:Drivers/STM32F4/Drivers/STM32F4xx_HAL_Driver/Src/stm32f4xx_hal_adc_ex.c **** 
 644:Drivers/STM32F4/Drivers/STM32F4xx_HAL_Driver/Src/stm32f4xx_hal_adc_ex.c ****     /* State machine update: Check if an injected conversion is ongoing */
 645:Drivers/STM32F4/Drivers/STM32F4xx_HAL_Driver/Src/stm32f4xx_hal_adc_ex.c ****     if (HAL_IS_BIT_SET(hadc->State, HAL_ADC_STATE_INJ_BUSY))
 646:Drivers/STM32F4/Drivers/STM32F4xx_HAL_Driver/Src/stm32f4xx_hal_adc_ex.c ****     {
 647:Drivers/STM32F4/Drivers/STM32F4xx_HAL_Driver/Src/stm32f4xx_hal_adc_ex.c ****       /* Reset ADC error code fields related to conversions on group regular */
 648:Drivers/STM32F4/Drivers/STM32F4xx_HAL_Driver/Src/stm32f4xx_hal_adc_ex.c ****       CLEAR_BIT(hadc->ErrorCode, (HAL_ADC_ERROR_OVR | HAL_ADC_ERROR_DMA));
 649:Drivers/STM32F4/Drivers/STM32F4xx_HAL_Driver/Src/stm32f4xx_hal_adc_ex.c ****     }
 650:Drivers/STM32F4/Drivers/STM32F4xx_HAL_Driver/Src/stm32f4xx_hal_adc_ex.c ****     else
 651:Drivers/STM32F4/Drivers/STM32F4xx_HAL_Driver/Src/stm32f4xx_hal_adc_ex.c ****     {
 652:Drivers/STM32F4/Drivers/STM32F4xx_HAL_Driver/Src/stm32f4xx_hal_adc_ex.c ****       /* Reset ADC all error code fields */
 653:Drivers/STM32F4/Drivers/STM32F4xx_HAL_Driver/Src/stm32f4xx_hal_adc_ex.c ****       ADC_CLEAR_ERRORCODE(hadc);
 654:Drivers/STM32F4/Drivers/STM32F4xx_HAL_Driver/Src/stm32f4xx_hal_adc_ex.c ****     }
 655:Drivers/STM32F4/Drivers/STM32F4xx_HAL_Driver/Src/stm32f4xx_hal_adc_ex.c **** 
 656:Drivers/STM32F4/Drivers/STM32F4xx_HAL_Driver/Src/stm32f4xx_hal_adc_ex.c ****     /* Process unlocked */
 657:Drivers/STM32F4/Drivers/STM32F4xx_HAL_Driver/Src/stm32f4xx_hal_adc_ex.c ****     /* Unlock before starting ADC conversions: in case of potential           */
ARM GAS  /tmp/ccT7L7Lv.s 			page 13


 658:Drivers/STM32F4/Drivers/STM32F4xx_HAL_Driver/Src/stm32f4xx_hal_adc_ex.c ****     /* interruption, to let the process to ADC IRQ Handler.                   */
 659:Drivers/STM32F4/Drivers/STM32F4xx_HAL_Driver/Src/stm32f4xx_hal_adc_ex.c ****     __HAL_UNLOCK(hadc);
 660:Drivers/STM32F4/Drivers/STM32F4xx_HAL_Driver/Src/stm32f4xx_hal_adc_ex.c **** 
 661:Drivers/STM32F4/Drivers/STM32F4xx_HAL_Driver/Src/stm32f4xx_hal_adc_ex.c ****     /* Set the DMA transfer complete callback */
 662:Drivers/STM32F4/Drivers/STM32F4xx_HAL_Driver/Src/stm32f4xx_hal_adc_ex.c ****     hadc->DMA_Handle->XferCpltCallback = ADC_MultiModeDMAConvCplt;
 663:Drivers/STM32F4/Drivers/STM32F4xx_HAL_Driver/Src/stm32f4xx_hal_adc_ex.c **** 
 664:Drivers/STM32F4/Drivers/STM32F4xx_HAL_Driver/Src/stm32f4xx_hal_adc_ex.c ****     /* Set the DMA half transfer complete callback */
 665:Drivers/STM32F4/Drivers/STM32F4xx_HAL_Driver/Src/stm32f4xx_hal_adc_ex.c ****     hadc->DMA_Handle->XferHalfCpltCallback = ADC_MultiModeDMAHalfConvCplt;
 666:Drivers/STM32F4/Drivers/STM32F4xx_HAL_Driver/Src/stm32f4xx_hal_adc_ex.c **** 
 667:Drivers/STM32F4/Drivers/STM32F4xx_HAL_Driver/Src/stm32f4xx_hal_adc_ex.c ****     /* Set the DMA error callback */
 668:Drivers/STM32F4/Drivers/STM32F4xx_HAL_Driver/Src/stm32f4xx_hal_adc_ex.c ****     hadc->DMA_Handle->XferErrorCallback = ADC_MultiModeDMAError ;
 669:Drivers/STM32F4/Drivers/STM32F4xx_HAL_Driver/Src/stm32f4xx_hal_adc_ex.c **** 
 670:Drivers/STM32F4/Drivers/STM32F4xx_HAL_Driver/Src/stm32f4xx_hal_adc_ex.c ****     /* Manage ADC and DMA start: ADC overrun interruption, DMA start, ADC     */
 671:Drivers/STM32F4/Drivers/STM32F4xx_HAL_Driver/Src/stm32f4xx_hal_adc_ex.c ****     /* start (in case of SW start):                                           */
 672:Drivers/STM32F4/Drivers/STM32F4xx_HAL_Driver/Src/stm32f4xx_hal_adc_ex.c **** 
 673:Drivers/STM32F4/Drivers/STM32F4xx_HAL_Driver/Src/stm32f4xx_hal_adc_ex.c ****     /* Clear regular group conversion flag and overrun flag */
 674:Drivers/STM32F4/Drivers/STM32F4xx_HAL_Driver/Src/stm32f4xx_hal_adc_ex.c ****     /* (To ensure of no unknown state from potential previous ADC operations) */
 675:Drivers/STM32F4/Drivers/STM32F4xx_HAL_Driver/Src/stm32f4xx_hal_adc_ex.c ****     __HAL_ADC_CLEAR_FLAG(hadc, ADC_FLAG_EOC);
 676:Drivers/STM32F4/Drivers/STM32F4xx_HAL_Driver/Src/stm32f4xx_hal_adc_ex.c **** 
 677:Drivers/STM32F4/Drivers/STM32F4xx_HAL_Driver/Src/stm32f4xx_hal_adc_ex.c ****     /* Enable ADC overrun interrupt */
 678:Drivers/STM32F4/Drivers/STM32F4xx_HAL_Driver/Src/stm32f4xx_hal_adc_ex.c ****     __HAL_ADC_ENABLE_IT(hadc, ADC_IT_OVR);
 679:Drivers/STM32F4/Drivers/STM32F4xx_HAL_Driver/Src/stm32f4xx_hal_adc_ex.c **** 
 680:Drivers/STM32F4/Drivers/STM32F4xx_HAL_Driver/Src/stm32f4xx_hal_adc_ex.c ****     /* Pointer to the common control register to which is belonging hadc    */
 681:Drivers/STM32F4/Drivers/STM32F4xx_HAL_Driver/Src/stm32f4xx_hal_adc_ex.c ****     /* (Depending on STM32F4 product, there may be up to 3 ADC and 1 common */
 682:Drivers/STM32F4/Drivers/STM32F4xx_HAL_Driver/Src/stm32f4xx_hal_adc_ex.c ****     /* control register)                                                    */
 683:Drivers/STM32F4/Drivers/STM32F4xx_HAL_Driver/Src/stm32f4xx_hal_adc_ex.c ****     tmpADC_Common = ADC_COMMON_REGISTER(hadc);
 684:Drivers/STM32F4/Drivers/STM32F4xx_HAL_Driver/Src/stm32f4xx_hal_adc_ex.c **** 
 685:Drivers/STM32F4/Drivers/STM32F4xx_HAL_Driver/Src/stm32f4xx_hal_adc_ex.c ****     if (hadc->Init.DMAContinuousRequests != DISABLE)
 686:Drivers/STM32F4/Drivers/STM32F4xx_HAL_Driver/Src/stm32f4xx_hal_adc_ex.c ****     {
 687:Drivers/STM32F4/Drivers/STM32F4xx_HAL_Driver/Src/stm32f4xx_hal_adc_ex.c ****       /* Enable the selected ADC DMA request after last transfer */
 688:Drivers/STM32F4/Drivers/STM32F4xx_HAL_Driver/Src/stm32f4xx_hal_adc_ex.c ****       tmpADC_Common->CCR |= ADC_CCR_DDS;
 689:Drivers/STM32F4/Drivers/STM32F4xx_HAL_Driver/Src/stm32f4xx_hal_adc_ex.c ****     }
 690:Drivers/STM32F4/Drivers/STM32F4xx_HAL_Driver/Src/stm32f4xx_hal_adc_ex.c ****     else
 691:Drivers/STM32F4/Drivers/STM32F4xx_HAL_Driver/Src/stm32f4xx_hal_adc_ex.c ****     {
 692:Drivers/STM32F4/Drivers/STM32F4xx_HAL_Driver/Src/stm32f4xx_hal_adc_ex.c ****       /* Disable the selected ADC EOC rising on each regular channel conversion */
 693:Drivers/STM32F4/Drivers/STM32F4xx_HAL_Driver/Src/stm32f4xx_hal_adc_ex.c ****       tmpADC_Common->CCR &= ~ADC_CCR_DDS;
 694:Drivers/STM32F4/Drivers/STM32F4xx_HAL_Driver/Src/stm32f4xx_hal_adc_ex.c ****     }
 695:Drivers/STM32F4/Drivers/STM32F4xx_HAL_Driver/Src/stm32f4xx_hal_adc_ex.c **** 
 696:Drivers/STM32F4/Drivers/STM32F4xx_HAL_Driver/Src/stm32f4xx_hal_adc_ex.c ****     /* Enable the DMA Stream */
 697:Drivers/STM32F4/Drivers/STM32F4xx_HAL_Driver/Src/stm32f4xx_hal_adc_ex.c ****     tmp_hal_status = HAL_DMA_Start_IT(hadc->DMA_Handle, (uint32_t)&tmpADC_Common->CDR, (uint32_t)pD
 698:Drivers/STM32F4/Drivers/STM32F4xx_HAL_Driver/Src/stm32f4xx_hal_adc_ex.c **** 
 699:Drivers/STM32F4/Drivers/STM32F4xx_HAL_Driver/Src/stm32f4xx_hal_adc_ex.c ****     /* if no external trigger present enable software conversion of regular channels */
 700:Drivers/STM32F4/Drivers/STM32F4xx_HAL_Driver/Src/stm32f4xx_hal_adc_ex.c ****     if ((hadc->Instance->CR2 & ADC_CR2_EXTEN) == RESET)
 701:Drivers/STM32F4/Drivers/STM32F4xx_HAL_Driver/Src/stm32f4xx_hal_adc_ex.c ****     {
 702:Drivers/STM32F4/Drivers/STM32F4xx_HAL_Driver/Src/stm32f4xx_hal_adc_ex.c ****       /* Enable the selected ADC software conversion for regular group */
 703:Drivers/STM32F4/Drivers/STM32F4xx_HAL_Driver/Src/stm32f4xx_hal_adc_ex.c ****       hadc->Instance->CR2 |= (uint32_t)ADC_CR2_SWSTART;
 704:Drivers/STM32F4/Drivers/STM32F4xx_HAL_Driver/Src/stm32f4xx_hal_adc_ex.c ****     }
 705:Drivers/STM32F4/Drivers/STM32F4xx_HAL_Driver/Src/stm32f4xx_hal_adc_ex.c ****   }
 706:Drivers/STM32F4/Drivers/STM32F4xx_HAL_Driver/Src/stm32f4xx_hal_adc_ex.c ****   else
 707:Drivers/STM32F4/Drivers/STM32F4xx_HAL_Driver/Src/stm32f4xx_hal_adc_ex.c ****   {
 708:Drivers/STM32F4/Drivers/STM32F4xx_HAL_Driver/Src/stm32f4xx_hal_adc_ex.c ****     /* Update ADC state machine to error */
 709:Drivers/STM32F4/Drivers/STM32F4xx_HAL_Driver/Src/stm32f4xx_hal_adc_ex.c ****     SET_BIT(hadc->State, HAL_ADC_STATE_ERROR_INTERNAL);
 710:Drivers/STM32F4/Drivers/STM32F4xx_HAL_Driver/Src/stm32f4xx_hal_adc_ex.c **** 
 711:Drivers/STM32F4/Drivers/STM32F4xx_HAL_Driver/Src/stm32f4xx_hal_adc_ex.c ****     /* Set ADC error code to ADC IP internal error */
 712:Drivers/STM32F4/Drivers/STM32F4xx_HAL_Driver/Src/stm32f4xx_hal_adc_ex.c ****     SET_BIT(hadc->ErrorCode, HAL_ADC_ERROR_INTERNAL);
 713:Drivers/STM32F4/Drivers/STM32F4xx_HAL_Driver/Src/stm32f4xx_hal_adc_ex.c ****   }
 714:Drivers/STM32F4/Drivers/STM32F4xx_HAL_Driver/Src/stm32f4xx_hal_adc_ex.c **** 
ARM GAS  /tmp/ccT7L7Lv.s 			page 14


 715:Drivers/STM32F4/Drivers/STM32F4xx_HAL_Driver/Src/stm32f4xx_hal_adc_ex.c ****   /* Return function status */
 716:Drivers/STM32F4/Drivers/STM32F4xx_HAL_Driver/Src/stm32f4xx_hal_adc_ex.c ****   return tmp_hal_status;
 717:Drivers/STM32F4/Drivers/STM32F4xx_HAL_Driver/Src/stm32f4xx_hal_adc_ex.c **** }
 718:Drivers/STM32F4/Drivers/STM32F4xx_HAL_Driver/Src/stm32f4xx_hal_adc_ex.c **** 
 719:Drivers/STM32F4/Drivers/STM32F4xx_HAL_Driver/Src/stm32f4xx_hal_adc_ex.c **** /**
 720:Drivers/STM32F4/Drivers/STM32F4xx_HAL_Driver/Src/stm32f4xx_hal_adc_ex.c ****   * @brief  Disables ADC DMA (multi-ADC mode) and disables ADC peripheral
 721:Drivers/STM32F4/Drivers/STM32F4xx_HAL_Driver/Src/stm32f4xx_hal_adc_ex.c ****   * @param  hadc pointer to a ADC_HandleTypeDef structure that contains
 722:Drivers/STM32F4/Drivers/STM32F4xx_HAL_Driver/Src/stm32f4xx_hal_adc_ex.c ****   *         the configuration information for the specified ADC.
 723:Drivers/STM32F4/Drivers/STM32F4xx_HAL_Driver/Src/stm32f4xx_hal_adc_ex.c ****   * @retval HAL status
 724:Drivers/STM32F4/Drivers/STM32F4xx_HAL_Driver/Src/stm32f4xx_hal_adc_ex.c ****   */
 725:Drivers/STM32F4/Drivers/STM32F4xx_HAL_Driver/Src/stm32f4xx_hal_adc_ex.c **** HAL_StatusTypeDef HAL_ADCEx_MultiModeStop_DMA(ADC_HandleTypeDef *hadc)
 726:Drivers/STM32F4/Drivers/STM32F4xx_HAL_Driver/Src/stm32f4xx_hal_adc_ex.c **** {
 727:Drivers/STM32F4/Drivers/STM32F4xx_HAL_Driver/Src/stm32f4xx_hal_adc_ex.c ****   HAL_StatusTypeDef tmp_hal_status = HAL_OK;
 728:Drivers/STM32F4/Drivers/STM32F4xx_HAL_Driver/Src/stm32f4xx_hal_adc_ex.c ****   ADC_Common_TypeDef *tmpADC_Common;
 729:Drivers/STM32F4/Drivers/STM32F4xx_HAL_Driver/Src/stm32f4xx_hal_adc_ex.c **** 
 730:Drivers/STM32F4/Drivers/STM32F4xx_HAL_Driver/Src/stm32f4xx_hal_adc_ex.c ****   /* Check the parameters */
 731:Drivers/STM32F4/Drivers/STM32F4xx_HAL_Driver/Src/stm32f4xx_hal_adc_ex.c ****   assert_param(IS_ADC_ALL_INSTANCE(hadc->Instance));
 732:Drivers/STM32F4/Drivers/STM32F4xx_HAL_Driver/Src/stm32f4xx_hal_adc_ex.c **** 
 733:Drivers/STM32F4/Drivers/STM32F4xx_HAL_Driver/Src/stm32f4xx_hal_adc_ex.c ****   /* Process locked */
 734:Drivers/STM32F4/Drivers/STM32F4xx_HAL_Driver/Src/stm32f4xx_hal_adc_ex.c ****   __HAL_LOCK(hadc);
 735:Drivers/STM32F4/Drivers/STM32F4xx_HAL_Driver/Src/stm32f4xx_hal_adc_ex.c **** 
 736:Drivers/STM32F4/Drivers/STM32F4xx_HAL_Driver/Src/stm32f4xx_hal_adc_ex.c ****   /* Stop potential conversion on going, on regular and injected groups */
 737:Drivers/STM32F4/Drivers/STM32F4xx_HAL_Driver/Src/stm32f4xx_hal_adc_ex.c ****   /* Disable ADC peripheral */
 738:Drivers/STM32F4/Drivers/STM32F4xx_HAL_Driver/Src/stm32f4xx_hal_adc_ex.c ****   __HAL_ADC_DISABLE(hadc);
 739:Drivers/STM32F4/Drivers/STM32F4xx_HAL_Driver/Src/stm32f4xx_hal_adc_ex.c **** 
 740:Drivers/STM32F4/Drivers/STM32F4xx_HAL_Driver/Src/stm32f4xx_hal_adc_ex.c ****   /* Pointer to the common control register to which is belonging hadc    */
 741:Drivers/STM32F4/Drivers/STM32F4xx_HAL_Driver/Src/stm32f4xx_hal_adc_ex.c ****   /* (Depending on STM32F4 product, there may be up to 3 ADC and 1 common */
 742:Drivers/STM32F4/Drivers/STM32F4xx_HAL_Driver/Src/stm32f4xx_hal_adc_ex.c ****   /* control register)                                                    */
 743:Drivers/STM32F4/Drivers/STM32F4xx_HAL_Driver/Src/stm32f4xx_hal_adc_ex.c ****   tmpADC_Common = ADC_COMMON_REGISTER(hadc);
 744:Drivers/STM32F4/Drivers/STM32F4xx_HAL_Driver/Src/stm32f4xx_hal_adc_ex.c **** 
 745:Drivers/STM32F4/Drivers/STM32F4xx_HAL_Driver/Src/stm32f4xx_hal_adc_ex.c ****   /* Check if ADC is effectively disabled */
 746:Drivers/STM32F4/Drivers/STM32F4xx_HAL_Driver/Src/stm32f4xx_hal_adc_ex.c ****   if (HAL_IS_BIT_CLR(hadc->Instance->CR2, ADC_CR2_ADON))
 747:Drivers/STM32F4/Drivers/STM32F4xx_HAL_Driver/Src/stm32f4xx_hal_adc_ex.c ****   {
 748:Drivers/STM32F4/Drivers/STM32F4xx_HAL_Driver/Src/stm32f4xx_hal_adc_ex.c ****     /* Disable the selected ADC DMA mode for multimode */
 749:Drivers/STM32F4/Drivers/STM32F4xx_HAL_Driver/Src/stm32f4xx_hal_adc_ex.c ****     tmpADC_Common->CCR &= ~ADC_CCR_DDS;
 750:Drivers/STM32F4/Drivers/STM32F4xx_HAL_Driver/Src/stm32f4xx_hal_adc_ex.c **** 
 751:Drivers/STM32F4/Drivers/STM32F4xx_HAL_Driver/Src/stm32f4xx_hal_adc_ex.c ****     /* Disable the DMA channel (in case of DMA in circular mode or stop while */
 752:Drivers/STM32F4/Drivers/STM32F4xx_HAL_Driver/Src/stm32f4xx_hal_adc_ex.c ****     /* DMA transfer is on going)                                              */
 753:Drivers/STM32F4/Drivers/STM32F4xx_HAL_Driver/Src/stm32f4xx_hal_adc_ex.c ****     tmp_hal_status = HAL_DMA_Abort(hadc->DMA_Handle);
 754:Drivers/STM32F4/Drivers/STM32F4xx_HAL_Driver/Src/stm32f4xx_hal_adc_ex.c **** 
 755:Drivers/STM32F4/Drivers/STM32F4xx_HAL_Driver/Src/stm32f4xx_hal_adc_ex.c ****     /* Disable ADC overrun interrupt */
 756:Drivers/STM32F4/Drivers/STM32F4xx_HAL_Driver/Src/stm32f4xx_hal_adc_ex.c ****     __HAL_ADC_DISABLE_IT(hadc, ADC_IT_OVR);
 757:Drivers/STM32F4/Drivers/STM32F4xx_HAL_Driver/Src/stm32f4xx_hal_adc_ex.c **** 
 758:Drivers/STM32F4/Drivers/STM32F4xx_HAL_Driver/Src/stm32f4xx_hal_adc_ex.c ****     /* Set ADC state */
 759:Drivers/STM32F4/Drivers/STM32F4xx_HAL_Driver/Src/stm32f4xx_hal_adc_ex.c ****     ADC_STATE_CLR_SET(hadc->State,
 760:Drivers/STM32F4/Drivers/STM32F4xx_HAL_Driver/Src/stm32f4xx_hal_adc_ex.c ****                       HAL_ADC_STATE_REG_BUSY | HAL_ADC_STATE_INJ_BUSY,
 761:Drivers/STM32F4/Drivers/STM32F4xx_HAL_Driver/Src/stm32f4xx_hal_adc_ex.c ****                       HAL_ADC_STATE_READY);
 762:Drivers/STM32F4/Drivers/STM32F4xx_HAL_Driver/Src/stm32f4xx_hal_adc_ex.c ****   }
 763:Drivers/STM32F4/Drivers/STM32F4xx_HAL_Driver/Src/stm32f4xx_hal_adc_ex.c **** 
 764:Drivers/STM32F4/Drivers/STM32F4xx_HAL_Driver/Src/stm32f4xx_hal_adc_ex.c ****   /* Process unlocked */
 765:Drivers/STM32F4/Drivers/STM32F4xx_HAL_Driver/Src/stm32f4xx_hal_adc_ex.c ****   __HAL_UNLOCK(hadc);
 766:Drivers/STM32F4/Drivers/STM32F4xx_HAL_Driver/Src/stm32f4xx_hal_adc_ex.c **** 
 767:Drivers/STM32F4/Drivers/STM32F4xx_HAL_Driver/Src/stm32f4xx_hal_adc_ex.c ****   /* Return function status */
 768:Drivers/STM32F4/Drivers/STM32F4xx_HAL_Driver/Src/stm32f4xx_hal_adc_ex.c ****   return tmp_hal_status;
 769:Drivers/STM32F4/Drivers/STM32F4xx_HAL_Driver/Src/stm32f4xx_hal_adc_ex.c **** }
 770:Drivers/STM32F4/Drivers/STM32F4xx_HAL_Driver/Src/stm32f4xx_hal_adc_ex.c **** 
 771:Drivers/STM32F4/Drivers/STM32F4xx_HAL_Driver/Src/stm32f4xx_hal_adc_ex.c **** /**
ARM GAS  /tmp/ccT7L7Lv.s 			page 15


 772:Drivers/STM32F4/Drivers/STM32F4xx_HAL_Driver/Src/stm32f4xx_hal_adc_ex.c ****   * @brief  Returns the last ADC1, ADC2 and ADC3 regular conversions results
 773:Drivers/STM32F4/Drivers/STM32F4xx_HAL_Driver/Src/stm32f4xx_hal_adc_ex.c ****   *         data in the selected multi mode.
 774:Drivers/STM32F4/Drivers/STM32F4xx_HAL_Driver/Src/stm32f4xx_hal_adc_ex.c ****   * @param  hadc pointer to a ADC_HandleTypeDef structure that contains
 775:Drivers/STM32F4/Drivers/STM32F4xx_HAL_Driver/Src/stm32f4xx_hal_adc_ex.c ****   *         the configuration information for the specified ADC.
 776:Drivers/STM32F4/Drivers/STM32F4xx_HAL_Driver/Src/stm32f4xx_hal_adc_ex.c ****   * @retval The converted data value.
 777:Drivers/STM32F4/Drivers/STM32F4xx_HAL_Driver/Src/stm32f4xx_hal_adc_ex.c ****   */
 778:Drivers/STM32F4/Drivers/STM32F4xx_HAL_Driver/Src/stm32f4xx_hal_adc_ex.c **** uint32_t HAL_ADCEx_MultiModeGetValue(ADC_HandleTypeDef *hadc)
 779:Drivers/STM32F4/Drivers/STM32F4xx_HAL_Driver/Src/stm32f4xx_hal_adc_ex.c **** {
 780:Drivers/STM32F4/Drivers/STM32F4xx_HAL_Driver/Src/stm32f4xx_hal_adc_ex.c ****   ADC_Common_TypeDef *tmpADC_Common;
 781:Drivers/STM32F4/Drivers/STM32F4xx_HAL_Driver/Src/stm32f4xx_hal_adc_ex.c **** 
 782:Drivers/STM32F4/Drivers/STM32F4xx_HAL_Driver/Src/stm32f4xx_hal_adc_ex.c ****   /* Prevent unused argument(s) compilation warning */
 783:Drivers/STM32F4/Drivers/STM32F4xx_HAL_Driver/Src/stm32f4xx_hal_adc_ex.c ****   UNUSED(hadc);
 784:Drivers/STM32F4/Drivers/STM32F4xx_HAL_Driver/Src/stm32f4xx_hal_adc_ex.c **** 
 785:Drivers/STM32F4/Drivers/STM32F4xx_HAL_Driver/Src/stm32f4xx_hal_adc_ex.c ****   /* Pointer to the common control register to which is belonging hadc    */
 786:Drivers/STM32F4/Drivers/STM32F4xx_HAL_Driver/Src/stm32f4xx_hal_adc_ex.c ****   /* (Depending on STM32F4 product, there may be up to 3 ADC and 1 common */
 787:Drivers/STM32F4/Drivers/STM32F4xx_HAL_Driver/Src/stm32f4xx_hal_adc_ex.c ****   /* control register)                                                    */
 788:Drivers/STM32F4/Drivers/STM32F4xx_HAL_Driver/Src/stm32f4xx_hal_adc_ex.c ****   tmpADC_Common = ADC_COMMON_REGISTER(hadc);
 789:Drivers/STM32F4/Drivers/STM32F4xx_HAL_Driver/Src/stm32f4xx_hal_adc_ex.c **** 
 790:Drivers/STM32F4/Drivers/STM32F4xx_HAL_Driver/Src/stm32f4xx_hal_adc_ex.c ****   /* Return the multi mode conversion value */
 791:Drivers/STM32F4/Drivers/STM32F4xx_HAL_Driver/Src/stm32f4xx_hal_adc_ex.c ****   return tmpADC_Common->CDR;
 792:Drivers/STM32F4/Drivers/STM32F4xx_HAL_Driver/Src/stm32f4xx_hal_adc_ex.c **** }
 793:Drivers/STM32F4/Drivers/STM32F4xx_HAL_Driver/Src/stm32f4xx_hal_adc_ex.c **** 
 794:Drivers/STM32F4/Drivers/STM32F4xx_HAL_Driver/Src/stm32f4xx_hal_adc_ex.c **** /**
 795:Drivers/STM32F4/Drivers/STM32F4xx_HAL_Driver/Src/stm32f4xx_hal_adc_ex.c ****   * @brief  Injected conversion complete callback in non blocking mode
 796:Drivers/STM32F4/Drivers/STM32F4xx_HAL_Driver/Src/stm32f4xx_hal_adc_ex.c ****   * @param  hadc pointer to a ADC_HandleTypeDef structure that contains
 797:Drivers/STM32F4/Drivers/STM32F4xx_HAL_Driver/Src/stm32f4xx_hal_adc_ex.c ****   *         the configuration information for the specified ADC.
 798:Drivers/STM32F4/Drivers/STM32F4xx_HAL_Driver/Src/stm32f4xx_hal_adc_ex.c ****   * @retval None
 799:Drivers/STM32F4/Drivers/STM32F4xx_HAL_Driver/Src/stm32f4xx_hal_adc_ex.c ****   */
 800:Drivers/STM32F4/Drivers/STM32F4xx_HAL_Driver/Src/stm32f4xx_hal_adc_ex.c **** __weak void HAL_ADCEx_InjectedConvCpltCallback(ADC_HandleTypeDef *hadc)
 801:Drivers/STM32F4/Drivers/STM32F4xx_HAL_Driver/Src/stm32f4xx_hal_adc_ex.c **** {
 802:Drivers/STM32F4/Drivers/STM32F4xx_HAL_Driver/Src/stm32f4xx_hal_adc_ex.c ****   /* Prevent unused argument(s) compilation warning */
 803:Drivers/STM32F4/Drivers/STM32F4xx_HAL_Driver/Src/stm32f4xx_hal_adc_ex.c ****   UNUSED(hadc);
 804:Drivers/STM32F4/Drivers/STM32F4xx_HAL_Driver/Src/stm32f4xx_hal_adc_ex.c ****   /* NOTE : This function Should not be modified, when the callback is needed,
 805:Drivers/STM32F4/Drivers/STM32F4xx_HAL_Driver/Src/stm32f4xx_hal_adc_ex.c ****             the HAL_ADC_InjectedConvCpltCallback could be implemented in the user file
 806:Drivers/STM32F4/Drivers/STM32F4xx_HAL_Driver/Src/stm32f4xx_hal_adc_ex.c ****    */
 807:Drivers/STM32F4/Drivers/STM32F4xx_HAL_Driver/Src/stm32f4xx_hal_adc_ex.c **** }
 808:Drivers/STM32F4/Drivers/STM32F4xx_HAL_Driver/Src/stm32f4xx_hal_adc_ex.c **** 
 809:Drivers/STM32F4/Drivers/STM32F4xx_HAL_Driver/Src/stm32f4xx_hal_adc_ex.c **** /**
 810:Drivers/STM32F4/Drivers/STM32F4xx_HAL_Driver/Src/stm32f4xx_hal_adc_ex.c ****   * @brief  Configures for the selected ADC injected channel its corresponding
 811:Drivers/STM32F4/Drivers/STM32F4xx_HAL_Driver/Src/stm32f4xx_hal_adc_ex.c ****   *         rank in the sequencer and its sample time.
 812:Drivers/STM32F4/Drivers/STM32F4xx_HAL_Driver/Src/stm32f4xx_hal_adc_ex.c ****   * @param  hadc pointer to a ADC_HandleTypeDef structure that contains
 813:Drivers/STM32F4/Drivers/STM32F4xx_HAL_Driver/Src/stm32f4xx_hal_adc_ex.c ****   *         the configuration information for the specified ADC.
 814:Drivers/STM32F4/Drivers/STM32F4xx_HAL_Driver/Src/stm32f4xx_hal_adc_ex.c ****   * @param  sConfigInjected ADC configuration structure for injected channel.
 815:Drivers/STM32F4/Drivers/STM32F4xx_HAL_Driver/Src/stm32f4xx_hal_adc_ex.c ****   * @retval None
 816:Drivers/STM32F4/Drivers/STM32F4xx_HAL_Driver/Src/stm32f4xx_hal_adc_ex.c ****   */
 817:Drivers/STM32F4/Drivers/STM32F4xx_HAL_Driver/Src/stm32f4xx_hal_adc_ex.c **** HAL_StatusTypeDef HAL_ADCEx_InjectedConfigChannel(ADC_HandleTypeDef *hadc, ADC_InjectionConfTypeDef
 818:Drivers/STM32F4/Drivers/STM32F4xx_HAL_Driver/Src/stm32f4xx_hal_adc_ex.c **** {
 819:Drivers/STM32F4/Drivers/STM32F4xx_HAL_Driver/Src/stm32f4xx_hal_adc_ex.c **** 
 820:Drivers/STM32F4/Drivers/STM32F4xx_HAL_Driver/Src/stm32f4xx_hal_adc_ex.c **** #ifdef USE_FULL_ASSERT
 821:Drivers/STM32F4/Drivers/STM32F4xx_HAL_Driver/Src/stm32f4xx_hal_adc_ex.c ****   uint32_t tmp = 0U;
 822:Drivers/STM32F4/Drivers/STM32F4xx_HAL_Driver/Src/stm32f4xx_hal_adc_ex.c **** 
 823:Drivers/STM32F4/Drivers/STM32F4xx_HAL_Driver/Src/stm32f4xx_hal_adc_ex.c **** #endif /* USE_FULL_ASSERT  */
 824:Drivers/STM32F4/Drivers/STM32F4xx_HAL_Driver/Src/stm32f4xx_hal_adc_ex.c **** 
 825:Drivers/STM32F4/Drivers/STM32F4xx_HAL_Driver/Src/stm32f4xx_hal_adc_ex.c ****   ADC_Common_TypeDef *tmpADC_Common;
 826:Drivers/STM32F4/Drivers/STM32F4xx_HAL_Driver/Src/stm32f4xx_hal_adc_ex.c **** 
 827:Drivers/STM32F4/Drivers/STM32F4xx_HAL_Driver/Src/stm32f4xx_hal_adc_ex.c ****   /* Check the parameters */
 828:Drivers/STM32F4/Drivers/STM32F4xx_HAL_Driver/Src/stm32f4xx_hal_adc_ex.c ****   assert_param(IS_ADC_CHANNEL(sConfigInjected->InjectedChannel));
ARM GAS  /tmp/ccT7L7Lv.s 			page 16


 829:Drivers/STM32F4/Drivers/STM32F4xx_HAL_Driver/Src/stm32f4xx_hal_adc_ex.c ****   assert_param(IS_ADC_INJECTED_RANK(sConfigInjected->InjectedRank));
 830:Drivers/STM32F4/Drivers/STM32F4xx_HAL_Driver/Src/stm32f4xx_hal_adc_ex.c ****   assert_param(IS_ADC_SAMPLE_TIME(sConfigInjected->InjectedSamplingTime));
 831:Drivers/STM32F4/Drivers/STM32F4xx_HAL_Driver/Src/stm32f4xx_hal_adc_ex.c ****   assert_param(IS_ADC_EXT_INJEC_TRIG(sConfigInjected->ExternalTrigInjecConv));
 832:Drivers/STM32F4/Drivers/STM32F4xx_HAL_Driver/Src/stm32f4xx_hal_adc_ex.c ****   assert_param(IS_ADC_INJECTED_LENGTH(sConfigInjected->InjectedNbrOfConversion));
 833:Drivers/STM32F4/Drivers/STM32F4xx_HAL_Driver/Src/stm32f4xx_hal_adc_ex.c ****   assert_param(IS_FUNCTIONAL_STATE(sConfigInjected->AutoInjectedConv));
 834:Drivers/STM32F4/Drivers/STM32F4xx_HAL_Driver/Src/stm32f4xx_hal_adc_ex.c ****   assert_param(IS_FUNCTIONAL_STATE(sConfigInjected->InjectedDiscontinuousConvMode));
 835:Drivers/STM32F4/Drivers/STM32F4xx_HAL_Driver/Src/stm32f4xx_hal_adc_ex.c **** 
 836:Drivers/STM32F4/Drivers/STM32F4xx_HAL_Driver/Src/stm32f4xx_hal_adc_ex.c **** #ifdef USE_FULL_ASSERT
 837:Drivers/STM32F4/Drivers/STM32F4xx_HAL_Driver/Src/stm32f4xx_hal_adc_ex.c ****   tmp = ADC_GET_RESOLUTION(hadc);
 838:Drivers/STM32F4/Drivers/STM32F4xx_HAL_Driver/Src/stm32f4xx_hal_adc_ex.c ****   assert_param(IS_ADC_RANGE(tmp, sConfigInjected->InjectedOffset));
 839:Drivers/STM32F4/Drivers/STM32F4xx_HAL_Driver/Src/stm32f4xx_hal_adc_ex.c **** #endif /* USE_FULL_ASSERT  */
 840:Drivers/STM32F4/Drivers/STM32F4xx_HAL_Driver/Src/stm32f4xx_hal_adc_ex.c **** 
 841:Drivers/STM32F4/Drivers/STM32F4xx_HAL_Driver/Src/stm32f4xx_hal_adc_ex.c ****   if (sConfigInjected->ExternalTrigInjecConv != ADC_INJECTED_SOFTWARE_START)
 842:Drivers/STM32F4/Drivers/STM32F4xx_HAL_Driver/Src/stm32f4xx_hal_adc_ex.c ****   {
 843:Drivers/STM32F4/Drivers/STM32F4xx_HAL_Driver/Src/stm32f4xx_hal_adc_ex.c ****     assert_param(IS_ADC_EXT_INJEC_TRIG_EDGE(sConfigInjected->ExternalTrigInjecConvEdge));
 844:Drivers/STM32F4/Drivers/STM32F4xx_HAL_Driver/Src/stm32f4xx_hal_adc_ex.c ****   }
 845:Drivers/STM32F4/Drivers/STM32F4xx_HAL_Driver/Src/stm32f4xx_hal_adc_ex.c **** 
 846:Drivers/STM32F4/Drivers/STM32F4xx_HAL_Driver/Src/stm32f4xx_hal_adc_ex.c ****   /* Process locked */
 847:Drivers/STM32F4/Drivers/STM32F4xx_HAL_Driver/Src/stm32f4xx_hal_adc_ex.c ****   __HAL_LOCK(hadc);
 848:Drivers/STM32F4/Drivers/STM32F4xx_HAL_Driver/Src/stm32f4xx_hal_adc_ex.c **** 
 849:Drivers/STM32F4/Drivers/STM32F4xx_HAL_Driver/Src/stm32f4xx_hal_adc_ex.c ****   /* if ADC_Channel_10 ... ADC_Channel_18 is selected */
 850:Drivers/STM32F4/Drivers/STM32F4xx_HAL_Driver/Src/stm32f4xx_hal_adc_ex.c ****   if (sConfigInjected->InjectedChannel > ADC_CHANNEL_9)
 851:Drivers/STM32F4/Drivers/STM32F4xx_HAL_Driver/Src/stm32f4xx_hal_adc_ex.c ****   {
 852:Drivers/STM32F4/Drivers/STM32F4xx_HAL_Driver/Src/stm32f4xx_hal_adc_ex.c ****     /* Clear the old sample time */
 853:Drivers/STM32F4/Drivers/STM32F4xx_HAL_Driver/Src/stm32f4xx_hal_adc_ex.c ****     hadc->Instance->SMPR1 &= ~ADC_SMPR1(ADC_SMPR1_SMP10, sConfigInjected->InjectedChannel);
 854:Drivers/STM32F4/Drivers/STM32F4xx_HAL_Driver/Src/stm32f4xx_hal_adc_ex.c **** 
 855:Drivers/STM32F4/Drivers/STM32F4xx_HAL_Driver/Src/stm32f4xx_hal_adc_ex.c ****     /* Set the new sample time */
 856:Drivers/STM32F4/Drivers/STM32F4xx_HAL_Driver/Src/stm32f4xx_hal_adc_ex.c ****     hadc->Instance->SMPR1 |= ADC_SMPR1(sConfigInjected->InjectedSamplingTime, sConfigInjected->Inje
 857:Drivers/STM32F4/Drivers/STM32F4xx_HAL_Driver/Src/stm32f4xx_hal_adc_ex.c ****   }
 858:Drivers/STM32F4/Drivers/STM32F4xx_HAL_Driver/Src/stm32f4xx_hal_adc_ex.c ****   else /* ADC_Channel include in ADC_Channel_[0..9] */
 859:Drivers/STM32F4/Drivers/STM32F4xx_HAL_Driver/Src/stm32f4xx_hal_adc_ex.c ****   {
 860:Drivers/STM32F4/Drivers/STM32F4xx_HAL_Driver/Src/stm32f4xx_hal_adc_ex.c ****     /* Clear the old sample time */
 861:Drivers/STM32F4/Drivers/STM32F4xx_HAL_Driver/Src/stm32f4xx_hal_adc_ex.c ****     hadc->Instance->SMPR2 &= ~ADC_SMPR2(ADC_SMPR2_SMP0, sConfigInjected->InjectedChannel);
 862:Drivers/STM32F4/Drivers/STM32F4xx_HAL_Driver/Src/stm32f4xx_hal_adc_ex.c **** 
 863:Drivers/STM32F4/Drivers/STM32F4xx_HAL_Driver/Src/stm32f4xx_hal_adc_ex.c ****     /* Set the new sample time */
 864:Drivers/STM32F4/Drivers/STM32F4xx_HAL_Driver/Src/stm32f4xx_hal_adc_ex.c ****     hadc->Instance->SMPR2 |= ADC_SMPR2(sConfigInjected->InjectedSamplingTime, sConfigInjected->Inje
 865:Drivers/STM32F4/Drivers/STM32F4xx_HAL_Driver/Src/stm32f4xx_hal_adc_ex.c ****   }
 866:Drivers/STM32F4/Drivers/STM32F4xx_HAL_Driver/Src/stm32f4xx_hal_adc_ex.c **** 
 867:Drivers/STM32F4/Drivers/STM32F4xx_HAL_Driver/Src/stm32f4xx_hal_adc_ex.c ****   /*---------------------------- ADCx JSQR Configuration -----------------*/
 868:Drivers/STM32F4/Drivers/STM32F4xx_HAL_Driver/Src/stm32f4xx_hal_adc_ex.c ****   hadc->Instance->JSQR &= ~(ADC_JSQR_JL);
 869:Drivers/STM32F4/Drivers/STM32F4xx_HAL_Driver/Src/stm32f4xx_hal_adc_ex.c ****   hadc->Instance->JSQR |=  ADC_SQR1(sConfigInjected->InjectedNbrOfConversion);
 870:Drivers/STM32F4/Drivers/STM32F4xx_HAL_Driver/Src/stm32f4xx_hal_adc_ex.c **** 
 871:Drivers/STM32F4/Drivers/STM32F4xx_HAL_Driver/Src/stm32f4xx_hal_adc_ex.c ****   /* Rank configuration */
 872:Drivers/STM32F4/Drivers/STM32F4xx_HAL_Driver/Src/stm32f4xx_hal_adc_ex.c **** 
 873:Drivers/STM32F4/Drivers/STM32F4xx_HAL_Driver/Src/stm32f4xx_hal_adc_ex.c ****   /* Clear the old SQx bits for the selected rank */
 874:Drivers/STM32F4/Drivers/STM32F4xx_HAL_Driver/Src/stm32f4xx_hal_adc_ex.c ****   hadc->Instance->JSQR &= ~ADC_JSQR(ADC_JSQR_JSQ1, sConfigInjected->InjectedRank, sConfigInjected->
 875:Drivers/STM32F4/Drivers/STM32F4xx_HAL_Driver/Src/stm32f4xx_hal_adc_ex.c **** 
 876:Drivers/STM32F4/Drivers/STM32F4xx_HAL_Driver/Src/stm32f4xx_hal_adc_ex.c ****   /* Set the SQx bits for the selected rank */
 877:Drivers/STM32F4/Drivers/STM32F4xx_HAL_Driver/Src/stm32f4xx_hal_adc_ex.c ****   hadc->Instance->JSQR |= ADC_JSQR(sConfigInjected->InjectedChannel, sConfigInjected->InjectedRank,
 878:Drivers/STM32F4/Drivers/STM32F4xx_HAL_Driver/Src/stm32f4xx_hal_adc_ex.c **** 
 879:Drivers/STM32F4/Drivers/STM32F4xx_HAL_Driver/Src/stm32f4xx_hal_adc_ex.c ****   /* Enable external trigger if trigger selection is different of software  */
 880:Drivers/STM32F4/Drivers/STM32F4xx_HAL_Driver/Src/stm32f4xx_hal_adc_ex.c ****   /* start.                                                                 */
 881:Drivers/STM32F4/Drivers/STM32F4xx_HAL_Driver/Src/stm32f4xx_hal_adc_ex.c ****   /* Note: This configuration keeps the hardware feature of parameter       */
 882:Drivers/STM32F4/Drivers/STM32F4xx_HAL_Driver/Src/stm32f4xx_hal_adc_ex.c ****   /*       ExternalTrigConvEdge "trigger edge none" equivalent to           */
 883:Drivers/STM32F4/Drivers/STM32F4xx_HAL_Driver/Src/stm32f4xx_hal_adc_ex.c ****   /*       software start.                                                  */
 884:Drivers/STM32F4/Drivers/STM32F4xx_HAL_Driver/Src/stm32f4xx_hal_adc_ex.c ****   if (sConfigInjected->ExternalTrigInjecConv != ADC_INJECTED_SOFTWARE_START)
 885:Drivers/STM32F4/Drivers/STM32F4xx_HAL_Driver/Src/stm32f4xx_hal_adc_ex.c ****   {
ARM GAS  /tmp/ccT7L7Lv.s 			page 17


 886:Drivers/STM32F4/Drivers/STM32F4xx_HAL_Driver/Src/stm32f4xx_hal_adc_ex.c ****     /* Select external trigger to start conversion */
 887:Drivers/STM32F4/Drivers/STM32F4xx_HAL_Driver/Src/stm32f4xx_hal_adc_ex.c ****     hadc->Instance->CR2 &= ~(ADC_CR2_JEXTSEL);
 888:Drivers/STM32F4/Drivers/STM32F4xx_HAL_Driver/Src/stm32f4xx_hal_adc_ex.c ****     hadc->Instance->CR2 |=  sConfigInjected->ExternalTrigInjecConv;
 889:Drivers/STM32F4/Drivers/STM32F4xx_HAL_Driver/Src/stm32f4xx_hal_adc_ex.c **** 
 890:Drivers/STM32F4/Drivers/STM32F4xx_HAL_Driver/Src/stm32f4xx_hal_adc_ex.c ****     /* Select external trigger polarity */
 891:Drivers/STM32F4/Drivers/STM32F4xx_HAL_Driver/Src/stm32f4xx_hal_adc_ex.c ****     hadc->Instance->CR2 &= ~(ADC_CR2_JEXTEN);
 892:Drivers/STM32F4/Drivers/STM32F4xx_HAL_Driver/Src/stm32f4xx_hal_adc_ex.c ****     hadc->Instance->CR2 |= sConfigInjected->ExternalTrigInjecConvEdge;
 893:Drivers/STM32F4/Drivers/STM32F4xx_HAL_Driver/Src/stm32f4xx_hal_adc_ex.c ****   }
 894:Drivers/STM32F4/Drivers/STM32F4xx_HAL_Driver/Src/stm32f4xx_hal_adc_ex.c ****   else
 895:Drivers/STM32F4/Drivers/STM32F4xx_HAL_Driver/Src/stm32f4xx_hal_adc_ex.c ****   {
 896:Drivers/STM32F4/Drivers/STM32F4xx_HAL_Driver/Src/stm32f4xx_hal_adc_ex.c ****     /* Reset the external trigger */
 897:Drivers/STM32F4/Drivers/STM32F4xx_HAL_Driver/Src/stm32f4xx_hal_adc_ex.c ****     hadc->Instance->CR2 &= ~(ADC_CR2_JEXTSEL);
 898:Drivers/STM32F4/Drivers/STM32F4xx_HAL_Driver/Src/stm32f4xx_hal_adc_ex.c ****     hadc->Instance->CR2 &= ~(ADC_CR2_JEXTEN);
 899:Drivers/STM32F4/Drivers/STM32F4xx_HAL_Driver/Src/stm32f4xx_hal_adc_ex.c ****   }
 900:Drivers/STM32F4/Drivers/STM32F4xx_HAL_Driver/Src/stm32f4xx_hal_adc_ex.c **** 
 901:Drivers/STM32F4/Drivers/STM32F4xx_HAL_Driver/Src/stm32f4xx_hal_adc_ex.c ****   if (sConfigInjected->AutoInjectedConv != DISABLE)
 902:Drivers/STM32F4/Drivers/STM32F4xx_HAL_Driver/Src/stm32f4xx_hal_adc_ex.c ****   {
 903:Drivers/STM32F4/Drivers/STM32F4xx_HAL_Driver/Src/stm32f4xx_hal_adc_ex.c ****     /* Enable the selected ADC automatic injected group conversion */
 904:Drivers/STM32F4/Drivers/STM32F4xx_HAL_Driver/Src/stm32f4xx_hal_adc_ex.c ****     hadc->Instance->CR1 |= ADC_CR1_JAUTO;
 905:Drivers/STM32F4/Drivers/STM32F4xx_HAL_Driver/Src/stm32f4xx_hal_adc_ex.c ****   }
 906:Drivers/STM32F4/Drivers/STM32F4xx_HAL_Driver/Src/stm32f4xx_hal_adc_ex.c ****   else
 907:Drivers/STM32F4/Drivers/STM32F4xx_HAL_Driver/Src/stm32f4xx_hal_adc_ex.c ****   {
 908:Drivers/STM32F4/Drivers/STM32F4xx_HAL_Driver/Src/stm32f4xx_hal_adc_ex.c ****     /* Disable the selected ADC automatic injected group conversion */
 909:Drivers/STM32F4/Drivers/STM32F4xx_HAL_Driver/Src/stm32f4xx_hal_adc_ex.c ****     hadc->Instance->CR1 &= ~(ADC_CR1_JAUTO);
 910:Drivers/STM32F4/Drivers/STM32F4xx_HAL_Driver/Src/stm32f4xx_hal_adc_ex.c ****   }
 911:Drivers/STM32F4/Drivers/STM32F4xx_HAL_Driver/Src/stm32f4xx_hal_adc_ex.c **** 
 912:Drivers/STM32F4/Drivers/STM32F4xx_HAL_Driver/Src/stm32f4xx_hal_adc_ex.c ****   if (sConfigInjected->InjectedDiscontinuousConvMode != DISABLE)
 913:Drivers/STM32F4/Drivers/STM32F4xx_HAL_Driver/Src/stm32f4xx_hal_adc_ex.c ****   {
 914:Drivers/STM32F4/Drivers/STM32F4xx_HAL_Driver/Src/stm32f4xx_hal_adc_ex.c ****     /* Enable the selected ADC injected discontinuous mode */
 915:Drivers/STM32F4/Drivers/STM32F4xx_HAL_Driver/Src/stm32f4xx_hal_adc_ex.c ****     hadc->Instance->CR1 |= ADC_CR1_JDISCEN;
 916:Drivers/STM32F4/Drivers/STM32F4xx_HAL_Driver/Src/stm32f4xx_hal_adc_ex.c ****   }
 917:Drivers/STM32F4/Drivers/STM32F4xx_HAL_Driver/Src/stm32f4xx_hal_adc_ex.c ****   else
 918:Drivers/STM32F4/Drivers/STM32F4xx_HAL_Driver/Src/stm32f4xx_hal_adc_ex.c ****   {
 919:Drivers/STM32F4/Drivers/STM32F4xx_HAL_Driver/Src/stm32f4xx_hal_adc_ex.c ****     /* Disable the selected ADC injected discontinuous mode */
 920:Drivers/STM32F4/Drivers/STM32F4xx_HAL_Driver/Src/stm32f4xx_hal_adc_ex.c ****     hadc->Instance->CR1 &= ~(ADC_CR1_JDISCEN);
 921:Drivers/STM32F4/Drivers/STM32F4xx_HAL_Driver/Src/stm32f4xx_hal_adc_ex.c ****   }
 922:Drivers/STM32F4/Drivers/STM32F4xx_HAL_Driver/Src/stm32f4xx_hal_adc_ex.c **** 
 923:Drivers/STM32F4/Drivers/STM32F4xx_HAL_Driver/Src/stm32f4xx_hal_adc_ex.c ****   switch (sConfigInjected->InjectedRank)
 924:Drivers/STM32F4/Drivers/STM32F4xx_HAL_Driver/Src/stm32f4xx_hal_adc_ex.c ****   {
 925:Drivers/STM32F4/Drivers/STM32F4xx_HAL_Driver/Src/stm32f4xx_hal_adc_ex.c ****     case 1U:
 926:Drivers/STM32F4/Drivers/STM32F4xx_HAL_Driver/Src/stm32f4xx_hal_adc_ex.c ****       /* Set injected channel 1 offset */
 927:Drivers/STM32F4/Drivers/STM32F4xx_HAL_Driver/Src/stm32f4xx_hal_adc_ex.c ****       hadc->Instance->JOFR1 &= ~(ADC_JOFR1_JOFFSET1);
 928:Drivers/STM32F4/Drivers/STM32F4xx_HAL_Driver/Src/stm32f4xx_hal_adc_ex.c ****       hadc->Instance->JOFR1 |= sConfigInjected->InjectedOffset;
 929:Drivers/STM32F4/Drivers/STM32F4xx_HAL_Driver/Src/stm32f4xx_hal_adc_ex.c ****       break;
 930:Drivers/STM32F4/Drivers/STM32F4xx_HAL_Driver/Src/stm32f4xx_hal_adc_ex.c ****     case 2U:
 931:Drivers/STM32F4/Drivers/STM32F4xx_HAL_Driver/Src/stm32f4xx_hal_adc_ex.c ****       /* Set injected channel 2 offset */
 932:Drivers/STM32F4/Drivers/STM32F4xx_HAL_Driver/Src/stm32f4xx_hal_adc_ex.c ****       hadc->Instance->JOFR2 &= ~(ADC_JOFR2_JOFFSET2);
 933:Drivers/STM32F4/Drivers/STM32F4xx_HAL_Driver/Src/stm32f4xx_hal_adc_ex.c ****       hadc->Instance->JOFR2 |= sConfigInjected->InjectedOffset;
 934:Drivers/STM32F4/Drivers/STM32F4xx_HAL_Driver/Src/stm32f4xx_hal_adc_ex.c ****       break;
 935:Drivers/STM32F4/Drivers/STM32F4xx_HAL_Driver/Src/stm32f4xx_hal_adc_ex.c ****     case 3U:
 936:Drivers/STM32F4/Drivers/STM32F4xx_HAL_Driver/Src/stm32f4xx_hal_adc_ex.c ****       /* Set injected channel 3 offset */
 937:Drivers/STM32F4/Drivers/STM32F4xx_HAL_Driver/Src/stm32f4xx_hal_adc_ex.c ****       hadc->Instance->JOFR3 &= ~(ADC_JOFR3_JOFFSET3);
 938:Drivers/STM32F4/Drivers/STM32F4xx_HAL_Driver/Src/stm32f4xx_hal_adc_ex.c ****       hadc->Instance->JOFR3 |= sConfigInjected->InjectedOffset;
 939:Drivers/STM32F4/Drivers/STM32F4xx_HAL_Driver/Src/stm32f4xx_hal_adc_ex.c ****       break;
 940:Drivers/STM32F4/Drivers/STM32F4xx_HAL_Driver/Src/stm32f4xx_hal_adc_ex.c ****     default:
 941:Drivers/STM32F4/Drivers/STM32F4xx_HAL_Driver/Src/stm32f4xx_hal_adc_ex.c ****       /* Set injected channel 4 offset */
 942:Drivers/STM32F4/Drivers/STM32F4xx_HAL_Driver/Src/stm32f4xx_hal_adc_ex.c ****       hadc->Instance->JOFR4 &= ~(ADC_JOFR4_JOFFSET4);
ARM GAS  /tmp/ccT7L7Lv.s 			page 18


 943:Drivers/STM32F4/Drivers/STM32F4xx_HAL_Driver/Src/stm32f4xx_hal_adc_ex.c ****       hadc->Instance->JOFR4 |= sConfigInjected->InjectedOffset;
 944:Drivers/STM32F4/Drivers/STM32F4xx_HAL_Driver/Src/stm32f4xx_hal_adc_ex.c ****       break;
 945:Drivers/STM32F4/Drivers/STM32F4xx_HAL_Driver/Src/stm32f4xx_hal_adc_ex.c ****   }
 946:Drivers/STM32F4/Drivers/STM32F4xx_HAL_Driver/Src/stm32f4xx_hal_adc_ex.c **** 
 947:Drivers/STM32F4/Drivers/STM32F4xx_HAL_Driver/Src/stm32f4xx_hal_adc_ex.c ****   /* Pointer to the common control register to which is belonging hadc    */
 948:Drivers/STM32F4/Drivers/STM32F4xx_HAL_Driver/Src/stm32f4xx_hal_adc_ex.c ****   /* (Depending on STM32F4 product, there may be up to 3 ADC and 1 common */
 949:Drivers/STM32F4/Drivers/STM32F4xx_HAL_Driver/Src/stm32f4xx_hal_adc_ex.c ****   /* control register)                                                    */
 950:Drivers/STM32F4/Drivers/STM32F4xx_HAL_Driver/Src/stm32f4xx_hal_adc_ex.c ****   tmpADC_Common = ADC_COMMON_REGISTER(hadc);
 951:Drivers/STM32F4/Drivers/STM32F4xx_HAL_Driver/Src/stm32f4xx_hal_adc_ex.c **** 
 952:Drivers/STM32F4/Drivers/STM32F4xx_HAL_Driver/Src/stm32f4xx_hal_adc_ex.c ****   /* if ADC1 Channel_18 is selected enable VBAT Channel */
 953:Drivers/STM32F4/Drivers/STM32F4xx_HAL_Driver/Src/stm32f4xx_hal_adc_ex.c ****   if ((hadc->Instance == ADC1) && (sConfigInjected->InjectedChannel == ADC_CHANNEL_VBAT))
 954:Drivers/STM32F4/Drivers/STM32F4xx_HAL_Driver/Src/stm32f4xx_hal_adc_ex.c ****   {
 955:Drivers/STM32F4/Drivers/STM32F4xx_HAL_Driver/Src/stm32f4xx_hal_adc_ex.c ****     /* Enable the VBAT channel*/
 956:Drivers/STM32F4/Drivers/STM32F4xx_HAL_Driver/Src/stm32f4xx_hal_adc_ex.c ****     tmpADC_Common->CCR |= ADC_CCR_VBATE;
 957:Drivers/STM32F4/Drivers/STM32F4xx_HAL_Driver/Src/stm32f4xx_hal_adc_ex.c ****   }
 958:Drivers/STM32F4/Drivers/STM32F4xx_HAL_Driver/Src/stm32f4xx_hal_adc_ex.c **** 
 959:Drivers/STM32F4/Drivers/STM32F4xx_HAL_Driver/Src/stm32f4xx_hal_adc_ex.c ****   /* if ADC1 Channel_16 or Channel_17 is selected enable TSVREFE Channel(Temperature sensor and VRE
 960:Drivers/STM32F4/Drivers/STM32F4xx_HAL_Driver/Src/stm32f4xx_hal_adc_ex.c ****   if ((hadc->Instance == ADC1) && ((sConfigInjected->InjectedChannel == ADC_CHANNEL_TEMPSENSOR) || 
 961:Drivers/STM32F4/Drivers/STM32F4xx_HAL_Driver/Src/stm32f4xx_hal_adc_ex.c ****   {
 962:Drivers/STM32F4/Drivers/STM32F4xx_HAL_Driver/Src/stm32f4xx_hal_adc_ex.c ****     /* Enable the TSVREFE channel*/
 963:Drivers/STM32F4/Drivers/STM32F4xx_HAL_Driver/Src/stm32f4xx_hal_adc_ex.c ****     tmpADC_Common->CCR |= ADC_CCR_TSVREFE;
 964:Drivers/STM32F4/Drivers/STM32F4xx_HAL_Driver/Src/stm32f4xx_hal_adc_ex.c ****   }
 965:Drivers/STM32F4/Drivers/STM32F4xx_HAL_Driver/Src/stm32f4xx_hal_adc_ex.c **** 
 966:Drivers/STM32F4/Drivers/STM32F4xx_HAL_Driver/Src/stm32f4xx_hal_adc_ex.c ****   /* Process unlocked */
 967:Drivers/STM32F4/Drivers/STM32F4xx_HAL_Driver/Src/stm32f4xx_hal_adc_ex.c ****   __HAL_UNLOCK(hadc);
 968:Drivers/STM32F4/Drivers/STM32F4xx_HAL_Driver/Src/stm32f4xx_hal_adc_ex.c **** 
 969:Drivers/STM32F4/Drivers/STM32F4xx_HAL_Driver/Src/stm32f4xx_hal_adc_ex.c ****   /* Return function status */
 970:Drivers/STM32F4/Drivers/STM32F4xx_HAL_Driver/Src/stm32f4xx_hal_adc_ex.c ****   return HAL_OK;
 971:Drivers/STM32F4/Drivers/STM32F4xx_HAL_Driver/Src/stm32f4xx_hal_adc_ex.c **** }
 972:Drivers/STM32F4/Drivers/STM32F4xx_HAL_Driver/Src/stm32f4xx_hal_adc_ex.c **** 
 973:Drivers/STM32F4/Drivers/STM32F4xx_HAL_Driver/Src/stm32f4xx_hal_adc_ex.c **** /**
 974:Drivers/STM32F4/Drivers/STM32F4xx_HAL_Driver/Src/stm32f4xx_hal_adc_ex.c ****   * @brief  Configures the ADC multi-mode
 975:Drivers/STM32F4/Drivers/STM32F4xx_HAL_Driver/Src/stm32f4xx_hal_adc_ex.c ****   * @param  hadc       pointer to a ADC_HandleTypeDef structure that contains
 976:Drivers/STM32F4/Drivers/STM32F4xx_HAL_Driver/Src/stm32f4xx_hal_adc_ex.c ****   *                     the configuration information for the specified ADC.
 977:Drivers/STM32F4/Drivers/STM32F4xx_HAL_Driver/Src/stm32f4xx_hal_adc_ex.c ****   * @param  multimode  pointer to an ADC_MultiModeTypeDef structure that contains
 978:Drivers/STM32F4/Drivers/STM32F4xx_HAL_Driver/Src/stm32f4xx_hal_adc_ex.c ****   *                     the configuration information for  multimode.
 979:Drivers/STM32F4/Drivers/STM32F4xx_HAL_Driver/Src/stm32f4xx_hal_adc_ex.c ****   * @retval HAL status
 980:Drivers/STM32F4/Drivers/STM32F4xx_HAL_Driver/Src/stm32f4xx_hal_adc_ex.c ****   */
 981:Drivers/STM32F4/Drivers/STM32F4xx_HAL_Driver/Src/stm32f4xx_hal_adc_ex.c **** HAL_StatusTypeDef HAL_ADCEx_MultiModeConfigChannel(ADC_HandleTypeDef *hadc, ADC_MultiModeTypeDef *m
 982:Drivers/STM32F4/Drivers/STM32F4xx_HAL_Driver/Src/stm32f4xx_hal_adc_ex.c **** {
 983:Drivers/STM32F4/Drivers/STM32F4xx_HAL_Driver/Src/stm32f4xx_hal_adc_ex.c **** 
 984:Drivers/STM32F4/Drivers/STM32F4xx_HAL_Driver/Src/stm32f4xx_hal_adc_ex.c ****   ADC_Common_TypeDef *tmpADC_Common;
 985:Drivers/STM32F4/Drivers/STM32F4xx_HAL_Driver/Src/stm32f4xx_hal_adc_ex.c **** 
 986:Drivers/STM32F4/Drivers/STM32F4xx_HAL_Driver/Src/stm32f4xx_hal_adc_ex.c ****   /* Check the parameters */
 987:Drivers/STM32F4/Drivers/STM32F4xx_HAL_Driver/Src/stm32f4xx_hal_adc_ex.c ****   assert_param(IS_ADC_MODE(multimode->Mode));
 988:Drivers/STM32F4/Drivers/STM32F4xx_HAL_Driver/Src/stm32f4xx_hal_adc_ex.c ****   assert_param(IS_ADC_DMA_ACCESS_MODE(multimode->DMAAccessMode));
 989:Drivers/STM32F4/Drivers/STM32F4xx_HAL_Driver/Src/stm32f4xx_hal_adc_ex.c ****   assert_param(IS_ADC_SAMPLING_DELAY(multimode->TwoSamplingDelay));
 990:Drivers/STM32F4/Drivers/STM32F4xx_HAL_Driver/Src/stm32f4xx_hal_adc_ex.c **** 
 991:Drivers/STM32F4/Drivers/STM32F4xx_HAL_Driver/Src/stm32f4xx_hal_adc_ex.c ****   /* Process locked */
 992:Drivers/STM32F4/Drivers/STM32F4xx_HAL_Driver/Src/stm32f4xx_hal_adc_ex.c ****   __HAL_LOCK(hadc);
 993:Drivers/STM32F4/Drivers/STM32F4xx_HAL_Driver/Src/stm32f4xx_hal_adc_ex.c **** 
 994:Drivers/STM32F4/Drivers/STM32F4xx_HAL_Driver/Src/stm32f4xx_hal_adc_ex.c ****   /* Pointer to the common control register to which is belonging hadc    */
 995:Drivers/STM32F4/Drivers/STM32F4xx_HAL_Driver/Src/stm32f4xx_hal_adc_ex.c ****   /* (Depending on STM32F4 product, there may be up to 3 ADC and 1 common */
 996:Drivers/STM32F4/Drivers/STM32F4xx_HAL_Driver/Src/stm32f4xx_hal_adc_ex.c ****   /* control register)                                                    */
 997:Drivers/STM32F4/Drivers/STM32F4xx_HAL_Driver/Src/stm32f4xx_hal_adc_ex.c ****   tmpADC_Common = ADC_COMMON_REGISTER(hadc);
 998:Drivers/STM32F4/Drivers/STM32F4xx_HAL_Driver/Src/stm32f4xx_hal_adc_ex.c **** 
 999:Drivers/STM32F4/Drivers/STM32F4xx_HAL_Driver/Src/stm32f4xx_hal_adc_ex.c ****   /* Set ADC mode */
ARM GAS  /tmp/ccT7L7Lv.s 			page 19


1000:Drivers/STM32F4/Drivers/STM32F4xx_HAL_Driver/Src/stm32f4xx_hal_adc_ex.c ****   tmpADC_Common->CCR &= ~(ADC_CCR_MULTI);
1001:Drivers/STM32F4/Drivers/STM32F4xx_HAL_Driver/Src/stm32f4xx_hal_adc_ex.c ****   tmpADC_Common->CCR |= multimode->Mode;
1002:Drivers/STM32F4/Drivers/STM32F4xx_HAL_Driver/Src/stm32f4xx_hal_adc_ex.c **** 
1003:Drivers/STM32F4/Drivers/STM32F4xx_HAL_Driver/Src/stm32f4xx_hal_adc_ex.c ****   /* Set the ADC DMA access mode */
1004:Drivers/STM32F4/Drivers/STM32F4xx_HAL_Driver/Src/stm32f4xx_hal_adc_ex.c ****   tmpADC_Common->CCR &= ~(ADC_CCR_DMA);
1005:Drivers/STM32F4/Drivers/STM32F4xx_HAL_Driver/Src/stm32f4xx_hal_adc_ex.c ****   tmpADC_Common->CCR |= multimode->DMAAccessMode;
1006:Drivers/STM32F4/Drivers/STM32F4xx_HAL_Driver/Src/stm32f4xx_hal_adc_ex.c **** 
1007:Drivers/STM32F4/Drivers/STM32F4xx_HAL_Driver/Src/stm32f4xx_hal_adc_ex.c ****   /* Set delay between two sampling phases */
1008:Drivers/STM32F4/Drivers/STM32F4xx_HAL_Driver/Src/stm32f4xx_hal_adc_ex.c ****   tmpADC_Common->CCR &= ~(ADC_CCR_DELAY);
1009:Drivers/STM32F4/Drivers/STM32F4xx_HAL_Driver/Src/stm32f4xx_hal_adc_ex.c ****   tmpADC_Common->CCR |= multimode->TwoSamplingDelay;
1010:Drivers/STM32F4/Drivers/STM32F4xx_HAL_Driver/Src/stm32f4xx_hal_adc_ex.c **** 
1011:Drivers/STM32F4/Drivers/STM32F4xx_HAL_Driver/Src/stm32f4xx_hal_adc_ex.c ****   /* Process unlocked */
1012:Drivers/STM32F4/Drivers/STM32F4xx_HAL_Driver/Src/stm32f4xx_hal_adc_ex.c ****   __HAL_UNLOCK(hadc);
1013:Drivers/STM32F4/Drivers/STM32F4xx_HAL_Driver/Src/stm32f4xx_hal_adc_ex.c **** 
1014:Drivers/STM32F4/Drivers/STM32F4xx_HAL_Driver/Src/stm32f4xx_hal_adc_ex.c ****   /* Return function status */
1015:Drivers/STM32F4/Drivers/STM32F4xx_HAL_Driver/Src/stm32f4xx_hal_adc_ex.c ****   return HAL_OK;
1016:Drivers/STM32F4/Drivers/STM32F4xx_HAL_Driver/Src/stm32f4xx_hal_adc_ex.c **** }
1017:Drivers/STM32F4/Drivers/STM32F4xx_HAL_Driver/Src/stm32f4xx_hal_adc_ex.c **** 
1018:Drivers/STM32F4/Drivers/STM32F4xx_HAL_Driver/Src/stm32f4xx_hal_adc_ex.c **** /**
1019:Drivers/STM32F4/Drivers/STM32F4xx_HAL_Driver/Src/stm32f4xx_hal_adc_ex.c ****   * @}
1020:Drivers/STM32F4/Drivers/STM32F4xx_HAL_Driver/Src/stm32f4xx_hal_adc_ex.c ****   */
1021:Drivers/STM32F4/Drivers/STM32F4xx_HAL_Driver/Src/stm32f4xx_hal_adc_ex.c **** 
1022:Drivers/STM32F4/Drivers/STM32F4xx_HAL_Driver/Src/stm32f4xx_hal_adc_ex.c **** /**
1023:Drivers/STM32F4/Drivers/STM32F4xx_HAL_Driver/Src/stm32f4xx_hal_adc_ex.c ****   * @brief  DMA transfer complete callback.
1024:Drivers/STM32F4/Drivers/STM32F4xx_HAL_Driver/Src/stm32f4xx_hal_adc_ex.c ****   * @param  hdma pointer to a DMA_HandleTypeDef structure that contains
1025:Drivers/STM32F4/Drivers/STM32F4xx_HAL_Driver/Src/stm32f4xx_hal_adc_ex.c ****   *                the configuration information for the specified DMA module.
1026:Drivers/STM32F4/Drivers/STM32F4xx_HAL_Driver/Src/stm32f4xx_hal_adc_ex.c ****   * @retval None
1027:Drivers/STM32F4/Drivers/STM32F4xx_HAL_Driver/Src/stm32f4xx_hal_adc_ex.c ****   */
1028:Drivers/STM32F4/Drivers/STM32F4xx_HAL_Driver/Src/stm32f4xx_hal_adc_ex.c **** static void ADC_MultiModeDMAConvCplt(DMA_HandleTypeDef *hdma)
1029:Drivers/STM32F4/Drivers/STM32F4xx_HAL_Driver/Src/stm32f4xx_hal_adc_ex.c **** {
1030:Drivers/STM32F4/Drivers/STM32F4xx_HAL_Driver/Src/stm32f4xx_hal_adc_ex.c ****   /* Retrieve ADC handle corresponding to current DMA handle */
1031:Drivers/STM32F4/Drivers/STM32F4xx_HAL_Driver/Src/stm32f4xx_hal_adc_ex.c ****   ADC_HandleTypeDef *hadc = (ADC_HandleTypeDef *)((DMA_HandleTypeDef *)hdma)->Parent;
1032:Drivers/STM32F4/Drivers/STM32F4xx_HAL_Driver/Src/stm32f4xx_hal_adc_ex.c **** 
1033:Drivers/STM32F4/Drivers/STM32F4xx_HAL_Driver/Src/stm32f4xx_hal_adc_ex.c ****   /* Update state machine on conversion status if not in error state */
1034:Drivers/STM32F4/Drivers/STM32F4xx_HAL_Driver/Src/stm32f4xx_hal_adc_ex.c ****   if (HAL_IS_BIT_CLR(hadc->State, HAL_ADC_STATE_ERROR_INTERNAL | HAL_ADC_STATE_ERROR_DMA))
1035:Drivers/STM32F4/Drivers/STM32F4xx_HAL_Driver/Src/stm32f4xx_hal_adc_ex.c ****   {
1036:Drivers/STM32F4/Drivers/STM32F4xx_HAL_Driver/Src/stm32f4xx_hal_adc_ex.c ****     /* Update ADC state machine */
1037:Drivers/STM32F4/Drivers/STM32F4xx_HAL_Driver/Src/stm32f4xx_hal_adc_ex.c ****     SET_BIT(hadc->State, HAL_ADC_STATE_REG_EOC);
1038:Drivers/STM32F4/Drivers/STM32F4xx_HAL_Driver/Src/stm32f4xx_hal_adc_ex.c **** 
1039:Drivers/STM32F4/Drivers/STM32F4xx_HAL_Driver/Src/stm32f4xx_hal_adc_ex.c ****     /* Determine whether any further conversion upcoming on group regular   */
1040:Drivers/STM32F4/Drivers/STM32F4xx_HAL_Driver/Src/stm32f4xx_hal_adc_ex.c ****     /* by external trigger, continuous mode or scan sequence on going.      */
1041:Drivers/STM32F4/Drivers/STM32F4xx_HAL_Driver/Src/stm32f4xx_hal_adc_ex.c ****     /* Note: On STM32F4, there is no independent flag of end of sequence.   */
1042:Drivers/STM32F4/Drivers/STM32F4xx_HAL_Driver/Src/stm32f4xx_hal_adc_ex.c ****     /*       The test of scan sequence on going is done either with scan    */
1043:Drivers/STM32F4/Drivers/STM32F4xx_HAL_Driver/Src/stm32f4xx_hal_adc_ex.c ****     /*       sequence disabled or with end of conversion flag set to        */
1044:Drivers/STM32F4/Drivers/STM32F4xx_HAL_Driver/Src/stm32f4xx_hal_adc_ex.c ****     /*       of end of sequence.                                            */
1045:Drivers/STM32F4/Drivers/STM32F4xx_HAL_Driver/Src/stm32f4xx_hal_adc_ex.c ****     if (ADC_IS_SOFTWARE_START_REGULAR(hadc)                   &&
1046:Drivers/STM32F4/Drivers/STM32F4xx_HAL_Driver/Src/stm32f4xx_hal_adc_ex.c ****         (hadc->Init.ContinuousConvMode == DISABLE)            &&
1047:Drivers/STM32F4/Drivers/STM32F4xx_HAL_Driver/Src/stm32f4xx_hal_adc_ex.c ****         (HAL_IS_BIT_CLR(hadc->Instance->SQR1, ADC_SQR1_L) ||
1048:Drivers/STM32F4/Drivers/STM32F4xx_HAL_Driver/Src/stm32f4xx_hal_adc_ex.c ****          HAL_IS_BIT_CLR(hadc->Instance->CR2, ADC_CR2_EOCS)))
1049:Drivers/STM32F4/Drivers/STM32F4xx_HAL_Driver/Src/stm32f4xx_hal_adc_ex.c ****     {
1050:Drivers/STM32F4/Drivers/STM32F4xx_HAL_Driver/Src/stm32f4xx_hal_adc_ex.c ****       /* Disable ADC end of single conversion interrupt on group regular */
1051:Drivers/STM32F4/Drivers/STM32F4xx_HAL_Driver/Src/stm32f4xx_hal_adc_ex.c ****       /* Note: Overrun interrupt was enabled with EOC interrupt in          */
1052:Drivers/STM32F4/Drivers/STM32F4xx_HAL_Driver/Src/stm32f4xx_hal_adc_ex.c ****       /* HAL_ADC_Start_IT(), but is not disabled here because can be used   */
1053:Drivers/STM32F4/Drivers/STM32F4xx_HAL_Driver/Src/stm32f4xx_hal_adc_ex.c ****       /* by overrun IRQ process below.                                      */
1054:Drivers/STM32F4/Drivers/STM32F4xx_HAL_Driver/Src/stm32f4xx_hal_adc_ex.c ****       __HAL_ADC_DISABLE_IT(hadc, ADC_IT_EOC);
1055:Drivers/STM32F4/Drivers/STM32F4xx_HAL_Driver/Src/stm32f4xx_hal_adc_ex.c **** 
1056:Drivers/STM32F4/Drivers/STM32F4xx_HAL_Driver/Src/stm32f4xx_hal_adc_ex.c ****       /* Set ADC state */
ARM GAS  /tmp/ccT7L7Lv.s 			page 20


1057:Drivers/STM32F4/Drivers/STM32F4xx_HAL_Driver/Src/stm32f4xx_hal_adc_ex.c ****       CLEAR_BIT(hadc->State, HAL_ADC_STATE_REG_BUSY);
1058:Drivers/STM32F4/Drivers/STM32F4xx_HAL_Driver/Src/stm32f4xx_hal_adc_ex.c **** 
1059:Drivers/STM32F4/Drivers/STM32F4xx_HAL_Driver/Src/stm32f4xx_hal_adc_ex.c ****       if (HAL_IS_BIT_CLR(hadc->State, HAL_ADC_STATE_INJ_BUSY))
1060:Drivers/STM32F4/Drivers/STM32F4xx_HAL_Driver/Src/stm32f4xx_hal_adc_ex.c ****       {
1061:Drivers/STM32F4/Drivers/STM32F4xx_HAL_Driver/Src/stm32f4xx_hal_adc_ex.c ****         SET_BIT(hadc->State, HAL_ADC_STATE_READY);
1062:Drivers/STM32F4/Drivers/STM32F4xx_HAL_Driver/Src/stm32f4xx_hal_adc_ex.c ****       }
1063:Drivers/STM32F4/Drivers/STM32F4xx_HAL_Driver/Src/stm32f4xx_hal_adc_ex.c ****     }
1064:Drivers/STM32F4/Drivers/STM32F4xx_HAL_Driver/Src/stm32f4xx_hal_adc_ex.c **** 
1065:Drivers/STM32F4/Drivers/STM32F4xx_HAL_Driver/Src/stm32f4xx_hal_adc_ex.c ****     /* Conversion complete callback */
1066:Drivers/STM32F4/Drivers/STM32F4xx_HAL_Driver/Src/stm32f4xx_hal_adc_ex.c ****     HAL_ADC_ConvCpltCallback(hadc);
1067:Drivers/STM32F4/Drivers/STM32F4xx_HAL_Driver/Src/stm32f4xx_hal_adc_ex.c ****   }
1068:Drivers/STM32F4/Drivers/STM32F4xx_HAL_Driver/Src/stm32f4xx_hal_adc_ex.c ****   else
1069:Drivers/STM32F4/Drivers/STM32F4xx_HAL_Driver/Src/stm32f4xx_hal_adc_ex.c ****   {
1070:Drivers/STM32F4/Drivers/STM32F4xx_HAL_Driver/Src/stm32f4xx_hal_adc_ex.c ****     /* Call DMA error callback */
1071:Drivers/STM32F4/Drivers/STM32F4xx_HAL_Driver/Src/stm32f4xx_hal_adc_ex.c ****     hadc->DMA_Handle->XferErrorCallback(hdma);
1072:Drivers/STM32F4/Drivers/STM32F4xx_HAL_Driver/Src/stm32f4xx_hal_adc_ex.c ****   }
1073:Drivers/STM32F4/Drivers/STM32F4xx_HAL_Driver/Src/stm32f4xx_hal_adc_ex.c **** }
1074:Drivers/STM32F4/Drivers/STM32F4xx_HAL_Driver/Src/stm32f4xx_hal_adc_ex.c **** 
1075:Drivers/STM32F4/Drivers/STM32F4xx_HAL_Driver/Src/stm32f4xx_hal_adc_ex.c **** /**
1076:Drivers/STM32F4/Drivers/STM32F4xx_HAL_Driver/Src/stm32f4xx_hal_adc_ex.c ****   * @brief  DMA half transfer complete callback.
1077:Drivers/STM32F4/Drivers/STM32F4xx_HAL_Driver/Src/stm32f4xx_hal_adc_ex.c ****   * @param  hdma pointer to a DMA_HandleTypeDef structure that contains
1078:Drivers/STM32F4/Drivers/STM32F4xx_HAL_Driver/Src/stm32f4xx_hal_adc_ex.c ****   *                the configuration information for the specified DMA module.
1079:Drivers/STM32F4/Drivers/STM32F4xx_HAL_Driver/Src/stm32f4xx_hal_adc_ex.c ****   * @retval None
1080:Drivers/STM32F4/Drivers/STM32F4xx_HAL_Driver/Src/stm32f4xx_hal_adc_ex.c ****   */
1081:Drivers/STM32F4/Drivers/STM32F4xx_HAL_Driver/Src/stm32f4xx_hal_adc_ex.c **** static void ADC_MultiModeDMAHalfConvCplt(DMA_HandleTypeDef *hdma)
1082:Drivers/STM32F4/Drivers/STM32F4xx_HAL_Driver/Src/stm32f4xx_hal_adc_ex.c **** {
1083:Drivers/STM32F4/Drivers/STM32F4xx_HAL_Driver/Src/stm32f4xx_hal_adc_ex.c ****   ADC_HandleTypeDef *hadc = (ADC_HandleTypeDef *)((DMA_HandleTypeDef *)hdma)->Parent;
1084:Drivers/STM32F4/Drivers/STM32F4xx_HAL_Driver/Src/stm32f4xx_hal_adc_ex.c ****   /* Conversion complete callback */
1085:Drivers/STM32F4/Drivers/STM32F4xx_HAL_Driver/Src/stm32f4xx_hal_adc_ex.c ****   HAL_ADC_ConvHalfCpltCallback(hadc);
1086:Drivers/STM32F4/Drivers/STM32F4xx_HAL_Driver/Src/stm32f4xx_hal_adc_ex.c **** }
1087:Drivers/STM32F4/Drivers/STM32F4xx_HAL_Driver/Src/stm32f4xx_hal_adc_ex.c **** 
1088:Drivers/STM32F4/Drivers/STM32F4xx_HAL_Driver/Src/stm32f4xx_hal_adc_ex.c **** /**
1089:Drivers/STM32F4/Drivers/STM32F4xx_HAL_Driver/Src/stm32f4xx_hal_adc_ex.c ****   * @brief  DMA error callback
1090:Drivers/STM32F4/Drivers/STM32F4xx_HAL_Driver/Src/stm32f4xx_hal_adc_ex.c ****   * @param  hdma pointer to a DMA_HandleTypeDef structure that contains
1091:Drivers/STM32F4/Drivers/STM32F4xx_HAL_Driver/Src/stm32f4xx_hal_adc_ex.c ****   *                the configuration information for the specified DMA module.
1092:Drivers/STM32F4/Drivers/STM32F4xx_HAL_Driver/Src/stm32f4xx_hal_adc_ex.c ****   * @retval None
1093:Drivers/STM32F4/Drivers/STM32F4xx_HAL_Driver/Src/stm32f4xx_hal_adc_ex.c ****   */
1094:Drivers/STM32F4/Drivers/STM32F4xx_HAL_Driver/Src/stm32f4xx_hal_adc_ex.c **** static void ADC_MultiModeDMAError(DMA_HandleTypeDef *hdma)
1095:Drivers/STM32F4/Drivers/STM32F4xx_HAL_Driver/Src/stm32f4xx_hal_adc_ex.c **** {
  29              		.loc 1 1095 1 view -0
  30              		.cfi_startproc
  31              		@ args = 0, pretend = 0, frame = 0
  32              		@ frame_needed = 0, uses_anonymous_args = 0
  33              		.loc 1 1095 1 is_stmt 0 view .LVU1
  34 0000 08B5     		push	{r3, lr}
  35              	.LCFI0:
  36              		.cfi_def_cfa_offset 8
  37              		.cfi_offset 3, -8
  38              		.cfi_offset 14, -4
1096:Drivers/STM32F4/Drivers/STM32F4xx_HAL_Driver/Src/stm32f4xx_hal_adc_ex.c ****   ADC_HandleTypeDef *hadc = (ADC_HandleTypeDef *)((DMA_HandleTypeDef *)hdma)->Parent;
  39              		.loc 1 1096 3 is_stmt 1 view .LVU2
  40              		.loc 1 1096 22 is_stmt 0 view .LVU3
  41 0002 806B     		ldr	r0, [r0, #56]
  42              	.LVL1:
1097:Drivers/STM32F4/Drivers/STM32F4xx_HAL_Driver/Src/stm32f4xx_hal_adc_ex.c ****   hadc->State = HAL_ADC_STATE_ERROR_DMA;
  43              		.loc 1 1097 3 is_stmt 1 view .LVU4
  44              		.loc 1 1097 15 is_stmt 0 view .LVU5
ARM GAS  /tmp/ccT7L7Lv.s 			page 21


  45 0004 4023     		movs	r3, #64
  46 0006 0364     		str	r3, [r0, #64]
1098:Drivers/STM32F4/Drivers/STM32F4xx_HAL_Driver/Src/stm32f4xx_hal_adc_ex.c ****   /* Set ADC error code to DMA error */
1099:Drivers/STM32F4/Drivers/STM32F4xx_HAL_Driver/Src/stm32f4xx_hal_adc_ex.c ****   hadc->ErrorCode |= HAL_ADC_ERROR_DMA;
  47              		.loc 1 1099 3 is_stmt 1 view .LVU6
  48              		.loc 1 1099 7 is_stmt 0 view .LVU7
  49 0008 436C     		ldr	r3, [r0, #68]
  50              		.loc 1 1099 19 view .LVU8
  51 000a 43F00403 		orr	r3, r3, #4
  52 000e 4364     		str	r3, [r0, #68]
1100:Drivers/STM32F4/Drivers/STM32F4xx_HAL_Driver/Src/stm32f4xx_hal_adc_ex.c ****   HAL_ADC_ErrorCallback(hadc);
  53              		.loc 1 1100 3 is_stmt 1 view .LVU9
  54 0010 FFF7FEFF 		bl	HAL_ADC_ErrorCallback
  55              	.LVL2:
1101:Drivers/STM32F4/Drivers/STM32F4xx_HAL_Driver/Src/stm32f4xx_hal_adc_ex.c **** }
  56              		.loc 1 1101 1 is_stmt 0 view .LVU10
  57 0014 08BD     		pop	{r3, pc}
  58              		.cfi_endproc
  59              	.LFE253:
  61              		.section	.text.ADC_MultiModeDMAHalfConvCplt,"ax",%progbits
  62              		.align	1
  63              		.syntax unified
  64              		.thumb
  65              		.thumb_func
  67              	ADC_MultiModeDMAHalfConvCplt:
  68              	.LVL3:
  69              	.LFB252:
1082:Drivers/STM32F4/Drivers/STM32F4xx_HAL_Driver/Src/stm32f4xx_hal_adc_ex.c ****   ADC_HandleTypeDef *hadc = (ADC_HandleTypeDef *)((DMA_HandleTypeDef *)hdma)->Parent;
  70              		.loc 1 1082 1 is_stmt 1 view -0
  71              		.cfi_startproc
  72              		@ args = 0, pretend = 0, frame = 0
  73              		@ frame_needed = 0, uses_anonymous_args = 0
1082:Drivers/STM32F4/Drivers/STM32F4xx_HAL_Driver/Src/stm32f4xx_hal_adc_ex.c ****   ADC_HandleTypeDef *hadc = (ADC_HandleTypeDef *)((DMA_HandleTypeDef *)hdma)->Parent;
  74              		.loc 1 1082 1 is_stmt 0 view .LVU12
  75 0000 08B5     		push	{r3, lr}
  76              	.LCFI1:
  77              		.cfi_def_cfa_offset 8
  78              		.cfi_offset 3, -8
  79              		.cfi_offset 14, -4
1083:Drivers/STM32F4/Drivers/STM32F4xx_HAL_Driver/Src/stm32f4xx_hal_adc_ex.c ****   /* Conversion complete callback */
  80              		.loc 1 1083 3 is_stmt 1 view .LVU13
  81              	.LVL4:
1085:Drivers/STM32F4/Drivers/STM32F4xx_HAL_Driver/Src/stm32f4xx_hal_adc_ex.c **** }
  82              		.loc 1 1085 3 view .LVU14
  83 0002 806B     		ldr	r0, [r0, #56]
  84              	.LVL5:
1085:Drivers/STM32F4/Drivers/STM32F4xx_HAL_Driver/Src/stm32f4xx_hal_adc_ex.c **** }
  85              		.loc 1 1085 3 is_stmt 0 view .LVU15
  86 0004 FFF7FEFF 		bl	HAL_ADC_ConvHalfCpltCallback
  87              	.LVL6:
1086:Drivers/STM32F4/Drivers/STM32F4xx_HAL_Driver/Src/stm32f4xx_hal_adc_ex.c **** 
  88              		.loc 1 1086 1 view .LVU16
  89 0008 08BD     		pop	{r3, pc}
  90              		.cfi_endproc
  91              	.LFE252:
  93              		.section	.text.ADC_MultiModeDMAConvCplt,"ax",%progbits
  94              		.align	1
ARM GAS  /tmp/ccT7L7Lv.s 			page 22


  95              		.syntax unified
  96              		.thumb
  97              		.thumb_func
  99              	ADC_MultiModeDMAConvCplt:
 100              	.LVL7:
 101              	.LFB251:
1029:Drivers/STM32F4/Drivers/STM32F4xx_HAL_Driver/Src/stm32f4xx_hal_adc_ex.c ****   /* Retrieve ADC handle corresponding to current DMA handle */
 102              		.loc 1 1029 1 is_stmt 1 view -0
 103              		.cfi_startproc
 104              		@ args = 0, pretend = 0, frame = 0
 105              		@ frame_needed = 0, uses_anonymous_args = 0
1029:Drivers/STM32F4/Drivers/STM32F4xx_HAL_Driver/Src/stm32f4xx_hal_adc_ex.c ****   /* Retrieve ADC handle corresponding to current DMA handle */
 106              		.loc 1 1029 1 is_stmt 0 view .LVU18
 107 0000 08B5     		push	{r3, lr}
 108              	.LCFI2:
 109              		.cfi_def_cfa_offset 8
 110              		.cfi_offset 3, -8
 111              		.cfi_offset 14, -4
1031:Drivers/STM32F4/Drivers/STM32F4xx_HAL_Driver/Src/stm32f4xx_hal_adc_ex.c **** 
 112              		.loc 1 1031 3 is_stmt 1 view .LVU19
1031:Drivers/STM32F4/Drivers/STM32F4xx_HAL_Driver/Src/stm32f4xx_hal_adc_ex.c **** 
 113              		.loc 1 1031 22 is_stmt 0 view .LVU20
 114 0002 836B     		ldr	r3, [r0, #56]
 115              	.LVL8:
1034:Drivers/STM32F4/Drivers/STM32F4xx_HAL_Driver/Src/stm32f4xx_hal_adc_ex.c ****   {
 116              		.loc 1 1034 3 is_stmt 1 view .LVU21
1034:Drivers/STM32F4/Drivers/STM32F4xx_HAL_Driver/Src/stm32f4xx_hal_adc_ex.c ****   {
 117              		.loc 1 1034 7 is_stmt 0 view .LVU22
 118 0004 1A6C     		ldr	r2, [r3, #64]
1034:Drivers/STM32F4/Drivers/STM32F4xx_HAL_Driver/Src/stm32f4xx_hal_adc_ex.c ****   {
 119              		.loc 1 1034 6 view .LVU23
 120 0006 12F0500F 		tst	r2, #80
 121 000a 26D1     		bne	.L6
1037:Drivers/STM32F4/Drivers/STM32F4xx_HAL_Driver/Src/stm32f4xx_hal_adc_ex.c **** 
 122              		.loc 1 1037 5 is_stmt 1 view .LVU24
 123 000c 1A6C     		ldr	r2, [r3, #64]
 124 000e 42F40072 		orr	r2, r2, #512
 125 0012 1A64     		str	r2, [r3, #64]
1045:Drivers/STM32F4/Drivers/STM32F4xx_HAL_Driver/Src/stm32f4xx_hal_adc_ex.c ****         (hadc->Init.ContinuousConvMode == DISABLE)            &&
 126              		.loc 1 1045 5 view .LVU25
1045:Drivers/STM32F4/Drivers/STM32F4xx_HAL_Driver/Src/stm32f4xx_hal_adc_ex.c ****         (hadc->Init.ContinuousConvMode == DISABLE)            &&
 127              		.loc 1 1045 9 is_stmt 0 view .LVU26
 128 0014 1A68     		ldr	r2, [r3]
 129 0016 9168     		ldr	r1, [r2, #8]
1045:Drivers/STM32F4/Drivers/STM32F4xx_HAL_Driver/Src/stm32f4xx_hal_adc_ex.c ****         (hadc->Init.ContinuousConvMode == DISABLE)            &&
 130              		.loc 1 1045 8 view .LVU27
 131 0018 11F0405F 		tst	r1, #805306368
 132 001c 19D1     		bne	.L7
1046:Drivers/STM32F4/Drivers/STM32F4xx_HAL_Driver/Src/stm32f4xx_hal_adc_ex.c ****         (HAL_IS_BIT_CLR(hadc->Instance->SQR1, ADC_SQR1_L) ||
 133              		.loc 1 1046 20 view .LVU28
 134 001e 197E     		ldrb	r1, [r3, #24]	@ zero_extendqisi2
1045:Drivers/STM32F4/Drivers/STM32F4xx_HAL_Driver/Src/stm32f4xx_hal_adc_ex.c ****         (hadc->Init.ContinuousConvMode == DISABLE)            &&
 135              		.loc 1 1045 63 discriminator 1 view .LVU29
 136 0020 B9B9     		cbnz	r1, .L7
1047:Drivers/STM32F4/Drivers/STM32F4xx_HAL_Driver/Src/stm32f4xx_hal_adc_ex.c ****          HAL_IS_BIT_CLR(hadc->Instance->CR2, ADC_CR2_EOCS)))
 137              		.loc 1 1047 10 view .LVU30
 138 0022 D16A     		ldr	r1, [r2, #44]
ARM GAS  /tmp/ccT7L7Lv.s 			page 23


1046:Drivers/STM32F4/Drivers/STM32F4xx_HAL_Driver/Src/stm32f4xx_hal_adc_ex.c ****         (HAL_IS_BIT_CLR(hadc->Instance->SQR1, ADC_SQR1_L) ||
 139              		.loc 1 1046 63 view .LVU31
 140 0024 11F4700F 		tst	r1, #15728640
 141 0028 03D0     		beq	.L8
1048:Drivers/STM32F4/Drivers/STM32F4xx_HAL_Driver/Src/stm32f4xx_hal_adc_ex.c ****     {
 142              		.loc 1 1048 10 view .LVU32
 143 002a 9168     		ldr	r1, [r2, #8]
1047:Drivers/STM32F4/Drivers/STM32F4xx_HAL_Driver/Src/stm32f4xx_hal_adc_ex.c ****          HAL_IS_BIT_CLR(hadc->Instance->CR2, ADC_CR2_EOCS)))
 144              		.loc 1 1047 59 view .LVU33
 145 002c 11F4806F 		tst	r1, #1024
 146 0030 0FD1     		bne	.L7
 147              	.L8:
1054:Drivers/STM32F4/Drivers/STM32F4xx_HAL_Driver/Src/stm32f4xx_hal_adc_ex.c **** 
 148              		.loc 1 1054 7 is_stmt 1 view .LVU34
 149 0032 5168     		ldr	r1, [r2, #4]
 150 0034 21F02001 		bic	r1, r1, #32
 151 0038 5160     		str	r1, [r2, #4]
1057:Drivers/STM32F4/Drivers/STM32F4xx_HAL_Driver/Src/stm32f4xx_hal_adc_ex.c **** 
 152              		.loc 1 1057 7 view .LVU35
 153 003a 1A6C     		ldr	r2, [r3, #64]
 154 003c 22F48072 		bic	r2, r2, #256
 155 0040 1A64     		str	r2, [r3, #64]
1059:Drivers/STM32F4/Drivers/STM32F4xx_HAL_Driver/Src/stm32f4xx_hal_adc_ex.c ****       {
 156              		.loc 1 1059 7 view .LVU36
1059:Drivers/STM32F4/Drivers/STM32F4xx_HAL_Driver/Src/stm32f4xx_hal_adc_ex.c ****       {
 157              		.loc 1 1059 11 is_stmt 0 view .LVU37
 158 0042 1A6C     		ldr	r2, [r3, #64]
1059:Drivers/STM32F4/Drivers/STM32F4xx_HAL_Driver/Src/stm32f4xx_hal_adc_ex.c ****       {
 159              		.loc 1 1059 10 view .LVU38
 160 0044 12F4805F 		tst	r2, #4096
 161 0048 03D1     		bne	.L7
1061:Drivers/STM32F4/Drivers/STM32F4xx_HAL_Driver/Src/stm32f4xx_hal_adc_ex.c ****       }
 162              		.loc 1 1061 9 is_stmt 1 view .LVU39
 163 004a 1A6C     		ldr	r2, [r3, #64]
 164 004c 42F00102 		orr	r2, r2, #1
 165 0050 1A64     		str	r2, [r3, #64]
 166              	.L7:
1066:Drivers/STM32F4/Drivers/STM32F4xx_HAL_Driver/Src/stm32f4xx_hal_adc_ex.c ****   }
 167              		.loc 1 1066 5 view .LVU40
 168 0052 1846     		mov	r0, r3
 169              	.LVL9:
1066:Drivers/STM32F4/Drivers/STM32F4xx_HAL_Driver/Src/stm32f4xx_hal_adc_ex.c ****   }
 170              		.loc 1 1066 5 is_stmt 0 view .LVU41
 171 0054 FFF7FEFF 		bl	HAL_ADC_ConvCpltCallback
 172              	.LVL10:
 173              	.L5:
1073:Drivers/STM32F4/Drivers/STM32F4xx_HAL_Driver/Src/stm32f4xx_hal_adc_ex.c **** 
 174              		.loc 1 1073 1 view .LVU42
 175 0058 08BD     		pop	{r3, pc}
 176              	.LVL11:
 177              	.L6:
1071:Drivers/STM32F4/Drivers/STM32F4xx_HAL_Driver/Src/stm32f4xx_hal_adc_ex.c ****   }
 178              		.loc 1 1071 5 is_stmt 1 view .LVU43
1071:Drivers/STM32F4/Drivers/STM32F4xx_HAL_Driver/Src/stm32f4xx_hal_adc_ex.c ****   }
 179              		.loc 1 1071 9 is_stmt 0 view .LVU44
 180 005a 9B6B     		ldr	r3, [r3, #56]
 181              	.LVL12:
ARM GAS  /tmp/ccT7L7Lv.s 			page 24


1071:Drivers/STM32F4/Drivers/STM32F4xx_HAL_Driver/Src/stm32f4xx_hal_adc_ex.c ****   }
 182              		.loc 1 1071 21 view .LVU45
 183 005c DB6C     		ldr	r3, [r3, #76]
1071:Drivers/STM32F4/Drivers/STM32F4xx_HAL_Driver/Src/stm32f4xx_hal_adc_ex.c ****   }
 184              		.loc 1 1071 5 view .LVU46
 185 005e 9847     		blx	r3
 186              	.LVL13:
1073:Drivers/STM32F4/Drivers/STM32F4xx_HAL_Driver/Src/stm32f4xx_hal_adc_ex.c **** 
 187              		.loc 1 1073 1 view .LVU47
 188 0060 FAE7     		b	.L5
 189              		.cfi_endproc
 190              	.LFE251:
 192              		.section	.text.HAL_ADCEx_InjectedStart,"ax",%progbits
 193              		.align	1
 194              		.global	HAL_ADCEx_InjectedStart
 195              		.syntax unified
 196              		.thumb
 197              		.thumb_func
 199              	HAL_ADCEx_InjectedStart:
 200              	.LVL14:
 201              	.LFB239:
 147:Drivers/STM32F4/Drivers/STM32F4xx_HAL_Driver/Src/stm32f4xx_hal_adc_ex.c ****   __IO uint32_t counter = 0U;
 202              		.loc 1 147 1 is_stmt 1 view -0
 203              		.cfi_startproc
 204              		@ args = 0, pretend = 0, frame = 8
 205              		@ frame_needed = 0, uses_anonymous_args = 0
 206              		@ link register save eliminated.
 147:Drivers/STM32F4/Drivers/STM32F4xx_HAL_Driver/Src/stm32f4xx_hal_adc_ex.c ****   __IO uint32_t counter = 0U;
 207              		.loc 1 147 1 is_stmt 0 view .LVU49
 208 0000 82B0     		sub	sp, sp, #8
 209              	.LCFI3:
 210              		.cfi_def_cfa_offset 8
 148:Drivers/STM32F4/Drivers/STM32F4xx_HAL_Driver/Src/stm32f4xx_hal_adc_ex.c ****   uint32_t tmp1 = 0U, tmp2 = 0U;
 211              		.loc 1 148 3 is_stmt 1 view .LVU50
 148:Drivers/STM32F4/Drivers/STM32F4xx_HAL_Driver/Src/stm32f4xx_hal_adc_ex.c ****   uint32_t tmp1 = 0U, tmp2 = 0U;
 212              		.loc 1 148 17 is_stmt 0 view .LVU51
 213 0002 0023     		movs	r3, #0
 214 0004 0193     		str	r3, [sp, #4]
 149:Drivers/STM32F4/Drivers/STM32F4xx_HAL_Driver/Src/stm32f4xx_hal_adc_ex.c ****   ADC_Common_TypeDef *tmpADC_Common;
 215              		.loc 1 149 3 is_stmt 1 view .LVU52
 216              	.LVL15:
 150:Drivers/STM32F4/Drivers/STM32F4xx_HAL_Driver/Src/stm32f4xx_hal_adc_ex.c **** 
 217              		.loc 1 150 3 view .LVU53
 153:Drivers/STM32F4/Drivers/STM32F4xx_HAL_Driver/Src/stm32f4xx_hal_adc_ex.c **** 
 218              		.loc 1 153 3 view .LVU54
 153:Drivers/STM32F4/Drivers/STM32F4xx_HAL_Driver/Src/stm32f4xx_hal_adc_ex.c **** 
 219              		.loc 1 153 3 view .LVU55
 220 0006 90F83C30 		ldrb	r3, [r0, #60]	@ zero_extendqisi2
 221 000a 012B     		cmp	r3, #1
 222 000c 67D0     		beq	.L19
 153:Drivers/STM32F4/Drivers/STM32F4xx_HAL_Driver/Src/stm32f4xx_hal_adc_ex.c **** 
 223              		.loc 1 153 3 discriminator 2 view .LVU56
 224 000e 0123     		movs	r3, #1
 225 0010 80F83C30 		strb	r3, [r0, #60]
 153:Drivers/STM32F4/Drivers/STM32F4xx_HAL_Driver/Src/stm32f4xx_hal_adc_ex.c **** 
 226              		.loc 1 153 3 discriminator 2 view .LVU57
 159:Drivers/STM32F4/Drivers/STM32F4xx_HAL_Driver/Src/stm32f4xx_hal_adc_ex.c ****   {
ARM GAS  /tmp/ccT7L7Lv.s 			page 25


 227              		.loc 1 159 3 view .LVU58
 159:Drivers/STM32F4/Drivers/STM32F4xx_HAL_Driver/Src/stm32f4xx_hal_adc_ex.c ****   {
 228              		.loc 1 159 12 is_stmt 0 view .LVU59
 229 0014 0368     		ldr	r3, [r0]
 159:Drivers/STM32F4/Drivers/STM32F4xx_HAL_Driver/Src/stm32f4xx_hal_adc_ex.c ****   {
 230              		.loc 1 159 22 view .LVU60
 231 0016 9A68     		ldr	r2, [r3, #8]
 159:Drivers/STM32F4/Drivers/STM32F4xx_HAL_Driver/Src/stm32f4xx_hal_adc_ex.c ****   {
 232              		.loc 1 159 6 view .LVU61
 233 0018 12F0010F 		tst	r2, #1
 234 001c 13D1     		bne	.L13
 162:Drivers/STM32F4/Drivers/STM32F4xx_HAL_Driver/Src/stm32f4xx_hal_adc_ex.c **** 
 235              		.loc 1 162 5 is_stmt 1 view .LVU62
 236 001e 9A68     		ldr	r2, [r3, #8]
 237 0020 42F00102 		orr	r2, r2, #1
 238 0024 9A60     		str	r2, [r3, #8]
 166:Drivers/STM32F4/Drivers/STM32F4xx_HAL_Driver/Src/stm32f4xx_hal_adc_ex.c ****     while (counter != 0U)
 239              		.loc 1 166 5 view .LVU63
 166:Drivers/STM32F4/Drivers/STM32F4xx_HAL_Driver/Src/stm32f4xx_hal_adc_ex.c ****     while (counter != 0U)
 240              		.loc 1 166 53 is_stmt 0 view .LVU64
 241 0026 334B     		ldr	r3, .L27
 242 0028 1B68     		ldr	r3, [r3]
 243 002a 334A     		ldr	r2, .L27+4
 244 002c A2FB0323 		umull	r2, r3, r2, r3
 245 0030 9B0C     		lsrs	r3, r3, #18
 166:Drivers/STM32F4/Drivers/STM32F4xx_HAL_Driver/Src/stm32f4xx_hal_adc_ex.c ****     while (counter != 0U)
 246              		.loc 1 166 34 view .LVU65
 247 0032 03EB4303 		add	r3, r3, r3, lsl #1
 166:Drivers/STM32F4/Drivers/STM32F4xx_HAL_Driver/Src/stm32f4xx_hal_adc_ex.c ****     while (counter != 0U)
 248              		.loc 1 166 13 view .LVU66
 249 0036 0193     		str	r3, [sp, #4]
 167:Drivers/STM32F4/Drivers/STM32F4xx_HAL_Driver/Src/stm32f4xx_hal_adc_ex.c ****     {
 250              		.loc 1 167 5 is_stmt 1 view .LVU67
 167:Drivers/STM32F4/Drivers/STM32F4xx_HAL_Driver/Src/stm32f4xx_hal_adc_ex.c ****     {
 251              		.loc 1 167 11 is_stmt 0 view .LVU68
 252 0038 02E0     		b	.L14
 253              	.L15:
 169:Drivers/STM32F4/Drivers/STM32F4xx_HAL_Driver/Src/stm32f4xx_hal_adc_ex.c ****     }
 254              		.loc 1 169 7 is_stmt 1 view .LVU69
 169:Drivers/STM32F4/Drivers/STM32F4xx_HAL_Driver/Src/stm32f4xx_hal_adc_ex.c ****     }
 255              		.loc 1 169 14 is_stmt 0 view .LVU70
 256 003a 019B     		ldr	r3, [sp, #4]
 257 003c 013B     		subs	r3, r3, #1
 258 003e 0193     		str	r3, [sp, #4]
 259              	.L14:
 167:Drivers/STM32F4/Drivers/STM32F4xx_HAL_Driver/Src/stm32f4xx_hal_adc_ex.c ****     {
 260              		.loc 1 167 20 is_stmt 1 view .LVU71
 261 0040 019B     		ldr	r3, [sp, #4]
 262 0042 002B     		cmp	r3, #0
 263 0044 F9D1     		bne	.L15
 264              	.L13:
 174:Drivers/STM32F4/Drivers/STM32F4xx_HAL_Driver/Src/stm32f4xx_hal_adc_ex.c ****   {
 265              		.loc 1 174 3 view .LVU72
 174:Drivers/STM32F4/Drivers/STM32F4xx_HAL_Driver/Src/stm32f4xx_hal_adc_ex.c ****   {
 266              		.loc 1 174 7 is_stmt 0 view .LVU73
 267 0046 0268     		ldr	r2, [r0]
 268 0048 9368     		ldr	r3, [r2, #8]
ARM GAS  /tmp/ccT7L7Lv.s 			page 26


 174:Drivers/STM32F4/Drivers/STM32F4xx_HAL_Driver/Src/stm32f4xx_hal_adc_ex.c ****   {
 269              		.loc 1 174 6 view .LVU74
 270 004a 13F0010F 		tst	r3, #1
 271 004e 3BD0     		beq	.L16
 179:Drivers/STM32F4/Drivers/STM32F4xx_HAL_Driver/Src/stm32f4xx_hal_adc_ex.c ****                       HAL_ADC_STATE_READY | HAL_ADC_STATE_INJ_EOC,
 272              		.loc 1 179 5 is_stmt 1 view .LVU75
 273 0050 036C     		ldr	r3, [r0, #64]
 274 0052 23F44053 		bic	r3, r3, #12288
 275 0056 23F00103 		bic	r3, r3, #1
 276 005a 43F48053 		orr	r3, r3, #4096
 277 005e 0364     		str	r3, [r0, #64]
 187:Drivers/STM32F4/Drivers/STM32F4xx_HAL_Driver/Src/stm32f4xx_hal_adc_ex.c ****     {
 278              		.loc 1 187 5 view .LVU76
 187:Drivers/STM32F4/Drivers/STM32F4xx_HAL_Driver/Src/stm32f4xx_hal_adc_ex.c ****     {
 279              		.loc 1 187 9 is_stmt 0 view .LVU77
 280 0060 036C     		ldr	r3, [r0, #64]
 187:Drivers/STM32F4/Drivers/STM32F4xx_HAL_Driver/Src/stm32f4xx_hal_adc_ex.c ****     {
 281              		.loc 1 187 8 view .LVU78
 282 0062 13F4807F 		tst	r3, #256
 283 0066 01D1     		bne	.L17
 190:Drivers/STM32F4/Drivers/STM32F4xx_HAL_Driver/Src/stm32f4xx_hal_adc_ex.c ****     }
 284              		.loc 1 190 7 is_stmt 1 view .LVU79
 285 0068 0023     		movs	r3, #0
 286 006a 4364     		str	r3, [r0, #68]
 287              	.L17:
 196:Drivers/STM32F4/Drivers/STM32F4xx_HAL_Driver/Src/stm32f4xx_hal_adc_ex.c **** 
 288              		.loc 1 196 5 view .LVU80
 196:Drivers/STM32F4/Drivers/STM32F4xx_HAL_Driver/Src/stm32f4xx_hal_adc_ex.c **** 
 289              		.loc 1 196 5 view .LVU81
 290 006c 0023     		movs	r3, #0
 291 006e 80F83C30 		strb	r3, [r0, #60]
 196:Drivers/STM32F4/Drivers/STM32F4xx_HAL_Driver/Src/stm32f4xx_hal_adc_ex.c **** 
 292              		.loc 1 196 5 view .LVU82
 200:Drivers/STM32F4/Drivers/STM32F4xx_HAL_Driver/Src/stm32f4xx_hal_adc_ex.c **** 
 293              		.loc 1 200 5 view .LVU83
 294 0072 6FF00403 		mvn	r3, #4
 295 0076 1360     		str	r3, [r2]
 205:Drivers/STM32F4/Drivers/STM32F4xx_HAL_Driver/Src/stm32f4xx_hal_adc_ex.c **** 
 296              		.loc 1 205 5 view .LVU84
 297              	.LVL16:
 208:Drivers/STM32F4/Drivers/STM32F4xx_HAL_Driver/Src/stm32f4xx_hal_adc_ex.c ****     {
 298              		.loc 1 208 5 view .LVU85
 208:Drivers/STM32F4/Drivers/STM32F4xx_HAL_Driver/Src/stm32f4xx_hal_adc_ex.c ****     {
 299              		.loc 1 208 9 is_stmt 0 view .LVU86
 300 0078 204B     		ldr	r3, .L27+8
 301 007a 5B68     		ldr	r3, [r3, #4]
 208:Drivers/STM32F4/Drivers/STM32F4xx_HAL_Driver/Src/stm32f4xx_hal_adc_ex.c ****     {
 302              		.loc 1 208 8 view .LVU87
 303 007c 13F01F0F 		tst	r3, #31
 304 0080 0ED1     		bne	.L18
 210:Drivers/STM32F4/Drivers/STM32F4xx_HAL_Driver/Src/stm32f4xx_hal_adc_ex.c ****       tmp2 = HAL_IS_BIT_CLR(hadc->Instance->CR1, ADC_CR1_JAUTO);
 305              		.loc 1 210 7 is_stmt 1 view .LVU88
 210:Drivers/STM32F4/Drivers/STM32F4xx_HAL_Driver/Src/stm32f4xx_hal_adc_ex.c ****       tmp2 = HAL_IS_BIT_CLR(hadc->Instance->CR1, ADC_CR1_JAUTO);
 306              		.loc 1 210 14 is_stmt 0 view .LVU89
 307 0082 0268     		ldr	r2, [r0]
 308 0084 9168     		ldr	r1, [r2, #8]
 309              	.LVL17:
ARM GAS  /tmp/ccT7L7Lv.s 			page 27


 211:Drivers/STM32F4/Drivers/STM32F4xx_HAL_Driver/Src/stm32f4xx_hal_adc_ex.c ****       if (tmp1 && tmp2)
 310              		.loc 1 211 7 is_stmt 1 view .LVU90
 211:Drivers/STM32F4/Drivers/STM32F4xx_HAL_Driver/Src/stm32f4xx_hal_adc_ex.c ****       if (tmp1 && tmp2)
 311              		.loc 1 211 14 is_stmt 0 view .LVU91
 312 0086 5368     		ldr	r3, [r2, #4]
 313 0088 03F48063 		and	r3, r3, #1024
 314              	.LVL18:
 212:Drivers/STM32F4/Drivers/STM32F4xx_HAL_Driver/Src/stm32f4xx_hal_adc_ex.c ****       {
 315              		.loc 1 212 7 is_stmt 1 view .LVU92
 212:Drivers/STM32F4/Drivers/STM32F4xx_HAL_Driver/Src/stm32f4xx_hal_adc_ex.c ****       {
 316              		.loc 1 212 10 is_stmt 0 view .LVU93
 317 008c 11F4401F 		tst	r1, #3145728
 318 0090 27D1     		bne	.L20
 212:Drivers/STM32F4/Drivers/STM32F4xx_HAL_Driver/Src/stm32f4xx_hal_adc_ex.c ****       {
 319              		.loc 1 212 16 discriminator 1 view .LVU94
 320 0092 43BB     		cbnz	r3, .L21
 215:Drivers/STM32F4/Drivers/STM32F4xx_HAL_Driver/Src/stm32f4xx_hal_adc_ex.c ****       }
 321              		.loc 1 215 9 is_stmt 1 view .LVU95
 215:Drivers/STM32F4/Drivers/STM32F4xx_HAL_Driver/Src/stm32f4xx_hal_adc_ex.c ****       }
 322              		.loc 1 215 23 is_stmt 0 view .LVU96
 323 0094 9368     		ldr	r3, [r2, #8]
 324              	.LVL19:
 215:Drivers/STM32F4/Drivers/STM32F4xx_HAL_Driver/Src/stm32f4xx_hal_adc_ex.c ****       }
 325              		.loc 1 215 29 view .LVU97
 326 0096 43F48003 		orr	r3, r3, #4194304
 327 009a 9360     		str	r3, [r2, #8]
 239:Drivers/STM32F4/Drivers/STM32F4xx_HAL_Driver/Src/stm32f4xx_hal_adc_ex.c **** }
 328              		.loc 1 239 10 view .LVU98
 329 009c 0020     		movs	r0, #0
 330              	.LVL20:
 239:Drivers/STM32F4/Drivers/STM32F4xx_HAL_Driver/Src/stm32f4xx_hal_adc_ex.c **** }
 331              		.loc 1 239 10 view .LVU99
 332 009e 1CE0     		b	.L12
 333              	.LVL21:
 334              	.L18:
 220:Drivers/STM32F4/Drivers/STM32F4xx_HAL_Driver/Src/stm32f4xx_hal_adc_ex.c ****       tmp2 = HAL_IS_BIT_CLR(hadc->Instance->CR1, ADC_CR1_JAUTO);
 335              		.loc 1 220 7 is_stmt 1 view .LVU100
 220:Drivers/STM32F4/Drivers/STM32F4xx_HAL_Driver/Src/stm32f4xx_hal_adc_ex.c ****       tmp2 = HAL_IS_BIT_CLR(hadc->Instance->CR1, ADC_CR1_JAUTO);
 336              		.loc 1 220 14 is_stmt 0 view .LVU101
 337 00a0 0368     		ldr	r3, [r0]
 338 00a2 9A68     		ldr	r2, [r3, #8]
 339 00a4 02F44012 		and	r2, r2, #3145728
 340              	.LVL22:
 221:Drivers/STM32F4/Drivers/STM32F4xx_HAL_Driver/Src/stm32f4xx_hal_adc_ex.c ****       if ((hadc->Instance == ADC1) && tmp1 && tmp2)
 341              		.loc 1 221 7 is_stmt 1 view .LVU102
 221:Drivers/STM32F4/Drivers/STM32F4xx_HAL_Driver/Src/stm32f4xx_hal_adc_ex.c ****       if ((hadc->Instance == ADC1) && tmp1 && tmp2)
 342              		.loc 1 221 14 is_stmt 0 view .LVU103
 343 00a8 5968     		ldr	r1, [r3, #4]
 344 00aa 01F48061 		and	r1, r1, #1024
 345              	.LVL23:
 222:Drivers/STM32F4/Drivers/STM32F4xx_HAL_Driver/Src/stm32f4xx_hal_adc_ex.c ****       {
 346              		.loc 1 222 7 is_stmt 1 view .LVU104
 222:Drivers/STM32F4/Drivers/STM32F4xx_HAL_Driver/Src/stm32f4xx_hal_adc_ex.c ****       {
 347              		.loc 1 222 10 is_stmt 0 view .LVU105
 348 00ae 1448     		ldr	r0, .L27+12
 349              	.LVL24:
 222:Drivers/STM32F4/Drivers/STM32F4xx_HAL_Driver/Src/stm32f4xx_hal_adc_ex.c ****       {
ARM GAS  /tmp/ccT7L7Lv.s 			page 28


 350              		.loc 1 222 10 view .LVU106
 351 00b0 8342     		cmp	r3, r0
 352 00b2 01D0     		beq	.L26
 239:Drivers/STM32F4/Drivers/STM32F4xx_HAL_Driver/Src/stm32f4xx_hal_adc_ex.c **** }
 353              		.loc 1 239 10 view .LVU107
 354 00b4 0020     		movs	r0, #0
 355 00b6 10E0     		b	.L12
 356              	.L26:
 222:Drivers/STM32F4/Drivers/STM32F4xx_HAL_Driver/Src/stm32f4xx_hal_adc_ex.c ****       {
 357              		.loc 1 222 36 discriminator 1 view .LVU108
 358 00b8 BAB9     		cbnz	r2, .L23
 222:Drivers/STM32F4/Drivers/STM32F4xx_HAL_Driver/Src/stm32f4xx_hal_adc_ex.c ****       {
 359              		.loc 1 222 44 discriminator 2 view .LVU109
 360 00ba C1B9     		cbnz	r1, .L24
 225:Drivers/STM32F4/Drivers/STM32F4xx_HAL_Driver/Src/stm32f4xx_hal_adc_ex.c ****       }
 361              		.loc 1 225 9 is_stmt 1 view .LVU110
 225:Drivers/STM32F4/Drivers/STM32F4xx_HAL_Driver/Src/stm32f4xx_hal_adc_ex.c ****       }
 362              		.loc 1 225 23 is_stmt 0 view .LVU111
 363 00bc 9A68     		ldr	r2, [r3, #8]
 364              	.LVL25:
 225:Drivers/STM32F4/Drivers/STM32F4xx_HAL_Driver/Src/stm32f4xx_hal_adc_ex.c ****       }
 365              		.loc 1 225 29 view .LVU112
 366 00be 42F48002 		orr	r2, r2, #4194304
 367 00c2 9A60     		str	r2, [r3, #8]
 239:Drivers/STM32F4/Drivers/STM32F4xx_HAL_Driver/Src/stm32f4xx_hal_adc_ex.c **** }
 368              		.loc 1 239 10 view .LVU113
 369 00c4 0020     		movs	r0, #0
 370 00c6 08E0     		b	.L12
 371              	.LVL26:
 372              	.L16:
 232:Drivers/STM32F4/Drivers/STM32F4xx_HAL_Driver/Src/stm32f4xx_hal_adc_ex.c **** 
 373              		.loc 1 232 5 is_stmt 1 view .LVU114
 374 00c8 036C     		ldr	r3, [r0, #64]
 375 00ca 43F01003 		orr	r3, r3, #16
 376 00ce 0364     		str	r3, [r0, #64]
 235:Drivers/STM32F4/Drivers/STM32F4xx_HAL_Driver/Src/stm32f4xx_hal_adc_ex.c ****   }
 377              		.loc 1 235 5 view .LVU115
 378 00d0 436C     		ldr	r3, [r0, #68]
 379 00d2 43F00103 		orr	r3, r3, #1
 380 00d6 4364     		str	r3, [r0, #68]
 239:Drivers/STM32F4/Drivers/STM32F4xx_HAL_Driver/Src/stm32f4xx_hal_adc_ex.c **** }
 381              		.loc 1 239 10 is_stmt 0 view .LVU116
 382 00d8 0020     		movs	r0, #0
 383              	.LVL27:
 384              	.L12:
 240:Drivers/STM32F4/Drivers/STM32F4xx_HAL_Driver/Src/stm32f4xx_hal_adc_ex.c **** 
 385              		.loc 1 240 1 view .LVU117
 386 00da 02B0     		add	sp, sp, #8
 387              	.LCFI4:
 388              		.cfi_remember_state
 389              		.cfi_def_cfa_offset 0
 390              		@ sp needed
 391 00dc 7047     		bx	lr
 392              	.LVL28:
 393              	.L19:
 394              	.LCFI5:
 395              		.cfi_restore_state
ARM GAS  /tmp/ccT7L7Lv.s 			page 29


 153:Drivers/STM32F4/Drivers/STM32F4xx_HAL_Driver/Src/stm32f4xx_hal_adc_ex.c **** 
 396              		.loc 1 153 3 discriminator 1 view .LVU118
 397 00de 0220     		movs	r0, #2
 398              	.LVL29:
 153:Drivers/STM32F4/Drivers/STM32F4xx_HAL_Driver/Src/stm32f4xx_hal_adc_ex.c **** 
 399              		.loc 1 153 3 discriminator 1 view .LVU119
 400 00e0 FBE7     		b	.L12
 401              	.LVL30:
 402              	.L20:
 239:Drivers/STM32F4/Drivers/STM32F4xx_HAL_Driver/Src/stm32f4xx_hal_adc_ex.c **** }
 403              		.loc 1 239 10 view .LVU120
 404 00e2 0020     		movs	r0, #0
 405              	.LVL31:
 239:Drivers/STM32F4/Drivers/STM32F4xx_HAL_Driver/Src/stm32f4xx_hal_adc_ex.c **** }
 406              		.loc 1 239 10 view .LVU121
 407 00e4 F9E7     		b	.L12
 408              	.LVL32:
 409              	.L21:
 239:Drivers/STM32F4/Drivers/STM32F4xx_HAL_Driver/Src/stm32f4xx_hal_adc_ex.c **** }
 410              		.loc 1 239 10 view .LVU122
 411 00e6 0020     		movs	r0, #0
 412              	.LVL33:
 239:Drivers/STM32F4/Drivers/STM32F4xx_HAL_Driver/Src/stm32f4xx_hal_adc_ex.c **** }
 413              		.loc 1 239 10 view .LVU123
 414 00e8 F7E7     		b	.L12
 415              	.LVL34:
 416              	.L23:
 239:Drivers/STM32F4/Drivers/STM32F4xx_HAL_Driver/Src/stm32f4xx_hal_adc_ex.c **** }
 417              		.loc 1 239 10 view .LVU124
 418 00ea 0020     		movs	r0, #0
 419 00ec F5E7     		b	.L12
 420              	.L24:
 421 00ee 0020     		movs	r0, #0
 422 00f0 F3E7     		b	.L12
 423              	.L28:
 424 00f2 00BF     		.align	2
 425              	.L27:
 426 00f4 00000000 		.word	SystemCoreClock
 427 00f8 83DE1B43 		.word	1125899907
 428 00fc 00230140 		.word	1073816320
 429 0100 00200140 		.word	1073815552
 430              		.cfi_endproc
 431              	.LFE239:
 433              		.section	.text.HAL_ADCEx_InjectedStart_IT,"ax",%progbits
 434              		.align	1
 435              		.global	HAL_ADCEx_InjectedStart_IT
 436              		.syntax unified
 437              		.thumb
 438              		.thumb_func
 440              	HAL_ADCEx_InjectedStart_IT:
 441              	.LVL35:
 442              	.LFB240:
 250:Drivers/STM32F4/Drivers/STM32F4xx_HAL_Driver/Src/stm32f4xx_hal_adc_ex.c ****   __IO uint32_t counter = 0U;
 443              		.loc 1 250 1 is_stmt 1 view -0
 444              		.cfi_startproc
 445              		@ args = 0, pretend = 0, frame = 8
 446              		@ frame_needed = 0, uses_anonymous_args = 0
ARM GAS  /tmp/ccT7L7Lv.s 			page 30


 447              		@ link register save eliminated.
 250:Drivers/STM32F4/Drivers/STM32F4xx_HAL_Driver/Src/stm32f4xx_hal_adc_ex.c ****   __IO uint32_t counter = 0U;
 448              		.loc 1 250 1 is_stmt 0 view .LVU126
 449 0000 82B0     		sub	sp, sp, #8
 450              	.LCFI6:
 451              		.cfi_def_cfa_offset 8
 251:Drivers/STM32F4/Drivers/STM32F4xx_HAL_Driver/Src/stm32f4xx_hal_adc_ex.c ****   uint32_t tmp1 = 0U, tmp2 = 0U;
 452              		.loc 1 251 3 is_stmt 1 view .LVU127
 251:Drivers/STM32F4/Drivers/STM32F4xx_HAL_Driver/Src/stm32f4xx_hal_adc_ex.c ****   uint32_t tmp1 = 0U, tmp2 = 0U;
 453              		.loc 1 251 17 is_stmt 0 view .LVU128
 454 0002 0023     		movs	r3, #0
 455 0004 0193     		str	r3, [sp, #4]
 252:Drivers/STM32F4/Drivers/STM32F4xx_HAL_Driver/Src/stm32f4xx_hal_adc_ex.c ****   ADC_Common_TypeDef *tmpADC_Common;
 456              		.loc 1 252 3 is_stmt 1 view .LVU129
 457              	.LVL36:
 253:Drivers/STM32F4/Drivers/STM32F4xx_HAL_Driver/Src/stm32f4xx_hal_adc_ex.c **** 
 458              		.loc 1 253 3 view .LVU130
 256:Drivers/STM32F4/Drivers/STM32F4xx_HAL_Driver/Src/stm32f4xx_hal_adc_ex.c **** 
 459              		.loc 1 256 3 view .LVU131
 256:Drivers/STM32F4/Drivers/STM32F4xx_HAL_Driver/Src/stm32f4xx_hal_adc_ex.c **** 
 460              		.loc 1 256 3 view .LVU132
 461 0006 90F83C30 		ldrb	r3, [r0, #60]	@ zero_extendqisi2
 462 000a 012B     		cmp	r3, #1
 463 000c 6CD0     		beq	.L37
 256:Drivers/STM32F4/Drivers/STM32F4xx_HAL_Driver/Src/stm32f4xx_hal_adc_ex.c **** 
 464              		.loc 1 256 3 discriminator 2 view .LVU133
 465 000e 0123     		movs	r3, #1
 466 0010 80F83C30 		strb	r3, [r0, #60]
 256:Drivers/STM32F4/Drivers/STM32F4xx_HAL_Driver/Src/stm32f4xx_hal_adc_ex.c **** 
 467              		.loc 1 256 3 discriminator 2 view .LVU134
 262:Drivers/STM32F4/Drivers/STM32F4xx_HAL_Driver/Src/stm32f4xx_hal_adc_ex.c ****   {
 468              		.loc 1 262 3 view .LVU135
 262:Drivers/STM32F4/Drivers/STM32F4xx_HAL_Driver/Src/stm32f4xx_hal_adc_ex.c ****   {
 469              		.loc 1 262 12 is_stmt 0 view .LVU136
 470 0014 0368     		ldr	r3, [r0]
 262:Drivers/STM32F4/Drivers/STM32F4xx_HAL_Driver/Src/stm32f4xx_hal_adc_ex.c ****   {
 471              		.loc 1 262 22 view .LVU137
 472 0016 9A68     		ldr	r2, [r3, #8]
 262:Drivers/STM32F4/Drivers/STM32F4xx_HAL_Driver/Src/stm32f4xx_hal_adc_ex.c ****   {
 473              		.loc 1 262 6 view .LVU138
 474 0018 12F0010F 		tst	r2, #1
 475 001c 13D1     		bne	.L31
 265:Drivers/STM32F4/Drivers/STM32F4xx_HAL_Driver/Src/stm32f4xx_hal_adc_ex.c **** 
 476              		.loc 1 265 5 is_stmt 1 view .LVU139
 477 001e 9A68     		ldr	r2, [r3, #8]
 478 0020 42F00102 		orr	r2, r2, #1
 479 0024 9A60     		str	r2, [r3, #8]
 269:Drivers/STM32F4/Drivers/STM32F4xx_HAL_Driver/Src/stm32f4xx_hal_adc_ex.c ****     while (counter != 0U)
 480              		.loc 1 269 5 view .LVU140
 269:Drivers/STM32F4/Drivers/STM32F4xx_HAL_Driver/Src/stm32f4xx_hal_adc_ex.c ****     while (counter != 0U)
 481              		.loc 1 269 53 is_stmt 0 view .LVU141
 482 0026 354B     		ldr	r3, .L45
 483 0028 1B68     		ldr	r3, [r3]
 484 002a 354A     		ldr	r2, .L45+4
 485 002c A2FB0323 		umull	r2, r3, r2, r3
 486 0030 9B0C     		lsrs	r3, r3, #18
 269:Drivers/STM32F4/Drivers/STM32F4xx_HAL_Driver/Src/stm32f4xx_hal_adc_ex.c ****     while (counter != 0U)
ARM GAS  /tmp/ccT7L7Lv.s 			page 31


 487              		.loc 1 269 34 view .LVU142
 488 0032 03EB4303 		add	r3, r3, r3, lsl #1
 269:Drivers/STM32F4/Drivers/STM32F4xx_HAL_Driver/Src/stm32f4xx_hal_adc_ex.c ****     while (counter != 0U)
 489              		.loc 1 269 13 view .LVU143
 490 0036 0193     		str	r3, [sp, #4]
 270:Drivers/STM32F4/Drivers/STM32F4xx_HAL_Driver/Src/stm32f4xx_hal_adc_ex.c ****     {
 491              		.loc 1 270 5 is_stmt 1 view .LVU144
 270:Drivers/STM32F4/Drivers/STM32F4xx_HAL_Driver/Src/stm32f4xx_hal_adc_ex.c ****     {
 492              		.loc 1 270 11 is_stmt 0 view .LVU145
 493 0038 02E0     		b	.L32
 494              	.L33:
 272:Drivers/STM32F4/Drivers/STM32F4xx_HAL_Driver/Src/stm32f4xx_hal_adc_ex.c ****     }
 495              		.loc 1 272 7 is_stmt 1 view .LVU146
 272:Drivers/STM32F4/Drivers/STM32F4xx_HAL_Driver/Src/stm32f4xx_hal_adc_ex.c ****     }
 496              		.loc 1 272 14 is_stmt 0 view .LVU147
 497 003a 019B     		ldr	r3, [sp, #4]
 498 003c 013B     		subs	r3, r3, #1
 499 003e 0193     		str	r3, [sp, #4]
 500              	.L32:
 270:Drivers/STM32F4/Drivers/STM32F4xx_HAL_Driver/Src/stm32f4xx_hal_adc_ex.c ****     {
 501              		.loc 1 270 20 is_stmt 1 view .LVU148
 502 0040 019B     		ldr	r3, [sp, #4]
 503 0042 002B     		cmp	r3, #0
 504 0044 F9D1     		bne	.L33
 505              	.L31:
 277:Drivers/STM32F4/Drivers/STM32F4xx_HAL_Driver/Src/stm32f4xx_hal_adc_ex.c ****   {
 506              		.loc 1 277 3 view .LVU149
 277:Drivers/STM32F4/Drivers/STM32F4xx_HAL_Driver/Src/stm32f4xx_hal_adc_ex.c ****   {
 507              		.loc 1 277 7 is_stmt 0 view .LVU150
 508 0046 0268     		ldr	r2, [r0]
 509 0048 9368     		ldr	r3, [r2, #8]
 277:Drivers/STM32F4/Drivers/STM32F4xx_HAL_Driver/Src/stm32f4xx_hal_adc_ex.c ****   {
 510              		.loc 1 277 6 view .LVU151
 511 004a 13F0010F 		tst	r3, #1
 512 004e 40D0     		beq	.L34
 282:Drivers/STM32F4/Drivers/STM32F4xx_HAL_Driver/Src/stm32f4xx_hal_adc_ex.c ****                       HAL_ADC_STATE_READY | HAL_ADC_STATE_INJ_EOC,
 513              		.loc 1 282 5 is_stmt 1 view .LVU152
 514 0050 036C     		ldr	r3, [r0, #64]
 515 0052 23F44053 		bic	r3, r3, #12288
 516 0056 23F00103 		bic	r3, r3, #1
 517 005a 43F48053 		orr	r3, r3, #4096
 518 005e 0364     		str	r3, [r0, #64]
 290:Drivers/STM32F4/Drivers/STM32F4xx_HAL_Driver/Src/stm32f4xx_hal_adc_ex.c ****     {
 519              		.loc 1 290 5 view .LVU153
 290:Drivers/STM32F4/Drivers/STM32F4xx_HAL_Driver/Src/stm32f4xx_hal_adc_ex.c ****     {
 520              		.loc 1 290 9 is_stmt 0 view .LVU154
 521 0060 036C     		ldr	r3, [r0, #64]
 290:Drivers/STM32F4/Drivers/STM32F4xx_HAL_Driver/Src/stm32f4xx_hal_adc_ex.c ****     {
 522              		.loc 1 290 8 view .LVU155
 523 0062 13F4807F 		tst	r3, #256
 524 0066 01D1     		bne	.L35
 293:Drivers/STM32F4/Drivers/STM32F4xx_HAL_Driver/Src/stm32f4xx_hal_adc_ex.c ****     }
 525              		.loc 1 293 7 is_stmt 1 view .LVU156
 526 0068 0023     		movs	r3, #0
 527 006a 4364     		str	r3, [r0, #68]
 528              	.L35:
 299:Drivers/STM32F4/Drivers/STM32F4xx_HAL_Driver/Src/stm32f4xx_hal_adc_ex.c **** 
ARM GAS  /tmp/ccT7L7Lv.s 			page 32


 529              		.loc 1 299 5 view .LVU157
 299:Drivers/STM32F4/Drivers/STM32F4xx_HAL_Driver/Src/stm32f4xx_hal_adc_ex.c **** 
 530              		.loc 1 299 5 view .LVU158
 531 006c 0023     		movs	r3, #0
 532 006e 80F83C30 		strb	r3, [r0, #60]
 299:Drivers/STM32F4/Drivers/STM32F4xx_HAL_Driver/Src/stm32f4xx_hal_adc_ex.c **** 
 533              		.loc 1 299 5 view .LVU159
 303:Drivers/STM32F4/Drivers/STM32F4xx_HAL_Driver/Src/stm32f4xx_hal_adc_ex.c **** 
 534              		.loc 1 303 5 view .LVU160
 535 0072 6FF00403 		mvn	r3, #4
 536 0076 1360     		str	r3, [r2]
 306:Drivers/STM32F4/Drivers/STM32F4xx_HAL_Driver/Src/stm32f4xx_hal_adc_ex.c **** 
 537              		.loc 1 306 5 view .LVU161
 538 0078 0268     		ldr	r2, [r0]
 539 007a 5368     		ldr	r3, [r2, #4]
 540 007c 43F08003 		orr	r3, r3, #128
 541 0080 5360     		str	r3, [r2, #4]
 311:Drivers/STM32F4/Drivers/STM32F4xx_HAL_Driver/Src/stm32f4xx_hal_adc_ex.c **** 
 542              		.loc 1 311 5 view .LVU162
 543              	.LVL37:
 314:Drivers/STM32F4/Drivers/STM32F4xx_HAL_Driver/Src/stm32f4xx_hal_adc_ex.c ****     {
 544              		.loc 1 314 5 view .LVU163
 314:Drivers/STM32F4/Drivers/STM32F4xx_HAL_Driver/Src/stm32f4xx_hal_adc_ex.c ****     {
 545              		.loc 1 314 9 is_stmt 0 view .LVU164
 546 0082 204B     		ldr	r3, .L45+8
 547 0084 5B68     		ldr	r3, [r3, #4]
 314:Drivers/STM32F4/Drivers/STM32F4xx_HAL_Driver/Src/stm32f4xx_hal_adc_ex.c ****     {
 548              		.loc 1 314 8 view .LVU165
 549 0086 13F01F0F 		tst	r3, #31
 550 008a 0ED1     		bne	.L36
 316:Drivers/STM32F4/Drivers/STM32F4xx_HAL_Driver/Src/stm32f4xx_hal_adc_ex.c ****       tmp2 = HAL_IS_BIT_CLR(hadc->Instance->CR1, ADC_CR1_JAUTO);
 551              		.loc 1 316 7 is_stmt 1 view .LVU166
 316:Drivers/STM32F4/Drivers/STM32F4xx_HAL_Driver/Src/stm32f4xx_hal_adc_ex.c ****       tmp2 = HAL_IS_BIT_CLR(hadc->Instance->CR1, ADC_CR1_JAUTO);
 552              		.loc 1 316 14 is_stmt 0 view .LVU167
 553 008c 0268     		ldr	r2, [r0]
 554 008e 9168     		ldr	r1, [r2, #8]
 555              	.LVL38:
 317:Drivers/STM32F4/Drivers/STM32F4xx_HAL_Driver/Src/stm32f4xx_hal_adc_ex.c ****       if (tmp1 && tmp2)
 556              		.loc 1 317 7 is_stmt 1 view .LVU168
 317:Drivers/STM32F4/Drivers/STM32F4xx_HAL_Driver/Src/stm32f4xx_hal_adc_ex.c ****       if (tmp1 && tmp2)
 557              		.loc 1 317 14 is_stmt 0 view .LVU169
 558 0090 5368     		ldr	r3, [r2, #4]
 559 0092 03F48063 		and	r3, r3, #1024
 560              	.LVL39:
 318:Drivers/STM32F4/Drivers/STM32F4xx_HAL_Driver/Src/stm32f4xx_hal_adc_ex.c ****       {
 561              		.loc 1 318 7 is_stmt 1 view .LVU170
 318:Drivers/STM32F4/Drivers/STM32F4xx_HAL_Driver/Src/stm32f4xx_hal_adc_ex.c ****       {
 562              		.loc 1 318 10 is_stmt 0 view .LVU171
 563 0096 11F4401F 		tst	r1, #3145728
 564 009a 27D1     		bne	.L38
 318:Drivers/STM32F4/Drivers/STM32F4xx_HAL_Driver/Src/stm32f4xx_hal_adc_ex.c ****       {
 565              		.loc 1 318 16 discriminator 1 view .LVU172
 566 009c 43BB     		cbnz	r3, .L39
 321:Drivers/STM32F4/Drivers/STM32F4xx_HAL_Driver/Src/stm32f4xx_hal_adc_ex.c ****       }
 567              		.loc 1 321 9 is_stmt 1 view .LVU173
 321:Drivers/STM32F4/Drivers/STM32F4xx_HAL_Driver/Src/stm32f4xx_hal_adc_ex.c ****       }
 568              		.loc 1 321 23 is_stmt 0 view .LVU174
ARM GAS  /tmp/ccT7L7Lv.s 			page 33


 569 009e 9368     		ldr	r3, [r2, #8]
 570              	.LVL40:
 321:Drivers/STM32F4/Drivers/STM32F4xx_HAL_Driver/Src/stm32f4xx_hal_adc_ex.c ****       }
 571              		.loc 1 321 29 view .LVU175
 572 00a0 43F48003 		orr	r3, r3, #4194304
 573 00a4 9360     		str	r3, [r2, #8]
 345:Drivers/STM32F4/Drivers/STM32F4xx_HAL_Driver/Src/stm32f4xx_hal_adc_ex.c **** }
 574              		.loc 1 345 10 view .LVU176
 575 00a6 0020     		movs	r0, #0
 576              	.LVL41:
 345:Drivers/STM32F4/Drivers/STM32F4xx_HAL_Driver/Src/stm32f4xx_hal_adc_ex.c **** }
 577              		.loc 1 345 10 view .LVU177
 578 00a8 1CE0     		b	.L30
 579              	.LVL42:
 580              	.L36:
 326:Drivers/STM32F4/Drivers/STM32F4xx_HAL_Driver/Src/stm32f4xx_hal_adc_ex.c ****       tmp2 = HAL_IS_BIT_CLR(hadc->Instance->CR1, ADC_CR1_JAUTO);
 581              		.loc 1 326 7 is_stmt 1 view .LVU178
 326:Drivers/STM32F4/Drivers/STM32F4xx_HAL_Driver/Src/stm32f4xx_hal_adc_ex.c ****       tmp2 = HAL_IS_BIT_CLR(hadc->Instance->CR1, ADC_CR1_JAUTO);
 582              		.loc 1 326 14 is_stmt 0 view .LVU179
 583 00aa 0368     		ldr	r3, [r0]
 584 00ac 9A68     		ldr	r2, [r3, #8]
 585 00ae 02F44012 		and	r2, r2, #3145728
 586              	.LVL43:
 327:Drivers/STM32F4/Drivers/STM32F4xx_HAL_Driver/Src/stm32f4xx_hal_adc_ex.c ****       if ((hadc->Instance == ADC1) && tmp1 && tmp2)
 587              		.loc 1 327 7 is_stmt 1 view .LVU180
 327:Drivers/STM32F4/Drivers/STM32F4xx_HAL_Driver/Src/stm32f4xx_hal_adc_ex.c ****       if ((hadc->Instance == ADC1) && tmp1 && tmp2)
 588              		.loc 1 327 14 is_stmt 0 view .LVU181
 589 00b2 5968     		ldr	r1, [r3, #4]
 590 00b4 01F48061 		and	r1, r1, #1024
 591              	.LVL44:
 328:Drivers/STM32F4/Drivers/STM32F4xx_HAL_Driver/Src/stm32f4xx_hal_adc_ex.c ****       {
 592              		.loc 1 328 7 is_stmt 1 view .LVU182
 328:Drivers/STM32F4/Drivers/STM32F4xx_HAL_Driver/Src/stm32f4xx_hal_adc_ex.c ****       {
 593              		.loc 1 328 10 is_stmt 0 view .LVU183
 594 00b8 1348     		ldr	r0, .L45+12
 595              	.LVL45:
 328:Drivers/STM32F4/Drivers/STM32F4xx_HAL_Driver/Src/stm32f4xx_hal_adc_ex.c ****       {
 596              		.loc 1 328 10 view .LVU184
 597 00ba 8342     		cmp	r3, r0
 598 00bc 01D0     		beq	.L44
 345:Drivers/STM32F4/Drivers/STM32F4xx_HAL_Driver/Src/stm32f4xx_hal_adc_ex.c **** }
 599              		.loc 1 345 10 view .LVU185
 600 00be 0020     		movs	r0, #0
 601 00c0 10E0     		b	.L30
 602              	.L44:
 328:Drivers/STM32F4/Drivers/STM32F4xx_HAL_Driver/Src/stm32f4xx_hal_adc_ex.c ****       {
 603              		.loc 1 328 36 discriminator 1 view .LVU186
 604 00c2 BAB9     		cbnz	r2, .L41
 328:Drivers/STM32F4/Drivers/STM32F4xx_HAL_Driver/Src/stm32f4xx_hal_adc_ex.c ****       {
 605              		.loc 1 328 44 discriminator 2 view .LVU187
 606 00c4 C1B9     		cbnz	r1, .L42
 331:Drivers/STM32F4/Drivers/STM32F4xx_HAL_Driver/Src/stm32f4xx_hal_adc_ex.c ****       }
 607              		.loc 1 331 9 is_stmt 1 view .LVU188
 331:Drivers/STM32F4/Drivers/STM32F4xx_HAL_Driver/Src/stm32f4xx_hal_adc_ex.c ****       }
 608              		.loc 1 331 23 is_stmt 0 view .LVU189
 609 00c6 9A68     		ldr	r2, [r3, #8]
 610              	.LVL46:
ARM GAS  /tmp/ccT7L7Lv.s 			page 34


 331:Drivers/STM32F4/Drivers/STM32F4xx_HAL_Driver/Src/stm32f4xx_hal_adc_ex.c ****       }
 611              		.loc 1 331 29 view .LVU190
 612 00c8 42F48002 		orr	r2, r2, #4194304
 613 00cc 9A60     		str	r2, [r3, #8]
 345:Drivers/STM32F4/Drivers/STM32F4xx_HAL_Driver/Src/stm32f4xx_hal_adc_ex.c **** }
 614              		.loc 1 345 10 view .LVU191
 615 00ce 0020     		movs	r0, #0
 616 00d0 08E0     		b	.L30
 617              	.LVL47:
 618              	.L34:
 338:Drivers/STM32F4/Drivers/STM32F4xx_HAL_Driver/Src/stm32f4xx_hal_adc_ex.c **** 
 619              		.loc 1 338 5 is_stmt 1 view .LVU192
 620 00d2 036C     		ldr	r3, [r0, #64]
 621 00d4 43F01003 		orr	r3, r3, #16
 622 00d8 0364     		str	r3, [r0, #64]
 341:Drivers/STM32F4/Drivers/STM32F4xx_HAL_Driver/Src/stm32f4xx_hal_adc_ex.c ****   }
 623              		.loc 1 341 5 view .LVU193
 624 00da 436C     		ldr	r3, [r0, #68]
 625 00dc 43F00103 		orr	r3, r3, #1
 626 00e0 4364     		str	r3, [r0, #68]
 345:Drivers/STM32F4/Drivers/STM32F4xx_HAL_Driver/Src/stm32f4xx_hal_adc_ex.c **** }
 627              		.loc 1 345 10 is_stmt 0 view .LVU194
 628 00e2 0020     		movs	r0, #0
 629              	.LVL48:
 630              	.L30:
 346:Drivers/STM32F4/Drivers/STM32F4xx_HAL_Driver/Src/stm32f4xx_hal_adc_ex.c **** 
 631              		.loc 1 346 1 view .LVU195
 632 00e4 02B0     		add	sp, sp, #8
 633              	.LCFI7:
 634              		.cfi_remember_state
 635              		.cfi_def_cfa_offset 0
 636              		@ sp needed
 637 00e6 7047     		bx	lr
 638              	.LVL49:
 639              	.L37:
 640              	.LCFI8:
 641              		.cfi_restore_state
 256:Drivers/STM32F4/Drivers/STM32F4xx_HAL_Driver/Src/stm32f4xx_hal_adc_ex.c **** 
 642              		.loc 1 256 3 discriminator 1 view .LVU196
 643 00e8 0220     		movs	r0, #2
 644              	.LVL50:
 256:Drivers/STM32F4/Drivers/STM32F4xx_HAL_Driver/Src/stm32f4xx_hal_adc_ex.c **** 
 645              		.loc 1 256 3 discriminator 1 view .LVU197
 646 00ea FBE7     		b	.L30
 647              	.LVL51:
 648              	.L38:
 345:Drivers/STM32F4/Drivers/STM32F4xx_HAL_Driver/Src/stm32f4xx_hal_adc_ex.c **** }
 649              		.loc 1 345 10 view .LVU198
 650 00ec 0020     		movs	r0, #0
 651              	.LVL52:
 345:Drivers/STM32F4/Drivers/STM32F4xx_HAL_Driver/Src/stm32f4xx_hal_adc_ex.c **** }
 652              		.loc 1 345 10 view .LVU199
 653 00ee F9E7     		b	.L30
 654              	.LVL53:
 655              	.L39:
 345:Drivers/STM32F4/Drivers/STM32F4xx_HAL_Driver/Src/stm32f4xx_hal_adc_ex.c **** }
 656              		.loc 1 345 10 view .LVU200
ARM GAS  /tmp/ccT7L7Lv.s 			page 35


 657 00f0 0020     		movs	r0, #0
 658              	.LVL54:
 345:Drivers/STM32F4/Drivers/STM32F4xx_HAL_Driver/Src/stm32f4xx_hal_adc_ex.c **** }
 659              		.loc 1 345 10 view .LVU201
 660 00f2 F7E7     		b	.L30
 661              	.LVL55:
 662              	.L41:
 345:Drivers/STM32F4/Drivers/STM32F4xx_HAL_Driver/Src/stm32f4xx_hal_adc_ex.c **** }
 663              		.loc 1 345 10 view .LVU202
 664 00f4 0020     		movs	r0, #0
 665 00f6 F5E7     		b	.L30
 666              	.L42:
 667 00f8 0020     		movs	r0, #0
 668 00fa F3E7     		b	.L30
 669              	.L46:
 670              		.align	2
 671              	.L45:
 672 00fc 00000000 		.word	SystemCoreClock
 673 0100 83DE1B43 		.word	1125899907
 674 0104 00230140 		.word	1073816320
 675 0108 00200140 		.word	1073815552
 676              		.cfi_endproc
 677              	.LFE240:
 679              		.section	.rodata.HAL_ADCEx_InjectedStop.str1.4,"aMS",%progbits,1
 680              		.align	2
 681              	.LC0:
 682 0000 44726976 		.ascii	"Drivers/STM32F4/Drivers/STM32F4xx_HAL_Driver/Src/st"
 682      6572732F 
 682      53544D33 
 682      3246342F 
 682      44726976 
 683 0033 6D333266 		.ascii	"m32f4xx_hal_adc_ex.c\000"
 683      3478785F 
 683      68616C5F 
 683      6164635F 
 683      65782E63 
 684              		.section	.text.HAL_ADCEx_InjectedStop,"ax",%progbits
 685              		.align	1
 686              		.global	HAL_ADCEx_InjectedStop
 687              		.syntax unified
 688              		.thumb
 689              		.thumb_func
 691              	HAL_ADCEx_InjectedStop:
 692              	.LVL56:
 693              	.LFB241:
 361:Drivers/STM32F4/Drivers/STM32F4xx_HAL_Driver/Src/stm32f4xx_hal_adc_ex.c ****   HAL_StatusTypeDef tmp_hal_status = HAL_OK;
 694              		.loc 1 361 1 is_stmt 1 view -0
 695              		.cfi_startproc
 696              		@ args = 0, pretend = 0, frame = 0
 697              		@ frame_needed = 0, uses_anonymous_args = 0
 361:Drivers/STM32F4/Drivers/STM32F4xx_HAL_Driver/Src/stm32f4xx_hal_adc_ex.c ****   HAL_StatusTypeDef tmp_hal_status = HAL_OK;
 698              		.loc 1 361 1 is_stmt 0 view .LVU204
 699 0000 10B5     		push	{r4, lr}
 700              	.LCFI9:
 701              		.cfi_def_cfa_offset 8
 702              		.cfi_offset 4, -8
 703              		.cfi_offset 14, -4
ARM GAS  /tmp/ccT7L7Lv.s 			page 36


 704 0002 0446     		mov	r4, r0
 362:Drivers/STM32F4/Drivers/STM32F4xx_HAL_Driver/Src/stm32f4xx_hal_adc_ex.c **** 
 705              		.loc 1 362 3 is_stmt 1 view .LVU205
 706              	.LVL57:
 365:Drivers/STM32F4/Drivers/STM32F4xx_HAL_Driver/Src/stm32f4xx_hal_adc_ex.c **** 
 707              		.loc 1 365 3 view .LVU206
 708 0004 0368     		ldr	r3, [r0]
 709 0006 204A     		ldr	r2, .L55
 710 0008 9342     		cmp	r3, r2
 711 000a 0CD0     		beq	.L48
 365:Drivers/STM32F4/Drivers/STM32F4xx_HAL_Driver/Src/stm32f4xx_hal_adc_ex.c **** 
 712              		.loc 1 365 3 is_stmt 0 discriminator 1 view .LVU207
 713 000c 02F58072 		add	r2, r2, #256
 714 0010 9342     		cmp	r3, r2
 715 0012 08D0     		beq	.L48
 365:Drivers/STM32F4/Drivers/STM32F4xx_HAL_Driver/Src/stm32f4xx_hal_adc_ex.c **** 
 716              		.loc 1 365 3 discriminator 2 view .LVU208
 717 0014 02F58072 		add	r2, r2, #256
 718 0018 9342     		cmp	r3, r2
 719 001a 04D0     		beq	.L48
 365:Drivers/STM32F4/Drivers/STM32F4xx_HAL_Driver/Src/stm32f4xx_hal_adc_ex.c **** 
 720              		.loc 1 365 3 discriminator 3 view .LVU209
 721 001c 40F26D11 		movw	r1, #365
 722 0020 1A48     		ldr	r0, .L55+4
 723              	.LVL58:
 365:Drivers/STM32F4/Drivers/STM32F4xx_HAL_Driver/Src/stm32f4xx_hal_adc_ex.c **** 
 724              		.loc 1 365 3 discriminator 3 view .LVU210
 725 0022 FFF7FEFF 		bl	assert_failed
 726              	.LVL59:
 727              	.L48:
 368:Drivers/STM32F4/Drivers/STM32F4xx_HAL_Driver/Src/stm32f4xx_hal_adc_ex.c **** 
 728              		.loc 1 368 3 is_stmt 1 view .LVU211
 368:Drivers/STM32F4/Drivers/STM32F4xx_HAL_Driver/Src/stm32f4xx_hal_adc_ex.c **** 
 729              		.loc 1 368 3 view .LVU212
 730 0026 94F83C30 		ldrb	r3, [r4, #60]	@ zero_extendqisi2
 731 002a 012B     		cmp	r3, #1
 732 002c 29D0     		beq	.L52
 368:Drivers/STM32F4/Drivers/STM32F4xx_HAL_Driver/Src/stm32f4xx_hal_adc_ex.c **** 
 733              		.loc 1 368 3 discriminator 2 view .LVU213
 734 002e 0123     		movs	r3, #1
 735 0030 84F83C30 		strb	r3, [r4, #60]
 368:Drivers/STM32F4/Drivers/STM32F4xx_HAL_Driver/Src/stm32f4xx_hal_adc_ex.c **** 
 736              		.loc 1 368 3 discriminator 2 view .LVU214
 376:Drivers/STM32F4/Drivers/STM32F4xx_HAL_Driver/Src/stm32f4xx_hal_adc_ex.c ****       HAL_IS_BIT_CLR(hadc->Instance->CR1, ADC_CR1_JAUTO))
 737              		.loc 1 376 3 view .LVU215
 376:Drivers/STM32F4/Drivers/STM32F4xx_HAL_Driver/Src/stm32f4xx_hal_adc_ex.c ****       HAL_IS_BIT_CLR(hadc->Instance->CR1, ADC_CR1_JAUTO))
 738              		.loc 1 376 13 is_stmt 0 view .LVU216
 739 0034 236C     		ldr	r3, [r4, #64]
 376:Drivers/STM32F4/Drivers/STM32F4xx_HAL_Driver/Src/stm32f4xx_hal_adc_ex.c ****       HAL_IS_BIT_CLR(hadc->Instance->CR1, ADC_CR1_JAUTO))
 740              		.loc 1 376 6 view .LVU217
 741 0036 13F4807F 		tst	r3, #256
 742 003a 17D1     		bne	.L50
 377:Drivers/STM32F4/Drivers/STM32F4xx_HAL_Driver/Src/stm32f4xx_hal_adc_ex.c ****   {
 743              		.loc 1 377 7 view .LVU218
 744 003c 2368     		ldr	r3, [r4]
 745 003e 5A68     		ldr	r2, [r3, #4]
 376:Drivers/STM32F4/Drivers/STM32F4xx_HAL_Driver/Src/stm32f4xx_hal_adc_ex.c ****       HAL_IS_BIT_CLR(hadc->Instance->CR1, ADC_CR1_JAUTO))
ARM GAS  /tmp/ccT7L7Lv.s 			page 37


 746              		.loc 1 376 58 discriminator 1 view .LVU219
 747 0040 12F4806F 		tst	r2, #1024
 748 0044 12D1     		bne	.L50
 381:Drivers/STM32F4/Drivers/STM32F4xx_HAL_Driver/Src/stm32f4xx_hal_adc_ex.c **** 
 749              		.loc 1 381 5 is_stmt 1 view .LVU220
 750 0046 9A68     		ldr	r2, [r3, #8]
 751 0048 22F00102 		bic	r2, r2, #1
 752 004c 9A60     		str	r2, [r3, #8]
 384:Drivers/STM32F4/Drivers/STM32F4xx_HAL_Driver/Src/stm32f4xx_hal_adc_ex.c ****     {
 753              		.loc 1 384 5 view .LVU221
 384:Drivers/STM32F4/Drivers/STM32F4xx_HAL_Driver/Src/stm32f4xx_hal_adc_ex.c ****     {
 754              		.loc 1 384 9 is_stmt 0 view .LVU222
 755 004e 2368     		ldr	r3, [r4]
 756 0050 9B68     		ldr	r3, [r3, #8]
 384:Drivers/STM32F4/Drivers/STM32F4xx_HAL_Driver/Src/stm32f4xx_hal_adc_ex.c ****     {
 757              		.loc 1 384 8 view .LVU223
 758 0052 13F0010F 		tst	r3, #1
 759 0056 12D1     		bne	.L53
 387:Drivers/STM32F4/Drivers/STM32F4xx_HAL_Driver/Src/stm32f4xx_hal_adc_ex.c ****                         HAL_ADC_STATE_REG_BUSY | HAL_ADC_STATE_INJ_BUSY,
 760              		.loc 1 387 7 is_stmt 1 view .LVU224
 761 0058 236C     		ldr	r3, [r4, #64]
 762 005a 23F48853 		bic	r3, r3, #4352
 763 005e 23F00103 		bic	r3, r3, #1
 764 0062 43F00103 		orr	r3, r3, #1
 765 0066 2364     		str	r3, [r4, #64]
 362:Drivers/STM32F4/Drivers/STM32F4xx_HAL_Driver/Src/stm32f4xx_hal_adc_ex.c **** 
 766              		.loc 1 362 21 is_stmt 0 view .LVU225
 767 0068 0020     		movs	r0, #0
 768 006a 04E0     		b	.L51
 769              	.L50:
 395:Drivers/STM32F4/Drivers/STM32F4xx_HAL_Driver/Src/stm32f4xx_hal_adc_ex.c **** 
 770              		.loc 1 395 5 is_stmt 1 view .LVU226
 771 006c 236C     		ldr	r3, [r4, #64]
 772 006e 43F02003 		orr	r3, r3, #32
 773 0072 2364     		str	r3, [r4, #64]
 397:Drivers/STM32F4/Drivers/STM32F4xx_HAL_Driver/Src/stm32f4xx_hal_adc_ex.c ****   }
 774              		.loc 1 397 5 view .LVU227
 775              	.LVL60:
 397:Drivers/STM32F4/Drivers/STM32F4xx_HAL_Driver/Src/stm32f4xx_hal_adc_ex.c ****   }
 776              		.loc 1 397 20 is_stmt 0 view .LVU228
 777 0074 0120     		movs	r0, #1
 778              	.LVL61:
 779              	.L51:
 401:Drivers/STM32F4/Drivers/STM32F4xx_HAL_Driver/Src/stm32f4xx_hal_adc_ex.c **** 
 780              		.loc 1 401 3 is_stmt 1 view .LVU229
 401:Drivers/STM32F4/Drivers/STM32F4xx_HAL_Driver/Src/stm32f4xx_hal_adc_ex.c **** 
 781              		.loc 1 401 3 view .LVU230
 782 0076 0023     		movs	r3, #0
 783 0078 84F83C30 		strb	r3, [r4, #60]
 401:Drivers/STM32F4/Drivers/STM32F4xx_HAL_Driver/Src/stm32f4xx_hal_adc_ex.c **** 
 784              		.loc 1 401 3 view .LVU231
 404:Drivers/STM32F4/Drivers/STM32F4xx_HAL_Driver/Src/stm32f4xx_hal_adc_ex.c **** }
 785              		.loc 1 404 3 view .LVU232
 786              	.LVL62:
 787              	.L49:
 405:Drivers/STM32F4/Drivers/STM32F4xx_HAL_Driver/Src/stm32f4xx_hal_adc_ex.c **** 
 788              		.loc 1 405 1 is_stmt 0 view .LVU233
ARM GAS  /tmp/ccT7L7Lv.s 			page 38


 789 007c 10BD     		pop	{r4, pc}
 790              	.LVL63:
 791              	.L53:
 362:Drivers/STM32F4/Drivers/STM32F4xx_HAL_Driver/Src/stm32f4xx_hal_adc_ex.c **** 
 792              		.loc 1 362 21 view .LVU234
 793 007e 0020     		movs	r0, #0
 794 0080 F9E7     		b	.L51
 795              	.L52:
 368:Drivers/STM32F4/Drivers/STM32F4xx_HAL_Driver/Src/stm32f4xx_hal_adc_ex.c **** 
 796              		.loc 1 368 3 discriminator 1 view .LVU235
 797 0082 0220     		movs	r0, #2
 798 0084 FAE7     		b	.L49
 799              	.L56:
 800 0086 00BF     		.align	2
 801              	.L55:
 802 0088 00200140 		.word	1073815552
 803 008c 00000000 		.word	.LC0
 804              		.cfi_endproc
 805              	.LFE241:
 807              		.section	.text.HAL_ADCEx_InjectedPollForConversion,"ax",%progbits
 808              		.align	1
 809              		.global	HAL_ADCEx_InjectedPollForConversion
 810              		.syntax unified
 811              		.thumb
 812              		.thumb_func
 814              	HAL_ADCEx_InjectedPollForConversion:
 815              	.LVL64:
 816              	.LFB242:
 415:Drivers/STM32F4/Drivers/STM32F4xx_HAL_Driver/Src/stm32f4xx_hal_adc_ex.c ****   uint32_t tickstart = 0U;
 817              		.loc 1 415 1 is_stmt 1 view -0
 818              		.cfi_startproc
 819              		@ args = 0, pretend = 0, frame = 0
 820              		@ frame_needed = 0, uses_anonymous_args = 0
 415:Drivers/STM32F4/Drivers/STM32F4xx_HAL_Driver/Src/stm32f4xx_hal_adc_ex.c ****   uint32_t tickstart = 0U;
 821              		.loc 1 415 1 is_stmt 0 view .LVU237
 822 0000 70B5     		push	{r4, r5, r6, lr}
 823              	.LCFI10:
 824              		.cfi_def_cfa_offset 16
 825              		.cfi_offset 4, -16
 826              		.cfi_offset 5, -12
 827              		.cfi_offset 6, -8
 828              		.cfi_offset 14, -4
 829 0002 0446     		mov	r4, r0
 830 0004 0D46     		mov	r5, r1
 416:Drivers/STM32F4/Drivers/STM32F4xx_HAL_Driver/Src/stm32f4xx_hal_adc_ex.c **** 
 831              		.loc 1 416 3 is_stmt 1 view .LVU238
 832              	.LVL65:
 419:Drivers/STM32F4/Drivers/STM32F4xx_HAL_Driver/Src/stm32f4xx_hal_adc_ex.c **** 
 833              		.loc 1 419 3 view .LVU239
 419:Drivers/STM32F4/Drivers/STM32F4xx_HAL_Driver/Src/stm32f4xx_hal_adc_ex.c **** 
 834              		.loc 1 419 15 is_stmt 0 view .LVU240
 835 0006 FFF7FEFF 		bl	HAL_GetTick
 836              	.LVL66:
 419:Drivers/STM32F4/Drivers/STM32F4xx_HAL_Driver/Src/stm32f4xx_hal_adc_ex.c **** 
 837              		.loc 1 419 15 view .LVU241
 838 000a 0646     		mov	r6, r0
 839              	.LVL67:
ARM GAS  /tmp/ccT7L7Lv.s 			page 39


 422:Drivers/STM32F4/Drivers/STM32F4xx_HAL_Driver/Src/stm32f4xx_hal_adc_ex.c ****   {
 840              		.loc 1 422 3 is_stmt 1 view .LVU242
 841              	.L59:
 422:Drivers/STM32F4/Drivers/STM32F4xx_HAL_Driver/Src/stm32f4xx_hal_adc_ex.c ****   {
 842              		.loc 1 422 10 view .LVU243
 422:Drivers/STM32F4/Drivers/STM32F4xx_HAL_Driver/Src/stm32f4xx_hal_adc_ex.c ****   {
 843              		.loc 1 422 12 is_stmt 0 view .LVU244
 844 000c 2368     		ldr	r3, [r4]
 845 000e 1A68     		ldr	r2, [r3]
 422:Drivers/STM32F4/Drivers/STM32F4xx_HAL_Driver/Src/stm32f4xx_hal_adc_ex.c ****   {
 846              		.loc 1 422 10 view .LVU245
 847 0010 12F0040F 		tst	r2, #4
 848 0014 15D1     		bne	.L71
 425:Drivers/STM32F4/Drivers/STM32F4xx_HAL_Driver/Src/stm32f4xx_hal_adc_ex.c ****     {
 849              		.loc 1 425 5 is_stmt 1 view .LVU246
 425:Drivers/STM32F4/Drivers/STM32F4xx_HAL_Driver/Src/stm32f4xx_hal_adc_ex.c ****     {
 850              		.loc 1 425 8 is_stmt 0 view .LVU247
 851 0016 B5F1FF3F 		cmp	r5, #-1
 852 001a F7D0     		beq	.L59
 427:Drivers/STM32F4/Drivers/STM32F4xx_HAL_Driver/Src/stm32f4xx_hal_adc_ex.c ****       {
 853              		.loc 1 427 7 is_stmt 1 view .LVU248
 427:Drivers/STM32F4/Drivers/STM32F4xx_HAL_Driver/Src/stm32f4xx_hal_adc_ex.c ****       {
 854              		.loc 1 427 10 is_stmt 0 view .LVU249
 855 001c 5DB9     		cbnz	r5, .L72
 856              	.L60:
 430:Drivers/STM32F4/Drivers/STM32F4xx_HAL_Driver/Src/stm32f4xx_hal_adc_ex.c ****         {
 857              		.loc 1 430 9 is_stmt 1 view .LVU250
 430:Drivers/STM32F4/Drivers/STM32F4xx_HAL_Driver/Src/stm32f4xx_hal_adc_ex.c ****         {
 858              		.loc 1 430 15 is_stmt 0 view .LVU251
 859 001e 2368     		ldr	r3, [r4]
 860 0020 1B68     		ldr	r3, [r3]
 430:Drivers/STM32F4/Drivers/STM32F4xx_HAL_Driver/Src/stm32f4xx_hal_adc_ex.c ****         {
 861              		.loc 1 430 12 view .LVU252
 862 0022 13F0040F 		tst	r3, #4
 863 0026 F1D1     		bne	.L59
 432:Drivers/STM32F4/Drivers/STM32F4xx_HAL_Driver/Src/stm32f4xx_hal_adc_ex.c ****           /* Process unlocked */
 864              		.loc 1 432 11 is_stmt 1 view .LVU253
 432:Drivers/STM32F4/Drivers/STM32F4xx_HAL_Driver/Src/stm32f4xx_hal_adc_ex.c ****           /* Process unlocked */
 865              		.loc 1 432 23 is_stmt 0 view .LVU254
 866 0028 0423     		movs	r3, #4
 867 002a 2364     		str	r3, [r4, #64]
 434:Drivers/STM32F4/Drivers/STM32F4xx_HAL_Driver/Src/stm32f4xx_hal_adc_ex.c ****           return HAL_TIMEOUT;
 868              		.loc 1 434 11 is_stmt 1 view .LVU255
 434:Drivers/STM32F4/Drivers/STM32F4xx_HAL_Driver/Src/stm32f4xx_hal_adc_ex.c ****           return HAL_TIMEOUT;
 869              		.loc 1 434 11 view .LVU256
 870 002c 0023     		movs	r3, #0
 871 002e 84F83C30 		strb	r3, [r4, #60]
 434:Drivers/STM32F4/Drivers/STM32F4xx_HAL_Driver/Src/stm32f4xx_hal_adc_ex.c ****           return HAL_TIMEOUT;
 872              		.loc 1 434 11 view .LVU257
 435:Drivers/STM32F4/Drivers/STM32F4xx_HAL_Driver/Src/stm32f4xx_hal_adc_ex.c ****         }
 873              		.loc 1 435 11 view .LVU258
 435:Drivers/STM32F4/Drivers/STM32F4xx_HAL_Driver/Src/stm32f4xx_hal_adc_ex.c ****         }
 874              		.loc 1 435 18 is_stmt 0 view .LVU259
 875 0032 0320     		movs	r0, #3
 876 0034 31E0     		b	.L62
 877              	.L72:
 427:Drivers/STM32F4/Drivers/STM32F4xx_HAL_Driver/Src/stm32f4xx_hal_adc_ex.c ****       {
ARM GAS  /tmp/ccT7L7Lv.s 			page 40


 878              		.loc 1 427 32 discriminator 1 view .LVU260
 879 0036 FFF7FEFF 		bl	HAL_GetTick
 880              	.LVL68:
 427:Drivers/STM32F4/Drivers/STM32F4xx_HAL_Driver/Src/stm32f4xx_hal_adc_ex.c ****       {
 881              		.loc 1 427 46 discriminator 1 view .LVU261
 882 003a 801B     		subs	r0, r0, r6
 427:Drivers/STM32F4/Drivers/STM32F4xx_HAL_Driver/Src/stm32f4xx_hal_adc_ex.c ****       {
 883              		.loc 1 427 27 discriminator 1 view .LVU262
 884 003c A842     		cmp	r0, r5
 885 003e E5D9     		bls	.L59
 886 0040 EDE7     		b	.L60
 887              	.L71:
 442:Drivers/STM32F4/Drivers/STM32F4xx_HAL_Driver/Src/stm32f4xx_hal_adc_ex.c **** 
 888              		.loc 1 442 3 is_stmt 1 view .LVU263
 889 0042 6FF00C02 		mvn	r2, #12
 890 0046 1A60     		str	r2, [r3]
 445:Drivers/STM32F4/Drivers/STM32F4xx_HAL_Driver/Src/stm32f4xx_hal_adc_ex.c **** 
 891              		.loc 1 445 3 view .LVU264
 892 0048 236C     		ldr	r3, [r4, #64]
 893 004a 43F40053 		orr	r3, r3, #8192
 894 004e 2364     		str	r3, [r4, #64]
 453:Drivers/STM32F4/Drivers/STM32F4xx_HAL_Driver/Src/stm32f4xx_hal_adc_ex.c ****       (HAL_IS_BIT_CLR(hadc->Instance->JSQR, ADC_JSQR_JL)  ||
 895              		.loc 1 453 3 view .LVU265
 453:Drivers/STM32F4/Drivers/STM32F4xx_HAL_Driver/Src/stm32f4xx_hal_adc_ex.c ****       (HAL_IS_BIT_CLR(hadc->Instance->JSQR, ADC_JSQR_JL)  ||
 896              		.loc 1 453 7 is_stmt 0 view .LVU266
 897 0050 2368     		ldr	r3, [r4]
 898 0052 9A68     		ldr	r2, [r3, #8]
 453:Drivers/STM32F4/Drivers/STM32F4xx_HAL_Driver/Src/stm32f4xx_hal_adc_ex.c ****       (HAL_IS_BIT_CLR(hadc->Instance->JSQR, ADC_JSQR_JL)  ||
 899              		.loc 1 453 6 view .LVU267
 900 0054 12F4401F 		tst	r2, #3145728
 901 0058 1ED1     		bne	.L65
 454:Drivers/STM32F4/Drivers/STM32F4xx_HAL_Driver/Src/stm32f4xx_hal_adc_ex.c ****        HAL_IS_BIT_CLR(hadc->Instance->CR2, ADC_CR2_EOCS)) &&
 902              		.loc 1 454 8 view .LVU268
 903 005a 9A6B     		ldr	r2, [r3, #56]
 453:Drivers/STM32F4/Drivers/STM32F4xx_HAL_Driver/Src/stm32f4xx_hal_adc_ex.c ****       (HAL_IS_BIT_CLR(hadc->Instance->JSQR, ADC_JSQR_JL)  ||
 904              		.loc 1 453 63 discriminator 1 view .LVU269
 905 005c 12F4401F 		tst	r2, #3145728
 906 0060 03D0     		beq	.L64
 455:Drivers/STM32F4/Drivers/STM32F4xx_HAL_Driver/Src/stm32f4xx_hal_adc_ex.c ****       (HAL_IS_BIT_CLR(hadc->Instance->CR1, ADC_CR1_JAUTO) &&
 907              		.loc 1 455 8 view .LVU270
 908 0062 9A68     		ldr	r2, [r3, #8]
 454:Drivers/STM32F4/Drivers/STM32F4xx_HAL_Driver/Src/stm32f4xx_hal_adc_ex.c ****        HAL_IS_BIT_CLR(hadc->Instance->CR2, ADC_CR2_EOCS)) &&
 909              		.loc 1 454 59 view .LVU271
 910 0064 12F4806F 		tst	r2, #1024
 911 0068 18D1     		bne	.L66
 912              	.L64:
 456:Drivers/STM32F4/Drivers/STM32F4xx_HAL_Driver/Src/stm32f4xx_hal_adc_ex.c ****        (ADC_IS_SOFTWARE_START_REGULAR(hadc)       &&
 913              		.loc 1 456 8 view .LVU272
 914 006a 5A68     		ldr	r2, [r3, #4]
 455:Drivers/STM32F4/Drivers/STM32F4xx_HAL_Driver/Src/stm32f4xx_hal_adc_ex.c ****       (HAL_IS_BIT_CLR(hadc->Instance->CR1, ADC_CR1_JAUTO) &&
 915              		.loc 1 455 59 view .LVU273
 916 006c 12F4806F 		tst	r2, #1024
 917 0070 16D1     		bne	.L67
 457:Drivers/STM32F4/Drivers/STM32F4xx_HAL_Driver/Src/stm32f4xx_hal_adc_ex.c ****         (hadc->Init.ContinuousConvMode == DISABLE))))
 918              		.loc 1 457 9 view .LVU274
 919 0072 9B68     		ldr	r3, [r3, #8]
 456:Drivers/STM32F4/Drivers/STM32F4xx_HAL_Driver/Src/stm32f4xx_hal_adc_ex.c ****        (ADC_IS_SOFTWARE_START_REGULAR(hadc)       &&
ARM GAS  /tmp/ccT7L7Lv.s 			page 41


 920              		.loc 1 456 59 view .LVU275
 921 0074 13F0405F 		tst	r3, #805306368
 922 0078 14D1     		bne	.L68
 458:Drivers/STM32F4/Drivers/STM32F4xx_HAL_Driver/Src/stm32f4xx_hal_adc_ex.c ****   {
 923              		.loc 1 458 20 view .LVU276
 924 007a 207E     		ldrb	r0, [r4, #24]	@ zero_extendqisi2
 457:Drivers/STM32F4/Drivers/STM32F4xx_HAL_Driver/Src/stm32f4xx_hal_adc_ex.c ****         (hadc->Init.ContinuousConvMode == DISABLE))))
 925              		.loc 1 457 51 view .LVU277
 926 007c A0B9     		cbnz	r0, .L69
 461:Drivers/STM32F4/Drivers/STM32F4xx_HAL_Driver/Src/stm32f4xx_hal_adc_ex.c **** 
 927              		.loc 1 461 5 is_stmt 1 view .LVU278
 928 007e 236C     		ldr	r3, [r4, #64]
 929 0080 23F48053 		bic	r3, r3, #4096
 930 0084 2364     		str	r3, [r4, #64]
 463:Drivers/STM32F4/Drivers/STM32F4xx_HAL_Driver/Src/stm32f4xx_hal_adc_ex.c ****     {
 931              		.loc 1 463 5 view .LVU279
 463:Drivers/STM32F4/Drivers/STM32F4xx_HAL_Driver/Src/stm32f4xx_hal_adc_ex.c ****     {
 932              		.loc 1 463 9 is_stmt 0 view .LVU280
 933 0086 236C     		ldr	r3, [r4, #64]
 463:Drivers/STM32F4/Drivers/STM32F4xx_HAL_Driver/Src/stm32f4xx_hal_adc_ex.c ****     {
 934              		.loc 1 463 8 view .LVU281
 935 0088 13F4807F 		tst	r3, #256
 936 008c 05D1     		bne	.L62
 465:Drivers/STM32F4/Drivers/STM32F4xx_HAL_Driver/Src/stm32f4xx_hal_adc_ex.c ****     }
 937              		.loc 1 465 7 is_stmt 1 view .LVU282
 938 008e 236C     		ldr	r3, [r4, #64]
 939 0090 43F00103 		orr	r3, r3, #1
 940 0094 2364     		str	r3, [r4, #64]
 941 0096 00E0     		b	.L62
 942              	.L65:
 470:Drivers/STM32F4/Drivers/STM32F4xx_HAL_Driver/Src/stm32f4xx_hal_adc_ex.c **** }
 943              		.loc 1 470 10 is_stmt 0 view .LVU283
 944 0098 0020     		movs	r0, #0
 945              	.L62:
 471:Drivers/STM32F4/Drivers/STM32F4xx_HAL_Driver/Src/stm32f4xx_hal_adc_ex.c **** 
 946              		.loc 1 471 1 view .LVU284
 947 009a 70BD     		pop	{r4, r5, r6, pc}
 948              	.LVL69:
 949              	.L66:
 470:Drivers/STM32F4/Drivers/STM32F4xx_HAL_Driver/Src/stm32f4xx_hal_adc_ex.c **** }
 950              		.loc 1 470 10 view .LVU285
 951 009c 0020     		movs	r0, #0
 952 009e FCE7     		b	.L62
 953              	.L67:
 954 00a0 0020     		movs	r0, #0
 955 00a2 FAE7     		b	.L62
 956              	.L68:
 957 00a4 0020     		movs	r0, #0
 958 00a6 F8E7     		b	.L62
 959              	.L69:
 470:Drivers/STM32F4/Drivers/STM32F4xx_HAL_Driver/Src/stm32f4xx_hal_adc_ex.c **** }
 960              		.loc 1 470 10 view .LVU286
 961 00a8 0020     		movs	r0, #0
 962 00aa F6E7     		b	.L62
 963              		.cfi_endproc
 964              	.LFE242:
 966              		.section	.text.HAL_ADCEx_InjectedStop_IT,"ax",%progbits
ARM GAS  /tmp/ccT7L7Lv.s 			page 42


 967              		.align	1
 968              		.global	HAL_ADCEx_InjectedStop_IT
 969              		.syntax unified
 970              		.thumb
 971              		.thumb_func
 973              	HAL_ADCEx_InjectedStop_IT:
 974              	.LVL70:
 975              	.LFB243:
 486:Drivers/STM32F4/Drivers/STM32F4xx_HAL_Driver/Src/stm32f4xx_hal_adc_ex.c ****   HAL_StatusTypeDef tmp_hal_status = HAL_OK;
 976              		.loc 1 486 1 is_stmt 1 view -0
 977              		.cfi_startproc
 978              		@ args = 0, pretend = 0, frame = 0
 979              		@ frame_needed = 0, uses_anonymous_args = 0
 486:Drivers/STM32F4/Drivers/STM32F4xx_HAL_Driver/Src/stm32f4xx_hal_adc_ex.c ****   HAL_StatusTypeDef tmp_hal_status = HAL_OK;
 980              		.loc 1 486 1 is_stmt 0 view .LVU288
 981 0000 10B5     		push	{r4, lr}
 982              	.LCFI11:
 983              		.cfi_def_cfa_offset 8
 984              		.cfi_offset 4, -8
 985              		.cfi_offset 14, -4
 986 0002 0446     		mov	r4, r0
 487:Drivers/STM32F4/Drivers/STM32F4xx_HAL_Driver/Src/stm32f4xx_hal_adc_ex.c **** 
 987              		.loc 1 487 3 is_stmt 1 view .LVU289
 988              	.LVL71:
 490:Drivers/STM32F4/Drivers/STM32F4xx_HAL_Driver/Src/stm32f4xx_hal_adc_ex.c **** 
 989              		.loc 1 490 3 view .LVU290
 990 0004 0368     		ldr	r3, [r0]
 991 0006 224A     		ldr	r2, .L81
 992 0008 9342     		cmp	r3, r2
 993 000a 0CD0     		beq	.L74
 490:Drivers/STM32F4/Drivers/STM32F4xx_HAL_Driver/Src/stm32f4xx_hal_adc_ex.c **** 
 994              		.loc 1 490 3 is_stmt 0 discriminator 1 view .LVU291
 995 000c 02F58072 		add	r2, r2, #256
 996 0010 9342     		cmp	r3, r2
 997 0012 08D0     		beq	.L74
 490:Drivers/STM32F4/Drivers/STM32F4xx_HAL_Driver/Src/stm32f4xx_hal_adc_ex.c **** 
 998              		.loc 1 490 3 discriminator 2 view .LVU292
 999 0014 02F58072 		add	r2, r2, #256
 1000 0018 9342     		cmp	r3, r2
 1001 001a 04D0     		beq	.L74
 490:Drivers/STM32F4/Drivers/STM32F4xx_HAL_Driver/Src/stm32f4xx_hal_adc_ex.c **** 
 1002              		.loc 1 490 3 discriminator 3 view .LVU293
 1003 001c 4FF4F571 		mov	r1, #490
 1004 0020 1C48     		ldr	r0, .L81+4
 1005              	.LVL72:
 490:Drivers/STM32F4/Drivers/STM32F4xx_HAL_Driver/Src/stm32f4xx_hal_adc_ex.c **** 
 1006              		.loc 1 490 3 discriminator 3 view .LVU294
 1007 0022 FFF7FEFF 		bl	assert_failed
 1008              	.LVL73:
 1009              	.L74:
 493:Drivers/STM32F4/Drivers/STM32F4xx_HAL_Driver/Src/stm32f4xx_hal_adc_ex.c **** 
 1010              		.loc 1 493 3 is_stmt 1 view .LVU295
 493:Drivers/STM32F4/Drivers/STM32F4xx_HAL_Driver/Src/stm32f4xx_hal_adc_ex.c **** 
 1011              		.loc 1 493 3 view .LVU296
 1012 0026 94F83C30 		ldrb	r3, [r4, #60]	@ zero_extendqisi2
 1013 002a 012B     		cmp	r3, #1
 1014 002c 2DD0     		beq	.L78
ARM GAS  /tmp/ccT7L7Lv.s 			page 43


 493:Drivers/STM32F4/Drivers/STM32F4xx_HAL_Driver/Src/stm32f4xx_hal_adc_ex.c **** 
 1015              		.loc 1 493 3 discriminator 2 view .LVU297
 1016 002e 0123     		movs	r3, #1
 1017 0030 84F83C30 		strb	r3, [r4, #60]
 493:Drivers/STM32F4/Drivers/STM32F4xx_HAL_Driver/Src/stm32f4xx_hal_adc_ex.c **** 
 1018              		.loc 1 493 3 discriminator 2 view .LVU298
 501:Drivers/STM32F4/Drivers/STM32F4xx_HAL_Driver/Src/stm32f4xx_hal_adc_ex.c ****       HAL_IS_BIT_CLR(hadc->Instance->CR1, ADC_CR1_JAUTO))
 1019              		.loc 1 501 3 view .LVU299
 501:Drivers/STM32F4/Drivers/STM32F4xx_HAL_Driver/Src/stm32f4xx_hal_adc_ex.c ****       HAL_IS_BIT_CLR(hadc->Instance->CR1, ADC_CR1_JAUTO))
 1020              		.loc 1 501 13 is_stmt 0 view .LVU300
 1021 0034 236C     		ldr	r3, [r4, #64]
 501:Drivers/STM32F4/Drivers/STM32F4xx_HAL_Driver/Src/stm32f4xx_hal_adc_ex.c ****       HAL_IS_BIT_CLR(hadc->Instance->CR1, ADC_CR1_JAUTO))
 1022              		.loc 1 501 6 view .LVU301
 1023 0036 13F4807F 		tst	r3, #256
 1024 003a 1BD1     		bne	.L76
 502:Drivers/STM32F4/Drivers/STM32F4xx_HAL_Driver/Src/stm32f4xx_hal_adc_ex.c ****   {
 1025              		.loc 1 502 7 view .LVU302
 1026 003c 2368     		ldr	r3, [r4]
 1027 003e 5A68     		ldr	r2, [r3, #4]
 501:Drivers/STM32F4/Drivers/STM32F4xx_HAL_Driver/Src/stm32f4xx_hal_adc_ex.c ****       HAL_IS_BIT_CLR(hadc->Instance->CR1, ADC_CR1_JAUTO))
 1028              		.loc 1 501 58 discriminator 1 view .LVU303
 1029 0040 12F4806F 		tst	r2, #1024
 1030 0044 16D1     		bne	.L76
 506:Drivers/STM32F4/Drivers/STM32F4xx_HAL_Driver/Src/stm32f4xx_hal_adc_ex.c **** 
 1031              		.loc 1 506 5 is_stmt 1 view .LVU304
 1032 0046 9A68     		ldr	r2, [r3, #8]
 1033 0048 22F00102 		bic	r2, r2, #1
 1034 004c 9A60     		str	r2, [r3, #8]
 509:Drivers/STM32F4/Drivers/STM32F4xx_HAL_Driver/Src/stm32f4xx_hal_adc_ex.c ****     {
 1035              		.loc 1 509 5 view .LVU305
 509:Drivers/STM32F4/Drivers/STM32F4xx_HAL_Driver/Src/stm32f4xx_hal_adc_ex.c ****     {
 1036              		.loc 1 509 9 is_stmt 0 view .LVU306
 1037 004e 2368     		ldr	r3, [r4]
 1038 0050 9A68     		ldr	r2, [r3, #8]
 509:Drivers/STM32F4/Drivers/STM32F4xx_HAL_Driver/Src/stm32f4xx_hal_adc_ex.c ****     {
 1039              		.loc 1 509 8 view .LVU307
 1040 0052 12F0010F 		tst	r2, #1
 1041 0056 16D1     		bne	.L79
 512:Drivers/STM32F4/Drivers/STM32F4xx_HAL_Driver/Src/stm32f4xx_hal_adc_ex.c **** 
 1042              		.loc 1 512 7 is_stmt 1 view .LVU308
 1043 0058 5A68     		ldr	r2, [r3, #4]
 1044 005a 22F08002 		bic	r2, r2, #128
 1045 005e 5A60     		str	r2, [r3, #4]
 515:Drivers/STM32F4/Drivers/STM32F4xx_HAL_Driver/Src/stm32f4xx_hal_adc_ex.c ****                         HAL_ADC_STATE_REG_BUSY | HAL_ADC_STATE_INJ_BUSY,
 1046              		.loc 1 515 7 view .LVU309
 1047 0060 236C     		ldr	r3, [r4, #64]
 1048 0062 23F48853 		bic	r3, r3, #4352
 1049 0066 23F00103 		bic	r3, r3, #1
 1050 006a 43F00103 		orr	r3, r3, #1
 1051 006e 2364     		str	r3, [r4, #64]
 487:Drivers/STM32F4/Drivers/STM32F4xx_HAL_Driver/Src/stm32f4xx_hal_adc_ex.c **** 
 1052              		.loc 1 487 21 is_stmt 0 view .LVU310
 1053 0070 0020     		movs	r0, #0
 1054 0072 04E0     		b	.L77
 1055              	.L76:
 523:Drivers/STM32F4/Drivers/STM32F4xx_HAL_Driver/Src/stm32f4xx_hal_adc_ex.c **** 
 1056              		.loc 1 523 5 is_stmt 1 view .LVU311
ARM GAS  /tmp/ccT7L7Lv.s 			page 44


 1057 0074 236C     		ldr	r3, [r4, #64]
 1058 0076 43F02003 		orr	r3, r3, #32
 1059 007a 2364     		str	r3, [r4, #64]
 525:Drivers/STM32F4/Drivers/STM32F4xx_HAL_Driver/Src/stm32f4xx_hal_adc_ex.c ****   }
 1060              		.loc 1 525 5 view .LVU312
 1061              	.LVL74:
 525:Drivers/STM32F4/Drivers/STM32F4xx_HAL_Driver/Src/stm32f4xx_hal_adc_ex.c ****   }
 1062              		.loc 1 525 20 is_stmt 0 view .LVU313
 1063 007c 0120     		movs	r0, #1
 1064              	.LVL75:
 1065              	.L77:
 529:Drivers/STM32F4/Drivers/STM32F4xx_HAL_Driver/Src/stm32f4xx_hal_adc_ex.c **** 
 1066              		.loc 1 529 3 is_stmt 1 view .LVU314
 529:Drivers/STM32F4/Drivers/STM32F4xx_HAL_Driver/Src/stm32f4xx_hal_adc_ex.c **** 
 1067              		.loc 1 529 3 view .LVU315
 1068 007e 0023     		movs	r3, #0
 1069 0080 84F83C30 		strb	r3, [r4, #60]
 529:Drivers/STM32F4/Drivers/STM32F4xx_HAL_Driver/Src/stm32f4xx_hal_adc_ex.c **** 
 1070              		.loc 1 529 3 view .LVU316
 532:Drivers/STM32F4/Drivers/STM32F4xx_HAL_Driver/Src/stm32f4xx_hal_adc_ex.c **** }
 1071              		.loc 1 532 3 view .LVU317
 1072              	.LVL76:
 1073              	.L75:
 533:Drivers/STM32F4/Drivers/STM32F4xx_HAL_Driver/Src/stm32f4xx_hal_adc_ex.c **** 
 1074              		.loc 1 533 1 is_stmt 0 view .LVU318
 1075 0084 10BD     		pop	{r4, pc}
 1076              	.LVL77:
 1077              	.L79:
 487:Drivers/STM32F4/Drivers/STM32F4xx_HAL_Driver/Src/stm32f4xx_hal_adc_ex.c **** 
 1078              		.loc 1 487 21 view .LVU319
 1079 0086 0020     		movs	r0, #0
 1080 0088 F9E7     		b	.L77
 1081              	.L78:
 493:Drivers/STM32F4/Drivers/STM32F4xx_HAL_Driver/Src/stm32f4xx_hal_adc_ex.c **** 
 1082              		.loc 1 493 3 discriminator 1 view .LVU320
 1083 008a 0220     		movs	r0, #2
 1084 008c FAE7     		b	.L75
 1085              	.L82:
 1086 008e 00BF     		.align	2
 1087              	.L81:
 1088 0090 00200140 		.word	1073815552
 1089 0094 00000000 		.word	.LC0
 1090              		.cfi_endproc
 1091              	.LFE243:
 1093              		.section	.text.HAL_ADCEx_InjectedGetValue,"ax",%progbits
 1094              		.align	1
 1095              		.global	HAL_ADCEx_InjectedGetValue
 1096              		.syntax unified
 1097              		.thumb
 1098              		.thumb_func
 1100              	HAL_ADCEx_InjectedGetValue:
 1101              	.LVL78:
 1102              	.LFB244:
 548:Drivers/STM32F4/Drivers/STM32F4xx_HAL_Driver/Src/stm32f4xx_hal_adc_ex.c ****   __IO uint32_t tmp = 0U;
 1103              		.loc 1 548 1 is_stmt 1 view -0
 1104              		.cfi_startproc
 1105              		@ args = 0, pretend = 0, frame = 8
ARM GAS  /tmp/ccT7L7Lv.s 			page 45


 1106              		@ frame_needed = 0, uses_anonymous_args = 0
 548:Drivers/STM32F4/Drivers/STM32F4xx_HAL_Driver/Src/stm32f4xx_hal_adc_ex.c ****   __IO uint32_t tmp = 0U;
 1107              		.loc 1 548 1 is_stmt 0 view .LVU322
 1108 0000 30B5     		push	{r4, r5, lr}
 1109              	.LCFI12:
 1110              		.cfi_def_cfa_offset 12
 1111              		.cfi_offset 4, -12
 1112              		.cfi_offset 5, -8
 1113              		.cfi_offset 14, -4
 1114 0002 83B0     		sub	sp, sp, #12
 1115              	.LCFI13:
 1116              		.cfi_def_cfa_offset 24
 1117 0004 0546     		mov	r5, r0
 1118 0006 0C46     		mov	r4, r1
 549:Drivers/STM32F4/Drivers/STM32F4xx_HAL_Driver/Src/stm32f4xx_hal_adc_ex.c **** 
 1119              		.loc 1 549 3 is_stmt 1 view .LVU323
 549:Drivers/STM32F4/Drivers/STM32F4xx_HAL_Driver/Src/stm32f4xx_hal_adc_ex.c **** 
 1120              		.loc 1 549 17 is_stmt 0 view .LVU324
 1121 0008 0023     		movs	r3, #0
 1122 000a 0193     		str	r3, [sp, #4]
 552:Drivers/STM32F4/Drivers/STM32F4xx_HAL_Driver/Src/stm32f4xx_hal_adc_ex.c **** 
 1123              		.loc 1 552 3 is_stmt 1 view .LVU325
 1124 000c 4B1E     		subs	r3, r1, #1
 1125 000e 032B     		cmp	r3, #3
 1126 0010 0AD8     		bhi	.L93
 1127              	.LVL79:
 1128              	.L84:
 556:Drivers/STM32F4/Drivers/STM32F4xx_HAL_Driver/Src/stm32f4xx_hal_adc_ex.c **** 
 1129              		.loc 1 556 3 view .LVU326
 1130 0012 2B68     		ldr	r3, [r5]
 1131 0014 6FF00402 		mvn	r2, #4
 1132 0018 1A60     		str	r2, [r3]
 559:Drivers/STM32F4/Drivers/STM32F4xx_HAL_Driver/Src/stm32f4xx_hal_adc_ex.c ****   {
 1133              		.loc 1 559 3 view .LVU327
 1134 001a 013C     		subs	r4, r4, #1
 1135              	.LVL80:
 559:Drivers/STM32F4/Drivers/STM32F4xx_HAL_Driver/Src/stm32f4xx_hal_adc_ex.c ****   {
 1136              		.loc 1 559 3 is_stmt 0 view .LVU328
 1137 001c 032C     		cmp	r4, #3
 1138 001e 0CD8     		bhi	.L85
 1139 0020 DFE804F0 		tbb	[pc, r4]
 1140              	.L87:
 1141 0024 16       		.byte	(.L90-.L87)/2
 1142 0025 12       		.byte	(.L89-.L87)/2
 1143 0026 0E       		.byte	(.L88-.L87)/2
 1144 0027 08       		.byte	(.L86-.L87)/2
 1145              	.LVL81:
 1146              		.p2align 1
 1147              	.L93:
 552:Drivers/STM32F4/Drivers/STM32F4xx_HAL_Driver/Src/stm32f4xx_hal_adc_ex.c **** 
 1148              		.loc 1 552 3 discriminator 1 view .LVU329
 1149 0028 4FF40A71 		mov	r1, #552
 1150              	.LVL82:
 552:Drivers/STM32F4/Drivers/STM32F4xx_HAL_Driver/Src/stm32f4xx_hal_adc_ex.c **** 
 1151              		.loc 1 552 3 discriminator 1 view .LVU330
 1152 002c 0A48     		ldr	r0, .L94
 1153              	.LVL83:
ARM GAS  /tmp/ccT7L7Lv.s 			page 46


 552:Drivers/STM32F4/Drivers/STM32F4xx_HAL_Driver/Src/stm32f4xx_hal_adc_ex.c **** 
 1154              		.loc 1 552 3 discriminator 1 view .LVU331
 1155 002e FFF7FEFF 		bl	assert_failed
 1156              	.LVL84:
 1157 0032 EEE7     		b	.L84
 1158              	.LVL85:
 1159              	.L86:
 563:Drivers/STM32F4/Drivers/STM32F4xx_HAL_Driver/Src/stm32f4xx_hal_adc_ex.c ****     }
 1160              		.loc 1 563 7 is_stmt 1 view .LVU332
 563:Drivers/STM32F4/Drivers/STM32F4xx_HAL_Driver/Src/stm32f4xx_hal_adc_ex.c ****     }
 1161              		.loc 1 563 18 is_stmt 0 view .LVU333
 1162 0034 2B68     		ldr	r3, [r5]
 563:Drivers/STM32F4/Drivers/STM32F4xx_HAL_Driver/Src/stm32f4xx_hal_adc_ex.c ****     }
 1163              		.loc 1 563 28 view .LVU334
 1164 0036 9B6C     		ldr	r3, [r3, #72]
 563:Drivers/STM32F4/Drivers/STM32F4xx_HAL_Driver/Src/stm32f4xx_hal_adc_ex.c ****     }
 1165              		.loc 1 563 11 view .LVU335
 1166 0038 0193     		str	r3, [sp, #4]
 565:Drivers/STM32F4/Drivers/STM32F4xx_HAL_Driver/Src/stm32f4xx_hal_adc_ex.c ****     case ADC_INJECTED_RANK_3:
 1167              		.loc 1 565 5 is_stmt 1 view .LVU336
 1168              	.L85:
 584:Drivers/STM32F4/Drivers/STM32F4xx_HAL_Driver/Src/stm32f4xx_hal_adc_ex.c **** }
 1169              		.loc 1 584 3 view .LVU337
 584:Drivers/STM32F4/Drivers/STM32F4xx_HAL_Driver/Src/stm32f4xx_hal_adc_ex.c **** }
 1170              		.loc 1 584 10 is_stmt 0 view .LVU338
 1171 003a 0198     		ldr	r0, [sp, #4]
 585:Drivers/STM32F4/Drivers/STM32F4xx_HAL_Driver/Src/stm32f4xx_hal_adc_ex.c **** 
 1172              		.loc 1 585 1 view .LVU339
 1173 003c 03B0     		add	sp, sp, #12
 1174              	.LCFI14:
 1175              		.cfi_remember_state
 1176              		.cfi_def_cfa_offset 12
 1177              		@ sp needed
 1178 003e 30BD     		pop	{r4, r5, pc}
 1179              	.LVL86:
 1180              	.L88:
 1181              	.LCFI15:
 1182              		.cfi_restore_state
 568:Drivers/STM32F4/Drivers/STM32F4xx_HAL_Driver/Src/stm32f4xx_hal_adc_ex.c ****     }
 1183              		.loc 1 568 7 is_stmt 1 view .LVU340
 568:Drivers/STM32F4/Drivers/STM32F4xx_HAL_Driver/Src/stm32f4xx_hal_adc_ex.c ****     }
 1184              		.loc 1 568 18 is_stmt 0 view .LVU341
 1185 0040 2B68     		ldr	r3, [r5]
 568:Drivers/STM32F4/Drivers/STM32F4xx_HAL_Driver/Src/stm32f4xx_hal_adc_ex.c ****     }
 1186              		.loc 1 568 28 view .LVU342
 1187 0042 5B6C     		ldr	r3, [r3, #68]
 568:Drivers/STM32F4/Drivers/STM32F4xx_HAL_Driver/Src/stm32f4xx_hal_adc_ex.c ****     }
 1188              		.loc 1 568 11 view .LVU343
 1189 0044 0193     		str	r3, [sp, #4]
 570:Drivers/STM32F4/Drivers/STM32F4xx_HAL_Driver/Src/stm32f4xx_hal_adc_ex.c ****     case ADC_INJECTED_RANK_2:
 1190              		.loc 1 570 5 is_stmt 1 view .LVU344
 1191 0046 F8E7     		b	.L85
 1192              	.L89:
 573:Drivers/STM32F4/Drivers/STM32F4xx_HAL_Driver/Src/stm32f4xx_hal_adc_ex.c ****     }
 1193              		.loc 1 573 7 view .LVU345
 573:Drivers/STM32F4/Drivers/STM32F4xx_HAL_Driver/Src/stm32f4xx_hal_adc_ex.c ****     }
 1194              		.loc 1 573 18 is_stmt 0 view .LVU346
ARM GAS  /tmp/ccT7L7Lv.s 			page 47


 1195 0048 2B68     		ldr	r3, [r5]
 573:Drivers/STM32F4/Drivers/STM32F4xx_HAL_Driver/Src/stm32f4xx_hal_adc_ex.c ****     }
 1196              		.loc 1 573 28 view .LVU347
 1197 004a 1B6C     		ldr	r3, [r3, #64]
 573:Drivers/STM32F4/Drivers/STM32F4xx_HAL_Driver/Src/stm32f4xx_hal_adc_ex.c ****     }
 1198              		.loc 1 573 11 view .LVU348
 1199 004c 0193     		str	r3, [sp, #4]
 575:Drivers/STM32F4/Drivers/STM32F4xx_HAL_Driver/Src/stm32f4xx_hal_adc_ex.c ****     case ADC_INJECTED_RANK_1:
 1200              		.loc 1 575 5 is_stmt 1 view .LVU349
 1201 004e F4E7     		b	.L85
 1202              	.L90:
 578:Drivers/STM32F4/Drivers/STM32F4xx_HAL_Driver/Src/stm32f4xx_hal_adc_ex.c ****     }
 1203              		.loc 1 578 7 view .LVU350
 578:Drivers/STM32F4/Drivers/STM32F4xx_HAL_Driver/Src/stm32f4xx_hal_adc_ex.c ****     }
 1204              		.loc 1 578 18 is_stmt 0 view .LVU351
 1205 0050 2B68     		ldr	r3, [r5]
 578:Drivers/STM32F4/Drivers/STM32F4xx_HAL_Driver/Src/stm32f4xx_hal_adc_ex.c ****     }
 1206              		.loc 1 578 28 view .LVU352
 1207 0052 DB6B     		ldr	r3, [r3, #60]
 578:Drivers/STM32F4/Drivers/STM32F4xx_HAL_Driver/Src/stm32f4xx_hal_adc_ex.c ****     }
 1208              		.loc 1 578 11 view .LVU353
 1209 0054 0193     		str	r3, [sp, #4]
 580:Drivers/STM32F4/Drivers/STM32F4xx_HAL_Driver/Src/stm32f4xx_hal_adc_ex.c ****     default:
 1210              		.loc 1 580 5 is_stmt 1 view .LVU354
 1211 0056 F0E7     		b	.L85
 1212              	.L95:
 1213              		.align	2
 1214              	.L94:
 1215 0058 00000000 		.word	.LC0
 1216              		.cfi_endproc
 1217              	.LFE244:
 1219              		.section	.text.HAL_ADCEx_MultiModeStart_DMA,"ax",%progbits
 1220              		.align	1
 1221              		.global	HAL_ADCEx_MultiModeStart_DMA
 1222              		.syntax unified
 1223              		.thumb
 1224              		.thumb_func
 1226              	HAL_ADCEx_MultiModeStart_DMA:
 1227              	.LVL87:
 1228              	.LFB245:
 599:Drivers/STM32F4/Drivers/STM32F4xx_HAL_Driver/Src/stm32f4xx_hal_adc_ex.c ****   __IO uint32_t counter = 0U;
 1229              		.loc 1 599 1 view -0
 1230              		.cfi_startproc
 1231              		@ args = 0, pretend = 0, frame = 8
 1232              		@ frame_needed = 0, uses_anonymous_args = 0
 599:Drivers/STM32F4/Drivers/STM32F4xx_HAL_Driver/Src/stm32f4xx_hal_adc_ex.c ****   __IO uint32_t counter = 0U;
 1233              		.loc 1 599 1 is_stmt 0 view .LVU356
 1234 0000 70B5     		push	{r4, r5, r6, lr}
 1235              	.LCFI16:
 1236              		.cfi_def_cfa_offset 16
 1237              		.cfi_offset 4, -16
 1238              		.cfi_offset 5, -12
 1239              		.cfi_offset 6, -8
 1240              		.cfi_offset 14, -4
 1241 0002 82B0     		sub	sp, sp, #8
 1242              	.LCFI17:
 1243              		.cfi_def_cfa_offset 24
ARM GAS  /tmp/ccT7L7Lv.s 			page 48


 1244 0004 0446     		mov	r4, r0
 1245 0006 0D46     		mov	r5, r1
 1246 0008 1646     		mov	r6, r2
 600:Drivers/STM32F4/Drivers/STM32F4xx_HAL_Driver/Src/stm32f4xx_hal_adc_ex.c ****   ADC_Common_TypeDef *tmpADC_Common;
 1247              		.loc 1 600 3 is_stmt 1 view .LVU357
 600:Drivers/STM32F4/Drivers/STM32F4xx_HAL_Driver/Src/stm32f4xx_hal_adc_ex.c ****   ADC_Common_TypeDef *tmpADC_Common;
 1248              		.loc 1 600 17 is_stmt 0 view .LVU358
 1249 000a 0023     		movs	r3, #0
 1250 000c 0193     		str	r3, [sp, #4]
 601:Drivers/STM32F4/Drivers/STM32F4xx_HAL_Driver/Src/stm32f4xx_hal_adc_ex.c ****   HAL_StatusTypeDef tmp_hal_status = HAL_OK;
 1251              		.loc 1 601 3 is_stmt 1 view .LVU359
 602:Drivers/STM32F4/Drivers/STM32F4xx_HAL_Driver/Src/stm32f4xx_hal_adc_ex.c ****   /* Check the parameters */
 1252              		.loc 1 602 3 view .LVU360
 1253              	.LVL88:
 604:Drivers/STM32F4/Drivers/STM32F4xx_HAL_Driver/Src/stm32f4xx_hal_adc_ex.c ****   assert_param(IS_ADC_EXT_TRIG_EDGE(hadc->Init.ExternalTrigConvEdge));
 1254              		.loc 1 604 3 view .LVU361
 1255 000e 037E     		ldrb	r3, [r0, #24]	@ zero_extendqisi2
 1256 0010 012B     		cmp	r3, #1
 1257 0012 29D8     		bhi	.L112
 1258              	.LVL89:
 1259              	.L97:
 605:Drivers/STM32F4/Drivers/STM32F4xx_HAL_Driver/Src/stm32f4xx_hal_adc_ex.c ****   assert_param(IS_FUNCTIONAL_STATE(hadc->Init.DMAContinuousRequests));
 1260              		.loc 1 605 3 view .LVU362
 1261 0014 E36A     		ldr	r3, [r4, #44]
 1262 0016 43B1     		cbz	r3, .L98
 605:Drivers/STM32F4/Drivers/STM32F4xx_HAL_Driver/Src/stm32f4xx_hal_adc_ex.c ****   assert_param(IS_FUNCTIONAL_STATE(hadc->Init.DMAContinuousRequests));
 1263              		.loc 1 605 3 is_stmt 0 discriminator 1 view .LVU363
 1264 0018 B3F1805F 		cmp	r3, #268435456
 1265 001c 05D0     		beq	.L98
 605:Drivers/STM32F4/Drivers/STM32F4xx_HAL_Driver/Src/stm32f4xx_hal_adc_ex.c ****   assert_param(IS_FUNCTIONAL_STATE(hadc->Init.DMAContinuousRequests));
 1266              		.loc 1 605 3 discriminator 2 view .LVU364
 1267 001e B3F1005F 		cmp	r3, #536870912
 1268 0022 02D0     		beq	.L98
 605:Drivers/STM32F4/Drivers/STM32F4xx_HAL_Driver/Src/stm32f4xx_hal_adc_ex.c ****   assert_param(IS_FUNCTIONAL_STATE(hadc->Init.DMAContinuousRequests));
 1269              		.loc 1 605 3 discriminator 3 view .LVU365
 1270 0024 B3F1405F 		cmp	r3, #805306368
 1271 0028 24D1     		bne	.L113
 1272              	.L98:
 606:Drivers/STM32F4/Drivers/STM32F4xx_HAL_Driver/Src/stm32f4xx_hal_adc_ex.c **** 
 1273              		.loc 1 606 3 is_stmt 1 view .LVU366
 1274 002a 94F83030 		ldrb	r3, [r4, #48]	@ zero_extendqisi2
 1275 002e 012B     		cmp	r3, #1
 1276 0030 26D8     		bhi	.L114
 1277              	.L99:
 609:Drivers/STM32F4/Drivers/STM32F4xx_HAL_Driver/Src/stm32f4xx_hal_adc_ex.c **** 
 1278              		.loc 1 609 3 view .LVU367
 609:Drivers/STM32F4/Drivers/STM32F4xx_HAL_Driver/Src/stm32f4xx_hal_adc_ex.c **** 
 1279              		.loc 1 609 3 view .LVU368
 1280 0032 94F83C30 		ldrb	r3, [r4, #60]	@ zero_extendqisi2
 1281 0036 012B     		cmp	r3, #1
 1282 0038 00F08E80 		beq	.L110
 609:Drivers/STM32F4/Drivers/STM32F4xx_HAL_Driver/Src/stm32f4xx_hal_adc_ex.c **** 
 1283              		.loc 1 609 3 discriminator 2 view .LVU369
 1284 003c 0123     		movs	r3, #1
 1285 003e 84F83C30 		strb	r3, [r4, #60]
 609:Drivers/STM32F4/Drivers/STM32F4xx_HAL_Driver/Src/stm32f4xx_hal_adc_ex.c **** 
 1286              		.loc 1 609 3 discriminator 2 view .LVU370
ARM GAS  /tmp/ccT7L7Lv.s 			page 49


 613:Drivers/STM32F4/Drivers/STM32F4xx_HAL_Driver/Src/stm32f4xx_hal_adc_ex.c ****   {
 1287              		.loc 1 613 3 view .LVU371
 613:Drivers/STM32F4/Drivers/STM32F4xx_HAL_Driver/Src/stm32f4xx_hal_adc_ex.c ****   {
 1288              		.loc 1 613 12 is_stmt 0 view .LVU372
 1289 0042 2368     		ldr	r3, [r4]
 613:Drivers/STM32F4/Drivers/STM32F4xx_HAL_Driver/Src/stm32f4xx_hal_adc_ex.c ****   {
 1290              		.loc 1 613 22 view .LVU373
 1291 0044 9A68     		ldr	r2, [r3, #8]
 613:Drivers/STM32F4/Drivers/STM32F4xx_HAL_Driver/Src/stm32f4xx_hal_adc_ex.c ****   {
 1292              		.loc 1 613 6 view .LVU374
 1293 0046 12F0010F 		tst	r2, #1
 1294 004a 25D1     		bne	.L101
 616:Drivers/STM32F4/Drivers/STM32F4xx_HAL_Driver/Src/stm32f4xx_hal_adc_ex.c **** 
 1295              		.loc 1 616 5 is_stmt 1 view .LVU375
 1296 004c 9A68     		ldr	r2, [r3, #8]
 1297 004e 42F00102 		orr	r2, r2, #1
 1298 0052 9A60     		str	r2, [r3, #8]
 620:Drivers/STM32F4/Drivers/STM32F4xx_HAL_Driver/Src/stm32f4xx_hal_adc_ex.c ****     while (counter != 0U)
 1299              		.loc 1 620 5 view .LVU376
 620:Drivers/STM32F4/Drivers/STM32F4xx_HAL_Driver/Src/stm32f4xx_hal_adc_ex.c ****     while (counter != 0U)
 1300              		.loc 1 620 53 is_stmt 0 view .LVU377
 1301 0054 414B     		ldr	r3, .L115
 1302 0056 1868     		ldr	r0, [r3]
 1303 0058 414B     		ldr	r3, .L115+4
 1304 005a A3FB0030 		umull	r3, r0, r3, r0
 1305 005e 800C     		lsrs	r0, r0, #18
 620:Drivers/STM32F4/Drivers/STM32F4xx_HAL_Driver/Src/stm32f4xx_hal_adc_ex.c ****     while (counter != 0U)
 1306              		.loc 1 620 34 view .LVU378
 1307 0060 00EB4000 		add	r0, r0, r0, lsl #1
 620:Drivers/STM32F4/Drivers/STM32F4xx_HAL_Driver/Src/stm32f4xx_hal_adc_ex.c ****     while (counter != 0U)
 1308              		.loc 1 620 13 view .LVU379
 1309 0064 0190     		str	r0, [sp, #4]
 621:Drivers/STM32F4/Drivers/STM32F4xx_HAL_Driver/Src/stm32f4xx_hal_adc_ex.c ****     {
 1310              		.loc 1 621 5 is_stmt 1 view .LVU380
 621:Drivers/STM32F4/Drivers/STM32F4xx_HAL_Driver/Src/stm32f4xx_hal_adc_ex.c ****     {
 1311              		.loc 1 621 11 is_stmt 0 view .LVU381
 1312 0066 14E0     		b	.L102
 1313              	.LVL90:
 1314              	.L112:
 604:Drivers/STM32F4/Drivers/STM32F4xx_HAL_Driver/Src/stm32f4xx_hal_adc_ex.c ****   assert_param(IS_ADC_EXT_TRIG_EDGE(hadc->Init.ExternalTrigConvEdge));
 1315              		.loc 1 604 3 discriminator 1 view .LVU382
 1316 0068 4FF41771 		mov	r1, #604
 1317              	.LVL91:
 604:Drivers/STM32F4/Drivers/STM32F4xx_HAL_Driver/Src/stm32f4xx_hal_adc_ex.c ****   assert_param(IS_ADC_EXT_TRIG_EDGE(hadc->Init.ExternalTrigConvEdge));
 1318              		.loc 1 604 3 discriminator 1 view .LVU383
 1319 006c 3D48     		ldr	r0, .L115+8
 1320              	.LVL92:
 604:Drivers/STM32F4/Drivers/STM32F4xx_HAL_Driver/Src/stm32f4xx_hal_adc_ex.c ****   assert_param(IS_ADC_EXT_TRIG_EDGE(hadc->Init.ExternalTrigConvEdge));
 1321              		.loc 1 604 3 discriminator 1 view .LVU384
 1322 006e FFF7FEFF 		bl	assert_failed
 1323              	.LVL93:
 604:Drivers/STM32F4/Drivers/STM32F4xx_HAL_Driver/Src/stm32f4xx_hal_adc_ex.c ****   assert_param(IS_ADC_EXT_TRIG_EDGE(hadc->Init.ExternalTrigConvEdge));
 1324              		.loc 1 604 3 discriminator 1 view .LVU385
 1325 0072 CFE7     		b	.L97
 1326              	.L113:
 605:Drivers/STM32F4/Drivers/STM32F4xx_HAL_Driver/Src/stm32f4xx_hal_adc_ex.c ****   assert_param(IS_FUNCTIONAL_STATE(hadc->Init.DMAContinuousRequests));
 1327              		.loc 1 605 3 discriminator 4 view .LVU386
ARM GAS  /tmp/ccT7L7Lv.s 			page 50


 1328 0074 40F25D21 		movw	r1, #605
 1329 0078 3A48     		ldr	r0, .L115+8
 1330 007a FFF7FEFF 		bl	assert_failed
 1331              	.LVL94:
 1332 007e D4E7     		b	.L98
 1333              	.L114:
 606:Drivers/STM32F4/Drivers/STM32F4xx_HAL_Driver/Src/stm32f4xx_hal_adc_ex.c **** 
 1334              		.loc 1 606 3 discriminator 1 view .LVU387
 1335 0080 40F25E21 		movw	r1, #606
 1336 0084 3748     		ldr	r0, .L115+8
 1337 0086 FFF7FEFF 		bl	assert_failed
 1338              	.LVL95:
 1339 008a D2E7     		b	.L99
 1340              	.L103:
 623:Drivers/STM32F4/Drivers/STM32F4xx_HAL_Driver/Src/stm32f4xx_hal_adc_ex.c ****     }
 1341              		.loc 1 623 7 is_stmt 1 view .LVU388
 623:Drivers/STM32F4/Drivers/STM32F4xx_HAL_Driver/Src/stm32f4xx_hal_adc_ex.c ****     }
 1342              		.loc 1 623 14 is_stmt 0 view .LVU389
 1343 008c 0198     		ldr	r0, [sp, #4]
 1344 008e 0138     		subs	r0, r0, #1
 1345 0090 0190     		str	r0, [sp, #4]
 1346              	.L102:
 621:Drivers/STM32F4/Drivers/STM32F4xx_HAL_Driver/Src/stm32f4xx_hal_adc_ex.c ****     {
 1347              		.loc 1 621 20 is_stmt 1 view .LVU390
 1348 0092 0198     		ldr	r0, [sp, #4]
 1349 0094 0028     		cmp	r0, #0
 1350 0096 F9D1     		bne	.L103
 1351              	.L101:
 628:Drivers/STM32F4/Drivers/STM32F4xx_HAL_Driver/Src/stm32f4xx_hal_adc_ex.c ****   {
 1352              		.loc 1 628 3 view .LVU391
 628:Drivers/STM32F4/Drivers/STM32F4xx_HAL_Driver/Src/stm32f4xx_hal_adc_ex.c ****   {
 1353              		.loc 1 628 7 is_stmt 0 view .LVU392
 1354 0098 2268     		ldr	r2, [r4]
 1355 009a 9368     		ldr	r3, [r2, #8]
 628:Drivers/STM32F4/Drivers/STM32F4xx_HAL_Driver/Src/stm32f4xx_hal_adc_ex.c ****   {
 1356              		.loc 1 628 6 view .LVU393
 1357 009c 13F0010F 		tst	r3, #1
 1358 00a0 4FD0     		beq	.L104
 633:Drivers/STM32F4/Drivers/STM32F4xx_HAL_Driver/Src/stm32f4xx_hal_adc_ex.c ****                       HAL_ADC_STATE_READY | HAL_ADC_STATE_REG_EOC | HAL_ADC_STATE_REG_OVR,
 1359              		.loc 1 633 5 is_stmt 1 view .LVU394
 1360 00a2 236C     		ldr	r3, [r4, #64]
 1361 00a4 23F4E063 		bic	r3, r3, #1792
 1362 00a8 23F00103 		bic	r3, r3, #1
 1363 00ac 43F48073 		orr	r3, r3, #256
 1364 00b0 2364     		str	r3, [r4, #64]
 639:Drivers/STM32F4/Drivers/STM32F4xx_HAL_Driver/Src/stm32f4xx_hal_adc_ex.c ****     {
 1365              		.loc 1 639 5 view .LVU395
 639:Drivers/STM32F4/Drivers/STM32F4xx_HAL_Driver/Src/stm32f4xx_hal_adc_ex.c ****     {
 1366              		.loc 1 639 9 is_stmt 0 view .LVU396
 1367 00b2 5368     		ldr	r3, [r2, #4]
 639:Drivers/STM32F4/Drivers/STM32F4xx_HAL_Driver/Src/stm32f4xx_hal_adc_ex.c ****     {
 1368              		.loc 1 639 8 view .LVU397
 1369 00b4 13F4806F 		tst	r3, #1024
 1370 00b8 05D0     		beq	.L105
 641:Drivers/STM32F4/Drivers/STM32F4xx_HAL_Driver/Src/stm32f4xx_hal_adc_ex.c ****     }
 1371              		.loc 1 641 7 is_stmt 1 view .LVU398
 1372 00ba 236C     		ldr	r3, [r4, #64]
ARM GAS  /tmp/ccT7L7Lv.s 			page 51


 1373 00bc 23F44053 		bic	r3, r3, #12288
 1374 00c0 43F48053 		orr	r3, r3, #4096
 1375 00c4 2364     		str	r3, [r4, #64]
 1376              	.L105:
 645:Drivers/STM32F4/Drivers/STM32F4xx_HAL_Driver/Src/stm32f4xx_hal_adc_ex.c ****     {
 1377              		.loc 1 645 5 view .LVU399
 645:Drivers/STM32F4/Drivers/STM32F4xx_HAL_Driver/Src/stm32f4xx_hal_adc_ex.c ****     {
 1378              		.loc 1 645 9 is_stmt 0 view .LVU400
 1379 00c6 236C     		ldr	r3, [r4, #64]
 645:Drivers/STM32F4/Drivers/STM32F4xx_HAL_Driver/Src/stm32f4xx_hal_adc_ex.c ****     {
 1380              		.loc 1 645 8 view .LVU401
 1381 00c8 13F4805F 		tst	r3, #4096
 1382 00cc 30D0     		beq	.L106
 648:Drivers/STM32F4/Drivers/STM32F4xx_HAL_Driver/Src/stm32f4xx_hal_adc_ex.c ****     }
 1383              		.loc 1 648 7 is_stmt 1 view .LVU402
 1384 00ce 636C     		ldr	r3, [r4, #68]
 1385 00d0 23F00603 		bic	r3, r3, #6
 1386 00d4 6364     		str	r3, [r4, #68]
 1387              	.L107:
 659:Drivers/STM32F4/Drivers/STM32F4xx_HAL_Driver/Src/stm32f4xx_hal_adc_ex.c **** 
 1388              		.loc 1 659 5 view .LVU403
 659:Drivers/STM32F4/Drivers/STM32F4xx_HAL_Driver/Src/stm32f4xx_hal_adc_ex.c **** 
 1389              		.loc 1 659 5 view .LVU404
 1390 00d6 0023     		movs	r3, #0
 1391 00d8 84F83C30 		strb	r3, [r4, #60]
 659:Drivers/STM32F4/Drivers/STM32F4xx_HAL_Driver/Src/stm32f4xx_hal_adc_ex.c **** 
 1392              		.loc 1 659 5 view .LVU405
 662:Drivers/STM32F4/Drivers/STM32F4xx_HAL_Driver/Src/stm32f4xx_hal_adc_ex.c **** 
 1393              		.loc 1 662 5 view .LVU406
 662:Drivers/STM32F4/Drivers/STM32F4xx_HAL_Driver/Src/stm32f4xx_hal_adc_ex.c **** 
 1394              		.loc 1 662 9 is_stmt 0 view .LVU407
 1395 00dc A36B     		ldr	r3, [r4, #56]
 662:Drivers/STM32F4/Drivers/STM32F4xx_HAL_Driver/Src/stm32f4xx_hal_adc_ex.c **** 
 1396              		.loc 1 662 40 view .LVU408
 1397 00de 224A     		ldr	r2, .L115+12
 1398 00e0 DA63     		str	r2, [r3, #60]
 665:Drivers/STM32F4/Drivers/STM32F4xx_HAL_Driver/Src/stm32f4xx_hal_adc_ex.c **** 
 1399              		.loc 1 665 5 is_stmt 1 view .LVU409
 665:Drivers/STM32F4/Drivers/STM32F4xx_HAL_Driver/Src/stm32f4xx_hal_adc_ex.c **** 
 1400              		.loc 1 665 9 is_stmt 0 view .LVU410
 1401 00e2 A36B     		ldr	r3, [r4, #56]
 665:Drivers/STM32F4/Drivers/STM32F4xx_HAL_Driver/Src/stm32f4xx_hal_adc_ex.c **** 
 1402              		.loc 1 665 44 view .LVU411
 1403 00e4 214A     		ldr	r2, .L115+16
 1404 00e6 1A64     		str	r2, [r3, #64]
 668:Drivers/STM32F4/Drivers/STM32F4xx_HAL_Driver/Src/stm32f4xx_hal_adc_ex.c **** 
 1405              		.loc 1 668 5 is_stmt 1 view .LVU412
 668:Drivers/STM32F4/Drivers/STM32F4xx_HAL_Driver/Src/stm32f4xx_hal_adc_ex.c **** 
 1406              		.loc 1 668 9 is_stmt 0 view .LVU413
 1407 00e8 A36B     		ldr	r3, [r4, #56]
 668:Drivers/STM32F4/Drivers/STM32F4xx_HAL_Driver/Src/stm32f4xx_hal_adc_ex.c **** 
 1408              		.loc 1 668 41 view .LVU414
 1409 00ea 214A     		ldr	r2, .L115+20
 1410 00ec DA64     		str	r2, [r3, #76]
 675:Drivers/STM32F4/Drivers/STM32F4xx_HAL_Driver/Src/stm32f4xx_hal_adc_ex.c **** 
 1411              		.loc 1 675 5 is_stmt 1 view .LVU415
 1412 00ee 2368     		ldr	r3, [r4]
ARM GAS  /tmp/ccT7L7Lv.s 			page 52


 1413 00f0 6FF00202 		mvn	r2, #2
 1414 00f4 1A60     		str	r2, [r3]
 678:Drivers/STM32F4/Drivers/STM32F4xx_HAL_Driver/Src/stm32f4xx_hal_adc_ex.c **** 
 1415              		.loc 1 678 5 view .LVU416
 1416 00f6 2268     		ldr	r2, [r4]
 1417 00f8 5368     		ldr	r3, [r2, #4]
 1418 00fa 43F08063 		orr	r3, r3, #67108864
 1419 00fe 5360     		str	r3, [r2, #4]
 683:Drivers/STM32F4/Drivers/STM32F4xx_HAL_Driver/Src/stm32f4xx_hal_adc_ex.c **** 
 1420              		.loc 1 683 5 view .LVU417
 1421              	.LVL96:
 685:Drivers/STM32F4/Drivers/STM32F4xx_HAL_Driver/Src/stm32f4xx_hal_adc_ex.c ****     {
 1422              		.loc 1 685 5 view .LVU418
 685:Drivers/STM32F4/Drivers/STM32F4xx_HAL_Driver/Src/stm32f4xx_hal_adc_ex.c ****     {
 1423              		.loc 1 685 19 is_stmt 0 view .LVU419
 1424 0100 94F83030 		ldrb	r3, [r4, #48]	@ zero_extendqisi2
 685:Drivers/STM32F4/Drivers/STM32F4xx_HAL_Driver/Src/stm32f4xx_hal_adc_ex.c ****     {
 1425              		.loc 1 685 8 view .LVU420
 1426 0104 BBB1     		cbz	r3, .L108
 688:Drivers/STM32F4/Drivers/STM32F4xx_HAL_Driver/Src/stm32f4xx_hal_adc_ex.c ****     }
 1427              		.loc 1 688 7 is_stmt 1 view .LVU421
 688:Drivers/STM32F4/Drivers/STM32F4xx_HAL_Driver/Src/stm32f4xx_hal_adc_ex.c ****     }
 1428              		.loc 1 688 20 is_stmt 0 view .LVU422
 1429 0106 1B4A     		ldr	r2, .L115+24
 1430 0108 5368     		ldr	r3, [r2, #4]
 688:Drivers/STM32F4/Drivers/STM32F4xx_HAL_Driver/Src/stm32f4xx_hal_adc_ex.c ****     }
 1431              		.loc 1 688 26 view .LVU423
 1432 010a 43F40053 		orr	r3, r3, #8192
 1433 010e 5360     		str	r3, [r2, #4]
 1434              	.L109:
 697:Drivers/STM32F4/Drivers/STM32F4xx_HAL_Driver/Src/stm32f4xx_hal_adc_ex.c **** 
 1435              		.loc 1 697 5 is_stmt 1 view .LVU424
 697:Drivers/STM32F4/Drivers/STM32F4xx_HAL_Driver/Src/stm32f4xx_hal_adc_ex.c **** 
 1436              		.loc 1 697 22 is_stmt 0 view .LVU425
 1437 0110 3346     		mov	r3, r6
 1438 0112 2A46     		mov	r2, r5
 1439 0114 1849     		ldr	r1, .L115+28
 1440 0116 A06B     		ldr	r0, [r4, #56]
 1441 0118 FFF7FEFF 		bl	HAL_DMA_Start_IT
 1442              	.LVL97:
 700:Drivers/STM32F4/Drivers/STM32F4xx_HAL_Driver/Src/stm32f4xx_hal_adc_ex.c ****     {
 1443              		.loc 1 700 5 is_stmt 1 view .LVU426
 700:Drivers/STM32F4/Drivers/STM32F4xx_HAL_Driver/Src/stm32f4xx_hal_adc_ex.c ****     {
 1444              		.loc 1 700 14 is_stmt 0 view .LVU427
 1445 011c 2368     		ldr	r3, [r4]
 700:Drivers/STM32F4/Drivers/STM32F4xx_HAL_Driver/Src/stm32f4xx_hal_adc_ex.c ****     {
 1446              		.loc 1 700 24 view .LVU428
 1447 011e 9A68     		ldr	r2, [r3, #8]
 700:Drivers/STM32F4/Drivers/STM32F4xx_HAL_Driver/Src/stm32f4xx_hal_adc_ex.c ****     {
 1448              		.loc 1 700 8 view .LVU429
 1449 0120 12F0405F 		tst	r2, #805306368
 1450 0124 16D1     		bne	.L100
 703:Drivers/STM32F4/Drivers/STM32F4xx_HAL_Driver/Src/stm32f4xx_hal_adc_ex.c ****     }
 1451              		.loc 1 703 7 is_stmt 1 view .LVU430
 703:Drivers/STM32F4/Drivers/STM32F4xx_HAL_Driver/Src/stm32f4xx_hal_adc_ex.c ****     }
 1452              		.loc 1 703 21 is_stmt 0 view .LVU431
 1453 0126 9A68     		ldr	r2, [r3, #8]
ARM GAS  /tmp/ccT7L7Lv.s 			page 53


 703:Drivers/STM32F4/Drivers/STM32F4xx_HAL_Driver/Src/stm32f4xx_hal_adc_ex.c ****     }
 1454              		.loc 1 703 27 view .LVU432
 1455 0128 42F08042 		orr	r2, r2, #1073741824
 1456 012c 9A60     		str	r2, [r3, #8]
 1457 012e 11E0     		b	.L100
 1458              	.LVL98:
 1459              	.L106:
 653:Drivers/STM32F4/Drivers/STM32F4xx_HAL_Driver/Src/stm32f4xx_hal_adc_ex.c ****     }
 1460              		.loc 1 653 7 is_stmt 1 view .LVU433
 1461 0130 0023     		movs	r3, #0
 1462 0132 6364     		str	r3, [r4, #68]
 1463 0134 CFE7     		b	.L107
 1464              	.LVL99:
 1465              	.L108:
 693:Drivers/STM32F4/Drivers/STM32F4xx_HAL_Driver/Src/stm32f4xx_hal_adc_ex.c ****     }
 1466              		.loc 1 693 7 view .LVU434
 693:Drivers/STM32F4/Drivers/STM32F4xx_HAL_Driver/Src/stm32f4xx_hal_adc_ex.c ****     }
 1467              		.loc 1 693 20 is_stmt 0 view .LVU435
 1468 0136 0F4A     		ldr	r2, .L115+24
 1469 0138 5368     		ldr	r3, [r2, #4]
 693:Drivers/STM32F4/Drivers/STM32F4xx_HAL_Driver/Src/stm32f4xx_hal_adc_ex.c ****     }
 1470              		.loc 1 693 26 view .LVU436
 1471 013a 23F40053 		bic	r3, r3, #8192
 1472 013e 5360     		str	r3, [r2, #4]
 1473 0140 E6E7     		b	.L109
 1474              	.LVL100:
 1475              	.L104:
 709:Drivers/STM32F4/Drivers/STM32F4xx_HAL_Driver/Src/stm32f4xx_hal_adc_ex.c **** 
 1476              		.loc 1 709 5 is_stmt 1 view .LVU437
 1477 0142 236C     		ldr	r3, [r4, #64]
 1478 0144 43F01003 		orr	r3, r3, #16
 1479 0148 2364     		str	r3, [r4, #64]
 712:Drivers/STM32F4/Drivers/STM32F4xx_HAL_Driver/Src/stm32f4xx_hal_adc_ex.c ****   }
 1480              		.loc 1 712 5 view .LVU438
 1481 014a 636C     		ldr	r3, [r4, #68]
 1482 014c 43F00103 		orr	r3, r3, #1
 1483 0150 6364     		str	r3, [r4, #68]
 602:Drivers/STM32F4/Drivers/STM32F4xx_HAL_Driver/Src/stm32f4xx_hal_adc_ex.c ****   /* Check the parameters */
 1484              		.loc 1 602 21 is_stmt 0 view .LVU439
 1485 0152 0020     		movs	r0, #0
 1486              	.LVL101:
 1487              	.L100:
 717:Drivers/STM32F4/Drivers/STM32F4xx_HAL_Driver/Src/stm32f4xx_hal_adc_ex.c **** 
 1488              		.loc 1 717 1 view .LVU440
 1489 0154 02B0     		add	sp, sp, #8
 1490              	.LCFI18:
 1491              		.cfi_remember_state
 1492              		.cfi_def_cfa_offset 16
 1493              		@ sp needed
 1494 0156 70BD     		pop	{r4, r5, r6, pc}
 1495              	.LVL102:
 1496              	.L110:
 1497              	.LCFI19:
 1498              		.cfi_restore_state
 609:Drivers/STM32F4/Drivers/STM32F4xx_HAL_Driver/Src/stm32f4xx_hal_adc_ex.c **** 
 1499              		.loc 1 609 3 discriminator 1 view .LVU441
 1500 0158 0220     		movs	r0, #2
ARM GAS  /tmp/ccT7L7Lv.s 			page 54


 1501 015a FBE7     		b	.L100
 1502              	.L116:
 1503              		.align	2
 1504              	.L115:
 1505 015c 00000000 		.word	SystemCoreClock
 1506 0160 83DE1B43 		.word	1125899907
 1507 0164 00000000 		.word	.LC0
 1508 0168 00000000 		.word	ADC_MultiModeDMAConvCplt
 1509 016c 00000000 		.word	ADC_MultiModeDMAHalfConvCplt
 1510 0170 00000000 		.word	ADC_MultiModeDMAError
 1511 0174 00230140 		.word	1073816320
 1512 0178 08230140 		.word	1073816328
 1513              		.cfi_endproc
 1514              	.LFE245:
 1516              		.section	.text.HAL_ADCEx_MultiModeStop_DMA,"ax",%progbits
 1517              		.align	1
 1518              		.global	HAL_ADCEx_MultiModeStop_DMA
 1519              		.syntax unified
 1520              		.thumb
 1521              		.thumb_func
 1523              	HAL_ADCEx_MultiModeStop_DMA:
 1524              	.LVL103:
 1525              	.LFB246:
 726:Drivers/STM32F4/Drivers/STM32F4xx_HAL_Driver/Src/stm32f4xx_hal_adc_ex.c ****   HAL_StatusTypeDef tmp_hal_status = HAL_OK;
 1526              		.loc 1 726 1 is_stmt 1 view -0
 1527              		.cfi_startproc
 1528              		@ args = 0, pretend = 0, frame = 0
 1529              		@ frame_needed = 0, uses_anonymous_args = 0
 726:Drivers/STM32F4/Drivers/STM32F4xx_HAL_Driver/Src/stm32f4xx_hal_adc_ex.c ****   HAL_StatusTypeDef tmp_hal_status = HAL_OK;
 1530              		.loc 1 726 1 is_stmt 0 view .LVU443
 1531 0000 10B5     		push	{r4, lr}
 1532              	.LCFI20:
 1533              		.cfi_def_cfa_offset 8
 1534              		.cfi_offset 4, -8
 1535              		.cfi_offset 14, -4
 1536 0002 0446     		mov	r4, r0
 727:Drivers/STM32F4/Drivers/STM32F4xx_HAL_Driver/Src/stm32f4xx_hal_adc_ex.c ****   ADC_Common_TypeDef *tmpADC_Common;
 1537              		.loc 1 727 3 is_stmt 1 view .LVU444
 1538              	.LVL104:
 728:Drivers/STM32F4/Drivers/STM32F4xx_HAL_Driver/Src/stm32f4xx_hal_adc_ex.c **** 
 1539              		.loc 1 728 3 view .LVU445
 731:Drivers/STM32F4/Drivers/STM32F4xx_HAL_Driver/Src/stm32f4xx_hal_adc_ex.c **** 
 1540              		.loc 1 731 3 view .LVU446
 1541 0004 0368     		ldr	r3, [r0]
 1542 0006 1F4A     		ldr	r2, .L125
 1543 0008 9342     		cmp	r3, r2
 1544 000a 0CD0     		beq	.L118
 731:Drivers/STM32F4/Drivers/STM32F4xx_HAL_Driver/Src/stm32f4xx_hal_adc_ex.c **** 
 1545              		.loc 1 731 3 is_stmt 0 discriminator 1 view .LVU447
 1546 000c 02F58072 		add	r2, r2, #256
 1547 0010 9342     		cmp	r3, r2
 1548 0012 08D0     		beq	.L118
 731:Drivers/STM32F4/Drivers/STM32F4xx_HAL_Driver/Src/stm32f4xx_hal_adc_ex.c **** 
 1549              		.loc 1 731 3 discriminator 2 view .LVU448
 1550 0014 02F58072 		add	r2, r2, #256
 1551 0018 9342     		cmp	r3, r2
 1552 001a 04D0     		beq	.L118
ARM GAS  /tmp/ccT7L7Lv.s 			page 55


 731:Drivers/STM32F4/Drivers/STM32F4xx_HAL_Driver/Src/stm32f4xx_hal_adc_ex.c **** 
 1553              		.loc 1 731 3 discriminator 3 view .LVU449
 1554 001c 40F2DB21 		movw	r1, #731
 1555 0020 1948     		ldr	r0, .L125+4
 1556              	.LVL105:
 731:Drivers/STM32F4/Drivers/STM32F4xx_HAL_Driver/Src/stm32f4xx_hal_adc_ex.c **** 
 1557              		.loc 1 731 3 discriminator 3 view .LVU450
 1558 0022 FFF7FEFF 		bl	assert_failed
 1559              	.LVL106:
 1560              	.L118:
 734:Drivers/STM32F4/Drivers/STM32F4xx_HAL_Driver/Src/stm32f4xx_hal_adc_ex.c **** 
 1561              		.loc 1 734 3 is_stmt 1 view .LVU451
 734:Drivers/STM32F4/Drivers/STM32F4xx_HAL_Driver/Src/stm32f4xx_hal_adc_ex.c **** 
 1562              		.loc 1 734 3 view .LVU452
 1563 0026 94F83C30 		ldrb	r3, [r4, #60]	@ zero_extendqisi2
 1564 002a 012B     		cmp	r3, #1
 1565 002c 27D0     		beq	.L121
 734:Drivers/STM32F4/Drivers/STM32F4xx_HAL_Driver/Src/stm32f4xx_hal_adc_ex.c **** 
 1566              		.loc 1 734 3 discriminator 2 view .LVU453
 1567 002e 0123     		movs	r3, #1
 1568 0030 84F83C30 		strb	r3, [r4, #60]
 734:Drivers/STM32F4/Drivers/STM32F4xx_HAL_Driver/Src/stm32f4xx_hal_adc_ex.c **** 
 1569              		.loc 1 734 3 discriminator 2 view .LVU454
 738:Drivers/STM32F4/Drivers/STM32F4xx_HAL_Driver/Src/stm32f4xx_hal_adc_ex.c **** 
 1570              		.loc 1 738 3 view .LVU455
 1571 0034 2268     		ldr	r2, [r4]
 1572 0036 9368     		ldr	r3, [r2, #8]
 1573 0038 23F00103 		bic	r3, r3, #1
 1574 003c 9360     		str	r3, [r2, #8]
 743:Drivers/STM32F4/Drivers/STM32F4xx_HAL_Driver/Src/stm32f4xx_hal_adc_ex.c **** 
 1575              		.loc 1 743 3 view .LVU456
 1576              	.LVL107:
 746:Drivers/STM32F4/Drivers/STM32F4xx_HAL_Driver/Src/stm32f4xx_hal_adc_ex.c ****   {
 1577              		.loc 1 746 3 view .LVU457
 746:Drivers/STM32F4/Drivers/STM32F4xx_HAL_Driver/Src/stm32f4xx_hal_adc_ex.c ****   {
 1578              		.loc 1 746 7 is_stmt 0 view .LVU458
 1579 003e 2368     		ldr	r3, [r4]
 1580 0040 9B68     		ldr	r3, [r3, #8]
 746:Drivers/STM32F4/Drivers/STM32F4xx_HAL_Driver/Src/stm32f4xx_hal_adc_ex.c ****   {
 1581              		.loc 1 746 6 view .LVU459
 1582 0042 13F0010F 		tst	r3, #1
 1583 0046 04D0     		beq	.L124
 727:Drivers/STM32F4/Drivers/STM32F4xx_HAL_Driver/Src/stm32f4xx_hal_adc_ex.c ****   ADC_Common_TypeDef *tmpADC_Common;
 1584              		.loc 1 727 21 view .LVU460
 1585 0048 0020     		movs	r0, #0
 1586              	.LVL108:
 1587              	.L120:
 765:Drivers/STM32F4/Drivers/STM32F4xx_HAL_Driver/Src/stm32f4xx_hal_adc_ex.c **** 
 1588              		.loc 1 765 3 is_stmt 1 view .LVU461
 765:Drivers/STM32F4/Drivers/STM32F4xx_HAL_Driver/Src/stm32f4xx_hal_adc_ex.c **** 
 1589              		.loc 1 765 3 view .LVU462
 1590 004a 0023     		movs	r3, #0
 1591 004c 84F83C30 		strb	r3, [r4, #60]
 765:Drivers/STM32F4/Drivers/STM32F4xx_HAL_Driver/Src/stm32f4xx_hal_adc_ex.c **** 
 1592              		.loc 1 765 3 view .LVU463
 768:Drivers/STM32F4/Drivers/STM32F4xx_HAL_Driver/Src/stm32f4xx_hal_adc_ex.c **** }
 1593              		.loc 1 768 3 view .LVU464
ARM GAS  /tmp/ccT7L7Lv.s 			page 56


 1594              	.LVL109:
 1595              	.L119:
 769:Drivers/STM32F4/Drivers/STM32F4xx_HAL_Driver/Src/stm32f4xx_hal_adc_ex.c **** 
 1596              		.loc 1 769 1 is_stmt 0 view .LVU465
 1597 0050 10BD     		pop	{r4, pc}
 1598              	.LVL110:
 1599              	.L124:
 749:Drivers/STM32F4/Drivers/STM32F4xx_HAL_Driver/Src/stm32f4xx_hal_adc_ex.c **** 
 1600              		.loc 1 749 5 is_stmt 1 view .LVU466
 749:Drivers/STM32F4/Drivers/STM32F4xx_HAL_Driver/Src/stm32f4xx_hal_adc_ex.c **** 
 1601              		.loc 1 749 18 is_stmt 0 view .LVU467
 1602 0052 0E4A     		ldr	r2, .L125+8
 1603 0054 5368     		ldr	r3, [r2, #4]
 749:Drivers/STM32F4/Drivers/STM32F4xx_HAL_Driver/Src/stm32f4xx_hal_adc_ex.c **** 
 1604              		.loc 1 749 24 view .LVU468
 1605 0056 23F40053 		bic	r3, r3, #8192
 1606 005a 5360     		str	r3, [r2, #4]
 753:Drivers/STM32F4/Drivers/STM32F4xx_HAL_Driver/Src/stm32f4xx_hal_adc_ex.c **** 
 1607              		.loc 1 753 5 is_stmt 1 view .LVU469
 753:Drivers/STM32F4/Drivers/STM32F4xx_HAL_Driver/Src/stm32f4xx_hal_adc_ex.c **** 
 1608              		.loc 1 753 22 is_stmt 0 view .LVU470
 1609 005c A06B     		ldr	r0, [r4, #56]
 1610 005e FFF7FEFF 		bl	HAL_DMA_Abort
 1611              	.LVL111:
 756:Drivers/STM32F4/Drivers/STM32F4xx_HAL_Driver/Src/stm32f4xx_hal_adc_ex.c **** 
 1612              		.loc 1 756 5 is_stmt 1 view .LVU471
 1613 0062 2268     		ldr	r2, [r4]
 1614 0064 5368     		ldr	r3, [r2, #4]
 1615 0066 23F08063 		bic	r3, r3, #67108864
 1616 006a 5360     		str	r3, [r2, #4]
 759:Drivers/STM32F4/Drivers/STM32F4xx_HAL_Driver/Src/stm32f4xx_hal_adc_ex.c ****                       HAL_ADC_STATE_REG_BUSY | HAL_ADC_STATE_INJ_BUSY,
 1617              		.loc 1 759 5 view .LVU472
 1618 006c 236C     		ldr	r3, [r4, #64]
 1619 006e 23F48853 		bic	r3, r3, #4352
 1620 0072 23F00103 		bic	r3, r3, #1
 1621 0076 43F00103 		orr	r3, r3, #1
 1622 007a 2364     		str	r3, [r4, #64]
 1623 007c E5E7     		b	.L120
 1624              	.LVL112:
 1625              	.L121:
 734:Drivers/STM32F4/Drivers/STM32F4xx_HAL_Driver/Src/stm32f4xx_hal_adc_ex.c **** 
 1626              		.loc 1 734 3 is_stmt 0 discriminator 1 view .LVU473
 1627 007e 0220     		movs	r0, #2
 1628 0080 E6E7     		b	.L119
 1629              	.L126:
 1630 0082 00BF     		.align	2
 1631              	.L125:
 1632 0084 00200140 		.word	1073815552
 1633 0088 00000000 		.word	.LC0
 1634 008c 00230140 		.word	1073816320
 1635              		.cfi_endproc
 1636              	.LFE246:
 1638              		.section	.text.HAL_ADCEx_MultiModeGetValue,"ax",%progbits
 1639              		.align	1
 1640              		.global	HAL_ADCEx_MultiModeGetValue
 1641              		.syntax unified
 1642              		.thumb
ARM GAS  /tmp/ccT7L7Lv.s 			page 57


 1643              		.thumb_func
 1645              	HAL_ADCEx_MultiModeGetValue:
 1646              	.LVL113:
 1647              	.LFB247:
 779:Drivers/STM32F4/Drivers/STM32F4xx_HAL_Driver/Src/stm32f4xx_hal_adc_ex.c ****   ADC_Common_TypeDef *tmpADC_Common;
 1648              		.loc 1 779 1 is_stmt 1 view -0
 1649              		.cfi_startproc
 1650              		@ args = 0, pretend = 0, frame = 0
 1651              		@ frame_needed = 0, uses_anonymous_args = 0
 1652              		@ link register save eliminated.
 780:Drivers/STM32F4/Drivers/STM32F4xx_HAL_Driver/Src/stm32f4xx_hal_adc_ex.c **** 
 1653              		.loc 1 780 3 view .LVU475
 783:Drivers/STM32F4/Drivers/STM32F4xx_HAL_Driver/Src/stm32f4xx_hal_adc_ex.c **** 
 1654              		.loc 1 783 3 view .LVU476
 788:Drivers/STM32F4/Drivers/STM32F4xx_HAL_Driver/Src/stm32f4xx_hal_adc_ex.c **** 
 1655              		.loc 1 788 3 view .LVU477
 791:Drivers/STM32F4/Drivers/STM32F4xx_HAL_Driver/Src/stm32f4xx_hal_adc_ex.c **** }
 1656              		.loc 1 791 3 view .LVU478
 791:Drivers/STM32F4/Drivers/STM32F4xx_HAL_Driver/Src/stm32f4xx_hal_adc_ex.c **** }
 1657              		.loc 1 791 23 is_stmt 0 view .LVU479
 1658 0000 014B     		ldr	r3, .L128
 1659 0002 9868     		ldr	r0, [r3, #8]
 1660              	.LVL114:
 792:Drivers/STM32F4/Drivers/STM32F4xx_HAL_Driver/Src/stm32f4xx_hal_adc_ex.c **** 
 1661              		.loc 1 792 1 view .LVU480
 1662 0004 7047     		bx	lr
 1663              	.L129:
 1664 0006 00BF     		.align	2
 1665              	.L128:
 1666 0008 00230140 		.word	1073816320
 1667              		.cfi_endproc
 1668              	.LFE247:
 1670              		.section	.text.HAL_ADCEx_InjectedConvCpltCallback,"ax",%progbits
 1671              		.align	1
 1672              		.weak	HAL_ADCEx_InjectedConvCpltCallback
 1673              		.syntax unified
 1674              		.thumb
 1675              		.thumb_func
 1677              	HAL_ADCEx_InjectedConvCpltCallback:
 1678              	.LVL115:
 1679              	.LFB248:
 801:Drivers/STM32F4/Drivers/STM32F4xx_HAL_Driver/Src/stm32f4xx_hal_adc_ex.c ****   /* Prevent unused argument(s) compilation warning */
 1680              		.loc 1 801 1 is_stmt 1 view -0
 1681              		.cfi_startproc
 1682              		@ args = 0, pretend = 0, frame = 0
 1683              		@ frame_needed = 0, uses_anonymous_args = 0
 1684              		@ link register save eliminated.
 803:Drivers/STM32F4/Drivers/STM32F4xx_HAL_Driver/Src/stm32f4xx_hal_adc_ex.c ****   /* NOTE : This function Should not be modified, when the callback is needed,
 1685              		.loc 1 803 3 view .LVU482
 807:Drivers/STM32F4/Drivers/STM32F4xx_HAL_Driver/Src/stm32f4xx_hal_adc_ex.c **** 
 1686              		.loc 1 807 1 is_stmt 0 view .LVU483
 1687 0000 7047     		bx	lr
 1688              		.cfi_endproc
 1689              	.LFE248:
 1691              		.section	.text.HAL_ADCEx_InjectedConfigChannel,"ax",%progbits
 1692              		.align	1
 1693              		.global	HAL_ADCEx_InjectedConfigChannel
ARM GAS  /tmp/ccT7L7Lv.s 			page 58


 1694              		.syntax unified
 1695              		.thumb
 1696              		.thumb_func
 1698              	HAL_ADCEx_InjectedConfigChannel:
 1699              	.LVL116:
 1700              	.LFB249:
 818:Drivers/STM32F4/Drivers/STM32F4xx_HAL_Driver/Src/stm32f4xx_hal_adc_ex.c **** 
 1701              		.loc 1 818 1 is_stmt 1 view -0
 1702              		.cfi_startproc
 1703              		@ args = 0, pretend = 0, frame = 0
 1704              		@ frame_needed = 0, uses_anonymous_args = 0
 818:Drivers/STM32F4/Drivers/STM32F4xx_HAL_Driver/Src/stm32f4xx_hal_adc_ex.c **** 
 1705              		.loc 1 818 1 is_stmt 0 view .LVU485
 1706 0000 38B5     		push	{r3, r4, r5, lr}
 1707              	.LCFI21:
 1708              		.cfi_def_cfa_offset 16
 1709              		.cfi_offset 3, -16
 1710              		.cfi_offset 4, -12
 1711              		.cfi_offset 5, -8
 1712              		.cfi_offset 14, -4
 1713 0002 0546     		mov	r5, r0
 1714 0004 0C46     		mov	r4, r1
 821:Drivers/STM32F4/Drivers/STM32F4xx_HAL_Driver/Src/stm32f4xx_hal_adc_ex.c **** 
 1715              		.loc 1 821 3 is_stmt 1 view .LVU486
 1716              	.LVL117:
 825:Drivers/STM32F4/Drivers/STM32F4xx_HAL_Driver/Src/stm32f4xx_hal_adc_ex.c **** 
 1717              		.loc 1 825 3 view .LVU487
 828:Drivers/STM32F4/Drivers/STM32F4xx_HAL_Driver/Src/stm32f4xx_hal_adc_ex.c ****   assert_param(IS_ADC_INJECTED_RANK(sConfigInjected->InjectedRank));
 1718              		.loc 1 828 3 view .LVU488
 1719 0006 0B68     		ldr	r3, [r1]
 1720 0008 122B     		cmp	r3, #18
 1721 000a 00F20F81 		bhi	.L162
 1722              	.LVL118:
 1723              	.L132:
 829:Drivers/STM32F4/Drivers/STM32F4xx_HAL_Driver/Src/stm32f4xx_hal_adc_ex.c ****   assert_param(IS_ADC_SAMPLE_TIME(sConfigInjected->InjectedSamplingTime));
 1724              		.loc 1 829 3 view .LVU489
 1725 000e 6368     		ldr	r3, [r4, #4]
 1726 0010 013B     		subs	r3, r3, #1
 1727 0012 032B     		cmp	r3, #3
 1728 0014 00F21081 		bhi	.L163
 1729              	.L133:
 830:Drivers/STM32F4/Drivers/STM32F4xx_HAL_Driver/Src/stm32f4xx_hal_adc_ex.c ****   assert_param(IS_ADC_EXT_INJEC_TRIG(sConfigInjected->ExternalTrigInjecConv));
 1730              		.loc 1 830 3 view .LVU490
 1731 0018 A368     		ldr	r3, [r4, #8]
 1732 001a 072B     		cmp	r3, #7
 1733 001c 00F21281 		bhi	.L164
 1734              	.L134:
 831:Drivers/STM32F4/Drivers/STM32F4xx_HAL_Driver/Src/stm32f4xx_hal_adc_ex.c ****   assert_param(IS_ADC_INJECTED_LENGTH(sConfigInjected->InjectedNbrOfConversion));
 1735              		.loc 1 831 3 view .LVU491
 1736 0020 A369     		ldr	r3, [r4, #24]
 1737 0022 83B3     		cbz	r3, .L135
 831:Drivers/STM32F4/Drivers/STM32F4xx_HAL_Driver/Src/stm32f4xx_hal_adc_ex.c ****   assert_param(IS_ADC_INJECTED_LENGTH(sConfigInjected->InjectedNbrOfConversion));
 1738              		.loc 1 831 3 is_stmt 0 discriminator 1 view .LVU492
 1739 0024 B3F5803F 		cmp	r3, #65536
 1740 0028 2DD0     		beq	.L135
 831:Drivers/STM32F4/Drivers/STM32F4xx_HAL_Driver/Src/stm32f4xx_hal_adc_ex.c ****   assert_param(IS_ADC_INJECTED_LENGTH(sConfigInjected->InjectedNbrOfConversion));
 1741              		.loc 1 831 3 discriminator 2 view .LVU493
ARM GAS  /tmp/ccT7L7Lv.s 			page 59


 1742 002a B3F5003F 		cmp	r3, #131072
 1743 002e 2AD0     		beq	.L135
 831:Drivers/STM32F4/Drivers/STM32F4xx_HAL_Driver/Src/stm32f4xx_hal_adc_ex.c ****   assert_param(IS_ADC_INJECTED_LENGTH(sConfigInjected->InjectedNbrOfConversion));
 1744              		.loc 1 831 3 discriminator 3 view .LVU494
 1745 0030 B3F5403F 		cmp	r3, #196608
 1746 0034 27D0     		beq	.L135
 831:Drivers/STM32F4/Drivers/STM32F4xx_HAL_Driver/Src/stm32f4xx_hal_adc_ex.c ****   assert_param(IS_ADC_INJECTED_LENGTH(sConfigInjected->InjectedNbrOfConversion));
 1747              		.loc 1 831 3 discriminator 4 view .LVU495
 1748 0036 B3F5802F 		cmp	r3, #262144
 1749 003a 24D0     		beq	.L135
 831:Drivers/STM32F4/Drivers/STM32F4xx_HAL_Driver/Src/stm32f4xx_hal_adc_ex.c ****   assert_param(IS_ADC_INJECTED_LENGTH(sConfigInjected->InjectedNbrOfConversion));
 1750              		.loc 1 831 3 discriminator 5 view .LVU496
 1751 003c B3F5A02F 		cmp	r3, #327680
 1752 0040 21D0     		beq	.L135
 831:Drivers/STM32F4/Drivers/STM32F4xx_HAL_Driver/Src/stm32f4xx_hal_adc_ex.c ****   assert_param(IS_ADC_INJECTED_LENGTH(sConfigInjected->InjectedNbrOfConversion));
 1753              		.loc 1 831 3 discriminator 6 view .LVU497
 1754 0042 B3F5C02F 		cmp	r3, #393216
 1755 0046 1ED0     		beq	.L135
 831:Drivers/STM32F4/Drivers/STM32F4xx_HAL_Driver/Src/stm32f4xx_hal_adc_ex.c ****   assert_param(IS_ADC_INJECTED_LENGTH(sConfigInjected->InjectedNbrOfConversion));
 1756              		.loc 1 831 3 discriminator 7 view .LVU498
 1757 0048 B3F5E02F 		cmp	r3, #458752
 1758 004c 1BD0     		beq	.L135
 831:Drivers/STM32F4/Drivers/STM32F4xx_HAL_Driver/Src/stm32f4xx_hal_adc_ex.c ****   assert_param(IS_ADC_INJECTED_LENGTH(sConfigInjected->InjectedNbrOfConversion));
 1759              		.loc 1 831 3 discriminator 8 view .LVU499
 1760 004e B3F5002F 		cmp	r3, #524288
 1761 0052 18D0     		beq	.L135
 831:Drivers/STM32F4/Drivers/STM32F4xx_HAL_Driver/Src/stm32f4xx_hal_adc_ex.c ****   assert_param(IS_ADC_INJECTED_LENGTH(sConfigInjected->InjectedNbrOfConversion));
 1762              		.loc 1 831 3 discriminator 9 view .LVU500
 1763 0054 B3F5102F 		cmp	r3, #589824
 1764 0058 15D0     		beq	.L135
 831:Drivers/STM32F4/Drivers/STM32F4xx_HAL_Driver/Src/stm32f4xx_hal_adc_ex.c ****   assert_param(IS_ADC_INJECTED_LENGTH(sConfigInjected->InjectedNbrOfConversion));
 1765              		.loc 1 831 3 discriminator 10 view .LVU501
 1766 005a B3F5202F 		cmp	r3, #655360
 1767 005e 12D0     		beq	.L135
 831:Drivers/STM32F4/Drivers/STM32F4xx_HAL_Driver/Src/stm32f4xx_hal_adc_ex.c ****   assert_param(IS_ADC_INJECTED_LENGTH(sConfigInjected->InjectedNbrOfConversion));
 1768              		.loc 1 831 3 discriminator 11 view .LVU502
 1769 0060 B3F5302F 		cmp	r3, #720896
 1770 0064 0FD0     		beq	.L135
 831:Drivers/STM32F4/Drivers/STM32F4xx_HAL_Driver/Src/stm32f4xx_hal_adc_ex.c ****   assert_param(IS_ADC_INJECTED_LENGTH(sConfigInjected->InjectedNbrOfConversion));
 1771              		.loc 1 831 3 discriminator 12 view .LVU503
 1772 0066 B3F5402F 		cmp	r3, #786432
 1773 006a 0CD0     		beq	.L135
 831:Drivers/STM32F4/Drivers/STM32F4xx_HAL_Driver/Src/stm32f4xx_hal_adc_ex.c ****   assert_param(IS_ADC_INJECTED_LENGTH(sConfigInjected->InjectedNbrOfConversion));
 1774              		.loc 1 831 3 discriminator 13 view .LVU504
 1775 006c B3F5502F 		cmp	r3, #851968
 1776 0070 09D0     		beq	.L135
 831:Drivers/STM32F4/Drivers/STM32F4xx_HAL_Driver/Src/stm32f4xx_hal_adc_ex.c ****   assert_param(IS_ADC_INJECTED_LENGTH(sConfigInjected->InjectedNbrOfConversion));
 1777              		.loc 1 831 3 discriminator 14 view .LVU505
 1778 0072 B3F5602F 		cmp	r3, #917504
 1779 0076 06D0     		beq	.L135
 831:Drivers/STM32F4/Drivers/STM32F4xx_HAL_Driver/Src/stm32f4xx_hal_adc_ex.c ****   assert_param(IS_ADC_INJECTED_LENGTH(sConfigInjected->InjectedNbrOfConversion));
 1780              		.loc 1 831 3 discriminator 15 view .LVU506
 1781 0078 B3F5702F 		cmp	r3, #983040
 1782 007c 03D0     		beq	.L135
 831:Drivers/STM32F4/Drivers/STM32F4xx_HAL_Driver/Src/stm32f4xx_hal_adc_ex.c ****   assert_param(IS_ADC_INJECTED_LENGTH(sConfigInjected->InjectedNbrOfConversion));
 1783              		.loc 1 831 3 discriminator 16 view .LVU507
 1784 007e A44A     		ldr	r2, .L174
ARM GAS  /tmp/ccT7L7Lv.s 			page 60


 1785 0080 9342     		cmp	r3, r2
 1786 0082 40F0E580 		bne	.L165
 1787              	.L135:
 832:Drivers/STM32F4/Drivers/STM32F4xx_HAL_Driver/Src/stm32f4xx_hal_adc_ex.c ****   assert_param(IS_FUNCTIONAL_STATE(sConfigInjected->AutoInjectedConv));
 1788              		.loc 1 832 3 is_stmt 1 view .LVU508
 1789 0086 2369     		ldr	r3, [r4, #16]
 1790 0088 013B     		subs	r3, r3, #1
 1791 008a 032B     		cmp	r3, #3
 1792 008c 00F2E680 		bhi	.L166
 1793              	.L136:
 833:Drivers/STM32F4/Drivers/STM32F4xx_HAL_Driver/Src/stm32f4xx_hal_adc_ex.c ****   assert_param(IS_FUNCTIONAL_STATE(sConfigInjected->InjectedDiscontinuousConvMode));
 1794              		.loc 1 833 3 view .LVU509
 1795 0090 637D     		ldrb	r3, [r4, #21]	@ zero_extendqisi2
 1796 0092 012B     		cmp	r3, #1
 1797 0094 00F2E880 		bhi	.L167
 1798              	.L137:
 834:Drivers/STM32F4/Drivers/STM32F4xx_HAL_Driver/Src/stm32f4xx_hal_adc_ex.c **** 
 1799              		.loc 1 834 3 view .LVU510
 1800 0098 237D     		ldrb	r3, [r4, #20]	@ zero_extendqisi2
 1801 009a 012B     		cmp	r3, #1
 1802 009c 00F2EA80 		bhi	.L168
 1803              	.L138:
 837:Drivers/STM32F4/Drivers/STM32F4xx_HAL_Driver/Src/stm32f4xx_hal_adc_ex.c ****   assert_param(IS_ADC_RANGE(tmp, sConfigInjected->InjectedOffset));
 1804              		.loc 1 837 3 view .LVU511
 837:Drivers/STM32F4/Drivers/STM32F4xx_HAL_Driver/Src/stm32f4xx_hal_adc_ex.c ****   assert_param(IS_ADC_RANGE(tmp, sConfigInjected->InjectedOffset));
 1805              		.loc 1 837 9 is_stmt 0 view .LVU512
 1806 00a0 2B68     		ldr	r3, [r5]
 1807 00a2 5B68     		ldr	r3, [r3, #4]
 1808              	.LVL119:
 838:Drivers/STM32F4/Drivers/STM32F4xx_HAL_Driver/Src/stm32f4xx_hal_adc_ex.c **** #endif /* USE_FULL_ASSERT  */
 1809              		.loc 1 838 3 is_stmt 1 view .LVU513
 1810 00a4 13F04073 		ands	r3, r3, #50331648
 1811              	.LVL120:
 838:Drivers/STM32F4/Drivers/STM32F4xx_HAL_Driver/Src/stm32f4xx_hal_adc_ex.c **** #endif /* USE_FULL_ASSERT  */
 1812              		.loc 1 838 3 is_stmt 0 view .LVU514
 1813 00a8 03D1     		bne	.L139
 838:Drivers/STM32F4/Drivers/STM32F4xx_HAL_Driver/Src/stm32f4xx_hal_adc_ex.c **** #endif /* USE_FULL_ASSERT  */
 1814              		.loc 1 838 3 discriminator 2 view .LVU515
 1815 00aa E268     		ldr	r2, [r4, #12]
 1816 00ac B2F5805F 		cmp	r2, #4096
 1817 00b0 12D3     		bcc	.L140
 1818              	.L139:
 838:Drivers/STM32F4/Drivers/STM32F4xx_HAL_Driver/Src/stm32f4xx_hal_adc_ex.c **** #endif /* USE_FULL_ASSERT  */
 1819              		.loc 1 838 3 discriminator 3 view .LVU516
 1820 00b2 B3F1807F 		cmp	r3, #16777216
 1821 00b6 00F0E380 		beq	.L169
 1822              	.L141:
 838:Drivers/STM32F4/Drivers/STM32F4xx_HAL_Driver/Src/stm32f4xx_hal_adc_ex.c **** #endif /* USE_FULL_ASSERT  */
 1823              		.loc 1 838 3 discriminator 6 view .LVU517
 1824 00ba B3F1007F 		cmp	r3, #33554432
 1825 00be 00F0E580 		beq	.L170
 1826              	.L142:
 838:Drivers/STM32F4/Drivers/STM32F4xx_HAL_Driver/Src/stm32f4xx_hal_adc_ex.c **** #endif /* USE_FULL_ASSERT  */
 1827              		.loc 1 838 3 discriminator 9 view .LVU518
 1828 00c2 B3F1407F 		cmp	r3, #50331648
 1829 00c6 02D1     		bne	.L143
 838:Drivers/STM32F4/Drivers/STM32F4xx_HAL_Driver/Src/stm32f4xx_hal_adc_ex.c **** #endif /* USE_FULL_ASSERT  */
ARM GAS  /tmp/ccT7L7Lv.s 			page 61


 1830              		.loc 1 838 3 discriminator 11 view .LVU519
 1831 00c8 E368     		ldr	r3, [r4, #12]
 1832              	.LVL121:
 838:Drivers/STM32F4/Drivers/STM32F4xx_HAL_Driver/Src/stm32f4xx_hal_adc_ex.c **** #endif /* USE_FULL_ASSERT  */
 1833              		.loc 1 838 3 discriminator 11 view .LVU520
 1834 00ca 3F2B     		cmp	r3, #63
 1835 00cc 04D9     		bls	.L140
 1836              	.L143:
 838:Drivers/STM32F4/Drivers/STM32F4xx_HAL_Driver/Src/stm32f4xx_hal_adc_ex.c **** #endif /* USE_FULL_ASSERT  */
 1837              		.loc 1 838 3 discriminator 12 view .LVU521
 1838 00ce 40F24631 		movw	r1, #838
 1839 00d2 9048     		ldr	r0, .L174+4
 1840 00d4 FFF7FEFF 		bl	assert_failed
 1841              	.LVL122:
 1842              	.L140:
 841:Drivers/STM32F4/Drivers/STM32F4xx_HAL_Driver/Src/stm32f4xx_hal_adc_ex.c ****   {
 1843              		.loc 1 841 3 is_stmt 1 view .LVU522
 841:Drivers/STM32F4/Drivers/STM32F4xx_HAL_Driver/Src/stm32f4xx_hal_adc_ex.c ****   {
 1844              		.loc 1 841 22 is_stmt 0 view .LVU523
 1845 00d8 A269     		ldr	r2, [r4, #24]
 841:Drivers/STM32F4/Drivers/STM32F4xx_HAL_Driver/Src/stm32f4xx_hal_adc_ex.c ****   {
 1846              		.loc 1 841 6 view .LVU524
 1847 00da 8D4B     		ldr	r3, .L174
 1848 00dc 9A42     		cmp	r2, r3
 1849 00de 0BD0     		beq	.L144
 843:Drivers/STM32F4/Drivers/STM32F4xx_HAL_Driver/Src/stm32f4xx_hal_adc_ex.c ****   }
 1850              		.loc 1 843 5 is_stmt 1 view .LVU525
 1851 00e0 E369     		ldr	r3, [r4, #28]
 1852 00e2 4BB1     		cbz	r3, .L144
 843:Drivers/STM32F4/Drivers/STM32F4xx_HAL_Driver/Src/stm32f4xx_hal_adc_ex.c ****   }
 1853              		.loc 1 843 5 is_stmt 0 discriminator 1 view .LVU526
 1854 00e4 B3F5801F 		cmp	r3, #1048576
 1855 00e8 06D0     		beq	.L144
 843:Drivers/STM32F4/Drivers/STM32F4xx_HAL_Driver/Src/stm32f4xx_hal_adc_ex.c ****   }
 1856              		.loc 1 843 5 discriminator 2 view .LVU527
 1857 00ea B3F5001F 		cmp	r3, #2097152
 1858 00ee 03D0     		beq	.L144
 843:Drivers/STM32F4/Drivers/STM32F4xx_HAL_Driver/Src/stm32f4xx_hal_adc_ex.c ****   }
 1859              		.loc 1 843 5 discriminator 3 view .LVU528
 1860 00f0 B3F5401F 		cmp	r3, #3145728
 1861 00f4 40F0CF80 		bne	.L171
 1862              	.L144:
 847:Drivers/STM32F4/Drivers/STM32F4xx_HAL_Driver/Src/stm32f4xx_hal_adc_ex.c **** 
 1863              		.loc 1 847 3 is_stmt 1 view .LVU529
 847:Drivers/STM32F4/Drivers/STM32F4xx_HAL_Driver/Src/stm32f4xx_hal_adc_ex.c **** 
 1864              		.loc 1 847 3 view .LVU530
 1865 00f8 95F83C30 		ldrb	r3, [r5, #60]	@ zero_extendqisi2
 1866 00fc 012B     		cmp	r3, #1
 1867 00fe 00F03881 		beq	.L160
 847:Drivers/STM32F4/Drivers/STM32F4xx_HAL_Driver/Src/stm32f4xx_hal_adc_ex.c **** 
 1868              		.loc 1 847 3 discriminator 2 view .LVU531
 1869 0102 0123     		movs	r3, #1
 1870 0104 85F83C30 		strb	r3, [r5, #60]
 847:Drivers/STM32F4/Drivers/STM32F4xx_HAL_Driver/Src/stm32f4xx_hal_adc_ex.c **** 
 1871              		.loc 1 847 3 discriminator 2 view .LVU532
 850:Drivers/STM32F4/Drivers/STM32F4xx_HAL_Driver/Src/stm32f4xx_hal_adc_ex.c ****   {
 1872              		.loc 1 850 3 view .LVU533
ARM GAS  /tmp/ccT7L7Lv.s 			page 62


 850:Drivers/STM32F4/Drivers/STM32F4xx_HAL_Driver/Src/stm32f4xx_hal_adc_ex.c ****   {
 1873              		.loc 1 850 22 is_stmt 0 view .LVU534
 1874 0108 2368     		ldr	r3, [r4]
 850:Drivers/STM32F4/Drivers/STM32F4xx_HAL_Driver/Src/stm32f4xx_hal_adc_ex.c ****   {
 1875              		.loc 1 850 6 view .LVU535
 1876 010a 092B     		cmp	r3, #9
 1877 010c 40F2C980 		bls	.L146
 853:Drivers/STM32F4/Drivers/STM32F4xx_HAL_Driver/Src/stm32f4xx_hal_adc_ex.c **** 
 1878              		.loc 1 853 5 is_stmt 1 view .LVU536
 853:Drivers/STM32F4/Drivers/STM32F4xx_HAL_Driver/Src/stm32f4xx_hal_adc_ex.c **** 
 1879              		.loc 1 853 9 is_stmt 0 view .LVU537
 1880 0110 2868     		ldr	r0, [r5]
 853:Drivers/STM32F4/Drivers/STM32F4xx_HAL_Driver/Src/stm32f4xx_hal_adc_ex.c **** 
 1881              		.loc 1 853 19 view .LVU538
 1882 0112 C268     		ldr	r2, [r0, #12]
 853:Drivers/STM32F4/Drivers/STM32F4xx_HAL_Driver/Src/stm32f4xx_hal_adc_ex.c **** 
 1883              		.loc 1 853 31 view .LVU539
 1884 0114 9BB2     		uxth	r3, r3
 1885 0116 03EB4303 		add	r3, r3, r3, lsl #1
 1886 011a 1E3B     		subs	r3, r3, #30
 1887 011c 0721     		movs	r1, #7
 1888 011e 01FA03F3 		lsl	r3, r1, r3
 853:Drivers/STM32F4/Drivers/STM32F4xx_HAL_Driver/Src/stm32f4xx_hal_adc_ex.c **** 
 1889              		.loc 1 853 27 view .LVU540
 1890 0122 22EA0303 		bic	r3, r2, r3
 1891 0126 C360     		str	r3, [r0, #12]
 856:Drivers/STM32F4/Drivers/STM32F4xx_HAL_Driver/Src/stm32f4xx_hal_adc_ex.c ****   }
 1892              		.loc 1 856 5 is_stmt 1 view .LVU541
 856:Drivers/STM32F4/Drivers/STM32F4xx_HAL_Driver/Src/stm32f4xx_hal_adc_ex.c ****   }
 1893              		.loc 1 856 9 is_stmt 0 view .LVU542
 1894 0128 2868     		ldr	r0, [r5]
 856:Drivers/STM32F4/Drivers/STM32F4xx_HAL_Driver/Src/stm32f4xx_hal_adc_ex.c ****   }
 1895              		.loc 1 856 19 view .LVU543
 1896 012a C268     		ldr	r2, [r0, #12]
 856:Drivers/STM32F4/Drivers/STM32F4xx_HAL_Driver/Src/stm32f4xx_hal_adc_ex.c ****   }
 1897              		.loc 1 856 30 view .LVU544
 1898 012c A168     		ldr	r1, [r4, #8]
 1899 012e 2388     		ldrh	r3, [r4]
 1900 0130 03EB4303 		add	r3, r3, r3, lsl #1
 1901 0134 1E3B     		subs	r3, r3, #30
 1902 0136 9940     		lsls	r1, r1, r3
 856:Drivers/STM32F4/Drivers/STM32F4xx_HAL_Driver/Src/stm32f4xx_hal_adc_ex.c ****   }
 1903              		.loc 1 856 27 view .LVU545
 1904 0138 0A43     		orrs	r2, r2, r1
 1905 013a C260     		str	r2, [r0, #12]
 1906              	.L147:
 868:Drivers/STM32F4/Drivers/STM32F4xx_HAL_Driver/Src/stm32f4xx_hal_adc_ex.c ****   hadc->Instance->JSQR |=  ADC_SQR1(sConfigInjected->InjectedNbrOfConversion);
 1907              		.loc 1 868 3 is_stmt 1 view .LVU546
 868:Drivers/STM32F4/Drivers/STM32F4xx_HAL_Driver/Src/stm32f4xx_hal_adc_ex.c ****   hadc->Instance->JSQR |=  ADC_SQR1(sConfigInjected->InjectedNbrOfConversion);
 1908              		.loc 1 868 7 is_stmt 0 view .LVU547
 1909 013c 2A68     		ldr	r2, [r5]
 868:Drivers/STM32F4/Drivers/STM32F4xx_HAL_Driver/Src/stm32f4xx_hal_adc_ex.c ****   hadc->Instance->JSQR |=  ADC_SQR1(sConfigInjected->InjectedNbrOfConversion);
 1910              		.loc 1 868 17 view .LVU548
 1911 013e 936B     		ldr	r3, [r2, #56]
 868:Drivers/STM32F4/Drivers/STM32F4xx_HAL_Driver/Src/stm32f4xx_hal_adc_ex.c ****   hadc->Instance->JSQR |=  ADC_SQR1(sConfigInjected->InjectedNbrOfConversion);
 1912              		.loc 1 868 24 view .LVU549
 1913 0140 23F44013 		bic	r3, r3, #3145728
ARM GAS  /tmp/ccT7L7Lv.s 			page 63


 1914 0144 9363     		str	r3, [r2, #56]
 869:Drivers/STM32F4/Drivers/STM32F4xx_HAL_Driver/Src/stm32f4xx_hal_adc_ex.c **** 
 1915              		.loc 1 869 3 is_stmt 1 view .LVU550
 869:Drivers/STM32F4/Drivers/STM32F4xx_HAL_Driver/Src/stm32f4xx_hal_adc_ex.c **** 
 1916              		.loc 1 869 7 is_stmt 0 view .LVU551
 1917 0146 2968     		ldr	r1, [r5]
 869:Drivers/STM32F4/Drivers/STM32F4xx_HAL_Driver/Src/stm32f4xx_hal_adc_ex.c **** 
 1918              		.loc 1 869 17 view .LVU552
 1919 0148 8B6B     		ldr	r3, [r1, #56]
 869:Drivers/STM32F4/Drivers/STM32F4xx_HAL_Driver/Src/stm32f4xx_hal_adc_ex.c **** 
 1920              		.loc 1 869 28 view .LVU553
 1921 014a 2269     		ldr	r2, [r4, #16]
 1922 014c 013A     		subs	r2, r2, #1
 869:Drivers/STM32F4/Drivers/STM32F4xx_HAL_Driver/Src/stm32f4xx_hal_adc_ex.c **** 
 1923              		.loc 1 869 24 view .LVU554
 1924 014e 43EA0253 		orr	r3, r3, r2, lsl #20
 1925 0152 8B63     		str	r3, [r1, #56]
 874:Drivers/STM32F4/Drivers/STM32F4xx_HAL_Driver/Src/stm32f4xx_hal_adc_ex.c **** 
 1926              		.loc 1 874 3 is_stmt 1 view .LVU555
 874:Drivers/STM32F4/Drivers/STM32F4xx_HAL_Driver/Src/stm32f4xx_hal_adc_ex.c **** 
 1927              		.loc 1 874 7 is_stmt 0 view .LVU556
 1928 0154 2868     		ldr	r0, [r5]
 874:Drivers/STM32F4/Drivers/STM32F4xx_HAL_Driver/Src/stm32f4xx_hal_adc_ex.c **** 
 1929              		.loc 1 874 17 view .LVU557
 1930 0156 826B     		ldr	r2, [r0, #56]
 874:Drivers/STM32F4/Drivers/STM32F4xx_HAL_Driver/Src/stm32f4xx_hal_adc_ex.c **** 
 1931              		.loc 1 874 28 view .LVU558
 1932 0158 6368     		ldr	r3, [r4, #4]
 1933 015a 2169     		ldr	r1, [r4, #16]
 1934 015c 5B1A     		subs	r3, r3, r1
 1935 015e DBB2     		uxtb	r3, r3
 1936 0160 0333     		adds	r3, r3, #3
 1937 0162 DBB2     		uxtb	r3, r3
 1938 0164 03EB8303 		add	r3, r3, r3, lsl #2
 1939 0168 1F21     		movs	r1, #31
 1940 016a 01FA03F3 		lsl	r3, r1, r3
 874:Drivers/STM32F4/Drivers/STM32F4xx_HAL_Driver/Src/stm32f4xx_hal_adc_ex.c **** 
 1941              		.loc 1 874 24 view .LVU559
 1942 016e 22EA0303 		bic	r3, r2, r3
 1943 0172 8363     		str	r3, [r0, #56]
 877:Drivers/STM32F4/Drivers/STM32F4xx_HAL_Driver/Src/stm32f4xx_hal_adc_ex.c **** 
 1944              		.loc 1 877 3 is_stmt 1 view .LVU560
 877:Drivers/STM32F4/Drivers/STM32F4xx_HAL_Driver/Src/stm32f4xx_hal_adc_ex.c **** 
 1945              		.loc 1 877 7 is_stmt 0 view .LVU561
 1946 0174 2868     		ldr	r0, [r5]
 877:Drivers/STM32F4/Drivers/STM32F4xx_HAL_Driver/Src/stm32f4xx_hal_adc_ex.c **** 
 1947              		.loc 1 877 17 view .LVU562
 1948 0176 826B     		ldr	r2, [r0, #56]
 877:Drivers/STM32F4/Drivers/STM32F4xx_HAL_Driver/Src/stm32f4xx_hal_adc_ex.c **** 
 1949              		.loc 1 877 27 view .LVU563
 1950 0178 6368     		ldr	r3, [r4, #4]
 1951 017a 2169     		ldr	r1, [r4, #16]
 1952 017c 5B1A     		subs	r3, r3, r1
 1953 017e DBB2     		uxtb	r3, r3
 1954 0180 0333     		adds	r3, r3, #3
 1955 0182 DBB2     		uxtb	r3, r3
 1956 0184 03EB8303 		add	r3, r3, r3, lsl #2
ARM GAS  /tmp/ccT7L7Lv.s 			page 64


 1957 0188 2188     		ldrh	r1, [r4]
 1958 018a 01FA03F3 		lsl	r3, r1, r3
 877:Drivers/STM32F4/Drivers/STM32F4xx_HAL_Driver/Src/stm32f4xx_hal_adc_ex.c **** 
 1959              		.loc 1 877 24 view .LVU564
 1960 018e 1343     		orrs	r3, r3, r2
 1961 0190 8363     		str	r3, [r0, #56]
 884:Drivers/STM32F4/Drivers/STM32F4xx_HAL_Driver/Src/stm32f4xx_hal_adc_ex.c ****   {
 1962              		.loc 1 884 3 is_stmt 1 view .LVU565
 884:Drivers/STM32F4/Drivers/STM32F4xx_HAL_Driver/Src/stm32f4xx_hal_adc_ex.c ****   {
 1963              		.loc 1 884 22 is_stmt 0 view .LVU566
 1964 0192 A269     		ldr	r2, [r4, #24]
 884:Drivers/STM32F4/Drivers/STM32F4xx_HAL_Driver/Src/stm32f4xx_hal_adc_ex.c ****   {
 1965              		.loc 1 884 6 view .LVU567
 1966 0194 5E4B     		ldr	r3, .L174
 1967 0196 9A42     		cmp	r2, r3
 1968 0198 00F09880 		beq	.L148
 887:Drivers/STM32F4/Drivers/STM32F4xx_HAL_Driver/Src/stm32f4xx_hal_adc_ex.c ****     hadc->Instance->CR2 |=  sConfigInjected->ExternalTrigInjecConv;
 1969              		.loc 1 887 5 is_stmt 1 view .LVU568
 887:Drivers/STM32F4/Drivers/STM32F4xx_HAL_Driver/Src/stm32f4xx_hal_adc_ex.c ****     hadc->Instance->CR2 |=  sConfigInjected->ExternalTrigInjecConv;
 1970              		.loc 1 887 9 is_stmt 0 view .LVU569
 1971 019c 2A68     		ldr	r2, [r5]
 887:Drivers/STM32F4/Drivers/STM32F4xx_HAL_Driver/Src/stm32f4xx_hal_adc_ex.c ****     hadc->Instance->CR2 |=  sConfigInjected->ExternalTrigInjecConv;
 1972              		.loc 1 887 19 view .LVU570
 1973 019e 9368     		ldr	r3, [r2, #8]
 887:Drivers/STM32F4/Drivers/STM32F4xx_HAL_Driver/Src/stm32f4xx_hal_adc_ex.c ****     hadc->Instance->CR2 |=  sConfigInjected->ExternalTrigInjecConv;
 1974              		.loc 1 887 25 view .LVU571
 1975 01a0 23F47023 		bic	r3, r3, #983040
 1976 01a4 9360     		str	r3, [r2, #8]
 888:Drivers/STM32F4/Drivers/STM32F4xx_HAL_Driver/Src/stm32f4xx_hal_adc_ex.c **** 
 1977              		.loc 1 888 5 is_stmt 1 view .LVU572
 888:Drivers/STM32F4/Drivers/STM32F4xx_HAL_Driver/Src/stm32f4xx_hal_adc_ex.c **** 
 1978              		.loc 1 888 9 is_stmt 0 view .LVU573
 1979 01a6 2A68     		ldr	r2, [r5]
 888:Drivers/STM32F4/Drivers/STM32F4xx_HAL_Driver/Src/stm32f4xx_hal_adc_ex.c **** 
 1980              		.loc 1 888 19 view .LVU574
 1981 01a8 9368     		ldr	r3, [r2, #8]
 888:Drivers/STM32F4/Drivers/STM32F4xx_HAL_Driver/Src/stm32f4xx_hal_adc_ex.c **** 
 1982              		.loc 1 888 44 view .LVU575
 1983 01aa A169     		ldr	r1, [r4, #24]
 888:Drivers/STM32F4/Drivers/STM32F4xx_HAL_Driver/Src/stm32f4xx_hal_adc_ex.c **** 
 1984              		.loc 1 888 25 view .LVU576
 1985 01ac 0B43     		orrs	r3, r3, r1
 1986 01ae 9360     		str	r3, [r2, #8]
 891:Drivers/STM32F4/Drivers/STM32F4xx_HAL_Driver/Src/stm32f4xx_hal_adc_ex.c ****     hadc->Instance->CR2 |= sConfigInjected->ExternalTrigInjecConvEdge;
 1987              		.loc 1 891 5 is_stmt 1 view .LVU577
 891:Drivers/STM32F4/Drivers/STM32F4xx_HAL_Driver/Src/stm32f4xx_hal_adc_ex.c ****     hadc->Instance->CR2 |= sConfigInjected->ExternalTrigInjecConvEdge;
 1988              		.loc 1 891 9 is_stmt 0 view .LVU578
 1989 01b0 2A68     		ldr	r2, [r5]
 891:Drivers/STM32F4/Drivers/STM32F4xx_HAL_Driver/Src/stm32f4xx_hal_adc_ex.c ****     hadc->Instance->CR2 |= sConfigInjected->ExternalTrigInjecConvEdge;
 1990              		.loc 1 891 19 view .LVU579
 1991 01b2 9368     		ldr	r3, [r2, #8]
 891:Drivers/STM32F4/Drivers/STM32F4xx_HAL_Driver/Src/stm32f4xx_hal_adc_ex.c ****     hadc->Instance->CR2 |= sConfigInjected->ExternalTrigInjecConvEdge;
 1992              		.loc 1 891 25 view .LVU580
 1993 01b4 23F44013 		bic	r3, r3, #3145728
 1994 01b8 9360     		str	r3, [r2, #8]
 892:Drivers/STM32F4/Drivers/STM32F4xx_HAL_Driver/Src/stm32f4xx_hal_adc_ex.c ****   }
 1995              		.loc 1 892 5 is_stmt 1 view .LVU581
ARM GAS  /tmp/ccT7L7Lv.s 			page 65


 892:Drivers/STM32F4/Drivers/STM32F4xx_HAL_Driver/Src/stm32f4xx_hal_adc_ex.c ****   }
 1996              		.loc 1 892 9 is_stmt 0 view .LVU582
 1997 01ba 2A68     		ldr	r2, [r5]
 892:Drivers/STM32F4/Drivers/STM32F4xx_HAL_Driver/Src/stm32f4xx_hal_adc_ex.c ****   }
 1998              		.loc 1 892 19 view .LVU583
 1999 01bc 9368     		ldr	r3, [r2, #8]
 892:Drivers/STM32F4/Drivers/STM32F4xx_HAL_Driver/Src/stm32f4xx_hal_adc_ex.c ****   }
 2000              		.loc 1 892 43 view .LVU584
 2001 01be E169     		ldr	r1, [r4, #28]
 892:Drivers/STM32F4/Drivers/STM32F4xx_HAL_Driver/Src/stm32f4xx_hal_adc_ex.c ****   }
 2002              		.loc 1 892 25 view .LVU585
 2003 01c0 0B43     		orrs	r3, r3, r1
 2004 01c2 9360     		str	r3, [r2, #8]
 2005              	.L149:
 901:Drivers/STM32F4/Drivers/STM32F4xx_HAL_Driver/Src/stm32f4xx_hal_adc_ex.c ****   {
 2006              		.loc 1 901 3 is_stmt 1 view .LVU586
 901:Drivers/STM32F4/Drivers/STM32F4xx_HAL_Driver/Src/stm32f4xx_hal_adc_ex.c ****   {
 2007              		.loc 1 901 22 is_stmt 0 view .LVU587
 2008 01c4 637D     		ldrb	r3, [r4, #21]	@ zero_extendqisi2
 901:Drivers/STM32F4/Drivers/STM32F4xx_HAL_Driver/Src/stm32f4xx_hal_adc_ex.c ****   {
 2009              		.loc 1 901 6 view .LVU588
 2010 01c6 002B     		cmp	r3, #0
 2011 01c8 00F08B80 		beq	.L150
 904:Drivers/STM32F4/Drivers/STM32F4xx_HAL_Driver/Src/stm32f4xx_hal_adc_ex.c ****   }
 2012              		.loc 1 904 5 is_stmt 1 view .LVU589
 904:Drivers/STM32F4/Drivers/STM32F4xx_HAL_Driver/Src/stm32f4xx_hal_adc_ex.c ****   }
 2013              		.loc 1 904 9 is_stmt 0 view .LVU590
 2014 01cc 2A68     		ldr	r2, [r5]
 904:Drivers/STM32F4/Drivers/STM32F4xx_HAL_Driver/Src/stm32f4xx_hal_adc_ex.c ****   }
 2015              		.loc 1 904 19 view .LVU591
 2016 01ce 5368     		ldr	r3, [r2, #4]
 904:Drivers/STM32F4/Drivers/STM32F4xx_HAL_Driver/Src/stm32f4xx_hal_adc_ex.c ****   }
 2017              		.loc 1 904 25 view .LVU592
 2018 01d0 43F48063 		orr	r3, r3, #1024
 2019 01d4 5360     		str	r3, [r2, #4]
 2020              	.L151:
 912:Drivers/STM32F4/Drivers/STM32F4xx_HAL_Driver/Src/stm32f4xx_hal_adc_ex.c ****   {
 2021              		.loc 1 912 3 is_stmt 1 view .LVU593
 912:Drivers/STM32F4/Drivers/STM32F4xx_HAL_Driver/Src/stm32f4xx_hal_adc_ex.c ****   {
 2022              		.loc 1 912 22 is_stmt 0 view .LVU594
 2023 01d6 237D     		ldrb	r3, [r4, #20]	@ zero_extendqisi2
 912:Drivers/STM32F4/Drivers/STM32F4xx_HAL_Driver/Src/stm32f4xx_hal_adc_ex.c ****   {
 2024              		.loc 1 912 6 view .LVU595
 2025 01d8 002B     		cmp	r3, #0
 2026 01da 00F08880 		beq	.L152
 915:Drivers/STM32F4/Drivers/STM32F4xx_HAL_Driver/Src/stm32f4xx_hal_adc_ex.c ****   }
 2027              		.loc 1 915 5 is_stmt 1 view .LVU596
 915:Drivers/STM32F4/Drivers/STM32F4xx_HAL_Driver/Src/stm32f4xx_hal_adc_ex.c ****   }
 2028              		.loc 1 915 9 is_stmt 0 view .LVU597
 2029 01de 2A68     		ldr	r2, [r5]
 915:Drivers/STM32F4/Drivers/STM32F4xx_HAL_Driver/Src/stm32f4xx_hal_adc_ex.c ****   }
 2030              		.loc 1 915 19 view .LVU598
 2031 01e0 5368     		ldr	r3, [r2, #4]
 915:Drivers/STM32F4/Drivers/STM32F4xx_HAL_Driver/Src/stm32f4xx_hal_adc_ex.c ****   }
 2032              		.loc 1 915 25 view .LVU599
 2033 01e2 43F48053 		orr	r3, r3, #4096
 2034 01e6 5360     		str	r3, [r2, #4]
ARM GAS  /tmp/ccT7L7Lv.s 			page 66


 2035              	.L153:
 923:Drivers/STM32F4/Drivers/STM32F4xx_HAL_Driver/Src/stm32f4xx_hal_adc_ex.c ****   {
 2036              		.loc 1 923 3 is_stmt 1 view .LVU600
 923:Drivers/STM32F4/Drivers/STM32F4xx_HAL_Driver/Src/stm32f4xx_hal_adc_ex.c ****   {
 2037              		.loc 1 923 26 is_stmt 0 view .LVU601
 2038 01e8 6368     		ldr	r3, [r4, #4]
 923:Drivers/STM32F4/Drivers/STM32F4xx_HAL_Driver/Src/stm32f4xx_hal_adc_ex.c ****   {
 2039              		.loc 1 923 3 view .LVU602
 2040 01ea 022B     		cmp	r3, #2
 2041 01ec 00F08580 		beq	.L154
 2042 01f0 032B     		cmp	r3, #3
 2043 01f2 00F09380 		beq	.L155
 2044 01f6 012B     		cmp	r3, #1
 2045 01f8 40F09B80 		bne	.L156
 927:Drivers/STM32F4/Drivers/STM32F4xx_HAL_Driver/Src/stm32f4xx_hal_adc_ex.c ****       hadc->Instance->JOFR1 |= sConfigInjected->InjectedOffset;
 2046              		.loc 1 927 7 is_stmt 1 view .LVU603
 927:Drivers/STM32F4/Drivers/STM32F4xx_HAL_Driver/Src/stm32f4xx_hal_adc_ex.c ****       hadc->Instance->JOFR1 |= sConfigInjected->InjectedOffset;
 2047              		.loc 1 927 11 is_stmt 0 view .LVU604
 2048 01fc 2A68     		ldr	r2, [r5]
 927:Drivers/STM32F4/Drivers/STM32F4xx_HAL_Driver/Src/stm32f4xx_hal_adc_ex.c ****       hadc->Instance->JOFR1 |= sConfigInjected->InjectedOffset;
 2049              		.loc 1 927 21 view .LVU605
 2050 01fe 5369     		ldr	r3, [r2, #20]
 927:Drivers/STM32F4/Drivers/STM32F4xx_HAL_Driver/Src/stm32f4xx_hal_adc_ex.c ****       hadc->Instance->JOFR1 |= sConfigInjected->InjectedOffset;
 2051              		.loc 1 927 29 view .LVU606
 2052 0200 6FF30B03 		bfc	r3, #0, #12
 2053 0204 5361     		str	r3, [r2, #20]
 928:Drivers/STM32F4/Drivers/STM32F4xx_HAL_Driver/Src/stm32f4xx_hal_adc_ex.c ****       break;
 2054              		.loc 1 928 7 is_stmt 1 view .LVU607
 928:Drivers/STM32F4/Drivers/STM32F4xx_HAL_Driver/Src/stm32f4xx_hal_adc_ex.c ****       break;
 2055              		.loc 1 928 11 is_stmt 0 view .LVU608
 2056 0206 2A68     		ldr	r2, [r5]
 928:Drivers/STM32F4/Drivers/STM32F4xx_HAL_Driver/Src/stm32f4xx_hal_adc_ex.c ****       break;
 2057              		.loc 1 928 21 view .LVU609
 2058 0208 5369     		ldr	r3, [r2, #20]
 928:Drivers/STM32F4/Drivers/STM32F4xx_HAL_Driver/Src/stm32f4xx_hal_adc_ex.c ****       break;
 2059              		.loc 1 928 47 view .LVU610
 2060 020a E168     		ldr	r1, [r4, #12]
 928:Drivers/STM32F4/Drivers/STM32F4xx_HAL_Driver/Src/stm32f4xx_hal_adc_ex.c ****       break;
 2061              		.loc 1 928 29 view .LVU611
 2062 020c 0B43     		orrs	r3, r3, r1
 2063 020e 5361     		str	r3, [r2, #20]
 929:Drivers/STM32F4/Drivers/STM32F4xx_HAL_Driver/Src/stm32f4xx_hal_adc_ex.c ****     case 2U:
 2064              		.loc 1 929 7 is_stmt 1 view .LVU612
 2065              	.L157:
 950:Drivers/STM32F4/Drivers/STM32F4xx_HAL_Driver/Src/stm32f4xx_hal_adc_ex.c **** 
 2066              		.loc 1 950 3 view .LVU613
 2067              	.LVL123:
 953:Drivers/STM32F4/Drivers/STM32F4xx_HAL_Driver/Src/stm32f4xx_hal_adc_ex.c ****   {
 2068              		.loc 1 953 3 view .LVU614
 953:Drivers/STM32F4/Drivers/STM32F4xx_HAL_Driver/Src/stm32f4xx_hal_adc_ex.c ****   {
 2069              		.loc 1 953 12 is_stmt 0 view .LVU615
 2070 0210 2A68     		ldr	r2, [r5]
 953:Drivers/STM32F4/Drivers/STM32F4xx_HAL_Driver/Src/stm32f4xx_hal_adc_ex.c ****   {
 2071              		.loc 1 953 6 view .LVU616
 2072 0212 414B     		ldr	r3, .L174+8
 2073 0214 9A42     		cmp	r2, r3
 2074 0216 00F09780 		beq	.L172
ARM GAS  /tmp/ccT7L7Lv.s 			page 67


 2075              	.L158:
 960:Drivers/STM32F4/Drivers/STM32F4xx_HAL_Driver/Src/stm32f4xx_hal_adc_ex.c ****   {
 2076              		.loc 1 960 3 is_stmt 1 view .LVU617
 960:Drivers/STM32F4/Drivers/STM32F4xx_HAL_Driver/Src/stm32f4xx_hal_adc_ex.c ****   {
 2077              		.loc 1 960 12 is_stmt 0 view .LVU618
 2078 021a 2A68     		ldr	r2, [r5]
 960:Drivers/STM32F4/Drivers/STM32F4xx_HAL_Driver/Src/stm32f4xx_hal_adc_ex.c ****   {
 2079              		.loc 1 960 6 view .LVU619
 2080 021c 3E4B     		ldr	r3, .L174+8
 2081 021e 9A42     		cmp	r2, r3
 2082 0220 00F09C80 		beq	.L173
 2083              	.L159:
 967:Drivers/STM32F4/Drivers/STM32F4xx_HAL_Driver/Src/stm32f4xx_hal_adc_ex.c **** 
 2084              		.loc 1 967 3 is_stmt 1 view .LVU620
 967:Drivers/STM32F4/Drivers/STM32F4xx_HAL_Driver/Src/stm32f4xx_hal_adc_ex.c **** 
 2085              		.loc 1 967 3 view .LVU621
 2086 0224 0020     		movs	r0, #0
 2087 0226 85F83C00 		strb	r0, [r5, #60]
 967:Drivers/STM32F4/Drivers/STM32F4xx_HAL_Driver/Src/stm32f4xx_hal_adc_ex.c **** 
 2088              		.loc 1 967 3 view .LVU622
 970:Drivers/STM32F4/Drivers/STM32F4xx_HAL_Driver/Src/stm32f4xx_hal_adc_ex.c **** }
 2089              		.loc 1 970 3 view .LVU623
 2090              	.LVL124:
 2091              	.L145:
 971:Drivers/STM32F4/Drivers/STM32F4xx_HAL_Driver/Src/stm32f4xx_hal_adc_ex.c **** 
 2092              		.loc 1 971 1 is_stmt 0 view .LVU624
 2093 022a 38BD     		pop	{r3, r4, r5, pc}
 2094              	.LVL125:
 2095              	.L162:
 828:Drivers/STM32F4/Drivers/STM32F4xx_HAL_Driver/Src/stm32f4xx_hal_adc_ex.c ****   assert_param(IS_ADC_INJECTED_RANK(sConfigInjected->InjectedRank));
 2096              		.loc 1 828 3 discriminator 1 view .LVU625
 2097 022c 4FF44F71 		mov	r1, #828
 2098              	.LVL126:
 828:Drivers/STM32F4/Drivers/STM32F4xx_HAL_Driver/Src/stm32f4xx_hal_adc_ex.c ****   assert_param(IS_ADC_INJECTED_RANK(sConfigInjected->InjectedRank));
 2099              		.loc 1 828 3 discriminator 1 view .LVU626
 2100 0230 3848     		ldr	r0, .L174+4
 2101              	.LVL127:
 828:Drivers/STM32F4/Drivers/STM32F4xx_HAL_Driver/Src/stm32f4xx_hal_adc_ex.c ****   assert_param(IS_ADC_INJECTED_RANK(sConfigInjected->InjectedRank));
 2102              		.loc 1 828 3 discriminator 1 view .LVU627
 2103 0232 FFF7FEFF 		bl	assert_failed
 2104              	.LVL128:
 2105 0236 EAE6     		b	.L132
 2106              	.L163:
 829:Drivers/STM32F4/Drivers/STM32F4xx_HAL_Driver/Src/stm32f4xx_hal_adc_ex.c ****   assert_param(IS_ADC_SAMPLE_TIME(sConfigInjected->InjectedSamplingTime));
 2107              		.loc 1 829 3 discriminator 1 view .LVU628
 2108 0238 40F23D31 		movw	r1, #829
 2109 023c 3548     		ldr	r0, .L174+4
 2110 023e FFF7FEFF 		bl	assert_failed
 2111              	.LVL129:
 2112 0242 E9E6     		b	.L133
 2113              	.L164:
 830:Drivers/STM32F4/Drivers/STM32F4xx_HAL_Driver/Src/stm32f4xx_hal_adc_ex.c ****   assert_param(IS_ADC_EXT_INJEC_TRIG(sConfigInjected->ExternalTrigInjecConv));
 2114              		.loc 1 830 3 discriminator 1 view .LVU629
 2115 0244 40F23E31 		movw	r1, #830
 2116 0248 3248     		ldr	r0, .L174+4
 2117 024a FFF7FEFF 		bl	assert_failed
 2118              	.LVL130:
ARM GAS  /tmp/ccT7L7Lv.s 			page 68


 2119 024e E7E6     		b	.L134
 2120              	.L165:
 831:Drivers/STM32F4/Drivers/STM32F4xx_HAL_Driver/Src/stm32f4xx_hal_adc_ex.c ****   assert_param(IS_ADC_INJECTED_LENGTH(sConfigInjected->InjectedNbrOfConversion));
 2121              		.loc 1 831 3 discriminator 17 view .LVU630
 2122 0250 40F23F31 		movw	r1, #831
 2123 0254 2F48     		ldr	r0, .L174+4
 2124 0256 FFF7FEFF 		bl	assert_failed
 2125              	.LVL131:
 2126 025a 14E7     		b	.L135
 2127              	.L166:
 832:Drivers/STM32F4/Drivers/STM32F4xx_HAL_Driver/Src/stm32f4xx_hal_adc_ex.c ****   assert_param(IS_FUNCTIONAL_STATE(sConfigInjected->AutoInjectedConv));
 2128              		.loc 1 832 3 discriminator 1 view .LVU631
 2129 025c 4FF45071 		mov	r1, #832
 2130 0260 2C48     		ldr	r0, .L174+4
 2131 0262 FFF7FEFF 		bl	assert_failed
 2132              	.LVL132:
 2133 0266 13E7     		b	.L136
 2134              	.L167:
 833:Drivers/STM32F4/Drivers/STM32F4xx_HAL_Driver/Src/stm32f4xx_hal_adc_ex.c ****   assert_param(IS_FUNCTIONAL_STATE(sConfigInjected->InjectedDiscontinuousConvMode));
 2135              		.loc 1 833 3 discriminator 1 view .LVU632
 2136 0268 40F24131 		movw	r1, #833
 2137 026c 2948     		ldr	r0, .L174+4
 2138 026e FFF7FEFF 		bl	assert_failed
 2139              	.LVL133:
 2140 0272 11E7     		b	.L137
 2141              	.L168:
 834:Drivers/STM32F4/Drivers/STM32F4xx_HAL_Driver/Src/stm32f4xx_hal_adc_ex.c **** 
 2142              		.loc 1 834 3 discriminator 1 view .LVU633
 2143 0274 40F24231 		movw	r1, #834
 2144 0278 2648     		ldr	r0, .L174+4
 2145 027a FFF7FEFF 		bl	assert_failed
 2146              	.LVL134:
 2147 027e 0FE7     		b	.L138
 2148              	.LVL135:
 2149              	.L169:
 838:Drivers/STM32F4/Drivers/STM32F4xx_HAL_Driver/Src/stm32f4xx_hal_adc_ex.c **** #endif /* USE_FULL_ASSERT  */
 2150              		.loc 1 838 3 discriminator 5 view .LVU634
 2151 0280 E268     		ldr	r2, [r4, #12]
 2152 0282 B2F5806F 		cmp	r2, #1024
 2153 0286 FFF427AF 		bcc	.L140
 2154 028a 16E7     		b	.L141
 2155              	.L170:
 838:Drivers/STM32F4/Drivers/STM32F4xx_HAL_Driver/Src/stm32f4xx_hal_adc_ex.c **** #endif /* USE_FULL_ASSERT  */
 2156              		.loc 1 838 3 discriminator 8 view .LVU635
 2157 028c E268     		ldr	r2, [r4, #12]
 2158 028e FF2A     		cmp	r2, #255
 2159 0290 7FF622AF 		bls	.L140
 2160 0294 15E7     		b	.L142
 2161              	.LVL136:
 2162              	.L171:
 843:Drivers/STM32F4/Drivers/STM32F4xx_HAL_Driver/Src/stm32f4xx_hal_adc_ex.c ****   }
 2163              		.loc 1 843 5 discriminator 4 view .LVU636
 2164 0296 40F24B31 		movw	r1, #843
 2165 029a 1E48     		ldr	r0, .L174+4
 2166 029c FFF7FEFF 		bl	assert_failed
 2167              	.LVL137:
 2168 02a0 2AE7     		b	.L144
ARM GAS  /tmp/ccT7L7Lv.s 			page 69


 2169              	.L146:
 861:Drivers/STM32F4/Drivers/STM32F4xx_HAL_Driver/Src/stm32f4xx_hal_adc_ex.c **** 
 2170              		.loc 1 861 5 is_stmt 1 view .LVU637
 861:Drivers/STM32F4/Drivers/STM32F4xx_HAL_Driver/Src/stm32f4xx_hal_adc_ex.c **** 
 2171              		.loc 1 861 9 is_stmt 0 view .LVU638
 2172 02a2 2868     		ldr	r0, [r5]
 861:Drivers/STM32F4/Drivers/STM32F4xx_HAL_Driver/Src/stm32f4xx_hal_adc_ex.c **** 
 2173              		.loc 1 861 19 view .LVU639
 2174 02a4 0269     		ldr	r2, [r0, #16]
 861:Drivers/STM32F4/Drivers/STM32F4xx_HAL_Driver/Src/stm32f4xx_hal_adc_ex.c **** 
 2175              		.loc 1 861 31 view .LVU640
 2176 02a6 9BB2     		uxth	r3, r3
 2177 02a8 03EB4303 		add	r3, r3, r3, lsl #1
 2178 02ac 0721     		movs	r1, #7
 2179 02ae 01FA03F3 		lsl	r3, r1, r3
 861:Drivers/STM32F4/Drivers/STM32F4xx_HAL_Driver/Src/stm32f4xx_hal_adc_ex.c **** 
 2180              		.loc 1 861 27 view .LVU641
 2181 02b2 22EA0303 		bic	r3, r2, r3
 2182 02b6 0361     		str	r3, [r0, #16]
 864:Drivers/STM32F4/Drivers/STM32F4xx_HAL_Driver/Src/stm32f4xx_hal_adc_ex.c ****   }
 2183              		.loc 1 864 5 is_stmt 1 view .LVU642
 864:Drivers/STM32F4/Drivers/STM32F4xx_HAL_Driver/Src/stm32f4xx_hal_adc_ex.c ****   }
 2184              		.loc 1 864 9 is_stmt 0 view .LVU643
 2185 02b8 2868     		ldr	r0, [r5]
 864:Drivers/STM32F4/Drivers/STM32F4xx_HAL_Driver/Src/stm32f4xx_hal_adc_ex.c ****   }
 2186              		.loc 1 864 19 view .LVU644
 2187 02ba 0269     		ldr	r2, [r0, #16]
 864:Drivers/STM32F4/Drivers/STM32F4xx_HAL_Driver/Src/stm32f4xx_hal_adc_ex.c ****   }
 2188              		.loc 1 864 30 view .LVU645
 2189 02bc A168     		ldr	r1, [r4, #8]
 2190 02be 2388     		ldrh	r3, [r4]
 2191 02c0 03EB4303 		add	r3, r3, r3, lsl #1
 2192 02c4 9940     		lsls	r1, r1, r3
 864:Drivers/STM32F4/Drivers/STM32F4xx_HAL_Driver/Src/stm32f4xx_hal_adc_ex.c ****   }
 2193              		.loc 1 864 27 view .LVU646
 2194 02c6 0A43     		orrs	r2, r2, r1
 2195 02c8 0261     		str	r2, [r0, #16]
 2196 02ca 37E7     		b	.L147
 2197              	.L148:
 897:Drivers/STM32F4/Drivers/STM32F4xx_HAL_Driver/Src/stm32f4xx_hal_adc_ex.c ****     hadc->Instance->CR2 &= ~(ADC_CR2_JEXTEN);
 2198              		.loc 1 897 5 is_stmt 1 view .LVU647
 897:Drivers/STM32F4/Drivers/STM32F4xx_HAL_Driver/Src/stm32f4xx_hal_adc_ex.c ****     hadc->Instance->CR2 &= ~(ADC_CR2_JEXTEN);
 2199              		.loc 1 897 9 is_stmt 0 view .LVU648
 2200 02cc 2A68     		ldr	r2, [r5]
 897:Drivers/STM32F4/Drivers/STM32F4xx_HAL_Driver/Src/stm32f4xx_hal_adc_ex.c ****     hadc->Instance->CR2 &= ~(ADC_CR2_JEXTEN);
 2201              		.loc 1 897 19 view .LVU649
 2202 02ce 9368     		ldr	r3, [r2, #8]
 897:Drivers/STM32F4/Drivers/STM32F4xx_HAL_Driver/Src/stm32f4xx_hal_adc_ex.c ****     hadc->Instance->CR2 &= ~(ADC_CR2_JEXTEN);
 2203              		.loc 1 897 25 view .LVU650
 2204 02d0 23F47023 		bic	r3, r3, #983040
 2205 02d4 9360     		str	r3, [r2, #8]
 898:Drivers/STM32F4/Drivers/STM32F4xx_HAL_Driver/Src/stm32f4xx_hal_adc_ex.c ****   }
 2206              		.loc 1 898 5 is_stmt 1 view .LVU651
 898:Drivers/STM32F4/Drivers/STM32F4xx_HAL_Driver/Src/stm32f4xx_hal_adc_ex.c ****   }
 2207              		.loc 1 898 9 is_stmt 0 view .LVU652
 2208 02d6 2A68     		ldr	r2, [r5]
 898:Drivers/STM32F4/Drivers/STM32F4xx_HAL_Driver/Src/stm32f4xx_hal_adc_ex.c ****   }
ARM GAS  /tmp/ccT7L7Lv.s 			page 70


 2209              		.loc 1 898 19 view .LVU653
 2210 02d8 9368     		ldr	r3, [r2, #8]
 898:Drivers/STM32F4/Drivers/STM32F4xx_HAL_Driver/Src/stm32f4xx_hal_adc_ex.c ****   }
 2211              		.loc 1 898 25 view .LVU654
 2212 02da 23F44013 		bic	r3, r3, #3145728
 2213 02de 9360     		str	r3, [r2, #8]
 2214 02e0 70E7     		b	.L149
 2215              	.L150:
 909:Drivers/STM32F4/Drivers/STM32F4xx_HAL_Driver/Src/stm32f4xx_hal_adc_ex.c ****   }
 2216              		.loc 1 909 5 is_stmt 1 view .LVU655
 909:Drivers/STM32F4/Drivers/STM32F4xx_HAL_Driver/Src/stm32f4xx_hal_adc_ex.c ****   }
 2217              		.loc 1 909 9 is_stmt 0 view .LVU656
 2218 02e2 2A68     		ldr	r2, [r5]
 909:Drivers/STM32F4/Drivers/STM32F4xx_HAL_Driver/Src/stm32f4xx_hal_adc_ex.c ****   }
 2219              		.loc 1 909 19 view .LVU657
 2220 02e4 5368     		ldr	r3, [r2, #4]
 909:Drivers/STM32F4/Drivers/STM32F4xx_HAL_Driver/Src/stm32f4xx_hal_adc_ex.c ****   }
 2221              		.loc 1 909 25 view .LVU658
 2222 02e6 23F48063 		bic	r3, r3, #1024
 2223 02ea 5360     		str	r3, [r2, #4]
 2224 02ec 73E7     		b	.L151
 2225              	.L152:
 920:Drivers/STM32F4/Drivers/STM32F4xx_HAL_Driver/Src/stm32f4xx_hal_adc_ex.c ****   }
 2226              		.loc 1 920 5 is_stmt 1 view .LVU659
 920:Drivers/STM32F4/Drivers/STM32F4xx_HAL_Driver/Src/stm32f4xx_hal_adc_ex.c ****   }
 2227              		.loc 1 920 9 is_stmt 0 view .LVU660
 2228 02ee 2A68     		ldr	r2, [r5]
 920:Drivers/STM32F4/Drivers/STM32F4xx_HAL_Driver/Src/stm32f4xx_hal_adc_ex.c ****   }
 2229              		.loc 1 920 19 view .LVU661
 2230 02f0 5368     		ldr	r3, [r2, #4]
 920:Drivers/STM32F4/Drivers/STM32F4xx_HAL_Driver/Src/stm32f4xx_hal_adc_ex.c ****   }
 2231              		.loc 1 920 25 view .LVU662
 2232 02f2 23F48053 		bic	r3, r3, #4096
 2233 02f6 5360     		str	r3, [r2, #4]
 2234 02f8 76E7     		b	.L153
 2235              	.L154:
 932:Drivers/STM32F4/Drivers/STM32F4xx_HAL_Driver/Src/stm32f4xx_hal_adc_ex.c ****       hadc->Instance->JOFR2 |= sConfigInjected->InjectedOffset;
 2236              		.loc 1 932 7 is_stmt 1 view .LVU663
 932:Drivers/STM32F4/Drivers/STM32F4xx_HAL_Driver/Src/stm32f4xx_hal_adc_ex.c ****       hadc->Instance->JOFR2 |= sConfigInjected->InjectedOffset;
 2237              		.loc 1 932 11 is_stmt 0 view .LVU664
 2238 02fa 2A68     		ldr	r2, [r5]
 932:Drivers/STM32F4/Drivers/STM32F4xx_HAL_Driver/Src/stm32f4xx_hal_adc_ex.c ****       hadc->Instance->JOFR2 |= sConfigInjected->InjectedOffset;
 2239              		.loc 1 932 21 view .LVU665
 2240 02fc 9369     		ldr	r3, [r2, #24]
 932:Drivers/STM32F4/Drivers/STM32F4xx_HAL_Driver/Src/stm32f4xx_hal_adc_ex.c ****       hadc->Instance->JOFR2 |= sConfigInjected->InjectedOffset;
 2241              		.loc 1 932 29 view .LVU666
 2242 02fe 6FF30B03 		bfc	r3, #0, #12
 2243 0302 9361     		str	r3, [r2, #24]
 933:Drivers/STM32F4/Drivers/STM32F4xx_HAL_Driver/Src/stm32f4xx_hal_adc_ex.c ****       break;
 2244              		.loc 1 933 7 is_stmt 1 view .LVU667
 933:Drivers/STM32F4/Drivers/STM32F4xx_HAL_Driver/Src/stm32f4xx_hal_adc_ex.c ****       break;
 2245              		.loc 1 933 11 is_stmt 0 view .LVU668
 2246 0304 2A68     		ldr	r2, [r5]
 933:Drivers/STM32F4/Drivers/STM32F4xx_HAL_Driver/Src/stm32f4xx_hal_adc_ex.c ****       break;
 2247              		.loc 1 933 21 view .LVU669
 2248 0306 9369     		ldr	r3, [r2, #24]
 933:Drivers/STM32F4/Drivers/STM32F4xx_HAL_Driver/Src/stm32f4xx_hal_adc_ex.c ****       break;
ARM GAS  /tmp/ccT7L7Lv.s 			page 71


 2249              		.loc 1 933 47 view .LVU670
 2250 0308 E168     		ldr	r1, [r4, #12]
 933:Drivers/STM32F4/Drivers/STM32F4xx_HAL_Driver/Src/stm32f4xx_hal_adc_ex.c ****       break;
 2251              		.loc 1 933 29 view .LVU671
 2252 030a 0B43     		orrs	r3, r3, r1
 2253 030c 9361     		str	r3, [r2, #24]
 934:Drivers/STM32F4/Drivers/STM32F4xx_HAL_Driver/Src/stm32f4xx_hal_adc_ex.c ****     case 3U:
 2254              		.loc 1 934 7 is_stmt 1 view .LVU672
 2255 030e 7FE7     		b	.L157
 2256              	.L175:
 2257              		.align	2
 2258              	.L174:
 2259 0310 01000F00 		.word	983041
 2260 0314 00000000 		.word	.LC0
 2261 0318 00200140 		.word	1073815552
 2262              	.L155:
 937:Drivers/STM32F4/Drivers/STM32F4xx_HAL_Driver/Src/stm32f4xx_hal_adc_ex.c ****       hadc->Instance->JOFR3 |= sConfigInjected->InjectedOffset;
 2263              		.loc 1 937 7 view .LVU673
 937:Drivers/STM32F4/Drivers/STM32F4xx_HAL_Driver/Src/stm32f4xx_hal_adc_ex.c ****       hadc->Instance->JOFR3 |= sConfigInjected->InjectedOffset;
 2264              		.loc 1 937 11 is_stmt 0 view .LVU674
 2265 031c 2A68     		ldr	r2, [r5]
 937:Drivers/STM32F4/Drivers/STM32F4xx_HAL_Driver/Src/stm32f4xx_hal_adc_ex.c ****       hadc->Instance->JOFR3 |= sConfigInjected->InjectedOffset;
 2266              		.loc 1 937 21 view .LVU675
 2267 031e D369     		ldr	r3, [r2, #28]
 937:Drivers/STM32F4/Drivers/STM32F4xx_HAL_Driver/Src/stm32f4xx_hal_adc_ex.c ****       hadc->Instance->JOFR3 |= sConfigInjected->InjectedOffset;
 2268              		.loc 1 937 29 view .LVU676
 2269 0320 6FF30B03 		bfc	r3, #0, #12
 2270 0324 D361     		str	r3, [r2, #28]
 938:Drivers/STM32F4/Drivers/STM32F4xx_HAL_Driver/Src/stm32f4xx_hal_adc_ex.c ****       break;
 2271              		.loc 1 938 7 is_stmt 1 view .LVU677
 938:Drivers/STM32F4/Drivers/STM32F4xx_HAL_Driver/Src/stm32f4xx_hal_adc_ex.c ****       break;
 2272              		.loc 1 938 11 is_stmt 0 view .LVU678
 2273 0326 2A68     		ldr	r2, [r5]
 938:Drivers/STM32F4/Drivers/STM32F4xx_HAL_Driver/Src/stm32f4xx_hal_adc_ex.c ****       break;
 2274              		.loc 1 938 21 view .LVU679
 2275 0328 D369     		ldr	r3, [r2, #28]
 938:Drivers/STM32F4/Drivers/STM32F4xx_HAL_Driver/Src/stm32f4xx_hal_adc_ex.c ****       break;
 2276              		.loc 1 938 47 view .LVU680
 2277 032a E168     		ldr	r1, [r4, #12]
 938:Drivers/STM32F4/Drivers/STM32F4xx_HAL_Driver/Src/stm32f4xx_hal_adc_ex.c ****       break;
 2278              		.loc 1 938 29 view .LVU681
 2279 032c 0B43     		orrs	r3, r3, r1
 2280 032e D361     		str	r3, [r2, #28]
 939:Drivers/STM32F4/Drivers/STM32F4xx_HAL_Driver/Src/stm32f4xx_hal_adc_ex.c ****     default:
 2281              		.loc 1 939 7 is_stmt 1 view .LVU682
 2282 0330 6EE7     		b	.L157
 2283              	.L156:
 942:Drivers/STM32F4/Drivers/STM32F4xx_HAL_Driver/Src/stm32f4xx_hal_adc_ex.c ****       hadc->Instance->JOFR4 |= sConfigInjected->InjectedOffset;
 2284              		.loc 1 942 7 view .LVU683
 942:Drivers/STM32F4/Drivers/STM32F4xx_HAL_Driver/Src/stm32f4xx_hal_adc_ex.c ****       hadc->Instance->JOFR4 |= sConfigInjected->InjectedOffset;
 2285              		.loc 1 942 11 is_stmt 0 view .LVU684
 2286 0332 2A68     		ldr	r2, [r5]
 942:Drivers/STM32F4/Drivers/STM32F4xx_HAL_Driver/Src/stm32f4xx_hal_adc_ex.c ****       hadc->Instance->JOFR4 |= sConfigInjected->InjectedOffset;
 2287              		.loc 1 942 21 view .LVU685
 2288 0334 136A     		ldr	r3, [r2, #32]
 942:Drivers/STM32F4/Drivers/STM32F4xx_HAL_Driver/Src/stm32f4xx_hal_adc_ex.c ****       hadc->Instance->JOFR4 |= sConfigInjected->InjectedOffset;
 2289              		.loc 1 942 29 view .LVU686
ARM GAS  /tmp/ccT7L7Lv.s 			page 72


 2290 0336 6FF30B03 		bfc	r3, #0, #12
 2291 033a 1362     		str	r3, [r2, #32]
 943:Drivers/STM32F4/Drivers/STM32F4xx_HAL_Driver/Src/stm32f4xx_hal_adc_ex.c ****       break;
 2292              		.loc 1 943 7 is_stmt 1 view .LVU687
 943:Drivers/STM32F4/Drivers/STM32F4xx_HAL_Driver/Src/stm32f4xx_hal_adc_ex.c ****       break;
 2293              		.loc 1 943 11 is_stmt 0 view .LVU688
 2294 033c 2A68     		ldr	r2, [r5]
 943:Drivers/STM32F4/Drivers/STM32F4xx_HAL_Driver/Src/stm32f4xx_hal_adc_ex.c ****       break;
 2295              		.loc 1 943 21 view .LVU689
 2296 033e 136A     		ldr	r3, [r2, #32]
 943:Drivers/STM32F4/Drivers/STM32F4xx_HAL_Driver/Src/stm32f4xx_hal_adc_ex.c ****       break;
 2297              		.loc 1 943 47 view .LVU690
 2298 0340 E168     		ldr	r1, [r4, #12]
 943:Drivers/STM32F4/Drivers/STM32F4xx_HAL_Driver/Src/stm32f4xx_hal_adc_ex.c ****       break;
 2299              		.loc 1 943 29 view .LVU691
 2300 0342 0B43     		orrs	r3, r3, r1
 2301 0344 1362     		str	r3, [r2, #32]
 944:Drivers/STM32F4/Drivers/STM32F4xx_HAL_Driver/Src/stm32f4xx_hal_adc_ex.c ****   }
 2302              		.loc 1 944 7 is_stmt 1 view .LVU692
 2303 0346 63E7     		b	.L157
 2304              	.LVL138:
 2305              	.L172:
 953:Drivers/STM32F4/Drivers/STM32F4xx_HAL_Driver/Src/stm32f4xx_hal_adc_ex.c ****   {
 2306              		.loc 1 953 51 is_stmt 0 discriminator 1 view .LVU693
 2307 0348 2368     		ldr	r3, [r4]
 953:Drivers/STM32F4/Drivers/STM32F4xx_HAL_Driver/Src/stm32f4xx_hal_adc_ex.c ****   {
 2308              		.loc 1 953 32 discriminator 1 view .LVU694
 2309 034a 122B     		cmp	r3, #18
 2310 034c 7FF465AF 		bne	.L158
 956:Drivers/STM32F4/Drivers/STM32F4xx_HAL_Driver/Src/stm32f4xx_hal_adc_ex.c ****   }
 2311              		.loc 1 956 5 is_stmt 1 view .LVU695
 956:Drivers/STM32F4/Drivers/STM32F4xx_HAL_Driver/Src/stm32f4xx_hal_adc_ex.c ****   }
 2312              		.loc 1 956 18 is_stmt 0 view .LVU696
 2313 0350 094A     		ldr	r2, .L176
 2314 0352 5368     		ldr	r3, [r2, #4]
 956:Drivers/STM32F4/Drivers/STM32F4xx_HAL_Driver/Src/stm32f4xx_hal_adc_ex.c ****   }
 2315              		.loc 1 956 24 view .LVU697
 2316 0354 43F48003 		orr	r3, r3, #4194304
 2317 0358 5360     		str	r3, [r2, #4]
 2318 035a 5EE7     		b	.L158
 2319              	.L173:
 960:Drivers/STM32F4/Drivers/STM32F4xx_HAL_Driver/Src/stm32f4xx_hal_adc_ex.c ****   {
 2320              		.loc 1 960 52 discriminator 1 view .LVU698
 2321 035c 2368     		ldr	r3, [r4]
 960:Drivers/STM32F4/Drivers/STM32F4xx_HAL_Driver/Src/stm32f4xx_hal_adc_ex.c ****   {
 2322              		.loc 1 960 97 discriminator 1 view .LVU699
 2323 035e 103B     		subs	r3, r3, #16
 960:Drivers/STM32F4/Drivers/STM32F4xx_HAL_Driver/Src/stm32f4xx_hal_adc_ex.c ****   {
 2324              		.loc 1 960 32 discriminator 1 view .LVU700
 2325 0360 012B     		cmp	r3, #1
 2326 0362 3FF65FAF 		bhi	.L159
 963:Drivers/STM32F4/Drivers/STM32F4xx_HAL_Driver/Src/stm32f4xx_hal_adc_ex.c ****   }
 2327              		.loc 1 963 5 is_stmt 1 view .LVU701
 963:Drivers/STM32F4/Drivers/STM32F4xx_HAL_Driver/Src/stm32f4xx_hal_adc_ex.c ****   }
 2328              		.loc 1 963 18 is_stmt 0 view .LVU702
 2329 0366 044A     		ldr	r2, .L176
 2330 0368 5368     		ldr	r3, [r2, #4]
ARM GAS  /tmp/ccT7L7Lv.s 			page 73


 963:Drivers/STM32F4/Drivers/STM32F4xx_HAL_Driver/Src/stm32f4xx_hal_adc_ex.c ****   }
 2331              		.loc 1 963 24 view .LVU703
 2332 036a 43F40003 		orr	r3, r3, #8388608
 2333 036e 5360     		str	r3, [r2, #4]
 2334 0370 58E7     		b	.L159
 2335              	.LVL139:
 2336              	.L160:
 847:Drivers/STM32F4/Drivers/STM32F4xx_HAL_Driver/Src/stm32f4xx_hal_adc_ex.c **** 
 2337              		.loc 1 847 3 discriminator 1 view .LVU704
 2338 0372 0220     		movs	r0, #2
 2339 0374 59E7     		b	.L145
 2340              	.L177:
 2341 0376 00BF     		.align	2
 2342              	.L176:
 2343 0378 00230140 		.word	1073816320
 2344              		.cfi_endproc
 2345              	.LFE249:
 2347              		.section	.text.HAL_ADCEx_MultiModeConfigChannel,"ax",%progbits
 2348              		.align	1
 2349              		.global	HAL_ADCEx_MultiModeConfigChannel
 2350              		.syntax unified
 2351              		.thumb
 2352              		.thumb_func
 2354              	HAL_ADCEx_MultiModeConfigChannel:
 2355              	.LVL140:
 2356              	.LFB250:
 982:Drivers/STM32F4/Drivers/STM32F4xx_HAL_Driver/Src/stm32f4xx_hal_adc_ex.c **** 
 2357              		.loc 1 982 1 is_stmt 1 view -0
 2358              		.cfi_startproc
 2359              		@ args = 0, pretend = 0, frame = 0
 2360              		@ frame_needed = 0, uses_anonymous_args = 0
 982:Drivers/STM32F4/Drivers/STM32F4xx_HAL_Driver/Src/stm32f4xx_hal_adc_ex.c **** 
 2361              		.loc 1 982 1 is_stmt 0 view .LVU706
 2362 0000 38B5     		push	{r3, r4, r5, lr}
 2363              	.LCFI22:
 2364              		.cfi_def_cfa_offset 16
 2365              		.cfi_offset 3, -16
 2366              		.cfi_offset 4, -12
 2367              		.cfi_offset 5, -8
 2368              		.cfi_offset 14, -4
 2369 0002 0546     		mov	r5, r0
 2370 0004 0C46     		mov	r4, r1
 984:Drivers/STM32F4/Drivers/STM32F4xx_HAL_Driver/Src/stm32f4xx_hal_adc_ex.c **** 
 2371              		.loc 1 984 3 is_stmt 1 view .LVU707
 987:Drivers/STM32F4/Drivers/STM32F4xx_HAL_Driver/Src/stm32f4xx_hal_adc_ex.c ****   assert_param(IS_ADC_DMA_ACCESS_MODE(multimode->DMAAccessMode));
 2372              		.loc 1 987 3 view .LVU708
 2373 0006 0A68     		ldr	r2, [r1]
 2374 0008 192A     		cmp	r2, #25
 2375 000a 62D8     		bhi	.L179
 2376 000c 3B4B     		ldr	r3, .L188
 2377 000e D340     		lsrs	r3, r3, r2
 2378 0010 13F0010F 		tst	r3, #1
 2379 0014 5DD0     		beq	.L179
 2380              	.LVL141:
 2381              	.L180:
 988:Drivers/STM32F4/Drivers/STM32F4xx_HAL_Driver/Src/stm32f4xx_hal_adc_ex.c ****   assert_param(IS_ADC_SAMPLING_DELAY(multimode->TwoSamplingDelay));
 2382              		.loc 1 988 3 view .LVU709
ARM GAS  /tmp/ccT7L7Lv.s 			page 74


 2383 0016 6368     		ldr	r3, [r4, #4]
 2384 0018 43B1     		cbz	r3, .L181
 988:Drivers/STM32F4/Drivers/STM32F4xx_HAL_Driver/Src/stm32f4xx_hal_adc_ex.c ****   assert_param(IS_ADC_SAMPLING_DELAY(multimode->TwoSamplingDelay));
 2385              		.loc 1 988 3 is_stmt 0 discriminator 1 view .LVU710
 2386 001a B3F5804F 		cmp	r3, #16384
 2387 001e 05D0     		beq	.L181
 988:Drivers/STM32F4/Drivers/STM32F4xx_HAL_Driver/Src/stm32f4xx_hal_adc_ex.c ****   assert_param(IS_ADC_SAMPLING_DELAY(multimode->TwoSamplingDelay));
 2388              		.loc 1 988 3 discriminator 2 view .LVU711
 2389 0020 B3F5004F 		cmp	r3, #32768
 2390 0024 02D0     		beq	.L181
 988:Drivers/STM32F4/Drivers/STM32F4xx_HAL_Driver/Src/stm32f4xx_hal_adc_ex.c ****   assert_param(IS_ADC_SAMPLING_DELAY(multimode->TwoSamplingDelay));
 2391              		.loc 1 988 3 discriminator 3 view .LVU712
 2392 0026 B3F5404F 		cmp	r3, #49152
 2393 002a 58D1     		bne	.L186
 2394              	.L181:
 989:Drivers/STM32F4/Drivers/STM32F4xx_HAL_Driver/Src/stm32f4xx_hal_adc_ex.c **** 
 2395              		.loc 1 989 3 is_stmt 1 view .LVU713
 2396 002c A368     		ldr	r3, [r4, #8]
 2397 002e 63B3     		cbz	r3, .L182
 989:Drivers/STM32F4/Drivers/STM32F4xx_HAL_Driver/Src/stm32f4xx_hal_adc_ex.c **** 
 2398              		.loc 1 989 3 is_stmt 0 discriminator 1 view .LVU714
 2399 0030 B3F5807F 		cmp	r3, #256
 2400 0034 29D0     		beq	.L182
 989:Drivers/STM32F4/Drivers/STM32F4xx_HAL_Driver/Src/stm32f4xx_hal_adc_ex.c **** 
 2401              		.loc 1 989 3 discriminator 2 view .LVU715
 2402 0036 B3F5007F 		cmp	r3, #512
 2403 003a 26D0     		beq	.L182
 989:Drivers/STM32F4/Drivers/STM32F4xx_HAL_Driver/Src/stm32f4xx_hal_adc_ex.c **** 
 2404              		.loc 1 989 3 discriminator 3 view .LVU716
 2405 003c B3F5407F 		cmp	r3, #768
 2406 0040 23D0     		beq	.L182
 989:Drivers/STM32F4/Drivers/STM32F4xx_HAL_Driver/Src/stm32f4xx_hal_adc_ex.c **** 
 2407              		.loc 1 989 3 discriminator 4 view .LVU717
 2408 0042 B3F5806F 		cmp	r3, #1024
 2409 0046 20D0     		beq	.L182
 989:Drivers/STM32F4/Drivers/STM32F4xx_HAL_Driver/Src/stm32f4xx_hal_adc_ex.c **** 
 2410              		.loc 1 989 3 discriminator 5 view .LVU718
 2411 0048 B3F5A06F 		cmp	r3, #1280
 2412 004c 1DD0     		beq	.L182
 989:Drivers/STM32F4/Drivers/STM32F4xx_HAL_Driver/Src/stm32f4xx_hal_adc_ex.c **** 
 2413              		.loc 1 989 3 discriminator 6 view .LVU719
 2414 004e B3F5C06F 		cmp	r3, #1536
 2415 0052 1AD0     		beq	.L182
 989:Drivers/STM32F4/Drivers/STM32F4xx_HAL_Driver/Src/stm32f4xx_hal_adc_ex.c **** 
 2416              		.loc 1 989 3 discriminator 7 view .LVU720
 2417 0054 B3F5E06F 		cmp	r3, #1792
 2418 0058 17D0     		beq	.L182
 989:Drivers/STM32F4/Drivers/STM32F4xx_HAL_Driver/Src/stm32f4xx_hal_adc_ex.c **** 
 2419              		.loc 1 989 3 discriminator 8 view .LVU721
 2420 005a B3F5006F 		cmp	r3, #2048
 2421 005e 14D0     		beq	.L182
 989:Drivers/STM32F4/Drivers/STM32F4xx_HAL_Driver/Src/stm32f4xx_hal_adc_ex.c **** 
 2422              		.loc 1 989 3 discriminator 9 view .LVU722
 2423 0060 B3F5106F 		cmp	r3, #2304
 2424 0064 11D0     		beq	.L182
 989:Drivers/STM32F4/Drivers/STM32F4xx_HAL_Driver/Src/stm32f4xx_hal_adc_ex.c **** 
 2425              		.loc 1 989 3 discriminator 10 view .LVU723
ARM GAS  /tmp/ccT7L7Lv.s 			page 75


 2426 0066 B3F5206F 		cmp	r3, #2560
 2427 006a 0ED0     		beq	.L182
 989:Drivers/STM32F4/Drivers/STM32F4xx_HAL_Driver/Src/stm32f4xx_hal_adc_ex.c **** 
 2428              		.loc 1 989 3 discriminator 11 view .LVU724
 2429 006c B3F5306F 		cmp	r3, #2816
 2430 0070 0BD0     		beq	.L182
 989:Drivers/STM32F4/Drivers/STM32F4xx_HAL_Driver/Src/stm32f4xx_hal_adc_ex.c **** 
 2431              		.loc 1 989 3 discriminator 12 view .LVU725
 2432 0072 B3F5406F 		cmp	r3, #3072
 2433 0076 08D0     		beq	.L182
 989:Drivers/STM32F4/Drivers/STM32F4xx_HAL_Driver/Src/stm32f4xx_hal_adc_ex.c **** 
 2434              		.loc 1 989 3 discriminator 13 view .LVU726
 2435 0078 B3F5506F 		cmp	r3, #3328
 2436 007c 05D0     		beq	.L182
 989:Drivers/STM32F4/Drivers/STM32F4xx_HAL_Driver/Src/stm32f4xx_hal_adc_ex.c **** 
 2437              		.loc 1 989 3 discriminator 14 view .LVU727
 2438 007e B3F5606F 		cmp	r3, #3584
 2439 0082 02D0     		beq	.L182
 989:Drivers/STM32F4/Drivers/STM32F4xx_HAL_Driver/Src/stm32f4xx_hal_adc_ex.c **** 
 2440              		.loc 1 989 3 discriminator 15 view .LVU728
 2441 0084 B3F5706F 		cmp	r3, #3840
 2442 0088 2FD1     		bne	.L187
 2443              	.L182:
 992:Drivers/STM32F4/Drivers/STM32F4xx_HAL_Driver/Src/stm32f4xx_hal_adc_ex.c **** 
 2444              		.loc 1 992 3 is_stmt 1 view .LVU729
 992:Drivers/STM32F4/Drivers/STM32F4xx_HAL_Driver/Src/stm32f4xx_hal_adc_ex.c **** 
 2445              		.loc 1 992 3 view .LVU730
 2446 008a 95F83C30 		ldrb	r3, [r5, #60]	@ zero_extendqisi2
 2447 008e 012B     		cmp	r3, #1
 2448 0090 31D0     		beq	.L184
 992:Drivers/STM32F4/Drivers/STM32F4xx_HAL_Driver/Src/stm32f4xx_hal_adc_ex.c **** 
 2449              		.loc 1 992 3 discriminator 2 view .LVU731
 2450 0092 0123     		movs	r3, #1
 2451 0094 85F83C30 		strb	r3, [r5, #60]
 992:Drivers/STM32F4/Drivers/STM32F4xx_HAL_Driver/Src/stm32f4xx_hal_adc_ex.c **** 
 2452              		.loc 1 992 3 discriminator 2 view .LVU732
 997:Drivers/STM32F4/Drivers/STM32F4xx_HAL_Driver/Src/stm32f4xx_hal_adc_ex.c **** 
 2453              		.loc 1 997 3 view .LVU733
 2454              	.LVL142:
1000:Drivers/STM32F4/Drivers/STM32F4xx_HAL_Driver/Src/stm32f4xx_hal_adc_ex.c ****   tmpADC_Common->CCR |= multimode->Mode;
 2455              		.loc 1 1000 3 view .LVU734
1000:Drivers/STM32F4/Drivers/STM32F4xx_HAL_Driver/Src/stm32f4xx_hal_adc_ex.c ****   tmpADC_Common->CCR |= multimode->Mode;
 2456              		.loc 1 1000 16 is_stmt 0 view .LVU735
 2457 0098 194B     		ldr	r3, .L188+4
 2458 009a 5A68     		ldr	r2, [r3, #4]
1000:Drivers/STM32F4/Drivers/STM32F4xx_HAL_Driver/Src/stm32f4xx_hal_adc_ex.c ****   tmpADC_Common->CCR |= multimode->Mode;
 2459              		.loc 1 1000 22 view .LVU736
 2460 009c 22F01F02 		bic	r2, r2, #31
 2461 00a0 5A60     		str	r2, [r3, #4]
1001:Drivers/STM32F4/Drivers/STM32F4xx_HAL_Driver/Src/stm32f4xx_hal_adc_ex.c **** 
 2462              		.loc 1 1001 3 is_stmt 1 view .LVU737
1001:Drivers/STM32F4/Drivers/STM32F4xx_HAL_Driver/Src/stm32f4xx_hal_adc_ex.c **** 
 2463              		.loc 1 1001 16 is_stmt 0 view .LVU738
 2464 00a2 5A68     		ldr	r2, [r3, #4]
1001:Drivers/STM32F4/Drivers/STM32F4xx_HAL_Driver/Src/stm32f4xx_hal_adc_ex.c **** 
 2465              		.loc 1 1001 34 view .LVU739
 2466 00a4 2168     		ldr	r1, [r4]
ARM GAS  /tmp/ccT7L7Lv.s 			page 76


1001:Drivers/STM32F4/Drivers/STM32F4xx_HAL_Driver/Src/stm32f4xx_hal_adc_ex.c **** 
 2467              		.loc 1 1001 22 view .LVU740
 2468 00a6 0A43     		orrs	r2, r2, r1
 2469 00a8 5A60     		str	r2, [r3, #4]
1004:Drivers/STM32F4/Drivers/STM32F4xx_HAL_Driver/Src/stm32f4xx_hal_adc_ex.c ****   tmpADC_Common->CCR |= multimode->DMAAccessMode;
 2470              		.loc 1 1004 3 is_stmt 1 view .LVU741
1004:Drivers/STM32F4/Drivers/STM32F4xx_HAL_Driver/Src/stm32f4xx_hal_adc_ex.c ****   tmpADC_Common->CCR |= multimode->DMAAccessMode;
 2471              		.loc 1 1004 16 is_stmt 0 view .LVU742
 2472 00aa 5A68     		ldr	r2, [r3, #4]
1004:Drivers/STM32F4/Drivers/STM32F4xx_HAL_Driver/Src/stm32f4xx_hal_adc_ex.c ****   tmpADC_Common->CCR |= multimode->DMAAccessMode;
 2473              		.loc 1 1004 22 view .LVU743
 2474 00ac 22F44042 		bic	r2, r2, #49152
 2475 00b0 5A60     		str	r2, [r3, #4]
1005:Drivers/STM32F4/Drivers/STM32F4xx_HAL_Driver/Src/stm32f4xx_hal_adc_ex.c **** 
 2476              		.loc 1 1005 3 is_stmt 1 view .LVU744
1005:Drivers/STM32F4/Drivers/STM32F4xx_HAL_Driver/Src/stm32f4xx_hal_adc_ex.c **** 
 2477              		.loc 1 1005 16 is_stmt 0 view .LVU745
 2478 00b2 5A68     		ldr	r2, [r3, #4]
1005:Drivers/STM32F4/Drivers/STM32F4xx_HAL_Driver/Src/stm32f4xx_hal_adc_ex.c **** 
 2479              		.loc 1 1005 34 view .LVU746
 2480 00b4 6168     		ldr	r1, [r4, #4]
1005:Drivers/STM32F4/Drivers/STM32F4xx_HAL_Driver/Src/stm32f4xx_hal_adc_ex.c **** 
 2481              		.loc 1 1005 22 view .LVU747
 2482 00b6 0A43     		orrs	r2, r2, r1
 2483 00b8 5A60     		str	r2, [r3, #4]
1008:Drivers/STM32F4/Drivers/STM32F4xx_HAL_Driver/Src/stm32f4xx_hal_adc_ex.c ****   tmpADC_Common->CCR |= multimode->TwoSamplingDelay;
 2484              		.loc 1 1008 3 is_stmt 1 view .LVU748
1008:Drivers/STM32F4/Drivers/STM32F4xx_HAL_Driver/Src/stm32f4xx_hal_adc_ex.c ****   tmpADC_Common->CCR |= multimode->TwoSamplingDelay;
 2485              		.loc 1 1008 16 is_stmt 0 view .LVU749
 2486 00ba 5A68     		ldr	r2, [r3, #4]
1008:Drivers/STM32F4/Drivers/STM32F4xx_HAL_Driver/Src/stm32f4xx_hal_adc_ex.c ****   tmpADC_Common->CCR |= multimode->TwoSamplingDelay;
 2487              		.loc 1 1008 22 view .LVU750
 2488 00bc 22F47062 		bic	r2, r2, #3840
 2489 00c0 5A60     		str	r2, [r3, #4]
1009:Drivers/STM32F4/Drivers/STM32F4xx_HAL_Driver/Src/stm32f4xx_hal_adc_ex.c **** 
 2490              		.loc 1 1009 3 is_stmt 1 view .LVU751
1009:Drivers/STM32F4/Drivers/STM32F4xx_HAL_Driver/Src/stm32f4xx_hal_adc_ex.c **** 
 2491              		.loc 1 1009 16 is_stmt 0 view .LVU752
 2492 00c2 5A68     		ldr	r2, [r3, #4]
1009:Drivers/STM32F4/Drivers/STM32F4xx_HAL_Driver/Src/stm32f4xx_hal_adc_ex.c **** 
 2493              		.loc 1 1009 34 view .LVU753
 2494 00c4 A168     		ldr	r1, [r4, #8]
1009:Drivers/STM32F4/Drivers/STM32F4xx_HAL_Driver/Src/stm32f4xx_hal_adc_ex.c **** 
 2495              		.loc 1 1009 22 view .LVU754
 2496 00c6 0A43     		orrs	r2, r2, r1
 2497 00c8 5A60     		str	r2, [r3, #4]
1012:Drivers/STM32F4/Drivers/STM32F4xx_HAL_Driver/Src/stm32f4xx_hal_adc_ex.c **** 
 2498              		.loc 1 1012 3 is_stmt 1 view .LVU755
1012:Drivers/STM32F4/Drivers/STM32F4xx_HAL_Driver/Src/stm32f4xx_hal_adc_ex.c **** 
 2499              		.loc 1 1012 3 view .LVU756
 2500 00ca 0020     		movs	r0, #0
 2501 00cc 85F83C00 		strb	r0, [r5, #60]
1012:Drivers/STM32F4/Drivers/STM32F4xx_HAL_Driver/Src/stm32f4xx_hal_adc_ex.c **** 
 2502              		.loc 1 1012 3 view .LVU757
1015:Drivers/STM32F4/Drivers/STM32F4xx_HAL_Driver/Src/stm32f4xx_hal_adc_ex.c **** }
 2503              		.loc 1 1015 3 view .LVU758
 2504              	.LVL143:
ARM GAS  /tmp/ccT7L7Lv.s 			page 77


 2505              	.L183:
1016:Drivers/STM32F4/Drivers/STM32F4xx_HAL_Driver/Src/stm32f4xx_hal_adc_ex.c **** 
 2506              		.loc 1 1016 1 is_stmt 0 view .LVU759
 2507 00d0 38BD     		pop	{r3, r4, r5, pc}
 2508              	.LVL144:
 2509              	.L179:
 987:Drivers/STM32F4/Drivers/STM32F4xx_HAL_Driver/Src/stm32f4xx_hal_adc_ex.c ****   assert_param(IS_ADC_DMA_ACCESS_MODE(multimode->DMAAccessMode));
 2510              		.loc 1 987 3 discriminator 11 view .LVU760
 2511 00d2 40F2DB31 		movw	r1, #987
 2512              	.LVL145:
 987:Drivers/STM32F4/Drivers/STM32F4xx_HAL_Driver/Src/stm32f4xx_hal_adc_ex.c ****   assert_param(IS_ADC_DMA_ACCESS_MODE(multimode->DMAAccessMode));
 2513              		.loc 1 987 3 discriminator 11 view .LVU761
 2514 00d6 0B48     		ldr	r0, .L188+8
 2515              	.LVL146:
 987:Drivers/STM32F4/Drivers/STM32F4xx_HAL_Driver/Src/stm32f4xx_hal_adc_ex.c ****   assert_param(IS_ADC_DMA_ACCESS_MODE(multimode->DMAAccessMode));
 2516              		.loc 1 987 3 discriminator 11 view .LVU762
 2517 00d8 FFF7FEFF 		bl	assert_failed
 2518              	.LVL147:
 2519 00dc 9BE7     		b	.L180
 2520              	.L186:
 988:Drivers/STM32F4/Drivers/STM32F4xx_HAL_Driver/Src/stm32f4xx_hal_adc_ex.c ****   assert_param(IS_ADC_SAMPLING_DELAY(multimode->TwoSamplingDelay));
 2521              		.loc 1 988 3 discriminator 4 view .LVU763
 2522 00de 4FF47771 		mov	r1, #988
 2523 00e2 0848     		ldr	r0, .L188+8
 2524 00e4 FFF7FEFF 		bl	assert_failed
 2525              	.LVL148:
 2526 00e8 A0E7     		b	.L181
 2527              	.L187:
 989:Drivers/STM32F4/Drivers/STM32F4xx_HAL_Driver/Src/stm32f4xx_hal_adc_ex.c **** 
 2528              		.loc 1 989 3 discriminator 16 view .LVU764
 2529 00ea 40F2DD31 		movw	r1, #989
 2530 00ee 0548     		ldr	r0, .L188+8
 2531 00f0 FFF7FEFF 		bl	assert_failed
 2532              	.LVL149:
 2533 00f4 C9E7     		b	.L182
 2534              	.L184:
 992:Drivers/STM32F4/Drivers/STM32F4xx_HAL_Driver/Src/stm32f4xx_hal_adc_ex.c **** 
 2535              		.loc 1 992 3 discriminator 1 view .LVU765
 2536 00f6 0220     		movs	r0, #2
 2537 00f8 EAE7     		b	.L183
 2538              	.L189:
 2539 00fa 00BF     		.align	2
 2540              	.L188:
 2541 00fc E702E602 		.word	48628455
 2542 0100 00230140 		.word	1073816320
 2543 0104 00000000 		.word	.LC0
 2544              		.cfi_endproc
 2545              	.LFE250:
 2547              		.text
 2548              	.Letext0:
 2549              		.file 2 "/usr/lib/gcc/arm-none-eabi/13.2.1/include/stdint.h"
 2550              		.file 3 "Drivers/STM32F4/Drivers/CMSIS/Device/ST/STM32F4xx/Include/stm32f405xx.h"
 2551              		.file 4 "Drivers/STM32F4/Drivers/CMSIS/Device/ST/STM32F4xx/Include/stm32f4xx.h"
 2552              		.file 5 "Drivers/STM32F4/Drivers/STM32F4xx_HAL_Driver/Inc/stm32f4xx_hal_def.h"
 2553              		.file 6 "Drivers/STM32F4/Drivers/STM32F4xx_HAL_Driver/Inc/stm32f4xx_hal_dma.h"
 2554              		.file 7 "Drivers/STM32F4/Drivers/STM32F4xx_HAL_Driver/Inc/stm32f4xx_hal_adc.h"
 2555              		.file 8 "Drivers/STM32F4/Drivers/STM32F4xx_HAL_Driver/Inc/stm32f4xx_hal_adc_ex.h"
ARM GAS  /tmp/ccT7L7Lv.s 			page 78


 2556              		.file 9 "Core/Inc/stm32f4xx_hal_conf.h"
 2557              		.file 10 "Drivers/STM32F4/Drivers/CMSIS/Device/ST/STM32F4xx/Include/system_stm32f4xx.h"
 2558              		.file 11 "Drivers/STM32F4/Drivers/STM32F4xx_HAL_Driver/Inc/stm32f4xx_hal.h"
ARM GAS  /tmp/ccT7L7Lv.s 			page 79


DEFINED SYMBOLS
                            *ABS*:00000000 stm32f4xx_hal_adc_ex.c
     /tmp/ccT7L7Lv.s:21     .text.ADC_MultiModeDMAError:00000000 $t
     /tmp/ccT7L7Lv.s:26     .text.ADC_MultiModeDMAError:00000000 ADC_MultiModeDMAError
     /tmp/ccT7L7Lv.s:62     .text.ADC_MultiModeDMAHalfConvCplt:00000000 $t
     /tmp/ccT7L7Lv.s:67     .text.ADC_MultiModeDMAHalfConvCplt:00000000 ADC_MultiModeDMAHalfConvCplt
     /tmp/ccT7L7Lv.s:94     .text.ADC_MultiModeDMAConvCplt:00000000 $t
     /tmp/ccT7L7Lv.s:99     .text.ADC_MultiModeDMAConvCplt:00000000 ADC_MultiModeDMAConvCplt
     /tmp/ccT7L7Lv.s:193    .text.HAL_ADCEx_InjectedStart:00000000 $t
     /tmp/ccT7L7Lv.s:199    .text.HAL_ADCEx_InjectedStart:00000000 HAL_ADCEx_InjectedStart
     /tmp/ccT7L7Lv.s:426    .text.HAL_ADCEx_InjectedStart:000000f4 $d
     /tmp/ccT7L7Lv.s:434    .text.HAL_ADCEx_InjectedStart_IT:00000000 $t
     /tmp/ccT7L7Lv.s:440    .text.HAL_ADCEx_InjectedStart_IT:00000000 HAL_ADCEx_InjectedStart_IT
     /tmp/ccT7L7Lv.s:672    .text.HAL_ADCEx_InjectedStart_IT:000000fc $d
     /tmp/ccT7L7Lv.s:680    .rodata.HAL_ADCEx_InjectedStop.str1.4:00000000 $d
     /tmp/ccT7L7Lv.s:685    .text.HAL_ADCEx_InjectedStop:00000000 $t
     /tmp/ccT7L7Lv.s:691    .text.HAL_ADCEx_InjectedStop:00000000 HAL_ADCEx_InjectedStop
     /tmp/ccT7L7Lv.s:802    .text.HAL_ADCEx_InjectedStop:00000088 $d
     /tmp/ccT7L7Lv.s:808    .text.HAL_ADCEx_InjectedPollForConversion:00000000 $t
     /tmp/ccT7L7Lv.s:814    .text.HAL_ADCEx_InjectedPollForConversion:00000000 HAL_ADCEx_InjectedPollForConversion
     /tmp/ccT7L7Lv.s:967    .text.HAL_ADCEx_InjectedStop_IT:00000000 $t
     /tmp/ccT7L7Lv.s:973    .text.HAL_ADCEx_InjectedStop_IT:00000000 HAL_ADCEx_InjectedStop_IT
     /tmp/ccT7L7Lv.s:1088   .text.HAL_ADCEx_InjectedStop_IT:00000090 $d
     /tmp/ccT7L7Lv.s:1094   .text.HAL_ADCEx_InjectedGetValue:00000000 $t
     /tmp/ccT7L7Lv.s:1100   .text.HAL_ADCEx_InjectedGetValue:00000000 HAL_ADCEx_InjectedGetValue
     /tmp/ccT7L7Lv.s:1141   .text.HAL_ADCEx_InjectedGetValue:00000024 $d
     /tmp/ccT7L7Lv.s:1146   .text.HAL_ADCEx_InjectedGetValue:00000028 $t
     /tmp/ccT7L7Lv.s:1215   .text.HAL_ADCEx_InjectedGetValue:00000058 $d
     /tmp/ccT7L7Lv.s:1220   .text.HAL_ADCEx_MultiModeStart_DMA:00000000 $t
     /tmp/ccT7L7Lv.s:1226   .text.HAL_ADCEx_MultiModeStart_DMA:00000000 HAL_ADCEx_MultiModeStart_DMA
     /tmp/ccT7L7Lv.s:1505   .text.HAL_ADCEx_MultiModeStart_DMA:0000015c $d
     /tmp/ccT7L7Lv.s:1517   .text.HAL_ADCEx_MultiModeStop_DMA:00000000 $t
     /tmp/ccT7L7Lv.s:1523   .text.HAL_ADCEx_MultiModeStop_DMA:00000000 HAL_ADCEx_MultiModeStop_DMA
     /tmp/ccT7L7Lv.s:1632   .text.HAL_ADCEx_MultiModeStop_DMA:00000084 $d
     /tmp/ccT7L7Lv.s:1639   .text.HAL_ADCEx_MultiModeGetValue:00000000 $t
     /tmp/ccT7L7Lv.s:1645   .text.HAL_ADCEx_MultiModeGetValue:00000000 HAL_ADCEx_MultiModeGetValue
     /tmp/ccT7L7Lv.s:1666   .text.HAL_ADCEx_MultiModeGetValue:00000008 $d
     /tmp/ccT7L7Lv.s:1671   .text.HAL_ADCEx_InjectedConvCpltCallback:00000000 $t
     /tmp/ccT7L7Lv.s:1677   .text.HAL_ADCEx_InjectedConvCpltCallback:00000000 HAL_ADCEx_InjectedConvCpltCallback
     /tmp/ccT7L7Lv.s:1692   .text.HAL_ADCEx_InjectedConfigChannel:00000000 $t
     /tmp/ccT7L7Lv.s:1698   .text.HAL_ADCEx_InjectedConfigChannel:00000000 HAL_ADCEx_InjectedConfigChannel
     /tmp/ccT7L7Lv.s:2259   .text.HAL_ADCEx_InjectedConfigChannel:00000310 $d
     /tmp/ccT7L7Lv.s:2265   .text.HAL_ADCEx_InjectedConfigChannel:0000031c $t
     /tmp/ccT7L7Lv.s:2343   .text.HAL_ADCEx_InjectedConfigChannel:00000378 $d
     /tmp/ccT7L7Lv.s:2348   .text.HAL_ADCEx_MultiModeConfigChannel:00000000 $t
     /tmp/ccT7L7Lv.s:2354   .text.HAL_ADCEx_MultiModeConfigChannel:00000000 HAL_ADCEx_MultiModeConfigChannel
     /tmp/ccT7L7Lv.s:2541   .text.HAL_ADCEx_MultiModeConfigChannel:000000fc $d

UNDEFINED SYMBOLS
HAL_ADC_ErrorCallback
HAL_ADC_ConvHalfCpltCallback
HAL_ADC_ConvCpltCallback
SystemCoreClock
assert_failed
HAL_GetTick
HAL_DMA_Start_IT
HAL_DMA_Abort
ARM GAS  /tmp/ccT7L7Lv.s 			page 80


