ARM GAS  /tmp/ccFutYhx.s 			page 1


   1              		.cpu cortex-m4
   2              		.arch armv7e-m
   3              		.fpu fpv4-sp-d16
   4              		.eabi_attribute 27, 1
   5              		.eabi_attribute 28, 1
   6              		.eabi_attribute 20, 1
   7              		.eabi_attribute 21, 1
   8              		.eabi_attribute 23, 3
   9              		.eabi_attribute 24, 1
  10              		.eabi_attribute 25, 1
  11              		.eabi_attribute 26, 1
  12              		.eabi_attribute 30, 1
  13              		.eabi_attribute 34, 1
  14              		.eabi_attribute 18, 4
  15              		.file	"stm32f4xx_hal_flash.c"
  16              		.text
  17              	.Ltext0:
  18              		.cfi_sections	.debug_frame
  19              		.file 1 "Drivers/STM32F4/Drivers/STM32F4xx_HAL_Driver/Src/stm32f4xx_hal_flash.c"
  20              		.section	.text.FLASH_SetErrorCode,"ax",%progbits
  21              		.align	1
  22              		.syntax unified
  23              		.thumb
  24              		.thumb_func
  26              	FLASH_SetErrorCode:
  27              	.LFB150:
   1:Drivers/STM32F4/Drivers/STM32F4xx_HAL_Driver/Src/stm32f4xx_hal_flash.c **** /**
   2:Drivers/STM32F4/Drivers/STM32F4xx_HAL_Driver/Src/stm32f4xx_hal_flash.c ****   ******************************************************************************
   3:Drivers/STM32F4/Drivers/STM32F4xx_HAL_Driver/Src/stm32f4xx_hal_flash.c ****   * @file    stm32f4xx_hal_flash.c
   4:Drivers/STM32F4/Drivers/STM32F4xx_HAL_Driver/Src/stm32f4xx_hal_flash.c ****   * @author  MCD Application Team
   5:Drivers/STM32F4/Drivers/STM32F4xx_HAL_Driver/Src/stm32f4xx_hal_flash.c ****   * @brief   FLASH HAL module driver.
   6:Drivers/STM32F4/Drivers/STM32F4xx_HAL_Driver/Src/stm32f4xx_hal_flash.c ****   *          This file provides firmware functions to manage the following
   7:Drivers/STM32F4/Drivers/STM32F4xx_HAL_Driver/Src/stm32f4xx_hal_flash.c ****   *          functionalities of the internal FLASH memory:
   8:Drivers/STM32F4/Drivers/STM32F4xx_HAL_Driver/Src/stm32f4xx_hal_flash.c ****   *           + Program operations functions
   9:Drivers/STM32F4/Drivers/STM32F4xx_HAL_Driver/Src/stm32f4xx_hal_flash.c ****   *           + Memory Control functions
  10:Drivers/STM32F4/Drivers/STM32F4xx_HAL_Driver/Src/stm32f4xx_hal_flash.c ****   *           + Peripheral Errors functions
  11:Drivers/STM32F4/Drivers/STM32F4xx_HAL_Driver/Src/stm32f4xx_hal_flash.c ****   *
  12:Drivers/STM32F4/Drivers/STM32F4xx_HAL_Driver/Src/stm32f4xx_hal_flash.c ****   @verbatim
  13:Drivers/STM32F4/Drivers/STM32F4xx_HAL_Driver/Src/stm32f4xx_hal_flash.c ****   ==============================================================================
  14:Drivers/STM32F4/Drivers/STM32F4xx_HAL_Driver/Src/stm32f4xx_hal_flash.c ****                         ##### FLASH peripheral features #####
  15:Drivers/STM32F4/Drivers/STM32F4xx_HAL_Driver/Src/stm32f4xx_hal_flash.c ****   ==============================================================================
  16:Drivers/STM32F4/Drivers/STM32F4xx_HAL_Driver/Src/stm32f4xx_hal_flash.c **** 
  17:Drivers/STM32F4/Drivers/STM32F4xx_HAL_Driver/Src/stm32f4xx_hal_flash.c ****   [..] The Flash memory interface manages CPU AHB I-Code and D-Code accesses
  18:Drivers/STM32F4/Drivers/STM32F4xx_HAL_Driver/Src/stm32f4xx_hal_flash.c ****        to the Flash memory. It implements the erase and program Flash memory operations
  19:Drivers/STM32F4/Drivers/STM32F4xx_HAL_Driver/Src/stm32f4xx_hal_flash.c ****        and the read and write protection mechanisms.
  20:Drivers/STM32F4/Drivers/STM32F4xx_HAL_Driver/Src/stm32f4xx_hal_flash.c **** 
  21:Drivers/STM32F4/Drivers/STM32F4xx_HAL_Driver/Src/stm32f4xx_hal_flash.c ****   [..] The Flash memory interface accelerates code execution with a system of instruction
  22:Drivers/STM32F4/Drivers/STM32F4xx_HAL_Driver/Src/stm32f4xx_hal_flash.c ****        prefetch and cache lines.
  23:Drivers/STM32F4/Drivers/STM32F4xx_HAL_Driver/Src/stm32f4xx_hal_flash.c **** 
  24:Drivers/STM32F4/Drivers/STM32F4xx_HAL_Driver/Src/stm32f4xx_hal_flash.c ****   [..] The FLASH main features are:
  25:Drivers/STM32F4/Drivers/STM32F4xx_HAL_Driver/Src/stm32f4xx_hal_flash.c ****       (+) Flash memory read operations
  26:Drivers/STM32F4/Drivers/STM32F4xx_HAL_Driver/Src/stm32f4xx_hal_flash.c ****       (+) Flash memory program/erase operations
  27:Drivers/STM32F4/Drivers/STM32F4xx_HAL_Driver/Src/stm32f4xx_hal_flash.c ****       (+) Read / write protections
  28:Drivers/STM32F4/Drivers/STM32F4xx_HAL_Driver/Src/stm32f4xx_hal_flash.c ****       (+) Prefetch on I-Code
  29:Drivers/STM32F4/Drivers/STM32F4xx_HAL_Driver/Src/stm32f4xx_hal_flash.c ****       (+) 64 cache lines of 128 bits on I-Code
  30:Drivers/STM32F4/Drivers/STM32F4xx_HAL_Driver/Src/stm32f4xx_hal_flash.c ****       (+) 8 cache lines of 128 bits on D-Code
  31:Drivers/STM32F4/Drivers/STM32F4xx_HAL_Driver/Src/stm32f4xx_hal_flash.c **** 
ARM GAS  /tmp/ccFutYhx.s 			page 2


  32:Drivers/STM32F4/Drivers/STM32F4xx_HAL_Driver/Src/stm32f4xx_hal_flash.c **** 
  33:Drivers/STM32F4/Drivers/STM32F4xx_HAL_Driver/Src/stm32f4xx_hal_flash.c ****                      ##### How to use this driver #####
  34:Drivers/STM32F4/Drivers/STM32F4xx_HAL_Driver/Src/stm32f4xx_hal_flash.c ****   ==============================================================================
  35:Drivers/STM32F4/Drivers/STM32F4xx_HAL_Driver/Src/stm32f4xx_hal_flash.c ****     [..]
  36:Drivers/STM32F4/Drivers/STM32F4xx_HAL_Driver/Src/stm32f4xx_hal_flash.c ****       This driver provides functions and macros to configure and program the FLASH
  37:Drivers/STM32F4/Drivers/STM32F4xx_HAL_Driver/Src/stm32f4xx_hal_flash.c ****       memory of all STM32F4xx devices.
  38:Drivers/STM32F4/Drivers/STM32F4xx_HAL_Driver/Src/stm32f4xx_hal_flash.c **** 
  39:Drivers/STM32F4/Drivers/STM32F4xx_HAL_Driver/Src/stm32f4xx_hal_flash.c ****       (#) FLASH Memory IO Programming functions:
  40:Drivers/STM32F4/Drivers/STM32F4xx_HAL_Driver/Src/stm32f4xx_hal_flash.c ****            (++) Lock and Unlock the FLASH interface using HAL_FLASH_Unlock() and
  41:Drivers/STM32F4/Drivers/STM32F4xx_HAL_Driver/Src/stm32f4xx_hal_flash.c ****                 HAL_FLASH_Lock() functions
  42:Drivers/STM32F4/Drivers/STM32F4xx_HAL_Driver/Src/stm32f4xx_hal_flash.c ****            (++) Program functions: byte, half word, word and double word
  43:Drivers/STM32F4/Drivers/STM32F4xx_HAL_Driver/Src/stm32f4xx_hal_flash.c ****            (++) There Two modes of programming :
  44:Drivers/STM32F4/Drivers/STM32F4xx_HAL_Driver/Src/stm32f4xx_hal_flash.c ****             (+++) Polling mode using HAL_FLASH_Program() function
  45:Drivers/STM32F4/Drivers/STM32F4xx_HAL_Driver/Src/stm32f4xx_hal_flash.c ****             (+++) Interrupt mode using HAL_FLASH_Program_IT() function
  46:Drivers/STM32F4/Drivers/STM32F4xx_HAL_Driver/Src/stm32f4xx_hal_flash.c **** 
  47:Drivers/STM32F4/Drivers/STM32F4xx_HAL_Driver/Src/stm32f4xx_hal_flash.c ****       (#) Interrupts and flags management functions :
  48:Drivers/STM32F4/Drivers/STM32F4xx_HAL_Driver/Src/stm32f4xx_hal_flash.c ****            (++) Handle FLASH interrupts by calling HAL_FLASH_IRQHandler()
  49:Drivers/STM32F4/Drivers/STM32F4xx_HAL_Driver/Src/stm32f4xx_hal_flash.c ****            (++) Wait for last FLASH operation according to its status
  50:Drivers/STM32F4/Drivers/STM32F4xx_HAL_Driver/Src/stm32f4xx_hal_flash.c ****            (++) Get error flag status by calling HAL_SetErrorCode()
  51:Drivers/STM32F4/Drivers/STM32F4xx_HAL_Driver/Src/stm32f4xx_hal_flash.c **** 
  52:Drivers/STM32F4/Drivers/STM32F4xx_HAL_Driver/Src/stm32f4xx_hal_flash.c ****     [..]
  53:Drivers/STM32F4/Drivers/STM32F4xx_HAL_Driver/Src/stm32f4xx_hal_flash.c ****       In addition to these functions, this driver includes a set of macros allowing
  54:Drivers/STM32F4/Drivers/STM32F4xx_HAL_Driver/Src/stm32f4xx_hal_flash.c ****       to handle the following operations:
  55:Drivers/STM32F4/Drivers/STM32F4xx_HAL_Driver/Src/stm32f4xx_hal_flash.c ****        (+) Set the latency
  56:Drivers/STM32F4/Drivers/STM32F4xx_HAL_Driver/Src/stm32f4xx_hal_flash.c ****        (+) Enable/Disable the prefetch buffer
  57:Drivers/STM32F4/Drivers/STM32F4xx_HAL_Driver/Src/stm32f4xx_hal_flash.c ****        (+) Enable/Disable the Instruction cache and the Data cache
  58:Drivers/STM32F4/Drivers/STM32F4xx_HAL_Driver/Src/stm32f4xx_hal_flash.c ****        (+) Reset the Instruction cache and the Data cache
  59:Drivers/STM32F4/Drivers/STM32F4xx_HAL_Driver/Src/stm32f4xx_hal_flash.c ****        (+) Enable/Disable the FLASH interrupts
  60:Drivers/STM32F4/Drivers/STM32F4xx_HAL_Driver/Src/stm32f4xx_hal_flash.c ****        (+) Monitor the FLASH flags status
  61:Drivers/STM32F4/Drivers/STM32F4xx_HAL_Driver/Src/stm32f4xx_hal_flash.c **** 
  62:Drivers/STM32F4/Drivers/STM32F4xx_HAL_Driver/Src/stm32f4xx_hal_flash.c ****   @endverbatim
  63:Drivers/STM32F4/Drivers/STM32F4xx_HAL_Driver/Src/stm32f4xx_hal_flash.c ****   ******************************************************************************
  64:Drivers/STM32F4/Drivers/STM32F4xx_HAL_Driver/Src/stm32f4xx_hal_flash.c ****   * @attention
  65:Drivers/STM32F4/Drivers/STM32F4xx_HAL_Driver/Src/stm32f4xx_hal_flash.c ****   *
  66:Drivers/STM32F4/Drivers/STM32F4xx_HAL_Driver/Src/stm32f4xx_hal_flash.c ****   * Copyright (c) 2017 STMicroelectronics.
  67:Drivers/STM32F4/Drivers/STM32F4xx_HAL_Driver/Src/stm32f4xx_hal_flash.c ****   * All rights reserved.
  68:Drivers/STM32F4/Drivers/STM32F4xx_HAL_Driver/Src/stm32f4xx_hal_flash.c ****   *
  69:Drivers/STM32F4/Drivers/STM32F4xx_HAL_Driver/Src/stm32f4xx_hal_flash.c ****   * This software is licensed under terms that can be found in the LICENSE file in
  70:Drivers/STM32F4/Drivers/STM32F4xx_HAL_Driver/Src/stm32f4xx_hal_flash.c ****   * the root directory of this software component.
  71:Drivers/STM32F4/Drivers/STM32F4xx_HAL_Driver/Src/stm32f4xx_hal_flash.c ****   * If no LICENSE file comes with this software, it is provided AS-IS.
  72:Drivers/STM32F4/Drivers/STM32F4xx_HAL_Driver/Src/stm32f4xx_hal_flash.c ****   ******************************************************************************
  73:Drivers/STM32F4/Drivers/STM32F4xx_HAL_Driver/Src/stm32f4xx_hal_flash.c ****   */
  74:Drivers/STM32F4/Drivers/STM32F4xx_HAL_Driver/Src/stm32f4xx_hal_flash.c **** 
  75:Drivers/STM32F4/Drivers/STM32F4xx_HAL_Driver/Src/stm32f4xx_hal_flash.c **** /* Includes ------------------------------------------------------------------*/
  76:Drivers/STM32F4/Drivers/STM32F4xx_HAL_Driver/Src/stm32f4xx_hal_flash.c **** #include "stm32f4xx_hal.h"
  77:Drivers/STM32F4/Drivers/STM32F4xx_HAL_Driver/Src/stm32f4xx_hal_flash.c **** 
  78:Drivers/STM32F4/Drivers/STM32F4xx_HAL_Driver/Src/stm32f4xx_hal_flash.c **** /** @addtogroup STM32F4xx_HAL_Driver
  79:Drivers/STM32F4/Drivers/STM32F4xx_HAL_Driver/Src/stm32f4xx_hal_flash.c ****   * @{
  80:Drivers/STM32F4/Drivers/STM32F4xx_HAL_Driver/Src/stm32f4xx_hal_flash.c ****   */
  81:Drivers/STM32F4/Drivers/STM32F4xx_HAL_Driver/Src/stm32f4xx_hal_flash.c **** 
  82:Drivers/STM32F4/Drivers/STM32F4xx_HAL_Driver/Src/stm32f4xx_hal_flash.c **** /** @defgroup FLASH FLASH
  83:Drivers/STM32F4/Drivers/STM32F4xx_HAL_Driver/Src/stm32f4xx_hal_flash.c ****   * @brief FLASH HAL module driver
  84:Drivers/STM32F4/Drivers/STM32F4xx_HAL_Driver/Src/stm32f4xx_hal_flash.c ****   * @{
  85:Drivers/STM32F4/Drivers/STM32F4xx_HAL_Driver/Src/stm32f4xx_hal_flash.c ****   */
  86:Drivers/STM32F4/Drivers/STM32F4xx_HAL_Driver/Src/stm32f4xx_hal_flash.c **** 
  87:Drivers/STM32F4/Drivers/STM32F4xx_HAL_Driver/Src/stm32f4xx_hal_flash.c **** #ifdef HAL_FLASH_MODULE_ENABLED
  88:Drivers/STM32F4/Drivers/STM32F4xx_HAL_Driver/Src/stm32f4xx_hal_flash.c **** 
ARM GAS  /tmp/ccFutYhx.s 			page 3


  89:Drivers/STM32F4/Drivers/STM32F4xx_HAL_Driver/Src/stm32f4xx_hal_flash.c **** /* Private typedef -----------------------------------------------------------*/
  90:Drivers/STM32F4/Drivers/STM32F4xx_HAL_Driver/Src/stm32f4xx_hal_flash.c **** /* Private define ------------------------------------------------------------*/
  91:Drivers/STM32F4/Drivers/STM32F4xx_HAL_Driver/Src/stm32f4xx_hal_flash.c **** /** @addtogroup FLASH_Private_Constants
  92:Drivers/STM32F4/Drivers/STM32F4xx_HAL_Driver/Src/stm32f4xx_hal_flash.c ****   * @{
  93:Drivers/STM32F4/Drivers/STM32F4xx_HAL_Driver/Src/stm32f4xx_hal_flash.c ****   */
  94:Drivers/STM32F4/Drivers/STM32F4xx_HAL_Driver/Src/stm32f4xx_hal_flash.c **** #define FLASH_TIMEOUT_VALUE       50000U /* 50 s */
  95:Drivers/STM32F4/Drivers/STM32F4xx_HAL_Driver/Src/stm32f4xx_hal_flash.c **** /**
  96:Drivers/STM32F4/Drivers/STM32F4xx_HAL_Driver/Src/stm32f4xx_hal_flash.c ****   * @}
  97:Drivers/STM32F4/Drivers/STM32F4xx_HAL_Driver/Src/stm32f4xx_hal_flash.c ****   */
  98:Drivers/STM32F4/Drivers/STM32F4xx_HAL_Driver/Src/stm32f4xx_hal_flash.c **** /* Private macro -------------------------------------------------------------*/
  99:Drivers/STM32F4/Drivers/STM32F4xx_HAL_Driver/Src/stm32f4xx_hal_flash.c **** /* Private variables ---------------------------------------------------------*/
 100:Drivers/STM32F4/Drivers/STM32F4xx_HAL_Driver/Src/stm32f4xx_hal_flash.c **** /** @addtogroup FLASH_Private_Variables
 101:Drivers/STM32F4/Drivers/STM32F4xx_HAL_Driver/Src/stm32f4xx_hal_flash.c ****   * @{
 102:Drivers/STM32F4/Drivers/STM32F4xx_HAL_Driver/Src/stm32f4xx_hal_flash.c ****   */
 103:Drivers/STM32F4/Drivers/STM32F4xx_HAL_Driver/Src/stm32f4xx_hal_flash.c **** /* Variable used for Erase sectors under interruption */
 104:Drivers/STM32F4/Drivers/STM32F4xx_HAL_Driver/Src/stm32f4xx_hal_flash.c **** FLASH_ProcessTypeDef pFlash  = {.ProcedureOnGoing = FLASH_PROC_NONE,
 105:Drivers/STM32F4/Drivers/STM32F4xx_HAL_Driver/Src/stm32f4xx_hal_flash.c ****                                 .NbSectorsToErase = 0U,
 106:Drivers/STM32F4/Drivers/STM32F4xx_HAL_Driver/Src/stm32f4xx_hal_flash.c ****                                 .VoltageForErase= FLASH_VOLTAGE_RANGE_1,
 107:Drivers/STM32F4/Drivers/STM32F4xx_HAL_Driver/Src/stm32f4xx_hal_flash.c ****                                 .Sector = 0U,
 108:Drivers/STM32F4/Drivers/STM32F4xx_HAL_Driver/Src/stm32f4xx_hal_flash.c ****                                 .Bank = FLASH_BANK_1,
 109:Drivers/STM32F4/Drivers/STM32F4xx_HAL_Driver/Src/stm32f4xx_hal_flash.c ****                                 .Address = 0U,
 110:Drivers/STM32F4/Drivers/STM32F4xx_HAL_Driver/Src/stm32f4xx_hal_flash.c ****                                 .Lock = HAL_UNLOCKED,
 111:Drivers/STM32F4/Drivers/STM32F4xx_HAL_Driver/Src/stm32f4xx_hal_flash.c ****                                 .ErrorCode = HAL_FLASH_ERROR_NONE};
 112:Drivers/STM32F4/Drivers/STM32F4xx_HAL_Driver/Src/stm32f4xx_hal_flash.c **** /**
 113:Drivers/STM32F4/Drivers/STM32F4xx_HAL_Driver/Src/stm32f4xx_hal_flash.c ****   * @}
 114:Drivers/STM32F4/Drivers/STM32F4xx_HAL_Driver/Src/stm32f4xx_hal_flash.c ****   */
 115:Drivers/STM32F4/Drivers/STM32F4xx_HAL_Driver/Src/stm32f4xx_hal_flash.c **** 
 116:Drivers/STM32F4/Drivers/STM32F4xx_HAL_Driver/Src/stm32f4xx_hal_flash.c **** /* Private function prototypes -----------------------------------------------*/
 117:Drivers/STM32F4/Drivers/STM32F4xx_HAL_Driver/Src/stm32f4xx_hal_flash.c **** /** @addtogroup FLASH_Private_Functions
 118:Drivers/STM32F4/Drivers/STM32F4xx_HAL_Driver/Src/stm32f4xx_hal_flash.c ****   * @{
 119:Drivers/STM32F4/Drivers/STM32F4xx_HAL_Driver/Src/stm32f4xx_hal_flash.c ****   */
 120:Drivers/STM32F4/Drivers/STM32F4xx_HAL_Driver/Src/stm32f4xx_hal_flash.c **** /* Program operations */
 121:Drivers/STM32F4/Drivers/STM32F4xx_HAL_Driver/Src/stm32f4xx_hal_flash.c **** static void   FLASH_Program_DoubleWord(uint32_t Address, uint64_t Data);
 122:Drivers/STM32F4/Drivers/STM32F4xx_HAL_Driver/Src/stm32f4xx_hal_flash.c **** static void   FLASH_Program_Word(uint32_t Address, uint32_t Data);
 123:Drivers/STM32F4/Drivers/STM32F4xx_HAL_Driver/Src/stm32f4xx_hal_flash.c **** static void   FLASH_Program_HalfWord(uint32_t Address, uint16_t Data);
 124:Drivers/STM32F4/Drivers/STM32F4xx_HAL_Driver/Src/stm32f4xx_hal_flash.c **** static void   FLASH_Program_Byte(uint32_t Address, uint8_t Data);
 125:Drivers/STM32F4/Drivers/STM32F4xx_HAL_Driver/Src/stm32f4xx_hal_flash.c **** static void   FLASH_SetErrorCode(void);
 126:Drivers/STM32F4/Drivers/STM32F4xx_HAL_Driver/Src/stm32f4xx_hal_flash.c **** 
 127:Drivers/STM32F4/Drivers/STM32F4xx_HAL_Driver/Src/stm32f4xx_hal_flash.c **** HAL_StatusTypeDef FLASH_WaitForLastOperation(uint32_t Timeout);
 128:Drivers/STM32F4/Drivers/STM32F4xx_HAL_Driver/Src/stm32f4xx_hal_flash.c **** /**
 129:Drivers/STM32F4/Drivers/STM32F4xx_HAL_Driver/Src/stm32f4xx_hal_flash.c ****   * @}
 130:Drivers/STM32F4/Drivers/STM32F4xx_HAL_Driver/Src/stm32f4xx_hal_flash.c ****   */
 131:Drivers/STM32F4/Drivers/STM32F4xx_HAL_Driver/Src/stm32f4xx_hal_flash.c **** 
 132:Drivers/STM32F4/Drivers/STM32F4xx_HAL_Driver/Src/stm32f4xx_hal_flash.c **** /* Exported functions --------------------------------------------------------*/
 133:Drivers/STM32F4/Drivers/STM32F4xx_HAL_Driver/Src/stm32f4xx_hal_flash.c **** /** @defgroup FLASH_Exported_Functions FLASH Exported Functions
 134:Drivers/STM32F4/Drivers/STM32F4xx_HAL_Driver/Src/stm32f4xx_hal_flash.c ****   * @{
 135:Drivers/STM32F4/Drivers/STM32F4xx_HAL_Driver/Src/stm32f4xx_hal_flash.c ****   */
 136:Drivers/STM32F4/Drivers/STM32F4xx_HAL_Driver/Src/stm32f4xx_hal_flash.c **** 
 137:Drivers/STM32F4/Drivers/STM32F4xx_HAL_Driver/Src/stm32f4xx_hal_flash.c **** /** @defgroup FLASH_Exported_Functions_Group1 Programming operation functions
 138:Drivers/STM32F4/Drivers/STM32F4xx_HAL_Driver/Src/stm32f4xx_hal_flash.c ****   *  @brief   Programming operation functions
 139:Drivers/STM32F4/Drivers/STM32F4xx_HAL_Driver/Src/stm32f4xx_hal_flash.c ****   *
 140:Drivers/STM32F4/Drivers/STM32F4xx_HAL_Driver/Src/stm32f4xx_hal_flash.c **** @verbatim
 141:Drivers/STM32F4/Drivers/STM32F4xx_HAL_Driver/Src/stm32f4xx_hal_flash.c ****  ===============================================================================
 142:Drivers/STM32F4/Drivers/STM32F4xx_HAL_Driver/Src/stm32f4xx_hal_flash.c ****                   ##### Programming operation functions #####
 143:Drivers/STM32F4/Drivers/STM32F4xx_HAL_Driver/Src/stm32f4xx_hal_flash.c ****  ===============================================================================
 144:Drivers/STM32F4/Drivers/STM32F4xx_HAL_Driver/Src/stm32f4xx_hal_flash.c ****     [..]
 145:Drivers/STM32F4/Drivers/STM32F4xx_HAL_Driver/Src/stm32f4xx_hal_flash.c ****     This subsection provides a set of functions allowing to manage the FLASH
ARM GAS  /tmp/ccFutYhx.s 			page 4


 146:Drivers/STM32F4/Drivers/STM32F4xx_HAL_Driver/Src/stm32f4xx_hal_flash.c ****     program operations.
 147:Drivers/STM32F4/Drivers/STM32F4xx_HAL_Driver/Src/stm32f4xx_hal_flash.c **** 
 148:Drivers/STM32F4/Drivers/STM32F4xx_HAL_Driver/Src/stm32f4xx_hal_flash.c **** @endverbatim
 149:Drivers/STM32F4/Drivers/STM32F4xx_HAL_Driver/Src/stm32f4xx_hal_flash.c ****   * @{
 150:Drivers/STM32F4/Drivers/STM32F4xx_HAL_Driver/Src/stm32f4xx_hal_flash.c ****   */
 151:Drivers/STM32F4/Drivers/STM32F4xx_HAL_Driver/Src/stm32f4xx_hal_flash.c **** 
 152:Drivers/STM32F4/Drivers/STM32F4xx_HAL_Driver/Src/stm32f4xx_hal_flash.c **** /**
 153:Drivers/STM32F4/Drivers/STM32F4xx_HAL_Driver/Src/stm32f4xx_hal_flash.c ****   * @brief  Program byte, halfword, word or double word at a specified address
 154:Drivers/STM32F4/Drivers/STM32F4xx_HAL_Driver/Src/stm32f4xx_hal_flash.c ****   * @param  TypeProgram  Indicate the way to program at a specified address.
 155:Drivers/STM32F4/Drivers/STM32F4xx_HAL_Driver/Src/stm32f4xx_hal_flash.c ****   *                           This parameter can be a value of @ref FLASH_Type_Program
 156:Drivers/STM32F4/Drivers/STM32F4xx_HAL_Driver/Src/stm32f4xx_hal_flash.c ****   * @param  Address  specifies the address to be programmed.
 157:Drivers/STM32F4/Drivers/STM32F4xx_HAL_Driver/Src/stm32f4xx_hal_flash.c ****   * @param  Data specifies the data to be programmed
 158:Drivers/STM32F4/Drivers/STM32F4xx_HAL_Driver/Src/stm32f4xx_hal_flash.c ****   *
 159:Drivers/STM32F4/Drivers/STM32F4xx_HAL_Driver/Src/stm32f4xx_hal_flash.c ****   * @retval HAL_StatusTypeDef HAL Status
 160:Drivers/STM32F4/Drivers/STM32F4xx_HAL_Driver/Src/stm32f4xx_hal_flash.c ****   */
 161:Drivers/STM32F4/Drivers/STM32F4xx_HAL_Driver/Src/stm32f4xx_hal_flash.c **** HAL_StatusTypeDef HAL_FLASH_Program(uint32_t TypeProgram, uint32_t Address, uint64_t Data)
 162:Drivers/STM32F4/Drivers/STM32F4xx_HAL_Driver/Src/stm32f4xx_hal_flash.c **** {
 163:Drivers/STM32F4/Drivers/STM32F4xx_HAL_Driver/Src/stm32f4xx_hal_flash.c ****   HAL_StatusTypeDef status;
 164:Drivers/STM32F4/Drivers/STM32F4xx_HAL_Driver/Src/stm32f4xx_hal_flash.c **** 
 165:Drivers/STM32F4/Drivers/STM32F4xx_HAL_Driver/Src/stm32f4xx_hal_flash.c ****   /* Process Locked */
 166:Drivers/STM32F4/Drivers/STM32F4xx_HAL_Driver/Src/stm32f4xx_hal_flash.c ****   __HAL_LOCK(&pFlash);
 167:Drivers/STM32F4/Drivers/STM32F4xx_HAL_Driver/Src/stm32f4xx_hal_flash.c **** 
 168:Drivers/STM32F4/Drivers/STM32F4xx_HAL_Driver/Src/stm32f4xx_hal_flash.c ****   /* Check the parameters */
 169:Drivers/STM32F4/Drivers/STM32F4xx_HAL_Driver/Src/stm32f4xx_hal_flash.c ****   assert_param(IS_FLASH_TYPEPROGRAM(TypeProgram));
 170:Drivers/STM32F4/Drivers/STM32F4xx_HAL_Driver/Src/stm32f4xx_hal_flash.c **** 
 171:Drivers/STM32F4/Drivers/STM32F4xx_HAL_Driver/Src/stm32f4xx_hal_flash.c ****   /* Wait for last operation to be completed */
 172:Drivers/STM32F4/Drivers/STM32F4xx_HAL_Driver/Src/stm32f4xx_hal_flash.c ****   status = FLASH_WaitForLastOperation((uint32_t)FLASH_TIMEOUT_VALUE);
 173:Drivers/STM32F4/Drivers/STM32F4xx_HAL_Driver/Src/stm32f4xx_hal_flash.c **** 
 174:Drivers/STM32F4/Drivers/STM32F4xx_HAL_Driver/Src/stm32f4xx_hal_flash.c ****   if (status == HAL_OK)
 175:Drivers/STM32F4/Drivers/STM32F4xx_HAL_Driver/Src/stm32f4xx_hal_flash.c ****   {
 176:Drivers/STM32F4/Drivers/STM32F4xx_HAL_Driver/Src/stm32f4xx_hal_flash.c ****     if (TypeProgram == FLASH_TYPEPROGRAM_BYTE)
 177:Drivers/STM32F4/Drivers/STM32F4xx_HAL_Driver/Src/stm32f4xx_hal_flash.c ****     {
 178:Drivers/STM32F4/Drivers/STM32F4xx_HAL_Driver/Src/stm32f4xx_hal_flash.c ****       /*Program byte (8-bit) at a specified address.*/
 179:Drivers/STM32F4/Drivers/STM32F4xx_HAL_Driver/Src/stm32f4xx_hal_flash.c ****       FLASH_Program_Byte(Address, (uint8_t) Data);
 180:Drivers/STM32F4/Drivers/STM32F4xx_HAL_Driver/Src/stm32f4xx_hal_flash.c ****     }
 181:Drivers/STM32F4/Drivers/STM32F4xx_HAL_Driver/Src/stm32f4xx_hal_flash.c ****     else if (TypeProgram == FLASH_TYPEPROGRAM_HALFWORD)
 182:Drivers/STM32F4/Drivers/STM32F4xx_HAL_Driver/Src/stm32f4xx_hal_flash.c ****     {
 183:Drivers/STM32F4/Drivers/STM32F4xx_HAL_Driver/Src/stm32f4xx_hal_flash.c ****       /*Program halfword (16-bit) at a specified address.*/
 184:Drivers/STM32F4/Drivers/STM32F4xx_HAL_Driver/Src/stm32f4xx_hal_flash.c ****       FLASH_Program_HalfWord(Address, (uint16_t) Data);
 185:Drivers/STM32F4/Drivers/STM32F4xx_HAL_Driver/Src/stm32f4xx_hal_flash.c ****     }
 186:Drivers/STM32F4/Drivers/STM32F4xx_HAL_Driver/Src/stm32f4xx_hal_flash.c ****     else if (TypeProgram == FLASH_TYPEPROGRAM_WORD)
 187:Drivers/STM32F4/Drivers/STM32F4xx_HAL_Driver/Src/stm32f4xx_hal_flash.c ****     {
 188:Drivers/STM32F4/Drivers/STM32F4xx_HAL_Driver/Src/stm32f4xx_hal_flash.c ****       /*Program word (32-bit) at a specified address.*/
 189:Drivers/STM32F4/Drivers/STM32F4xx_HAL_Driver/Src/stm32f4xx_hal_flash.c ****       FLASH_Program_Word(Address, (uint32_t) Data);
 190:Drivers/STM32F4/Drivers/STM32F4xx_HAL_Driver/Src/stm32f4xx_hal_flash.c ****     }
 191:Drivers/STM32F4/Drivers/STM32F4xx_HAL_Driver/Src/stm32f4xx_hal_flash.c ****     else
 192:Drivers/STM32F4/Drivers/STM32F4xx_HAL_Driver/Src/stm32f4xx_hal_flash.c ****     {
 193:Drivers/STM32F4/Drivers/STM32F4xx_HAL_Driver/Src/stm32f4xx_hal_flash.c ****       /*Program double word (64-bit) at a specified address.*/
 194:Drivers/STM32F4/Drivers/STM32F4xx_HAL_Driver/Src/stm32f4xx_hal_flash.c ****       FLASH_Program_DoubleWord(Address, Data);
 195:Drivers/STM32F4/Drivers/STM32F4xx_HAL_Driver/Src/stm32f4xx_hal_flash.c ****     }
 196:Drivers/STM32F4/Drivers/STM32F4xx_HAL_Driver/Src/stm32f4xx_hal_flash.c **** 
 197:Drivers/STM32F4/Drivers/STM32F4xx_HAL_Driver/Src/stm32f4xx_hal_flash.c ****     /* Wait for last operation to be completed */
 198:Drivers/STM32F4/Drivers/STM32F4xx_HAL_Driver/Src/stm32f4xx_hal_flash.c ****     status = FLASH_WaitForLastOperation((uint32_t)FLASH_TIMEOUT_VALUE);
 199:Drivers/STM32F4/Drivers/STM32F4xx_HAL_Driver/Src/stm32f4xx_hal_flash.c **** 
 200:Drivers/STM32F4/Drivers/STM32F4xx_HAL_Driver/Src/stm32f4xx_hal_flash.c ****     /* If the program operation is completed, disable the PG Bit */
 201:Drivers/STM32F4/Drivers/STM32F4xx_HAL_Driver/Src/stm32f4xx_hal_flash.c ****     FLASH->CR &= (~FLASH_CR_PG);
 202:Drivers/STM32F4/Drivers/STM32F4xx_HAL_Driver/Src/stm32f4xx_hal_flash.c ****   }
ARM GAS  /tmp/ccFutYhx.s 			page 5


 203:Drivers/STM32F4/Drivers/STM32F4xx_HAL_Driver/Src/stm32f4xx_hal_flash.c **** 
 204:Drivers/STM32F4/Drivers/STM32F4xx_HAL_Driver/Src/stm32f4xx_hal_flash.c ****   /* Process Unlocked */
 205:Drivers/STM32F4/Drivers/STM32F4xx_HAL_Driver/Src/stm32f4xx_hal_flash.c ****   __HAL_UNLOCK(&pFlash);
 206:Drivers/STM32F4/Drivers/STM32F4xx_HAL_Driver/Src/stm32f4xx_hal_flash.c **** 
 207:Drivers/STM32F4/Drivers/STM32F4xx_HAL_Driver/Src/stm32f4xx_hal_flash.c ****   return status;
 208:Drivers/STM32F4/Drivers/STM32F4xx_HAL_Driver/Src/stm32f4xx_hal_flash.c **** }
 209:Drivers/STM32F4/Drivers/STM32F4xx_HAL_Driver/Src/stm32f4xx_hal_flash.c **** 
 210:Drivers/STM32F4/Drivers/STM32F4xx_HAL_Driver/Src/stm32f4xx_hal_flash.c **** /**
 211:Drivers/STM32F4/Drivers/STM32F4xx_HAL_Driver/Src/stm32f4xx_hal_flash.c ****   * @brief   Program byte, halfword, word or double word at a specified address  with interrupt ena
 212:Drivers/STM32F4/Drivers/STM32F4xx_HAL_Driver/Src/stm32f4xx_hal_flash.c ****   * @param  TypeProgram  Indicate the way to program at a specified address.
 213:Drivers/STM32F4/Drivers/STM32F4xx_HAL_Driver/Src/stm32f4xx_hal_flash.c ****   *                           This parameter can be a value of @ref FLASH_Type_Program
 214:Drivers/STM32F4/Drivers/STM32F4xx_HAL_Driver/Src/stm32f4xx_hal_flash.c ****   * @param  Address  specifies the address to be programmed.
 215:Drivers/STM32F4/Drivers/STM32F4xx_HAL_Driver/Src/stm32f4xx_hal_flash.c ****   * @param  Data specifies the data to be programmed
 216:Drivers/STM32F4/Drivers/STM32F4xx_HAL_Driver/Src/stm32f4xx_hal_flash.c ****   *
 217:Drivers/STM32F4/Drivers/STM32F4xx_HAL_Driver/Src/stm32f4xx_hal_flash.c ****   * @retval HAL Status
 218:Drivers/STM32F4/Drivers/STM32F4xx_HAL_Driver/Src/stm32f4xx_hal_flash.c ****   */
 219:Drivers/STM32F4/Drivers/STM32F4xx_HAL_Driver/Src/stm32f4xx_hal_flash.c **** HAL_StatusTypeDef HAL_FLASH_Program_IT(uint32_t TypeProgram, uint32_t Address, uint64_t Data)
 220:Drivers/STM32F4/Drivers/STM32F4xx_HAL_Driver/Src/stm32f4xx_hal_flash.c **** {
 221:Drivers/STM32F4/Drivers/STM32F4xx_HAL_Driver/Src/stm32f4xx_hal_flash.c ****   HAL_StatusTypeDef status = HAL_OK;
 222:Drivers/STM32F4/Drivers/STM32F4xx_HAL_Driver/Src/stm32f4xx_hal_flash.c **** 
 223:Drivers/STM32F4/Drivers/STM32F4xx_HAL_Driver/Src/stm32f4xx_hal_flash.c ****   /* Check the parameters */
 224:Drivers/STM32F4/Drivers/STM32F4xx_HAL_Driver/Src/stm32f4xx_hal_flash.c ****   assert_param(IS_FLASH_TYPEPROGRAM(TypeProgram));
 225:Drivers/STM32F4/Drivers/STM32F4xx_HAL_Driver/Src/stm32f4xx_hal_flash.c **** 
 226:Drivers/STM32F4/Drivers/STM32F4xx_HAL_Driver/Src/stm32f4xx_hal_flash.c ****   /* Enable End of FLASH Operation interrupt */
 227:Drivers/STM32F4/Drivers/STM32F4xx_HAL_Driver/Src/stm32f4xx_hal_flash.c ****   __HAL_FLASH_ENABLE_IT(FLASH_IT_EOP);
 228:Drivers/STM32F4/Drivers/STM32F4xx_HAL_Driver/Src/stm32f4xx_hal_flash.c **** 
 229:Drivers/STM32F4/Drivers/STM32F4xx_HAL_Driver/Src/stm32f4xx_hal_flash.c ****   /* Enable Error source interrupt */
 230:Drivers/STM32F4/Drivers/STM32F4xx_HAL_Driver/Src/stm32f4xx_hal_flash.c ****   __HAL_FLASH_ENABLE_IT(FLASH_IT_ERR);
 231:Drivers/STM32F4/Drivers/STM32F4xx_HAL_Driver/Src/stm32f4xx_hal_flash.c **** 
 232:Drivers/STM32F4/Drivers/STM32F4xx_HAL_Driver/Src/stm32f4xx_hal_flash.c ****   pFlash.ProcedureOnGoing = FLASH_PROC_PROGRAM;
 233:Drivers/STM32F4/Drivers/STM32F4xx_HAL_Driver/Src/stm32f4xx_hal_flash.c ****   pFlash.Address = Address;
 234:Drivers/STM32F4/Drivers/STM32F4xx_HAL_Driver/Src/stm32f4xx_hal_flash.c **** 
 235:Drivers/STM32F4/Drivers/STM32F4xx_HAL_Driver/Src/stm32f4xx_hal_flash.c ****   if (TypeProgram == FLASH_TYPEPROGRAM_BYTE)
 236:Drivers/STM32F4/Drivers/STM32F4xx_HAL_Driver/Src/stm32f4xx_hal_flash.c ****   {
 237:Drivers/STM32F4/Drivers/STM32F4xx_HAL_Driver/Src/stm32f4xx_hal_flash.c ****     /*Program byte (8-bit) at a specified address.*/
 238:Drivers/STM32F4/Drivers/STM32F4xx_HAL_Driver/Src/stm32f4xx_hal_flash.c ****     FLASH_Program_Byte(Address, (uint8_t) Data);
 239:Drivers/STM32F4/Drivers/STM32F4xx_HAL_Driver/Src/stm32f4xx_hal_flash.c ****   }
 240:Drivers/STM32F4/Drivers/STM32F4xx_HAL_Driver/Src/stm32f4xx_hal_flash.c ****   else if (TypeProgram == FLASH_TYPEPROGRAM_HALFWORD)
 241:Drivers/STM32F4/Drivers/STM32F4xx_HAL_Driver/Src/stm32f4xx_hal_flash.c ****   {
 242:Drivers/STM32F4/Drivers/STM32F4xx_HAL_Driver/Src/stm32f4xx_hal_flash.c ****     /*Program halfword (16-bit) at a specified address.*/
 243:Drivers/STM32F4/Drivers/STM32F4xx_HAL_Driver/Src/stm32f4xx_hal_flash.c ****     FLASH_Program_HalfWord(Address, (uint16_t) Data);
 244:Drivers/STM32F4/Drivers/STM32F4xx_HAL_Driver/Src/stm32f4xx_hal_flash.c ****   }
 245:Drivers/STM32F4/Drivers/STM32F4xx_HAL_Driver/Src/stm32f4xx_hal_flash.c ****   else if (TypeProgram == FLASH_TYPEPROGRAM_WORD)
 246:Drivers/STM32F4/Drivers/STM32F4xx_HAL_Driver/Src/stm32f4xx_hal_flash.c ****   {
 247:Drivers/STM32F4/Drivers/STM32F4xx_HAL_Driver/Src/stm32f4xx_hal_flash.c ****     /*Program word (32-bit) at a specified address.*/
 248:Drivers/STM32F4/Drivers/STM32F4xx_HAL_Driver/Src/stm32f4xx_hal_flash.c ****     FLASH_Program_Word(Address, (uint32_t) Data);
 249:Drivers/STM32F4/Drivers/STM32F4xx_HAL_Driver/Src/stm32f4xx_hal_flash.c ****   }
 250:Drivers/STM32F4/Drivers/STM32F4xx_HAL_Driver/Src/stm32f4xx_hal_flash.c ****   else
 251:Drivers/STM32F4/Drivers/STM32F4xx_HAL_Driver/Src/stm32f4xx_hal_flash.c ****   {
 252:Drivers/STM32F4/Drivers/STM32F4xx_HAL_Driver/Src/stm32f4xx_hal_flash.c ****     /*Program double word (64-bit) at a specified address.*/
 253:Drivers/STM32F4/Drivers/STM32F4xx_HAL_Driver/Src/stm32f4xx_hal_flash.c ****     FLASH_Program_DoubleWord(Address, Data);
 254:Drivers/STM32F4/Drivers/STM32F4xx_HAL_Driver/Src/stm32f4xx_hal_flash.c ****   }
 255:Drivers/STM32F4/Drivers/STM32F4xx_HAL_Driver/Src/stm32f4xx_hal_flash.c **** 
 256:Drivers/STM32F4/Drivers/STM32F4xx_HAL_Driver/Src/stm32f4xx_hal_flash.c ****   return status;
 257:Drivers/STM32F4/Drivers/STM32F4xx_HAL_Driver/Src/stm32f4xx_hal_flash.c **** }
 258:Drivers/STM32F4/Drivers/STM32F4xx_HAL_Driver/Src/stm32f4xx_hal_flash.c **** 
 259:Drivers/STM32F4/Drivers/STM32F4xx_HAL_Driver/Src/stm32f4xx_hal_flash.c **** /**
ARM GAS  /tmp/ccFutYhx.s 			page 6


 260:Drivers/STM32F4/Drivers/STM32F4xx_HAL_Driver/Src/stm32f4xx_hal_flash.c ****   * @brief This function handles FLASH interrupt request.
 261:Drivers/STM32F4/Drivers/STM32F4xx_HAL_Driver/Src/stm32f4xx_hal_flash.c ****   * @retval None
 262:Drivers/STM32F4/Drivers/STM32F4xx_HAL_Driver/Src/stm32f4xx_hal_flash.c ****   */
 263:Drivers/STM32F4/Drivers/STM32F4xx_HAL_Driver/Src/stm32f4xx_hal_flash.c **** void HAL_FLASH_IRQHandler(void)
 264:Drivers/STM32F4/Drivers/STM32F4xx_HAL_Driver/Src/stm32f4xx_hal_flash.c **** {
 265:Drivers/STM32F4/Drivers/STM32F4xx_HAL_Driver/Src/stm32f4xx_hal_flash.c ****   uint32_t addresstmp = 0U;
 266:Drivers/STM32F4/Drivers/STM32F4xx_HAL_Driver/Src/stm32f4xx_hal_flash.c **** 
 267:Drivers/STM32F4/Drivers/STM32F4xx_HAL_Driver/Src/stm32f4xx_hal_flash.c ****   /* Check FLASH operation error flags */
 268:Drivers/STM32F4/Drivers/STM32F4xx_HAL_Driver/Src/stm32f4xx_hal_flash.c **** #if defined(FLASH_SR_RDERR)
 269:Drivers/STM32F4/Drivers/STM32F4xx_HAL_Driver/Src/stm32f4xx_hal_flash.c ****   if (__HAL_FLASH_GET_FLAG((FLASH_FLAG_OPERR | FLASH_FLAG_WRPERR | FLASH_FLAG_PGAERR | \
 270:Drivers/STM32F4/Drivers/STM32F4xx_HAL_Driver/Src/stm32f4xx_hal_flash.c ****                             FLASH_FLAG_PGPERR | FLASH_FLAG_PGSERR | FLASH_FLAG_RDERR)) != RESET)
 271:Drivers/STM32F4/Drivers/STM32F4xx_HAL_Driver/Src/stm32f4xx_hal_flash.c **** #else
 272:Drivers/STM32F4/Drivers/STM32F4xx_HAL_Driver/Src/stm32f4xx_hal_flash.c ****   if (__HAL_FLASH_GET_FLAG((FLASH_FLAG_OPERR | FLASH_FLAG_WRPERR | FLASH_FLAG_PGAERR | \
 273:Drivers/STM32F4/Drivers/STM32F4xx_HAL_Driver/Src/stm32f4xx_hal_flash.c ****                             FLASH_FLAG_PGPERR | FLASH_FLAG_PGSERR)) != RESET)
 274:Drivers/STM32F4/Drivers/STM32F4xx_HAL_Driver/Src/stm32f4xx_hal_flash.c **** #endif /* FLASH_SR_RDERR */
 275:Drivers/STM32F4/Drivers/STM32F4xx_HAL_Driver/Src/stm32f4xx_hal_flash.c ****   {
 276:Drivers/STM32F4/Drivers/STM32F4xx_HAL_Driver/Src/stm32f4xx_hal_flash.c ****     if (pFlash.ProcedureOnGoing == FLASH_PROC_SECTERASE)
 277:Drivers/STM32F4/Drivers/STM32F4xx_HAL_Driver/Src/stm32f4xx_hal_flash.c ****     {
 278:Drivers/STM32F4/Drivers/STM32F4xx_HAL_Driver/Src/stm32f4xx_hal_flash.c ****       /*return the faulty sector*/
 279:Drivers/STM32F4/Drivers/STM32F4xx_HAL_Driver/Src/stm32f4xx_hal_flash.c ****       addresstmp = pFlash.Sector;
 280:Drivers/STM32F4/Drivers/STM32F4xx_HAL_Driver/Src/stm32f4xx_hal_flash.c ****       pFlash.Sector = 0xFFFFFFFFU;
 281:Drivers/STM32F4/Drivers/STM32F4xx_HAL_Driver/Src/stm32f4xx_hal_flash.c ****     }
 282:Drivers/STM32F4/Drivers/STM32F4xx_HAL_Driver/Src/stm32f4xx_hal_flash.c ****     else if (pFlash.ProcedureOnGoing == FLASH_PROC_MASSERASE)
 283:Drivers/STM32F4/Drivers/STM32F4xx_HAL_Driver/Src/stm32f4xx_hal_flash.c ****     {
 284:Drivers/STM32F4/Drivers/STM32F4xx_HAL_Driver/Src/stm32f4xx_hal_flash.c ****       /*return the faulty bank*/
 285:Drivers/STM32F4/Drivers/STM32F4xx_HAL_Driver/Src/stm32f4xx_hal_flash.c ****       addresstmp = pFlash.Bank;
 286:Drivers/STM32F4/Drivers/STM32F4xx_HAL_Driver/Src/stm32f4xx_hal_flash.c ****     }
 287:Drivers/STM32F4/Drivers/STM32F4xx_HAL_Driver/Src/stm32f4xx_hal_flash.c ****     else
 288:Drivers/STM32F4/Drivers/STM32F4xx_HAL_Driver/Src/stm32f4xx_hal_flash.c ****     {
 289:Drivers/STM32F4/Drivers/STM32F4xx_HAL_Driver/Src/stm32f4xx_hal_flash.c ****       /*return the faulty address*/
 290:Drivers/STM32F4/Drivers/STM32F4xx_HAL_Driver/Src/stm32f4xx_hal_flash.c ****       addresstmp = pFlash.Address;
 291:Drivers/STM32F4/Drivers/STM32F4xx_HAL_Driver/Src/stm32f4xx_hal_flash.c ****     }
 292:Drivers/STM32F4/Drivers/STM32F4xx_HAL_Driver/Src/stm32f4xx_hal_flash.c **** 
 293:Drivers/STM32F4/Drivers/STM32F4xx_HAL_Driver/Src/stm32f4xx_hal_flash.c ****     /*Save the Error code*/
 294:Drivers/STM32F4/Drivers/STM32F4xx_HAL_Driver/Src/stm32f4xx_hal_flash.c ****     FLASH_SetErrorCode();
 295:Drivers/STM32F4/Drivers/STM32F4xx_HAL_Driver/Src/stm32f4xx_hal_flash.c **** 
 296:Drivers/STM32F4/Drivers/STM32F4xx_HAL_Driver/Src/stm32f4xx_hal_flash.c ****     /* FLASH error interrupt user callback */
 297:Drivers/STM32F4/Drivers/STM32F4xx_HAL_Driver/Src/stm32f4xx_hal_flash.c ****     HAL_FLASH_OperationErrorCallback(addresstmp);
 298:Drivers/STM32F4/Drivers/STM32F4xx_HAL_Driver/Src/stm32f4xx_hal_flash.c **** 
 299:Drivers/STM32F4/Drivers/STM32F4xx_HAL_Driver/Src/stm32f4xx_hal_flash.c ****     /*Stop the procedure ongoing*/
 300:Drivers/STM32F4/Drivers/STM32F4xx_HAL_Driver/Src/stm32f4xx_hal_flash.c ****     pFlash.ProcedureOnGoing = FLASH_PROC_NONE;
 301:Drivers/STM32F4/Drivers/STM32F4xx_HAL_Driver/Src/stm32f4xx_hal_flash.c ****   }
 302:Drivers/STM32F4/Drivers/STM32F4xx_HAL_Driver/Src/stm32f4xx_hal_flash.c **** 
 303:Drivers/STM32F4/Drivers/STM32F4xx_HAL_Driver/Src/stm32f4xx_hal_flash.c ****   /* Check FLASH End of Operation flag  */
 304:Drivers/STM32F4/Drivers/STM32F4xx_HAL_Driver/Src/stm32f4xx_hal_flash.c ****   if (__HAL_FLASH_GET_FLAG(FLASH_FLAG_EOP) != RESET)
 305:Drivers/STM32F4/Drivers/STM32F4xx_HAL_Driver/Src/stm32f4xx_hal_flash.c ****   {
 306:Drivers/STM32F4/Drivers/STM32F4xx_HAL_Driver/Src/stm32f4xx_hal_flash.c ****     /* Clear FLASH End of Operation pending bit */
 307:Drivers/STM32F4/Drivers/STM32F4xx_HAL_Driver/Src/stm32f4xx_hal_flash.c ****     __HAL_FLASH_CLEAR_FLAG(FLASH_FLAG_EOP);
 308:Drivers/STM32F4/Drivers/STM32F4xx_HAL_Driver/Src/stm32f4xx_hal_flash.c **** 
 309:Drivers/STM32F4/Drivers/STM32F4xx_HAL_Driver/Src/stm32f4xx_hal_flash.c ****     if (pFlash.ProcedureOnGoing == FLASH_PROC_SECTERASE)
 310:Drivers/STM32F4/Drivers/STM32F4xx_HAL_Driver/Src/stm32f4xx_hal_flash.c ****     {
 311:Drivers/STM32F4/Drivers/STM32F4xx_HAL_Driver/Src/stm32f4xx_hal_flash.c ****       /*Nb of sector to erased can be decreased*/
 312:Drivers/STM32F4/Drivers/STM32F4xx_HAL_Driver/Src/stm32f4xx_hal_flash.c ****       pFlash.NbSectorsToErase--;
 313:Drivers/STM32F4/Drivers/STM32F4xx_HAL_Driver/Src/stm32f4xx_hal_flash.c **** 
 314:Drivers/STM32F4/Drivers/STM32F4xx_HAL_Driver/Src/stm32f4xx_hal_flash.c ****       /* Check if there are still sectors to erase*/
 315:Drivers/STM32F4/Drivers/STM32F4xx_HAL_Driver/Src/stm32f4xx_hal_flash.c ****       if (pFlash.NbSectorsToErase != 0U)
 316:Drivers/STM32F4/Drivers/STM32F4xx_HAL_Driver/Src/stm32f4xx_hal_flash.c ****       {
ARM GAS  /tmp/ccFutYhx.s 			page 7


 317:Drivers/STM32F4/Drivers/STM32F4xx_HAL_Driver/Src/stm32f4xx_hal_flash.c ****         addresstmp = pFlash.Sector;
 318:Drivers/STM32F4/Drivers/STM32F4xx_HAL_Driver/Src/stm32f4xx_hal_flash.c ****         /*Indicate user which sector has been erased*/
 319:Drivers/STM32F4/Drivers/STM32F4xx_HAL_Driver/Src/stm32f4xx_hal_flash.c ****         HAL_FLASH_EndOfOperationCallback(addresstmp);
 320:Drivers/STM32F4/Drivers/STM32F4xx_HAL_Driver/Src/stm32f4xx_hal_flash.c **** 
 321:Drivers/STM32F4/Drivers/STM32F4xx_HAL_Driver/Src/stm32f4xx_hal_flash.c ****         /*Increment sector number*/
 322:Drivers/STM32F4/Drivers/STM32F4xx_HAL_Driver/Src/stm32f4xx_hal_flash.c ****         pFlash.Sector++;
 323:Drivers/STM32F4/Drivers/STM32F4xx_HAL_Driver/Src/stm32f4xx_hal_flash.c ****         addresstmp = pFlash.Sector;
 324:Drivers/STM32F4/Drivers/STM32F4xx_HAL_Driver/Src/stm32f4xx_hal_flash.c ****         FLASH_Erase_Sector(addresstmp, pFlash.VoltageForErase);
 325:Drivers/STM32F4/Drivers/STM32F4xx_HAL_Driver/Src/stm32f4xx_hal_flash.c ****       }
 326:Drivers/STM32F4/Drivers/STM32F4xx_HAL_Driver/Src/stm32f4xx_hal_flash.c ****       else
 327:Drivers/STM32F4/Drivers/STM32F4xx_HAL_Driver/Src/stm32f4xx_hal_flash.c ****       {
 328:Drivers/STM32F4/Drivers/STM32F4xx_HAL_Driver/Src/stm32f4xx_hal_flash.c ****         /*No more sectors to Erase, user callback can be called.*/
 329:Drivers/STM32F4/Drivers/STM32F4xx_HAL_Driver/Src/stm32f4xx_hal_flash.c ****         /*Reset Sector and stop Erase sectors procedure*/
 330:Drivers/STM32F4/Drivers/STM32F4xx_HAL_Driver/Src/stm32f4xx_hal_flash.c ****         pFlash.Sector = addresstmp = 0xFFFFFFFFU;
 331:Drivers/STM32F4/Drivers/STM32F4xx_HAL_Driver/Src/stm32f4xx_hal_flash.c ****         pFlash.ProcedureOnGoing = FLASH_PROC_NONE;
 332:Drivers/STM32F4/Drivers/STM32F4xx_HAL_Driver/Src/stm32f4xx_hal_flash.c **** 
 333:Drivers/STM32F4/Drivers/STM32F4xx_HAL_Driver/Src/stm32f4xx_hal_flash.c ****         /* Flush the caches to be sure of the data consistency */
 334:Drivers/STM32F4/Drivers/STM32F4xx_HAL_Driver/Src/stm32f4xx_hal_flash.c ****         FLASH_FlushCaches();
 335:Drivers/STM32F4/Drivers/STM32F4xx_HAL_Driver/Src/stm32f4xx_hal_flash.c **** 
 336:Drivers/STM32F4/Drivers/STM32F4xx_HAL_Driver/Src/stm32f4xx_hal_flash.c ****         /* FLASH EOP interrupt user callback */
 337:Drivers/STM32F4/Drivers/STM32F4xx_HAL_Driver/Src/stm32f4xx_hal_flash.c ****         HAL_FLASH_EndOfOperationCallback(addresstmp);
 338:Drivers/STM32F4/Drivers/STM32F4xx_HAL_Driver/Src/stm32f4xx_hal_flash.c ****       }
 339:Drivers/STM32F4/Drivers/STM32F4xx_HAL_Driver/Src/stm32f4xx_hal_flash.c ****     }
 340:Drivers/STM32F4/Drivers/STM32F4xx_HAL_Driver/Src/stm32f4xx_hal_flash.c ****     else
 341:Drivers/STM32F4/Drivers/STM32F4xx_HAL_Driver/Src/stm32f4xx_hal_flash.c ****     {
 342:Drivers/STM32F4/Drivers/STM32F4xx_HAL_Driver/Src/stm32f4xx_hal_flash.c ****       if (pFlash.ProcedureOnGoing == FLASH_PROC_MASSERASE)
 343:Drivers/STM32F4/Drivers/STM32F4xx_HAL_Driver/Src/stm32f4xx_hal_flash.c ****       {
 344:Drivers/STM32F4/Drivers/STM32F4xx_HAL_Driver/Src/stm32f4xx_hal_flash.c ****         /* MassErase ended. Return the selected bank */
 345:Drivers/STM32F4/Drivers/STM32F4xx_HAL_Driver/Src/stm32f4xx_hal_flash.c ****         /* Flush the caches to be sure of the data consistency */
 346:Drivers/STM32F4/Drivers/STM32F4xx_HAL_Driver/Src/stm32f4xx_hal_flash.c ****         FLASH_FlushCaches();
 347:Drivers/STM32F4/Drivers/STM32F4xx_HAL_Driver/Src/stm32f4xx_hal_flash.c **** 
 348:Drivers/STM32F4/Drivers/STM32F4xx_HAL_Driver/Src/stm32f4xx_hal_flash.c ****         /* FLASH EOP interrupt user callback */
 349:Drivers/STM32F4/Drivers/STM32F4xx_HAL_Driver/Src/stm32f4xx_hal_flash.c ****         HAL_FLASH_EndOfOperationCallback(pFlash.Bank);
 350:Drivers/STM32F4/Drivers/STM32F4xx_HAL_Driver/Src/stm32f4xx_hal_flash.c ****       }
 351:Drivers/STM32F4/Drivers/STM32F4xx_HAL_Driver/Src/stm32f4xx_hal_flash.c ****       else
 352:Drivers/STM32F4/Drivers/STM32F4xx_HAL_Driver/Src/stm32f4xx_hal_flash.c ****       {
 353:Drivers/STM32F4/Drivers/STM32F4xx_HAL_Driver/Src/stm32f4xx_hal_flash.c ****         /*Program ended. Return the selected address*/
 354:Drivers/STM32F4/Drivers/STM32F4xx_HAL_Driver/Src/stm32f4xx_hal_flash.c ****         /* FLASH EOP interrupt user callback */
 355:Drivers/STM32F4/Drivers/STM32F4xx_HAL_Driver/Src/stm32f4xx_hal_flash.c ****         HAL_FLASH_EndOfOperationCallback(pFlash.Address);
 356:Drivers/STM32F4/Drivers/STM32F4xx_HAL_Driver/Src/stm32f4xx_hal_flash.c ****       }
 357:Drivers/STM32F4/Drivers/STM32F4xx_HAL_Driver/Src/stm32f4xx_hal_flash.c ****       pFlash.ProcedureOnGoing = FLASH_PROC_NONE;
 358:Drivers/STM32F4/Drivers/STM32F4xx_HAL_Driver/Src/stm32f4xx_hal_flash.c ****     }
 359:Drivers/STM32F4/Drivers/STM32F4xx_HAL_Driver/Src/stm32f4xx_hal_flash.c ****   }
 360:Drivers/STM32F4/Drivers/STM32F4xx_HAL_Driver/Src/stm32f4xx_hal_flash.c **** 
 361:Drivers/STM32F4/Drivers/STM32F4xx_HAL_Driver/Src/stm32f4xx_hal_flash.c ****   if (pFlash.ProcedureOnGoing == FLASH_PROC_NONE)
 362:Drivers/STM32F4/Drivers/STM32F4xx_HAL_Driver/Src/stm32f4xx_hal_flash.c ****   {
 363:Drivers/STM32F4/Drivers/STM32F4xx_HAL_Driver/Src/stm32f4xx_hal_flash.c ****     /* Operation is completed, disable the PG, SER, SNB and MER Bits */
 364:Drivers/STM32F4/Drivers/STM32F4xx_HAL_Driver/Src/stm32f4xx_hal_flash.c ****     CLEAR_BIT(FLASH->CR, (FLASH_CR_PG | FLASH_CR_SER | FLASH_CR_SNB | FLASH_MER_BIT));
 365:Drivers/STM32F4/Drivers/STM32F4xx_HAL_Driver/Src/stm32f4xx_hal_flash.c **** 
 366:Drivers/STM32F4/Drivers/STM32F4xx_HAL_Driver/Src/stm32f4xx_hal_flash.c ****     /* Disable End of FLASH Operation interrupt */
 367:Drivers/STM32F4/Drivers/STM32F4xx_HAL_Driver/Src/stm32f4xx_hal_flash.c ****     __HAL_FLASH_DISABLE_IT(FLASH_IT_EOP);
 368:Drivers/STM32F4/Drivers/STM32F4xx_HAL_Driver/Src/stm32f4xx_hal_flash.c **** 
 369:Drivers/STM32F4/Drivers/STM32F4xx_HAL_Driver/Src/stm32f4xx_hal_flash.c ****     /* Disable Error source interrupt */
 370:Drivers/STM32F4/Drivers/STM32F4xx_HAL_Driver/Src/stm32f4xx_hal_flash.c ****     __HAL_FLASH_DISABLE_IT(FLASH_IT_ERR);
 371:Drivers/STM32F4/Drivers/STM32F4xx_HAL_Driver/Src/stm32f4xx_hal_flash.c ****   }
 372:Drivers/STM32F4/Drivers/STM32F4xx_HAL_Driver/Src/stm32f4xx_hal_flash.c **** }
 373:Drivers/STM32F4/Drivers/STM32F4xx_HAL_Driver/Src/stm32f4xx_hal_flash.c **** 
ARM GAS  /tmp/ccFutYhx.s 			page 8


 374:Drivers/STM32F4/Drivers/STM32F4xx_HAL_Driver/Src/stm32f4xx_hal_flash.c **** /**
 375:Drivers/STM32F4/Drivers/STM32F4xx_HAL_Driver/Src/stm32f4xx_hal_flash.c ****   * @brief  FLASH end of operation interrupt callback
 376:Drivers/STM32F4/Drivers/STM32F4xx_HAL_Driver/Src/stm32f4xx_hal_flash.c ****   * @param  ReturnValue The value saved in this parameter depends on the ongoing procedure
 377:Drivers/STM32F4/Drivers/STM32F4xx_HAL_Driver/Src/stm32f4xx_hal_flash.c ****   *                  Mass Erase: Bank number which has been requested to erase
 378:Drivers/STM32F4/Drivers/STM32F4xx_HAL_Driver/Src/stm32f4xx_hal_flash.c ****   *                  Sectors Erase: Sector which has been erased
 379:Drivers/STM32F4/Drivers/STM32F4xx_HAL_Driver/Src/stm32f4xx_hal_flash.c ****   *                    (if 0xFFFFFFFFU, it means that all the selected sectors have been erased)
 380:Drivers/STM32F4/Drivers/STM32F4xx_HAL_Driver/Src/stm32f4xx_hal_flash.c ****   *                  Program: Address which was selected for data program
 381:Drivers/STM32F4/Drivers/STM32F4xx_HAL_Driver/Src/stm32f4xx_hal_flash.c ****   * @retval None
 382:Drivers/STM32F4/Drivers/STM32F4xx_HAL_Driver/Src/stm32f4xx_hal_flash.c ****   */
 383:Drivers/STM32F4/Drivers/STM32F4xx_HAL_Driver/Src/stm32f4xx_hal_flash.c **** __weak void HAL_FLASH_EndOfOperationCallback(uint32_t ReturnValue)
 384:Drivers/STM32F4/Drivers/STM32F4xx_HAL_Driver/Src/stm32f4xx_hal_flash.c **** {
 385:Drivers/STM32F4/Drivers/STM32F4xx_HAL_Driver/Src/stm32f4xx_hal_flash.c ****   /* Prevent unused argument(s) compilation warning */
 386:Drivers/STM32F4/Drivers/STM32F4xx_HAL_Driver/Src/stm32f4xx_hal_flash.c ****   UNUSED(ReturnValue);
 387:Drivers/STM32F4/Drivers/STM32F4xx_HAL_Driver/Src/stm32f4xx_hal_flash.c ****   /* NOTE : This function Should not be modified, when the callback is needed,
 388:Drivers/STM32F4/Drivers/STM32F4xx_HAL_Driver/Src/stm32f4xx_hal_flash.c ****             the HAL_FLASH_EndOfOperationCallback could be implemented in the user file
 389:Drivers/STM32F4/Drivers/STM32F4xx_HAL_Driver/Src/stm32f4xx_hal_flash.c ****    */
 390:Drivers/STM32F4/Drivers/STM32F4xx_HAL_Driver/Src/stm32f4xx_hal_flash.c **** }
 391:Drivers/STM32F4/Drivers/STM32F4xx_HAL_Driver/Src/stm32f4xx_hal_flash.c **** 
 392:Drivers/STM32F4/Drivers/STM32F4xx_HAL_Driver/Src/stm32f4xx_hal_flash.c **** /**
 393:Drivers/STM32F4/Drivers/STM32F4xx_HAL_Driver/Src/stm32f4xx_hal_flash.c ****   * @brief  FLASH operation error interrupt callback
 394:Drivers/STM32F4/Drivers/STM32F4xx_HAL_Driver/Src/stm32f4xx_hal_flash.c ****   * @param  ReturnValue The value saved in this parameter depends on the ongoing procedure
 395:Drivers/STM32F4/Drivers/STM32F4xx_HAL_Driver/Src/stm32f4xx_hal_flash.c ****   *                 Mass Erase: Bank number which has been requested to erase
 396:Drivers/STM32F4/Drivers/STM32F4xx_HAL_Driver/Src/stm32f4xx_hal_flash.c ****   *                 Sectors Erase: Sector number which returned an error
 397:Drivers/STM32F4/Drivers/STM32F4xx_HAL_Driver/Src/stm32f4xx_hal_flash.c ****   *                 Program: Address which was selected for data program
 398:Drivers/STM32F4/Drivers/STM32F4xx_HAL_Driver/Src/stm32f4xx_hal_flash.c ****   * @retval None
 399:Drivers/STM32F4/Drivers/STM32F4xx_HAL_Driver/Src/stm32f4xx_hal_flash.c ****   */
 400:Drivers/STM32F4/Drivers/STM32F4xx_HAL_Driver/Src/stm32f4xx_hal_flash.c **** __weak void HAL_FLASH_OperationErrorCallback(uint32_t ReturnValue)
 401:Drivers/STM32F4/Drivers/STM32F4xx_HAL_Driver/Src/stm32f4xx_hal_flash.c **** {
 402:Drivers/STM32F4/Drivers/STM32F4xx_HAL_Driver/Src/stm32f4xx_hal_flash.c ****   /* Prevent unused argument(s) compilation warning */
 403:Drivers/STM32F4/Drivers/STM32F4xx_HAL_Driver/Src/stm32f4xx_hal_flash.c ****   UNUSED(ReturnValue);
 404:Drivers/STM32F4/Drivers/STM32F4xx_HAL_Driver/Src/stm32f4xx_hal_flash.c ****   /* NOTE : This function Should not be modified, when the callback is needed,
 405:Drivers/STM32F4/Drivers/STM32F4xx_HAL_Driver/Src/stm32f4xx_hal_flash.c ****             the HAL_FLASH_OperationErrorCallback could be implemented in the user file
 406:Drivers/STM32F4/Drivers/STM32F4xx_HAL_Driver/Src/stm32f4xx_hal_flash.c ****    */
 407:Drivers/STM32F4/Drivers/STM32F4xx_HAL_Driver/Src/stm32f4xx_hal_flash.c **** }
 408:Drivers/STM32F4/Drivers/STM32F4xx_HAL_Driver/Src/stm32f4xx_hal_flash.c **** 
 409:Drivers/STM32F4/Drivers/STM32F4xx_HAL_Driver/Src/stm32f4xx_hal_flash.c **** /**
 410:Drivers/STM32F4/Drivers/STM32F4xx_HAL_Driver/Src/stm32f4xx_hal_flash.c ****   * @}
 411:Drivers/STM32F4/Drivers/STM32F4xx_HAL_Driver/Src/stm32f4xx_hal_flash.c ****   */
 412:Drivers/STM32F4/Drivers/STM32F4xx_HAL_Driver/Src/stm32f4xx_hal_flash.c **** 
 413:Drivers/STM32F4/Drivers/STM32F4xx_HAL_Driver/Src/stm32f4xx_hal_flash.c **** /** @defgroup FLASH_Exported_Functions_Group2 Peripheral Control functions
 414:Drivers/STM32F4/Drivers/STM32F4xx_HAL_Driver/Src/stm32f4xx_hal_flash.c ****   *  @brief   management functions
 415:Drivers/STM32F4/Drivers/STM32F4xx_HAL_Driver/Src/stm32f4xx_hal_flash.c ****   *
 416:Drivers/STM32F4/Drivers/STM32F4xx_HAL_Driver/Src/stm32f4xx_hal_flash.c **** @verbatim
 417:Drivers/STM32F4/Drivers/STM32F4xx_HAL_Driver/Src/stm32f4xx_hal_flash.c ****  ===============================================================================
 418:Drivers/STM32F4/Drivers/STM32F4xx_HAL_Driver/Src/stm32f4xx_hal_flash.c ****                       ##### Peripheral Control functions #####
 419:Drivers/STM32F4/Drivers/STM32F4xx_HAL_Driver/Src/stm32f4xx_hal_flash.c ****  ===============================================================================
 420:Drivers/STM32F4/Drivers/STM32F4xx_HAL_Driver/Src/stm32f4xx_hal_flash.c ****     [..]
 421:Drivers/STM32F4/Drivers/STM32F4xx_HAL_Driver/Src/stm32f4xx_hal_flash.c ****     This subsection provides a set of functions allowing to control the FLASH
 422:Drivers/STM32F4/Drivers/STM32F4xx_HAL_Driver/Src/stm32f4xx_hal_flash.c ****     memory operations.
 423:Drivers/STM32F4/Drivers/STM32F4xx_HAL_Driver/Src/stm32f4xx_hal_flash.c **** 
 424:Drivers/STM32F4/Drivers/STM32F4xx_HAL_Driver/Src/stm32f4xx_hal_flash.c **** @endverbatim
 425:Drivers/STM32F4/Drivers/STM32F4xx_HAL_Driver/Src/stm32f4xx_hal_flash.c ****   * @{
 426:Drivers/STM32F4/Drivers/STM32F4xx_HAL_Driver/Src/stm32f4xx_hal_flash.c ****   */
 427:Drivers/STM32F4/Drivers/STM32F4xx_HAL_Driver/Src/stm32f4xx_hal_flash.c **** 
 428:Drivers/STM32F4/Drivers/STM32F4xx_HAL_Driver/Src/stm32f4xx_hal_flash.c **** /**
 429:Drivers/STM32F4/Drivers/STM32F4xx_HAL_Driver/Src/stm32f4xx_hal_flash.c ****   * @brief  Unlock the FLASH control register access
 430:Drivers/STM32F4/Drivers/STM32F4xx_HAL_Driver/Src/stm32f4xx_hal_flash.c ****   * @retval HAL Status
ARM GAS  /tmp/ccFutYhx.s 			page 9


 431:Drivers/STM32F4/Drivers/STM32F4xx_HAL_Driver/Src/stm32f4xx_hal_flash.c ****   */
 432:Drivers/STM32F4/Drivers/STM32F4xx_HAL_Driver/Src/stm32f4xx_hal_flash.c **** HAL_StatusTypeDef HAL_FLASH_Unlock(void)
 433:Drivers/STM32F4/Drivers/STM32F4xx_HAL_Driver/Src/stm32f4xx_hal_flash.c **** {
 434:Drivers/STM32F4/Drivers/STM32F4xx_HAL_Driver/Src/stm32f4xx_hal_flash.c ****   HAL_StatusTypeDef status = HAL_OK;
 435:Drivers/STM32F4/Drivers/STM32F4xx_HAL_Driver/Src/stm32f4xx_hal_flash.c **** 
 436:Drivers/STM32F4/Drivers/STM32F4xx_HAL_Driver/Src/stm32f4xx_hal_flash.c ****   if (READ_BIT(FLASH->CR, FLASH_CR_LOCK) != RESET)
 437:Drivers/STM32F4/Drivers/STM32F4xx_HAL_Driver/Src/stm32f4xx_hal_flash.c ****   {
 438:Drivers/STM32F4/Drivers/STM32F4xx_HAL_Driver/Src/stm32f4xx_hal_flash.c ****     /* Authorize the FLASH Registers access */
 439:Drivers/STM32F4/Drivers/STM32F4xx_HAL_Driver/Src/stm32f4xx_hal_flash.c ****     WRITE_REG(FLASH->KEYR, FLASH_KEY1);
 440:Drivers/STM32F4/Drivers/STM32F4xx_HAL_Driver/Src/stm32f4xx_hal_flash.c ****     WRITE_REG(FLASH->KEYR, FLASH_KEY2);
 441:Drivers/STM32F4/Drivers/STM32F4xx_HAL_Driver/Src/stm32f4xx_hal_flash.c **** 
 442:Drivers/STM32F4/Drivers/STM32F4xx_HAL_Driver/Src/stm32f4xx_hal_flash.c ****     /* Verify Flash is unlocked */
 443:Drivers/STM32F4/Drivers/STM32F4xx_HAL_Driver/Src/stm32f4xx_hal_flash.c ****     if (READ_BIT(FLASH->CR, FLASH_CR_LOCK) != RESET)
 444:Drivers/STM32F4/Drivers/STM32F4xx_HAL_Driver/Src/stm32f4xx_hal_flash.c ****     {
 445:Drivers/STM32F4/Drivers/STM32F4xx_HAL_Driver/Src/stm32f4xx_hal_flash.c ****       status = HAL_ERROR;
 446:Drivers/STM32F4/Drivers/STM32F4xx_HAL_Driver/Src/stm32f4xx_hal_flash.c ****     }
 447:Drivers/STM32F4/Drivers/STM32F4xx_HAL_Driver/Src/stm32f4xx_hal_flash.c ****   }
 448:Drivers/STM32F4/Drivers/STM32F4xx_HAL_Driver/Src/stm32f4xx_hal_flash.c **** 
 449:Drivers/STM32F4/Drivers/STM32F4xx_HAL_Driver/Src/stm32f4xx_hal_flash.c ****   return status;
 450:Drivers/STM32F4/Drivers/STM32F4xx_HAL_Driver/Src/stm32f4xx_hal_flash.c **** }
 451:Drivers/STM32F4/Drivers/STM32F4xx_HAL_Driver/Src/stm32f4xx_hal_flash.c **** 
 452:Drivers/STM32F4/Drivers/STM32F4xx_HAL_Driver/Src/stm32f4xx_hal_flash.c **** /**
 453:Drivers/STM32F4/Drivers/STM32F4xx_HAL_Driver/Src/stm32f4xx_hal_flash.c ****   * @brief  Locks the FLASH control register access
 454:Drivers/STM32F4/Drivers/STM32F4xx_HAL_Driver/Src/stm32f4xx_hal_flash.c ****   * @retval HAL Status
 455:Drivers/STM32F4/Drivers/STM32F4xx_HAL_Driver/Src/stm32f4xx_hal_flash.c ****   */
 456:Drivers/STM32F4/Drivers/STM32F4xx_HAL_Driver/Src/stm32f4xx_hal_flash.c **** HAL_StatusTypeDef HAL_FLASH_Lock(void)
 457:Drivers/STM32F4/Drivers/STM32F4xx_HAL_Driver/Src/stm32f4xx_hal_flash.c **** {
 458:Drivers/STM32F4/Drivers/STM32F4xx_HAL_Driver/Src/stm32f4xx_hal_flash.c ****   /* Set the LOCK Bit to lock the FLASH Registers access */
 459:Drivers/STM32F4/Drivers/STM32F4xx_HAL_Driver/Src/stm32f4xx_hal_flash.c ****   FLASH->CR |= FLASH_CR_LOCK;
 460:Drivers/STM32F4/Drivers/STM32F4xx_HAL_Driver/Src/stm32f4xx_hal_flash.c **** 
 461:Drivers/STM32F4/Drivers/STM32F4xx_HAL_Driver/Src/stm32f4xx_hal_flash.c ****   return HAL_OK;
 462:Drivers/STM32F4/Drivers/STM32F4xx_HAL_Driver/Src/stm32f4xx_hal_flash.c **** }
 463:Drivers/STM32F4/Drivers/STM32F4xx_HAL_Driver/Src/stm32f4xx_hal_flash.c **** 
 464:Drivers/STM32F4/Drivers/STM32F4xx_HAL_Driver/Src/stm32f4xx_hal_flash.c **** /**
 465:Drivers/STM32F4/Drivers/STM32F4xx_HAL_Driver/Src/stm32f4xx_hal_flash.c ****   * @brief  Unlock the FLASH Option Control Registers access.
 466:Drivers/STM32F4/Drivers/STM32F4xx_HAL_Driver/Src/stm32f4xx_hal_flash.c ****   * @retval HAL Status
 467:Drivers/STM32F4/Drivers/STM32F4xx_HAL_Driver/Src/stm32f4xx_hal_flash.c ****   */
 468:Drivers/STM32F4/Drivers/STM32F4xx_HAL_Driver/Src/stm32f4xx_hal_flash.c **** HAL_StatusTypeDef HAL_FLASH_OB_Unlock(void)
 469:Drivers/STM32F4/Drivers/STM32F4xx_HAL_Driver/Src/stm32f4xx_hal_flash.c **** {
 470:Drivers/STM32F4/Drivers/STM32F4xx_HAL_Driver/Src/stm32f4xx_hal_flash.c ****   if ((FLASH->OPTCR & FLASH_OPTCR_OPTLOCK) != RESET)
 471:Drivers/STM32F4/Drivers/STM32F4xx_HAL_Driver/Src/stm32f4xx_hal_flash.c ****   {
 472:Drivers/STM32F4/Drivers/STM32F4xx_HAL_Driver/Src/stm32f4xx_hal_flash.c ****     /* Authorizes the Option Byte register programming */
 473:Drivers/STM32F4/Drivers/STM32F4xx_HAL_Driver/Src/stm32f4xx_hal_flash.c ****     FLASH->OPTKEYR = FLASH_OPT_KEY1;
 474:Drivers/STM32F4/Drivers/STM32F4xx_HAL_Driver/Src/stm32f4xx_hal_flash.c ****     FLASH->OPTKEYR = FLASH_OPT_KEY2;
 475:Drivers/STM32F4/Drivers/STM32F4xx_HAL_Driver/Src/stm32f4xx_hal_flash.c ****   }
 476:Drivers/STM32F4/Drivers/STM32F4xx_HAL_Driver/Src/stm32f4xx_hal_flash.c ****   else
 477:Drivers/STM32F4/Drivers/STM32F4xx_HAL_Driver/Src/stm32f4xx_hal_flash.c ****   {
 478:Drivers/STM32F4/Drivers/STM32F4xx_HAL_Driver/Src/stm32f4xx_hal_flash.c ****     return HAL_ERROR;
 479:Drivers/STM32F4/Drivers/STM32F4xx_HAL_Driver/Src/stm32f4xx_hal_flash.c ****   }
 480:Drivers/STM32F4/Drivers/STM32F4xx_HAL_Driver/Src/stm32f4xx_hal_flash.c **** 
 481:Drivers/STM32F4/Drivers/STM32F4xx_HAL_Driver/Src/stm32f4xx_hal_flash.c ****   return HAL_OK;
 482:Drivers/STM32F4/Drivers/STM32F4xx_HAL_Driver/Src/stm32f4xx_hal_flash.c **** }
 483:Drivers/STM32F4/Drivers/STM32F4xx_HAL_Driver/Src/stm32f4xx_hal_flash.c **** 
 484:Drivers/STM32F4/Drivers/STM32F4xx_HAL_Driver/Src/stm32f4xx_hal_flash.c **** /**
 485:Drivers/STM32F4/Drivers/STM32F4xx_HAL_Driver/Src/stm32f4xx_hal_flash.c ****   * @brief  Lock the FLASH Option Control Registers access.
 486:Drivers/STM32F4/Drivers/STM32F4xx_HAL_Driver/Src/stm32f4xx_hal_flash.c ****   * @retval HAL Status
 487:Drivers/STM32F4/Drivers/STM32F4xx_HAL_Driver/Src/stm32f4xx_hal_flash.c ****   */
ARM GAS  /tmp/ccFutYhx.s 			page 10


 488:Drivers/STM32F4/Drivers/STM32F4xx_HAL_Driver/Src/stm32f4xx_hal_flash.c **** HAL_StatusTypeDef HAL_FLASH_OB_Lock(void)
 489:Drivers/STM32F4/Drivers/STM32F4xx_HAL_Driver/Src/stm32f4xx_hal_flash.c **** {
 490:Drivers/STM32F4/Drivers/STM32F4xx_HAL_Driver/Src/stm32f4xx_hal_flash.c ****   /* Set the OPTLOCK Bit to lock the FLASH Option Byte Registers access */
 491:Drivers/STM32F4/Drivers/STM32F4xx_HAL_Driver/Src/stm32f4xx_hal_flash.c ****   FLASH->OPTCR |= FLASH_OPTCR_OPTLOCK;
 492:Drivers/STM32F4/Drivers/STM32F4xx_HAL_Driver/Src/stm32f4xx_hal_flash.c **** 
 493:Drivers/STM32F4/Drivers/STM32F4xx_HAL_Driver/Src/stm32f4xx_hal_flash.c ****   return HAL_OK;
 494:Drivers/STM32F4/Drivers/STM32F4xx_HAL_Driver/Src/stm32f4xx_hal_flash.c **** }
 495:Drivers/STM32F4/Drivers/STM32F4xx_HAL_Driver/Src/stm32f4xx_hal_flash.c **** 
 496:Drivers/STM32F4/Drivers/STM32F4xx_HAL_Driver/Src/stm32f4xx_hal_flash.c **** /**
 497:Drivers/STM32F4/Drivers/STM32F4xx_HAL_Driver/Src/stm32f4xx_hal_flash.c ****   * @brief  Launch the option byte loading.
 498:Drivers/STM32F4/Drivers/STM32F4xx_HAL_Driver/Src/stm32f4xx_hal_flash.c ****   * @retval HAL Status
 499:Drivers/STM32F4/Drivers/STM32F4xx_HAL_Driver/Src/stm32f4xx_hal_flash.c ****   */
 500:Drivers/STM32F4/Drivers/STM32F4xx_HAL_Driver/Src/stm32f4xx_hal_flash.c **** HAL_StatusTypeDef HAL_FLASH_OB_Launch(void)
 501:Drivers/STM32F4/Drivers/STM32F4xx_HAL_Driver/Src/stm32f4xx_hal_flash.c **** {
 502:Drivers/STM32F4/Drivers/STM32F4xx_HAL_Driver/Src/stm32f4xx_hal_flash.c ****   /* Set the OPTSTRT bit in OPTCR register */
 503:Drivers/STM32F4/Drivers/STM32F4xx_HAL_Driver/Src/stm32f4xx_hal_flash.c ****   *(__IO uint8_t *)OPTCR_BYTE0_ADDRESS |= FLASH_OPTCR_OPTSTRT;
 504:Drivers/STM32F4/Drivers/STM32F4xx_HAL_Driver/Src/stm32f4xx_hal_flash.c **** 
 505:Drivers/STM32F4/Drivers/STM32F4xx_HAL_Driver/Src/stm32f4xx_hal_flash.c ****   /* Wait for last operation to be completed */
 506:Drivers/STM32F4/Drivers/STM32F4xx_HAL_Driver/Src/stm32f4xx_hal_flash.c ****   return (FLASH_WaitForLastOperation((uint32_t)FLASH_TIMEOUT_VALUE));
 507:Drivers/STM32F4/Drivers/STM32F4xx_HAL_Driver/Src/stm32f4xx_hal_flash.c **** }
 508:Drivers/STM32F4/Drivers/STM32F4xx_HAL_Driver/Src/stm32f4xx_hal_flash.c **** 
 509:Drivers/STM32F4/Drivers/STM32F4xx_HAL_Driver/Src/stm32f4xx_hal_flash.c **** /**
 510:Drivers/STM32F4/Drivers/STM32F4xx_HAL_Driver/Src/stm32f4xx_hal_flash.c ****   * @}
 511:Drivers/STM32F4/Drivers/STM32F4xx_HAL_Driver/Src/stm32f4xx_hal_flash.c ****   */
 512:Drivers/STM32F4/Drivers/STM32F4xx_HAL_Driver/Src/stm32f4xx_hal_flash.c **** 
 513:Drivers/STM32F4/Drivers/STM32F4xx_HAL_Driver/Src/stm32f4xx_hal_flash.c **** /** @defgroup FLASH_Exported_Functions_Group3 Peripheral State and Errors functions
 514:Drivers/STM32F4/Drivers/STM32F4xx_HAL_Driver/Src/stm32f4xx_hal_flash.c ****   *  @brief   Peripheral Errors functions
 515:Drivers/STM32F4/Drivers/STM32F4xx_HAL_Driver/Src/stm32f4xx_hal_flash.c ****   *
 516:Drivers/STM32F4/Drivers/STM32F4xx_HAL_Driver/Src/stm32f4xx_hal_flash.c **** @verbatim
 517:Drivers/STM32F4/Drivers/STM32F4xx_HAL_Driver/Src/stm32f4xx_hal_flash.c ****  ===============================================================================
 518:Drivers/STM32F4/Drivers/STM32F4xx_HAL_Driver/Src/stm32f4xx_hal_flash.c ****                 ##### Peripheral Errors functions #####
 519:Drivers/STM32F4/Drivers/STM32F4xx_HAL_Driver/Src/stm32f4xx_hal_flash.c ****  ===============================================================================
 520:Drivers/STM32F4/Drivers/STM32F4xx_HAL_Driver/Src/stm32f4xx_hal_flash.c ****     [..]
 521:Drivers/STM32F4/Drivers/STM32F4xx_HAL_Driver/Src/stm32f4xx_hal_flash.c ****     This subsection permits to get in run-time Errors of the FLASH peripheral.
 522:Drivers/STM32F4/Drivers/STM32F4xx_HAL_Driver/Src/stm32f4xx_hal_flash.c **** 
 523:Drivers/STM32F4/Drivers/STM32F4xx_HAL_Driver/Src/stm32f4xx_hal_flash.c **** @endverbatim
 524:Drivers/STM32F4/Drivers/STM32F4xx_HAL_Driver/Src/stm32f4xx_hal_flash.c ****   * @{
 525:Drivers/STM32F4/Drivers/STM32F4xx_HAL_Driver/Src/stm32f4xx_hal_flash.c ****   */
 526:Drivers/STM32F4/Drivers/STM32F4xx_HAL_Driver/Src/stm32f4xx_hal_flash.c **** 
 527:Drivers/STM32F4/Drivers/STM32F4xx_HAL_Driver/Src/stm32f4xx_hal_flash.c **** /**
 528:Drivers/STM32F4/Drivers/STM32F4xx_HAL_Driver/Src/stm32f4xx_hal_flash.c ****   * @brief  Get the specific FLASH error flag.
 529:Drivers/STM32F4/Drivers/STM32F4xx_HAL_Driver/Src/stm32f4xx_hal_flash.c ****   * @retval FLASH_ErrorCode: The returned value can be a combination of:
 530:Drivers/STM32F4/Drivers/STM32F4xx_HAL_Driver/Src/stm32f4xx_hal_flash.c ****   *            @arg HAL_FLASH_ERROR_RD: FLASH Read Protection error flag (PCROP)
 531:Drivers/STM32F4/Drivers/STM32F4xx_HAL_Driver/Src/stm32f4xx_hal_flash.c ****   *            @arg HAL_FLASH_ERROR_PGS: FLASH Programming Sequence error flag
 532:Drivers/STM32F4/Drivers/STM32F4xx_HAL_Driver/Src/stm32f4xx_hal_flash.c ****   *            @arg HAL_FLASH_ERROR_PGP: FLASH Programming Parallelism error flag
 533:Drivers/STM32F4/Drivers/STM32F4xx_HAL_Driver/Src/stm32f4xx_hal_flash.c ****   *            @arg HAL_FLASH_ERROR_PGA: FLASH Programming Alignment error flag
 534:Drivers/STM32F4/Drivers/STM32F4xx_HAL_Driver/Src/stm32f4xx_hal_flash.c ****   *            @arg HAL_FLASH_ERROR_WRP: FLASH Write protected error flag
 535:Drivers/STM32F4/Drivers/STM32F4xx_HAL_Driver/Src/stm32f4xx_hal_flash.c ****   *            @arg HAL_FLASH_ERROR_OPERATION: FLASH operation Error flag
 536:Drivers/STM32F4/Drivers/STM32F4xx_HAL_Driver/Src/stm32f4xx_hal_flash.c ****   */
 537:Drivers/STM32F4/Drivers/STM32F4xx_HAL_Driver/Src/stm32f4xx_hal_flash.c **** uint32_t HAL_FLASH_GetError(void)
 538:Drivers/STM32F4/Drivers/STM32F4xx_HAL_Driver/Src/stm32f4xx_hal_flash.c **** {
 539:Drivers/STM32F4/Drivers/STM32F4xx_HAL_Driver/Src/stm32f4xx_hal_flash.c ****   return pFlash.ErrorCode;
 540:Drivers/STM32F4/Drivers/STM32F4xx_HAL_Driver/Src/stm32f4xx_hal_flash.c **** }
 541:Drivers/STM32F4/Drivers/STM32F4xx_HAL_Driver/Src/stm32f4xx_hal_flash.c **** 
 542:Drivers/STM32F4/Drivers/STM32F4xx_HAL_Driver/Src/stm32f4xx_hal_flash.c **** /**
 543:Drivers/STM32F4/Drivers/STM32F4xx_HAL_Driver/Src/stm32f4xx_hal_flash.c ****   * @}
 544:Drivers/STM32F4/Drivers/STM32F4xx_HAL_Driver/Src/stm32f4xx_hal_flash.c ****   */
ARM GAS  /tmp/ccFutYhx.s 			page 11


 545:Drivers/STM32F4/Drivers/STM32F4xx_HAL_Driver/Src/stm32f4xx_hal_flash.c **** 
 546:Drivers/STM32F4/Drivers/STM32F4xx_HAL_Driver/Src/stm32f4xx_hal_flash.c **** /**
 547:Drivers/STM32F4/Drivers/STM32F4xx_HAL_Driver/Src/stm32f4xx_hal_flash.c ****   * @brief  Wait for a FLASH operation to complete.
 548:Drivers/STM32F4/Drivers/STM32F4xx_HAL_Driver/Src/stm32f4xx_hal_flash.c ****   * @param  Timeout maximum flash operationtimeout
 549:Drivers/STM32F4/Drivers/STM32F4xx_HAL_Driver/Src/stm32f4xx_hal_flash.c ****   * @retval HAL Status
 550:Drivers/STM32F4/Drivers/STM32F4xx_HAL_Driver/Src/stm32f4xx_hal_flash.c ****   */
 551:Drivers/STM32F4/Drivers/STM32F4xx_HAL_Driver/Src/stm32f4xx_hal_flash.c **** HAL_StatusTypeDef FLASH_WaitForLastOperation(uint32_t Timeout)
 552:Drivers/STM32F4/Drivers/STM32F4xx_HAL_Driver/Src/stm32f4xx_hal_flash.c **** {
 553:Drivers/STM32F4/Drivers/STM32F4xx_HAL_Driver/Src/stm32f4xx_hal_flash.c ****   uint32_t tickstart = 0U;
 554:Drivers/STM32F4/Drivers/STM32F4xx_HAL_Driver/Src/stm32f4xx_hal_flash.c **** 
 555:Drivers/STM32F4/Drivers/STM32F4xx_HAL_Driver/Src/stm32f4xx_hal_flash.c ****   /* Clear Error Code */
 556:Drivers/STM32F4/Drivers/STM32F4xx_HAL_Driver/Src/stm32f4xx_hal_flash.c ****   pFlash.ErrorCode = HAL_FLASH_ERROR_NONE;
 557:Drivers/STM32F4/Drivers/STM32F4xx_HAL_Driver/Src/stm32f4xx_hal_flash.c **** 
 558:Drivers/STM32F4/Drivers/STM32F4xx_HAL_Driver/Src/stm32f4xx_hal_flash.c ****   /* Wait for the FLASH operation to complete by polling on BUSY flag to be reset.
 559:Drivers/STM32F4/Drivers/STM32F4xx_HAL_Driver/Src/stm32f4xx_hal_flash.c ****      Even if the FLASH operation fails, the BUSY flag will be reset and an error
 560:Drivers/STM32F4/Drivers/STM32F4xx_HAL_Driver/Src/stm32f4xx_hal_flash.c ****      flag will be set */
 561:Drivers/STM32F4/Drivers/STM32F4xx_HAL_Driver/Src/stm32f4xx_hal_flash.c ****   /* Get tick */
 562:Drivers/STM32F4/Drivers/STM32F4xx_HAL_Driver/Src/stm32f4xx_hal_flash.c ****   tickstart = HAL_GetTick();
 563:Drivers/STM32F4/Drivers/STM32F4xx_HAL_Driver/Src/stm32f4xx_hal_flash.c **** 
 564:Drivers/STM32F4/Drivers/STM32F4xx_HAL_Driver/Src/stm32f4xx_hal_flash.c ****   while (__HAL_FLASH_GET_FLAG(FLASH_FLAG_BSY) != RESET)
 565:Drivers/STM32F4/Drivers/STM32F4xx_HAL_Driver/Src/stm32f4xx_hal_flash.c ****   {
 566:Drivers/STM32F4/Drivers/STM32F4xx_HAL_Driver/Src/stm32f4xx_hal_flash.c ****     if (Timeout != HAL_MAX_DELAY)
 567:Drivers/STM32F4/Drivers/STM32F4xx_HAL_Driver/Src/stm32f4xx_hal_flash.c ****     {
 568:Drivers/STM32F4/Drivers/STM32F4xx_HAL_Driver/Src/stm32f4xx_hal_flash.c ****       if ((Timeout == 0U) || ((HAL_GetTick() - tickstart) > Timeout))
 569:Drivers/STM32F4/Drivers/STM32F4xx_HAL_Driver/Src/stm32f4xx_hal_flash.c ****       {
 570:Drivers/STM32F4/Drivers/STM32F4xx_HAL_Driver/Src/stm32f4xx_hal_flash.c ****         return HAL_TIMEOUT;
 571:Drivers/STM32F4/Drivers/STM32F4xx_HAL_Driver/Src/stm32f4xx_hal_flash.c ****       }
 572:Drivers/STM32F4/Drivers/STM32F4xx_HAL_Driver/Src/stm32f4xx_hal_flash.c ****     }
 573:Drivers/STM32F4/Drivers/STM32F4xx_HAL_Driver/Src/stm32f4xx_hal_flash.c ****   }
 574:Drivers/STM32F4/Drivers/STM32F4xx_HAL_Driver/Src/stm32f4xx_hal_flash.c **** 
 575:Drivers/STM32F4/Drivers/STM32F4xx_HAL_Driver/Src/stm32f4xx_hal_flash.c ****   /* Check FLASH End of Operation flag  */
 576:Drivers/STM32F4/Drivers/STM32F4xx_HAL_Driver/Src/stm32f4xx_hal_flash.c ****   if (__HAL_FLASH_GET_FLAG(FLASH_FLAG_EOP) != RESET)
 577:Drivers/STM32F4/Drivers/STM32F4xx_HAL_Driver/Src/stm32f4xx_hal_flash.c ****   {
 578:Drivers/STM32F4/Drivers/STM32F4xx_HAL_Driver/Src/stm32f4xx_hal_flash.c ****     /* Clear FLASH End of Operation pending bit */
 579:Drivers/STM32F4/Drivers/STM32F4xx_HAL_Driver/Src/stm32f4xx_hal_flash.c ****     __HAL_FLASH_CLEAR_FLAG(FLASH_FLAG_EOP);
 580:Drivers/STM32F4/Drivers/STM32F4xx_HAL_Driver/Src/stm32f4xx_hal_flash.c ****   }
 581:Drivers/STM32F4/Drivers/STM32F4xx_HAL_Driver/Src/stm32f4xx_hal_flash.c **** #if defined(FLASH_SR_RDERR)
 582:Drivers/STM32F4/Drivers/STM32F4xx_HAL_Driver/Src/stm32f4xx_hal_flash.c ****   if (__HAL_FLASH_GET_FLAG((FLASH_FLAG_OPERR | FLASH_FLAG_WRPERR | FLASH_FLAG_PGAERR | \
 583:Drivers/STM32F4/Drivers/STM32F4xx_HAL_Driver/Src/stm32f4xx_hal_flash.c ****                             FLASH_FLAG_PGPERR | FLASH_FLAG_PGSERR | FLASH_FLAG_RDERR)) != RESET)
 584:Drivers/STM32F4/Drivers/STM32F4xx_HAL_Driver/Src/stm32f4xx_hal_flash.c **** #else
 585:Drivers/STM32F4/Drivers/STM32F4xx_HAL_Driver/Src/stm32f4xx_hal_flash.c ****   if (__HAL_FLASH_GET_FLAG((FLASH_FLAG_OPERR | FLASH_FLAG_WRPERR | FLASH_FLAG_PGAERR | \
 586:Drivers/STM32F4/Drivers/STM32F4xx_HAL_Driver/Src/stm32f4xx_hal_flash.c ****                             FLASH_FLAG_PGPERR | FLASH_FLAG_PGSERR)) != RESET)
 587:Drivers/STM32F4/Drivers/STM32F4xx_HAL_Driver/Src/stm32f4xx_hal_flash.c **** #endif /* FLASH_SR_RDERR */
 588:Drivers/STM32F4/Drivers/STM32F4xx_HAL_Driver/Src/stm32f4xx_hal_flash.c ****   {
 589:Drivers/STM32F4/Drivers/STM32F4xx_HAL_Driver/Src/stm32f4xx_hal_flash.c ****     /*Save the error code*/
 590:Drivers/STM32F4/Drivers/STM32F4xx_HAL_Driver/Src/stm32f4xx_hal_flash.c ****     FLASH_SetErrorCode();
 591:Drivers/STM32F4/Drivers/STM32F4xx_HAL_Driver/Src/stm32f4xx_hal_flash.c ****     return HAL_ERROR;
 592:Drivers/STM32F4/Drivers/STM32F4xx_HAL_Driver/Src/stm32f4xx_hal_flash.c ****   }
 593:Drivers/STM32F4/Drivers/STM32F4xx_HAL_Driver/Src/stm32f4xx_hal_flash.c **** 
 594:Drivers/STM32F4/Drivers/STM32F4xx_HAL_Driver/Src/stm32f4xx_hal_flash.c ****   /* If there is no error flag set */
 595:Drivers/STM32F4/Drivers/STM32F4xx_HAL_Driver/Src/stm32f4xx_hal_flash.c ****   return HAL_OK;
 596:Drivers/STM32F4/Drivers/STM32F4xx_HAL_Driver/Src/stm32f4xx_hal_flash.c **** 
 597:Drivers/STM32F4/Drivers/STM32F4xx_HAL_Driver/Src/stm32f4xx_hal_flash.c **** }
 598:Drivers/STM32F4/Drivers/STM32F4xx_HAL_Driver/Src/stm32f4xx_hal_flash.c **** 
 599:Drivers/STM32F4/Drivers/STM32F4xx_HAL_Driver/Src/stm32f4xx_hal_flash.c **** /**
 600:Drivers/STM32F4/Drivers/STM32F4xx_HAL_Driver/Src/stm32f4xx_hal_flash.c ****   * @brief  Program a double word (64-bit) at a specified address.
 601:Drivers/STM32F4/Drivers/STM32F4xx_HAL_Driver/Src/stm32f4xx_hal_flash.c ****   * @note   This function must be used when the device voltage range is from
ARM GAS  /tmp/ccFutYhx.s 			page 12


 602:Drivers/STM32F4/Drivers/STM32F4xx_HAL_Driver/Src/stm32f4xx_hal_flash.c ****   *         2.7V to 3.6V and Vpp in the range 7V to 9V.
 603:Drivers/STM32F4/Drivers/STM32F4xx_HAL_Driver/Src/stm32f4xx_hal_flash.c ****   *
 604:Drivers/STM32F4/Drivers/STM32F4xx_HAL_Driver/Src/stm32f4xx_hal_flash.c ****   * @note   If an erase and a program operations are requested simultaneously,
 605:Drivers/STM32F4/Drivers/STM32F4xx_HAL_Driver/Src/stm32f4xx_hal_flash.c ****   *         the erase operation is performed before the program one.
 606:Drivers/STM32F4/Drivers/STM32F4xx_HAL_Driver/Src/stm32f4xx_hal_flash.c ****   *
 607:Drivers/STM32F4/Drivers/STM32F4xx_HAL_Driver/Src/stm32f4xx_hal_flash.c ****   * @param  Address specifies the address to be programmed.
 608:Drivers/STM32F4/Drivers/STM32F4xx_HAL_Driver/Src/stm32f4xx_hal_flash.c ****   * @param  Data specifies the data to be programmed.
 609:Drivers/STM32F4/Drivers/STM32F4xx_HAL_Driver/Src/stm32f4xx_hal_flash.c ****   * @retval None
 610:Drivers/STM32F4/Drivers/STM32F4xx_HAL_Driver/Src/stm32f4xx_hal_flash.c ****   */
 611:Drivers/STM32F4/Drivers/STM32F4xx_HAL_Driver/Src/stm32f4xx_hal_flash.c **** static void FLASH_Program_DoubleWord(uint32_t Address, uint64_t Data)
 612:Drivers/STM32F4/Drivers/STM32F4xx_HAL_Driver/Src/stm32f4xx_hal_flash.c **** {
 613:Drivers/STM32F4/Drivers/STM32F4xx_HAL_Driver/Src/stm32f4xx_hal_flash.c ****   /* Check the parameters */
 614:Drivers/STM32F4/Drivers/STM32F4xx_HAL_Driver/Src/stm32f4xx_hal_flash.c ****   assert_param(IS_FLASH_ADDRESS(Address));
 615:Drivers/STM32F4/Drivers/STM32F4xx_HAL_Driver/Src/stm32f4xx_hal_flash.c **** 
 616:Drivers/STM32F4/Drivers/STM32F4xx_HAL_Driver/Src/stm32f4xx_hal_flash.c ****   /* If the previous operation is completed, proceed to program the new data */
 617:Drivers/STM32F4/Drivers/STM32F4xx_HAL_Driver/Src/stm32f4xx_hal_flash.c ****   CLEAR_BIT(FLASH->CR, FLASH_CR_PSIZE);
 618:Drivers/STM32F4/Drivers/STM32F4xx_HAL_Driver/Src/stm32f4xx_hal_flash.c ****   FLASH->CR |= FLASH_PSIZE_DOUBLE_WORD;
 619:Drivers/STM32F4/Drivers/STM32F4xx_HAL_Driver/Src/stm32f4xx_hal_flash.c ****   FLASH->CR |= FLASH_CR_PG;
 620:Drivers/STM32F4/Drivers/STM32F4xx_HAL_Driver/Src/stm32f4xx_hal_flash.c **** 
 621:Drivers/STM32F4/Drivers/STM32F4xx_HAL_Driver/Src/stm32f4xx_hal_flash.c ****   /* Program first word */
 622:Drivers/STM32F4/Drivers/STM32F4xx_HAL_Driver/Src/stm32f4xx_hal_flash.c ****   *(__IO uint32_t *)Address = (uint32_t)Data;
 623:Drivers/STM32F4/Drivers/STM32F4xx_HAL_Driver/Src/stm32f4xx_hal_flash.c **** 
 624:Drivers/STM32F4/Drivers/STM32F4xx_HAL_Driver/Src/stm32f4xx_hal_flash.c ****   /* Barrier to ensure programming is performed in 2 steps, in right order
 625:Drivers/STM32F4/Drivers/STM32F4xx_HAL_Driver/Src/stm32f4xx_hal_flash.c ****     (independently of compiler optimization behavior) */
 626:Drivers/STM32F4/Drivers/STM32F4xx_HAL_Driver/Src/stm32f4xx_hal_flash.c ****   __ISB();
 627:Drivers/STM32F4/Drivers/STM32F4xx_HAL_Driver/Src/stm32f4xx_hal_flash.c **** 
 628:Drivers/STM32F4/Drivers/STM32F4xx_HAL_Driver/Src/stm32f4xx_hal_flash.c ****   /* Program second word */
 629:Drivers/STM32F4/Drivers/STM32F4xx_HAL_Driver/Src/stm32f4xx_hal_flash.c ****   *(__IO uint32_t *)(Address + 4) = (uint32_t)(Data >> 32);
 630:Drivers/STM32F4/Drivers/STM32F4xx_HAL_Driver/Src/stm32f4xx_hal_flash.c **** }
 631:Drivers/STM32F4/Drivers/STM32F4xx_HAL_Driver/Src/stm32f4xx_hal_flash.c **** 
 632:Drivers/STM32F4/Drivers/STM32F4xx_HAL_Driver/Src/stm32f4xx_hal_flash.c **** 
 633:Drivers/STM32F4/Drivers/STM32F4xx_HAL_Driver/Src/stm32f4xx_hal_flash.c **** /**
 634:Drivers/STM32F4/Drivers/STM32F4xx_HAL_Driver/Src/stm32f4xx_hal_flash.c ****   * @brief  Program word (32-bit) at a specified address.
 635:Drivers/STM32F4/Drivers/STM32F4xx_HAL_Driver/Src/stm32f4xx_hal_flash.c ****   * @note   This function must be used when the device voltage range is from
 636:Drivers/STM32F4/Drivers/STM32F4xx_HAL_Driver/Src/stm32f4xx_hal_flash.c ****   *         2.7V to 3.6V.
 637:Drivers/STM32F4/Drivers/STM32F4xx_HAL_Driver/Src/stm32f4xx_hal_flash.c ****   *
 638:Drivers/STM32F4/Drivers/STM32F4xx_HAL_Driver/Src/stm32f4xx_hal_flash.c ****   * @note   If an erase and a program operations are requested simultaneously,
 639:Drivers/STM32F4/Drivers/STM32F4xx_HAL_Driver/Src/stm32f4xx_hal_flash.c ****   *         the erase operation is performed before the program one.
 640:Drivers/STM32F4/Drivers/STM32F4xx_HAL_Driver/Src/stm32f4xx_hal_flash.c ****   *
 641:Drivers/STM32F4/Drivers/STM32F4xx_HAL_Driver/Src/stm32f4xx_hal_flash.c ****   * @param  Address specifies the address to be programmed.
 642:Drivers/STM32F4/Drivers/STM32F4xx_HAL_Driver/Src/stm32f4xx_hal_flash.c ****   * @param  Data specifies the data to be programmed.
 643:Drivers/STM32F4/Drivers/STM32F4xx_HAL_Driver/Src/stm32f4xx_hal_flash.c ****   * @retval None
 644:Drivers/STM32F4/Drivers/STM32F4xx_HAL_Driver/Src/stm32f4xx_hal_flash.c ****   */
 645:Drivers/STM32F4/Drivers/STM32F4xx_HAL_Driver/Src/stm32f4xx_hal_flash.c **** static void FLASH_Program_Word(uint32_t Address, uint32_t Data)
 646:Drivers/STM32F4/Drivers/STM32F4xx_HAL_Driver/Src/stm32f4xx_hal_flash.c **** {
 647:Drivers/STM32F4/Drivers/STM32F4xx_HAL_Driver/Src/stm32f4xx_hal_flash.c ****   /* Check the parameters */
 648:Drivers/STM32F4/Drivers/STM32F4xx_HAL_Driver/Src/stm32f4xx_hal_flash.c ****   assert_param(IS_FLASH_ADDRESS(Address));
 649:Drivers/STM32F4/Drivers/STM32F4xx_HAL_Driver/Src/stm32f4xx_hal_flash.c **** 
 650:Drivers/STM32F4/Drivers/STM32F4xx_HAL_Driver/Src/stm32f4xx_hal_flash.c ****   /* If the previous operation is completed, proceed to program the new data */
 651:Drivers/STM32F4/Drivers/STM32F4xx_HAL_Driver/Src/stm32f4xx_hal_flash.c ****   CLEAR_BIT(FLASH->CR, FLASH_CR_PSIZE);
 652:Drivers/STM32F4/Drivers/STM32F4xx_HAL_Driver/Src/stm32f4xx_hal_flash.c ****   FLASH->CR |= FLASH_PSIZE_WORD;
 653:Drivers/STM32F4/Drivers/STM32F4xx_HAL_Driver/Src/stm32f4xx_hal_flash.c ****   FLASH->CR |= FLASH_CR_PG;
 654:Drivers/STM32F4/Drivers/STM32F4xx_HAL_Driver/Src/stm32f4xx_hal_flash.c **** 
 655:Drivers/STM32F4/Drivers/STM32F4xx_HAL_Driver/Src/stm32f4xx_hal_flash.c ****   *(__IO uint32_t *)Address = Data;
 656:Drivers/STM32F4/Drivers/STM32F4xx_HAL_Driver/Src/stm32f4xx_hal_flash.c **** }
 657:Drivers/STM32F4/Drivers/STM32F4xx_HAL_Driver/Src/stm32f4xx_hal_flash.c **** 
 658:Drivers/STM32F4/Drivers/STM32F4xx_HAL_Driver/Src/stm32f4xx_hal_flash.c **** /**
ARM GAS  /tmp/ccFutYhx.s 			page 13


 659:Drivers/STM32F4/Drivers/STM32F4xx_HAL_Driver/Src/stm32f4xx_hal_flash.c ****   * @brief  Program a half-word (16-bit) at a specified address.
 660:Drivers/STM32F4/Drivers/STM32F4xx_HAL_Driver/Src/stm32f4xx_hal_flash.c ****   * @note   This function must be used when the device voltage range is from
 661:Drivers/STM32F4/Drivers/STM32F4xx_HAL_Driver/Src/stm32f4xx_hal_flash.c ****   *         2.1V to 3.6V.
 662:Drivers/STM32F4/Drivers/STM32F4xx_HAL_Driver/Src/stm32f4xx_hal_flash.c ****   *
 663:Drivers/STM32F4/Drivers/STM32F4xx_HAL_Driver/Src/stm32f4xx_hal_flash.c ****   * @note   If an erase and a program operations are requested simultaneously,
 664:Drivers/STM32F4/Drivers/STM32F4xx_HAL_Driver/Src/stm32f4xx_hal_flash.c ****   *         the erase operation is performed before the program one.
 665:Drivers/STM32F4/Drivers/STM32F4xx_HAL_Driver/Src/stm32f4xx_hal_flash.c ****   *
 666:Drivers/STM32F4/Drivers/STM32F4xx_HAL_Driver/Src/stm32f4xx_hal_flash.c ****   * @param  Address specifies the address to be programmed.
 667:Drivers/STM32F4/Drivers/STM32F4xx_HAL_Driver/Src/stm32f4xx_hal_flash.c ****   * @param  Data specifies the data to be programmed.
 668:Drivers/STM32F4/Drivers/STM32F4xx_HAL_Driver/Src/stm32f4xx_hal_flash.c ****   * @retval None
 669:Drivers/STM32F4/Drivers/STM32F4xx_HAL_Driver/Src/stm32f4xx_hal_flash.c ****   */
 670:Drivers/STM32F4/Drivers/STM32F4xx_HAL_Driver/Src/stm32f4xx_hal_flash.c **** static void FLASH_Program_HalfWord(uint32_t Address, uint16_t Data)
 671:Drivers/STM32F4/Drivers/STM32F4xx_HAL_Driver/Src/stm32f4xx_hal_flash.c **** {
 672:Drivers/STM32F4/Drivers/STM32F4xx_HAL_Driver/Src/stm32f4xx_hal_flash.c ****   /* Check the parameters */
 673:Drivers/STM32F4/Drivers/STM32F4xx_HAL_Driver/Src/stm32f4xx_hal_flash.c ****   assert_param(IS_FLASH_ADDRESS(Address));
 674:Drivers/STM32F4/Drivers/STM32F4xx_HAL_Driver/Src/stm32f4xx_hal_flash.c **** 
 675:Drivers/STM32F4/Drivers/STM32F4xx_HAL_Driver/Src/stm32f4xx_hal_flash.c ****   /* If the previous operation is completed, proceed to program the new data */
 676:Drivers/STM32F4/Drivers/STM32F4xx_HAL_Driver/Src/stm32f4xx_hal_flash.c ****   CLEAR_BIT(FLASH->CR, FLASH_CR_PSIZE);
 677:Drivers/STM32F4/Drivers/STM32F4xx_HAL_Driver/Src/stm32f4xx_hal_flash.c ****   FLASH->CR |= FLASH_PSIZE_HALF_WORD;
 678:Drivers/STM32F4/Drivers/STM32F4xx_HAL_Driver/Src/stm32f4xx_hal_flash.c ****   FLASH->CR |= FLASH_CR_PG;
 679:Drivers/STM32F4/Drivers/STM32F4xx_HAL_Driver/Src/stm32f4xx_hal_flash.c **** 
 680:Drivers/STM32F4/Drivers/STM32F4xx_HAL_Driver/Src/stm32f4xx_hal_flash.c ****   *(__IO uint16_t *)Address = Data;
 681:Drivers/STM32F4/Drivers/STM32F4xx_HAL_Driver/Src/stm32f4xx_hal_flash.c **** }
 682:Drivers/STM32F4/Drivers/STM32F4xx_HAL_Driver/Src/stm32f4xx_hal_flash.c **** 
 683:Drivers/STM32F4/Drivers/STM32F4xx_HAL_Driver/Src/stm32f4xx_hal_flash.c **** /**
 684:Drivers/STM32F4/Drivers/STM32F4xx_HAL_Driver/Src/stm32f4xx_hal_flash.c ****   * @brief  Program byte (8-bit) at a specified address.
 685:Drivers/STM32F4/Drivers/STM32F4xx_HAL_Driver/Src/stm32f4xx_hal_flash.c ****   * @note   This function must be used when the device voltage range is from
 686:Drivers/STM32F4/Drivers/STM32F4xx_HAL_Driver/Src/stm32f4xx_hal_flash.c ****   *         1.8V to 3.6V.
 687:Drivers/STM32F4/Drivers/STM32F4xx_HAL_Driver/Src/stm32f4xx_hal_flash.c ****   *
 688:Drivers/STM32F4/Drivers/STM32F4xx_HAL_Driver/Src/stm32f4xx_hal_flash.c ****   * @note   If an erase and a program operations are requested simultaneously,
 689:Drivers/STM32F4/Drivers/STM32F4xx_HAL_Driver/Src/stm32f4xx_hal_flash.c ****   *         the erase operation is performed before the program one.
 690:Drivers/STM32F4/Drivers/STM32F4xx_HAL_Driver/Src/stm32f4xx_hal_flash.c ****   *
 691:Drivers/STM32F4/Drivers/STM32F4xx_HAL_Driver/Src/stm32f4xx_hal_flash.c ****   * @param  Address specifies the address to be programmed.
 692:Drivers/STM32F4/Drivers/STM32F4xx_HAL_Driver/Src/stm32f4xx_hal_flash.c ****   * @param  Data specifies the data to be programmed.
 693:Drivers/STM32F4/Drivers/STM32F4xx_HAL_Driver/Src/stm32f4xx_hal_flash.c ****   * @retval None
 694:Drivers/STM32F4/Drivers/STM32F4xx_HAL_Driver/Src/stm32f4xx_hal_flash.c ****   */
 695:Drivers/STM32F4/Drivers/STM32F4xx_HAL_Driver/Src/stm32f4xx_hal_flash.c **** static void FLASH_Program_Byte(uint32_t Address, uint8_t Data)
 696:Drivers/STM32F4/Drivers/STM32F4xx_HAL_Driver/Src/stm32f4xx_hal_flash.c **** {
 697:Drivers/STM32F4/Drivers/STM32F4xx_HAL_Driver/Src/stm32f4xx_hal_flash.c ****   /* Check the parameters */
 698:Drivers/STM32F4/Drivers/STM32F4xx_HAL_Driver/Src/stm32f4xx_hal_flash.c ****   assert_param(IS_FLASH_ADDRESS(Address));
 699:Drivers/STM32F4/Drivers/STM32F4xx_HAL_Driver/Src/stm32f4xx_hal_flash.c **** 
 700:Drivers/STM32F4/Drivers/STM32F4xx_HAL_Driver/Src/stm32f4xx_hal_flash.c ****   /* If the previous operation is completed, proceed to program the new data */
 701:Drivers/STM32F4/Drivers/STM32F4xx_HAL_Driver/Src/stm32f4xx_hal_flash.c ****   CLEAR_BIT(FLASH->CR, FLASH_CR_PSIZE);
 702:Drivers/STM32F4/Drivers/STM32F4xx_HAL_Driver/Src/stm32f4xx_hal_flash.c ****   FLASH->CR |= FLASH_PSIZE_BYTE;
 703:Drivers/STM32F4/Drivers/STM32F4xx_HAL_Driver/Src/stm32f4xx_hal_flash.c ****   FLASH->CR |= FLASH_CR_PG;
 704:Drivers/STM32F4/Drivers/STM32F4xx_HAL_Driver/Src/stm32f4xx_hal_flash.c **** 
 705:Drivers/STM32F4/Drivers/STM32F4xx_HAL_Driver/Src/stm32f4xx_hal_flash.c ****   *(__IO uint8_t *)Address = Data;
 706:Drivers/STM32F4/Drivers/STM32F4xx_HAL_Driver/Src/stm32f4xx_hal_flash.c **** }
 707:Drivers/STM32F4/Drivers/STM32F4xx_HAL_Driver/Src/stm32f4xx_hal_flash.c **** 
 708:Drivers/STM32F4/Drivers/STM32F4xx_HAL_Driver/Src/stm32f4xx_hal_flash.c **** /**
 709:Drivers/STM32F4/Drivers/STM32F4xx_HAL_Driver/Src/stm32f4xx_hal_flash.c ****   * @brief  Set the specific FLASH error flag.
 710:Drivers/STM32F4/Drivers/STM32F4xx_HAL_Driver/Src/stm32f4xx_hal_flash.c ****   * @retval None
 711:Drivers/STM32F4/Drivers/STM32F4xx_HAL_Driver/Src/stm32f4xx_hal_flash.c ****   */
 712:Drivers/STM32F4/Drivers/STM32F4xx_HAL_Driver/Src/stm32f4xx_hal_flash.c **** static void FLASH_SetErrorCode(void)
 713:Drivers/STM32F4/Drivers/STM32F4xx_HAL_Driver/Src/stm32f4xx_hal_flash.c **** {
  28              		.loc 1 713 1 view -0
  29              		.cfi_startproc
ARM GAS  /tmp/ccFutYhx.s 			page 14


  30              		@ args = 0, pretend = 0, frame = 0
  31              		@ frame_needed = 0, uses_anonymous_args = 0
  32              		@ link register save eliminated.
 714:Drivers/STM32F4/Drivers/STM32F4xx_HAL_Driver/Src/stm32f4xx_hal_flash.c ****   if (__HAL_FLASH_GET_FLAG(FLASH_FLAG_WRPERR) != RESET)
  33              		.loc 1 714 3 view .LVU1
  34              		.loc 1 714 7 is_stmt 0 view .LVU2
  35 0000 204B     		ldr	r3, .L7
  36 0002 DB68     		ldr	r3, [r3, #12]
  37              		.loc 1 714 6 view .LVU3
  38 0004 13F0100F 		tst	r3, #16
  39 0008 07D0     		beq	.L2
 715:Drivers/STM32F4/Drivers/STM32F4xx_HAL_Driver/Src/stm32f4xx_hal_flash.c ****   {
 716:Drivers/STM32F4/Drivers/STM32F4xx_HAL_Driver/Src/stm32f4xx_hal_flash.c ****     pFlash.ErrorCode |= HAL_FLASH_ERROR_WRP;
  40              		.loc 1 716 5 is_stmt 1 view .LVU4
  41              		.loc 1 716 11 is_stmt 0 view .LVU5
  42 000a 1F4A     		ldr	r2, .L7+4
  43 000c D369     		ldr	r3, [r2, #28]
  44              		.loc 1 716 22 view .LVU6
  45 000e 43F01003 		orr	r3, r3, #16
  46 0012 D361     		str	r3, [r2, #28]
 717:Drivers/STM32F4/Drivers/STM32F4xx_HAL_Driver/Src/stm32f4xx_hal_flash.c **** 
 718:Drivers/STM32F4/Drivers/STM32F4xx_HAL_Driver/Src/stm32f4xx_hal_flash.c ****     /* Clear FLASH write protection error pending bit */
 719:Drivers/STM32F4/Drivers/STM32F4xx_HAL_Driver/Src/stm32f4xx_hal_flash.c ****     __HAL_FLASH_CLEAR_FLAG(FLASH_FLAG_WRPERR);
  47              		.loc 1 719 5 is_stmt 1 view .LVU7
  48 0014 1B4B     		ldr	r3, .L7
  49 0016 1022     		movs	r2, #16
  50 0018 DA60     		str	r2, [r3, #12]
  51              	.L2:
 720:Drivers/STM32F4/Drivers/STM32F4xx_HAL_Driver/Src/stm32f4xx_hal_flash.c ****   }
 721:Drivers/STM32F4/Drivers/STM32F4xx_HAL_Driver/Src/stm32f4xx_hal_flash.c **** 
 722:Drivers/STM32F4/Drivers/STM32F4xx_HAL_Driver/Src/stm32f4xx_hal_flash.c ****   if (__HAL_FLASH_GET_FLAG(FLASH_FLAG_PGAERR) != RESET)
  52              		.loc 1 722 3 view .LVU8
  53              		.loc 1 722 7 is_stmt 0 view .LVU9
  54 001a 1A4B     		ldr	r3, .L7
  55 001c DB68     		ldr	r3, [r3, #12]
  56              		.loc 1 722 6 view .LVU10
  57 001e 13F0200F 		tst	r3, #32
  58 0022 07D0     		beq	.L3
 723:Drivers/STM32F4/Drivers/STM32F4xx_HAL_Driver/Src/stm32f4xx_hal_flash.c ****   {
 724:Drivers/STM32F4/Drivers/STM32F4xx_HAL_Driver/Src/stm32f4xx_hal_flash.c ****     pFlash.ErrorCode |= HAL_FLASH_ERROR_PGA;
  59              		.loc 1 724 5 is_stmt 1 view .LVU11
  60              		.loc 1 724 11 is_stmt 0 view .LVU12
  61 0024 184A     		ldr	r2, .L7+4
  62 0026 D369     		ldr	r3, [r2, #28]
  63              		.loc 1 724 22 view .LVU13
  64 0028 43F00803 		orr	r3, r3, #8
  65 002c D361     		str	r3, [r2, #28]
 725:Drivers/STM32F4/Drivers/STM32F4xx_HAL_Driver/Src/stm32f4xx_hal_flash.c **** 
 726:Drivers/STM32F4/Drivers/STM32F4xx_HAL_Driver/Src/stm32f4xx_hal_flash.c ****     /* Clear FLASH Programming alignment error pending bit */
 727:Drivers/STM32F4/Drivers/STM32F4xx_HAL_Driver/Src/stm32f4xx_hal_flash.c ****     __HAL_FLASH_CLEAR_FLAG(FLASH_FLAG_PGAERR);
  66              		.loc 1 727 5 is_stmt 1 view .LVU14
  67 002e 154B     		ldr	r3, .L7
  68 0030 2022     		movs	r2, #32
  69 0032 DA60     		str	r2, [r3, #12]
  70              	.L3:
 728:Drivers/STM32F4/Drivers/STM32F4xx_HAL_Driver/Src/stm32f4xx_hal_flash.c ****   }
 729:Drivers/STM32F4/Drivers/STM32F4xx_HAL_Driver/Src/stm32f4xx_hal_flash.c **** 
ARM GAS  /tmp/ccFutYhx.s 			page 15


 730:Drivers/STM32F4/Drivers/STM32F4xx_HAL_Driver/Src/stm32f4xx_hal_flash.c ****   if (__HAL_FLASH_GET_FLAG(FLASH_FLAG_PGPERR) != RESET)
  71              		.loc 1 730 3 view .LVU15
  72              		.loc 1 730 7 is_stmt 0 view .LVU16
  73 0034 134B     		ldr	r3, .L7
  74 0036 DB68     		ldr	r3, [r3, #12]
  75              		.loc 1 730 6 view .LVU17
  76 0038 13F0400F 		tst	r3, #64
  77 003c 07D0     		beq	.L4
 731:Drivers/STM32F4/Drivers/STM32F4xx_HAL_Driver/Src/stm32f4xx_hal_flash.c ****   {
 732:Drivers/STM32F4/Drivers/STM32F4xx_HAL_Driver/Src/stm32f4xx_hal_flash.c ****     pFlash.ErrorCode |= HAL_FLASH_ERROR_PGP;
  78              		.loc 1 732 5 is_stmt 1 view .LVU18
  79              		.loc 1 732 11 is_stmt 0 view .LVU19
  80 003e 124A     		ldr	r2, .L7+4
  81 0040 D369     		ldr	r3, [r2, #28]
  82              		.loc 1 732 22 view .LVU20
  83 0042 43F00403 		orr	r3, r3, #4
  84 0046 D361     		str	r3, [r2, #28]
 733:Drivers/STM32F4/Drivers/STM32F4xx_HAL_Driver/Src/stm32f4xx_hal_flash.c **** 
 734:Drivers/STM32F4/Drivers/STM32F4xx_HAL_Driver/Src/stm32f4xx_hal_flash.c ****     /* Clear FLASH Programming parallelism error pending bit */
 735:Drivers/STM32F4/Drivers/STM32F4xx_HAL_Driver/Src/stm32f4xx_hal_flash.c ****     __HAL_FLASH_CLEAR_FLAG(FLASH_FLAG_PGPERR);
  85              		.loc 1 735 5 is_stmt 1 view .LVU21
  86 0048 0E4B     		ldr	r3, .L7
  87 004a 4022     		movs	r2, #64
  88 004c DA60     		str	r2, [r3, #12]
  89              	.L4:
 736:Drivers/STM32F4/Drivers/STM32F4xx_HAL_Driver/Src/stm32f4xx_hal_flash.c ****   }
 737:Drivers/STM32F4/Drivers/STM32F4xx_HAL_Driver/Src/stm32f4xx_hal_flash.c **** 
 738:Drivers/STM32F4/Drivers/STM32F4xx_HAL_Driver/Src/stm32f4xx_hal_flash.c ****   if (__HAL_FLASH_GET_FLAG(FLASH_FLAG_PGSERR) != RESET)
  90              		.loc 1 738 3 view .LVU22
  91              		.loc 1 738 7 is_stmt 0 view .LVU23
  92 004e 0D4B     		ldr	r3, .L7
  93 0050 DB68     		ldr	r3, [r3, #12]
  94              		.loc 1 738 6 view .LVU24
  95 0052 13F0800F 		tst	r3, #128
  96 0056 07D0     		beq	.L5
 739:Drivers/STM32F4/Drivers/STM32F4xx_HAL_Driver/Src/stm32f4xx_hal_flash.c ****   {
 740:Drivers/STM32F4/Drivers/STM32F4xx_HAL_Driver/Src/stm32f4xx_hal_flash.c ****     pFlash.ErrorCode |= HAL_FLASH_ERROR_PGS;
  97              		.loc 1 740 5 is_stmt 1 view .LVU25
  98              		.loc 1 740 11 is_stmt 0 view .LVU26
  99 0058 0B4A     		ldr	r2, .L7+4
 100 005a D369     		ldr	r3, [r2, #28]
 101              		.loc 1 740 22 view .LVU27
 102 005c 43F00203 		orr	r3, r3, #2
 103 0060 D361     		str	r3, [r2, #28]
 741:Drivers/STM32F4/Drivers/STM32F4xx_HAL_Driver/Src/stm32f4xx_hal_flash.c **** 
 742:Drivers/STM32F4/Drivers/STM32F4xx_HAL_Driver/Src/stm32f4xx_hal_flash.c ****     /* Clear FLASH Programming sequence error pending bit */
 743:Drivers/STM32F4/Drivers/STM32F4xx_HAL_Driver/Src/stm32f4xx_hal_flash.c ****     __HAL_FLASH_CLEAR_FLAG(FLASH_FLAG_PGSERR);
 104              		.loc 1 743 5 is_stmt 1 view .LVU28
 105 0062 084B     		ldr	r3, .L7
 106 0064 8022     		movs	r2, #128
 107 0066 DA60     		str	r2, [r3, #12]
 108              	.L5:
 744:Drivers/STM32F4/Drivers/STM32F4xx_HAL_Driver/Src/stm32f4xx_hal_flash.c ****   }
 745:Drivers/STM32F4/Drivers/STM32F4xx_HAL_Driver/Src/stm32f4xx_hal_flash.c **** #if defined(FLASH_SR_RDERR)
 746:Drivers/STM32F4/Drivers/STM32F4xx_HAL_Driver/Src/stm32f4xx_hal_flash.c ****   if (__HAL_FLASH_GET_FLAG(FLASH_FLAG_RDERR) != RESET)
 747:Drivers/STM32F4/Drivers/STM32F4xx_HAL_Driver/Src/stm32f4xx_hal_flash.c ****   {
 748:Drivers/STM32F4/Drivers/STM32F4xx_HAL_Driver/Src/stm32f4xx_hal_flash.c ****     pFlash.ErrorCode |= HAL_FLASH_ERROR_RD;
ARM GAS  /tmp/ccFutYhx.s 			page 16


 749:Drivers/STM32F4/Drivers/STM32F4xx_HAL_Driver/Src/stm32f4xx_hal_flash.c **** 
 750:Drivers/STM32F4/Drivers/STM32F4xx_HAL_Driver/Src/stm32f4xx_hal_flash.c ****     /* Clear FLASH Proprietary readout protection error pending bit */
 751:Drivers/STM32F4/Drivers/STM32F4xx_HAL_Driver/Src/stm32f4xx_hal_flash.c ****     __HAL_FLASH_CLEAR_FLAG(FLASH_FLAG_RDERR);
 752:Drivers/STM32F4/Drivers/STM32F4xx_HAL_Driver/Src/stm32f4xx_hal_flash.c ****   }
 753:Drivers/STM32F4/Drivers/STM32F4xx_HAL_Driver/Src/stm32f4xx_hal_flash.c **** #endif /* FLASH_SR_RDERR */
 754:Drivers/STM32F4/Drivers/STM32F4xx_HAL_Driver/Src/stm32f4xx_hal_flash.c ****   if (__HAL_FLASH_GET_FLAG(FLASH_FLAG_OPERR) != RESET)
 109              		.loc 1 754 3 view .LVU29
 110              		.loc 1 754 7 is_stmt 0 view .LVU30
 111 0068 064B     		ldr	r3, .L7
 112 006a DB68     		ldr	r3, [r3, #12]
 113              		.loc 1 754 6 view .LVU31
 114 006c 13F0020F 		tst	r3, #2
 115 0070 07D0     		beq	.L1
 755:Drivers/STM32F4/Drivers/STM32F4xx_HAL_Driver/Src/stm32f4xx_hal_flash.c ****   {
 756:Drivers/STM32F4/Drivers/STM32F4xx_HAL_Driver/Src/stm32f4xx_hal_flash.c ****     pFlash.ErrorCode |= HAL_FLASH_ERROR_OPERATION;
 116              		.loc 1 756 5 is_stmt 1 view .LVU32
 117              		.loc 1 756 11 is_stmt 0 view .LVU33
 118 0072 054A     		ldr	r2, .L7+4
 119 0074 D369     		ldr	r3, [r2, #28]
 120              		.loc 1 756 22 view .LVU34
 121 0076 43F02003 		orr	r3, r3, #32
 122 007a D361     		str	r3, [r2, #28]
 757:Drivers/STM32F4/Drivers/STM32F4xx_HAL_Driver/Src/stm32f4xx_hal_flash.c **** 
 758:Drivers/STM32F4/Drivers/STM32F4xx_HAL_Driver/Src/stm32f4xx_hal_flash.c ****     /* Clear FLASH Operation error pending bit */
 759:Drivers/STM32F4/Drivers/STM32F4xx_HAL_Driver/Src/stm32f4xx_hal_flash.c ****     __HAL_FLASH_CLEAR_FLAG(FLASH_FLAG_OPERR);
 123              		.loc 1 759 5 is_stmt 1 view .LVU35
 124 007c 014B     		ldr	r3, .L7
 125 007e 0222     		movs	r2, #2
 126 0080 DA60     		str	r2, [r3, #12]
 127              	.L1:
 760:Drivers/STM32F4/Drivers/STM32F4xx_HAL_Driver/Src/stm32f4xx_hal_flash.c ****   }
 761:Drivers/STM32F4/Drivers/STM32F4xx_HAL_Driver/Src/stm32f4xx_hal_flash.c **** }
 128              		.loc 1 761 1 is_stmt 0 view .LVU36
 129 0082 7047     		bx	lr
 130              	.L8:
 131              		.align	2
 132              	.L7:
 133 0084 003C0240 		.word	1073888256
 134 0088 00000000 		.word	pFlash
 135              		.cfi_endproc
 136              	.LFE150:
 138              		.section	.rodata.FLASH_Program_Byte.str1.4,"aMS",%progbits,1
 139              		.align	2
 140              	.LC0:
 141 0000 44726976 		.ascii	"Drivers/STM32F4/Drivers/STM32F4xx_HAL_Driver/Src/st"
 141      6572732F 
 141      53544D33 
 141      3246342F 
 141      44726976 
 142 0033 6D333266 		.ascii	"m32f4xx_hal_flash.c\000"
 142      3478785F 
 142      68616C5F 
 142      666C6173 
 142      682E6300 
 143              		.section	.text.FLASH_Program_Byte,"ax",%progbits
 144              		.align	1
 145              		.syntax unified
ARM GAS  /tmp/ccFutYhx.s 			page 17


 146              		.thumb
 147              		.thumb_func
 149              	FLASH_Program_Byte:
 150              	.LVL0:
 151              	.LFB149:
 696:Drivers/STM32F4/Drivers/STM32F4xx_HAL_Driver/Src/stm32f4xx_hal_flash.c ****   /* Check the parameters */
 152              		.loc 1 696 1 is_stmt 1 view -0
 153              		.cfi_startproc
 154              		@ args = 0, pretend = 0, frame = 0
 155              		@ frame_needed = 0, uses_anonymous_args = 0
 696:Drivers/STM32F4/Drivers/STM32F4xx_HAL_Driver/Src/stm32f4xx_hal_flash.c ****   /* Check the parameters */
 156              		.loc 1 696 1 is_stmt 0 view .LVU38
 157 0000 38B5     		push	{r3, r4, r5, lr}
 158              	.LCFI0:
 159              		.cfi_def_cfa_offset 16
 160              		.cfi_offset 3, -16
 161              		.cfi_offset 4, -12
 162              		.cfi_offset 5, -8
 163              		.cfi_offset 14, -4
 164 0002 0446     		mov	r4, r0
 165 0004 0D46     		mov	r5, r1
 698:Drivers/STM32F4/Drivers/STM32F4xx_HAL_Driver/Src/stm32f4xx_hal_flash.c **** 
 166              		.loc 1 698 3 is_stmt 1 view .LVU39
 167 0006 00F17843 		add	r3, r0, #-134217728
 168 000a B3F5801F 		cmp	r3, #1048576
 169 000e 06D3     		bcc	.L10
 698:Drivers/STM32F4/Drivers/STM32F4xx_HAL_Driver/Src/stm32f4xx_hal_flash.c **** 
 170              		.loc 1 698 3 is_stmt 0 discriminator 1 view .LVU40
 171 0010 00F16043 		add	r3, r0, #-536870912
 172 0014 03F50843 		add	r3, r3, #34816
 173 0018 B3F5047F 		cmp	r3, #528
 174 001c 0CD2     		bcs	.L12
 175              	.LVL1:
 176              	.L10:
 701:Drivers/STM32F4/Drivers/STM32F4xx_HAL_Driver/Src/stm32f4xx_hal_flash.c ****   FLASH->CR |= FLASH_PSIZE_BYTE;
 177              		.loc 1 701 3 is_stmt 1 view .LVU41
 178 001e 094B     		ldr	r3, .L13
 179 0020 1A69     		ldr	r2, [r3, #16]
 180 0022 22F44072 		bic	r2, r2, #768
 181 0026 1A61     		str	r2, [r3, #16]
 702:Drivers/STM32F4/Drivers/STM32F4xx_HAL_Driver/Src/stm32f4xx_hal_flash.c ****   FLASH->CR |= FLASH_CR_PG;
 182              		.loc 1 702 3 view .LVU42
 702:Drivers/STM32F4/Drivers/STM32F4xx_HAL_Driver/Src/stm32f4xx_hal_flash.c ****   FLASH->CR |= FLASH_CR_PG;
 183              		.loc 1 702 8 is_stmt 0 view .LVU43
 184 0028 1A69     		ldr	r2, [r3, #16]
 702:Drivers/STM32F4/Drivers/STM32F4xx_HAL_Driver/Src/stm32f4xx_hal_flash.c ****   FLASH->CR |= FLASH_CR_PG;
 185              		.loc 1 702 13 view .LVU44
 186 002a 1A61     		str	r2, [r3, #16]
 703:Drivers/STM32F4/Drivers/STM32F4xx_HAL_Driver/Src/stm32f4xx_hal_flash.c **** 
 187              		.loc 1 703 3 is_stmt 1 view .LVU45
 703:Drivers/STM32F4/Drivers/STM32F4xx_HAL_Driver/Src/stm32f4xx_hal_flash.c **** 
 188              		.loc 1 703 8 is_stmt 0 view .LVU46
 189 002c 1A69     		ldr	r2, [r3, #16]
 703:Drivers/STM32F4/Drivers/STM32F4xx_HAL_Driver/Src/stm32f4xx_hal_flash.c **** 
 190              		.loc 1 703 13 view .LVU47
 191 002e 42F00102 		orr	r2, r2, #1
 192 0032 1A61     		str	r2, [r3, #16]
ARM GAS  /tmp/ccFutYhx.s 			page 18


 705:Drivers/STM32F4/Drivers/STM32F4xx_HAL_Driver/Src/stm32f4xx_hal_flash.c **** }
 193              		.loc 1 705 3 is_stmt 1 view .LVU48
 705:Drivers/STM32F4/Drivers/STM32F4xx_HAL_Driver/Src/stm32f4xx_hal_flash.c **** }
 194              		.loc 1 705 28 is_stmt 0 view .LVU49
 195 0034 2570     		strb	r5, [r4]
 706:Drivers/STM32F4/Drivers/STM32F4xx_HAL_Driver/Src/stm32f4xx_hal_flash.c **** 
 196              		.loc 1 706 1 view .LVU50
 197 0036 38BD     		pop	{r3, r4, r5, pc}
 198              	.LVL2:
 199              	.L12:
 698:Drivers/STM32F4/Drivers/STM32F4xx_HAL_Driver/Src/stm32f4xx_hal_flash.c **** 
 200              		.loc 1 698 3 discriminator 2 view .LVU51
 201 0038 40F2BA21 		movw	r1, #698
 202              	.LVL3:
 698:Drivers/STM32F4/Drivers/STM32F4xx_HAL_Driver/Src/stm32f4xx_hal_flash.c **** 
 203              		.loc 1 698 3 discriminator 2 view .LVU52
 204 003c 0248     		ldr	r0, .L13+4
 205              	.LVL4:
 698:Drivers/STM32F4/Drivers/STM32F4xx_HAL_Driver/Src/stm32f4xx_hal_flash.c **** 
 206              		.loc 1 698 3 discriminator 2 view .LVU53
 207 003e FFF7FEFF 		bl	assert_failed
 208              	.LVL5:
 209 0042 ECE7     		b	.L10
 210              	.L14:
 211              		.align	2
 212              	.L13:
 213 0044 003C0240 		.word	1073888256
 214 0048 00000000 		.word	.LC0
 215              		.cfi_endproc
 216              	.LFE149:
 218              		.section	.text.FLASH_Program_HalfWord,"ax",%progbits
 219              		.align	1
 220              		.syntax unified
 221              		.thumb
 222              		.thumb_func
 224              	FLASH_Program_HalfWord:
 225              	.LVL6:
 226              	.LFB148:
 671:Drivers/STM32F4/Drivers/STM32F4xx_HAL_Driver/Src/stm32f4xx_hal_flash.c ****   /* Check the parameters */
 227              		.loc 1 671 1 is_stmt 1 view -0
 228              		.cfi_startproc
 229              		@ args = 0, pretend = 0, frame = 0
 230              		@ frame_needed = 0, uses_anonymous_args = 0
 671:Drivers/STM32F4/Drivers/STM32F4xx_HAL_Driver/Src/stm32f4xx_hal_flash.c ****   /* Check the parameters */
 231              		.loc 1 671 1 is_stmt 0 view .LVU55
 232 0000 38B5     		push	{r3, r4, r5, lr}
 233              	.LCFI1:
 234              		.cfi_def_cfa_offset 16
 235              		.cfi_offset 3, -16
 236              		.cfi_offset 4, -12
 237              		.cfi_offset 5, -8
 238              		.cfi_offset 14, -4
 239 0002 0446     		mov	r4, r0
 240 0004 0D46     		mov	r5, r1
 673:Drivers/STM32F4/Drivers/STM32F4xx_HAL_Driver/Src/stm32f4xx_hal_flash.c **** 
 241              		.loc 1 673 3 is_stmt 1 view .LVU56
 242 0006 00F17843 		add	r3, r0, #-134217728
ARM GAS  /tmp/ccFutYhx.s 			page 19


 243 000a B3F5801F 		cmp	r3, #1048576
 244 000e 06D3     		bcc	.L16
 673:Drivers/STM32F4/Drivers/STM32F4xx_HAL_Driver/Src/stm32f4xx_hal_flash.c **** 
 245              		.loc 1 673 3 is_stmt 0 discriminator 1 view .LVU57
 246 0010 00F16043 		add	r3, r0, #-536870912
 247 0014 03F50843 		add	r3, r3, #34816
 248 0018 B3F5047F 		cmp	r3, #528
 249 001c 0ED2     		bcs	.L18
 250              	.LVL7:
 251              	.L16:
 676:Drivers/STM32F4/Drivers/STM32F4xx_HAL_Driver/Src/stm32f4xx_hal_flash.c ****   FLASH->CR |= FLASH_PSIZE_HALF_WORD;
 252              		.loc 1 676 3 is_stmt 1 view .LVU58
 253 001e 0A4B     		ldr	r3, .L19
 254 0020 1A69     		ldr	r2, [r3, #16]
 255 0022 22F44072 		bic	r2, r2, #768
 256 0026 1A61     		str	r2, [r3, #16]
 677:Drivers/STM32F4/Drivers/STM32F4xx_HAL_Driver/Src/stm32f4xx_hal_flash.c ****   FLASH->CR |= FLASH_CR_PG;
 257              		.loc 1 677 3 view .LVU59
 677:Drivers/STM32F4/Drivers/STM32F4xx_HAL_Driver/Src/stm32f4xx_hal_flash.c ****   FLASH->CR |= FLASH_CR_PG;
 258              		.loc 1 677 8 is_stmt 0 view .LVU60
 259 0028 1A69     		ldr	r2, [r3, #16]
 677:Drivers/STM32F4/Drivers/STM32F4xx_HAL_Driver/Src/stm32f4xx_hal_flash.c ****   FLASH->CR |= FLASH_CR_PG;
 260              		.loc 1 677 13 view .LVU61
 261 002a 42F48072 		orr	r2, r2, #256
 262 002e 1A61     		str	r2, [r3, #16]
 678:Drivers/STM32F4/Drivers/STM32F4xx_HAL_Driver/Src/stm32f4xx_hal_flash.c **** 
 263              		.loc 1 678 3 is_stmt 1 view .LVU62
 678:Drivers/STM32F4/Drivers/STM32F4xx_HAL_Driver/Src/stm32f4xx_hal_flash.c **** 
 264              		.loc 1 678 8 is_stmt 0 view .LVU63
 265 0030 1A69     		ldr	r2, [r3, #16]
 678:Drivers/STM32F4/Drivers/STM32F4xx_HAL_Driver/Src/stm32f4xx_hal_flash.c **** 
 266              		.loc 1 678 13 view .LVU64
 267 0032 42F00102 		orr	r2, r2, #1
 268 0036 1A61     		str	r2, [r3, #16]
 680:Drivers/STM32F4/Drivers/STM32F4xx_HAL_Driver/Src/stm32f4xx_hal_flash.c **** }
 269              		.loc 1 680 3 is_stmt 1 view .LVU65
 680:Drivers/STM32F4/Drivers/STM32F4xx_HAL_Driver/Src/stm32f4xx_hal_flash.c **** }
 270              		.loc 1 680 29 is_stmt 0 view .LVU66
 271 0038 2580     		strh	r5, [r4]	@ movhi
 681:Drivers/STM32F4/Drivers/STM32F4xx_HAL_Driver/Src/stm32f4xx_hal_flash.c **** 
 272              		.loc 1 681 1 view .LVU67
 273 003a 38BD     		pop	{r3, r4, r5, pc}
 274              	.LVL8:
 275              	.L18:
 673:Drivers/STM32F4/Drivers/STM32F4xx_HAL_Driver/Src/stm32f4xx_hal_flash.c **** 
 276              		.loc 1 673 3 discriminator 2 view .LVU68
 277 003c 40F2A121 		movw	r1, #673
 278              	.LVL9:
 673:Drivers/STM32F4/Drivers/STM32F4xx_HAL_Driver/Src/stm32f4xx_hal_flash.c **** 
 279              		.loc 1 673 3 discriminator 2 view .LVU69
 280 0040 0248     		ldr	r0, .L19+4
 281              	.LVL10:
 673:Drivers/STM32F4/Drivers/STM32F4xx_HAL_Driver/Src/stm32f4xx_hal_flash.c **** 
 282              		.loc 1 673 3 discriminator 2 view .LVU70
 283 0042 FFF7FEFF 		bl	assert_failed
 284              	.LVL11:
 285 0046 EAE7     		b	.L16
ARM GAS  /tmp/ccFutYhx.s 			page 20


 286              	.L20:
 287              		.align	2
 288              	.L19:
 289 0048 003C0240 		.word	1073888256
 290 004c 00000000 		.word	.LC0
 291              		.cfi_endproc
 292              	.LFE148:
 294              		.section	.text.FLASH_Program_Word,"ax",%progbits
 295              		.align	1
 296              		.syntax unified
 297              		.thumb
 298              		.thumb_func
 300              	FLASH_Program_Word:
 301              	.LVL12:
 302              	.LFB147:
 646:Drivers/STM32F4/Drivers/STM32F4xx_HAL_Driver/Src/stm32f4xx_hal_flash.c ****   /* Check the parameters */
 303              		.loc 1 646 1 is_stmt 1 view -0
 304              		.cfi_startproc
 305              		@ args = 0, pretend = 0, frame = 0
 306              		@ frame_needed = 0, uses_anonymous_args = 0
 646:Drivers/STM32F4/Drivers/STM32F4xx_HAL_Driver/Src/stm32f4xx_hal_flash.c ****   /* Check the parameters */
 307              		.loc 1 646 1 is_stmt 0 view .LVU72
 308 0000 38B5     		push	{r3, r4, r5, lr}
 309              	.LCFI2:
 310              		.cfi_def_cfa_offset 16
 311              		.cfi_offset 3, -16
 312              		.cfi_offset 4, -12
 313              		.cfi_offset 5, -8
 314              		.cfi_offset 14, -4
 315 0002 0446     		mov	r4, r0
 316 0004 0D46     		mov	r5, r1
 648:Drivers/STM32F4/Drivers/STM32F4xx_HAL_Driver/Src/stm32f4xx_hal_flash.c **** 
 317              		.loc 1 648 3 is_stmt 1 view .LVU73
 318 0006 00F17843 		add	r3, r0, #-134217728
 319 000a B3F5801F 		cmp	r3, #1048576
 320 000e 06D3     		bcc	.L22
 648:Drivers/STM32F4/Drivers/STM32F4xx_HAL_Driver/Src/stm32f4xx_hal_flash.c **** 
 321              		.loc 1 648 3 is_stmt 0 discriminator 1 view .LVU74
 322 0010 00F16043 		add	r3, r0, #-536870912
 323 0014 03F50843 		add	r3, r3, #34816
 324 0018 B3F5047F 		cmp	r3, #528
 325 001c 0ED2     		bcs	.L24
 326              	.LVL13:
 327              	.L22:
 651:Drivers/STM32F4/Drivers/STM32F4xx_HAL_Driver/Src/stm32f4xx_hal_flash.c ****   FLASH->CR |= FLASH_PSIZE_WORD;
 328              		.loc 1 651 3 is_stmt 1 view .LVU75
 329 001e 0A4B     		ldr	r3, .L25
 330 0020 1A69     		ldr	r2, [r3, #16]
 331 0022 22F44072 		bic	r2, r2, #768
 332 0026 1A61     		str	r2, [r3, #16]
 652:Drivers/STM32F4/Drivers/STM32F4xx_HAL_Driver/Src/stm32f4xx_hal_flash.c ****   FLASH->CR |= FLASH_CR_PG;
 333              		.loc 1 652 3 view .LVU76
 652:Drivers/STM32F4/Drivers/STM32F4xx_HAL_Driver/Src/stm32f4xx_hal_flash.c ****   FLASH->CR |= FLASH_CR_PG;
 334              		.loc 1 652 8 is_stmt 0 view .LVU77
 335 0028 1A69     		ldr	r2, [r3, #16]
 652:Drivers/STM32F4/Drivers/STM32F4xx_HAL_Driver/Src/stm32f4xx_hal_flash.c ****   FLASH->CR |= FLASH_CR_PG;
 336              		.loc 1 652 13 view .LVU78
ARM GAS  /tmp/ccFutYhx.s 			page 21


 337 002a 42F40072 		orr	r2, r2, #512
 338 002e 1A61     		str	r2, [r3, #16]
 653:Drivers/STM32F4/Drivers/STM32F4xx_HAL_Driver/Src/stm32f4xx_hal_flash.c **** 
 339              		.loc 1 653 3 is_stmt 1 view .LVU79
 653:Drivers/STM32F4/Drivers/STM32F4xx_HAL_Driver/Src/stm32f4xx_hal_flash.c **** 
 340              		.loc 1 653 8 is_stmt 0 view .LVU80
 341 0030 1A69     		ldr	r2, [r3, #16]
 653:Drivers/STM32F4/Drivers/STM32F4xx_HAL_Driver/Src/stm32f4xx_hal_flash.c **** 
 342              		.loc 1 653 13 view .LVU81
 343 0032 42F00102 		orr	r2, r2, #1
 344 0036 1A61     		str	r2, [r3, #16]
 655:Drivers/STM32F4/Drivers/STM32F4xx_HAL_Driver/Src/stm32f4xx_hal_flash.c **** }
 345              		.loc 1 655 3 is_stmt 1 view .LVU82
 655:Drivers/STM32F4/Drivers/STM32F4xx_HAL_Driver/Src/stm32f4xx_hal_flash.c **** }
 346              		.loc 1 655 29 is_stmt 0 view .LVU83
 347 0038 2560     		str	r5, [r4]
 656:Drivers/STM32F4/Drivers/STM32F4xx_HAL_Driver/Src/stm32f4xx_hal_flash.c **** 
 348              		.loc 1 656 1 view .LVU84
 349 003a 38BD     		pop	{r3, r4, r5, pc}
 350              	.LVL14:
 351              	.L24:
 648:Drivers/STM32F4/Drivers/STM32F4xx_HAL_Driver/Src/stm32f4xx_hal_flash.c **** 
 352              		.loc 1 648 3 discriminator 2 view .LVU85
 353 003c 4FF42271 		mov	r1, #648
 354              	.LVL15:
 648:Drivers/STM32F4/Drivers/STM32F4xx_HAL_Driver/Src/stm32f4xx_hal_flash.c **** 
 355              		.loc 1 648 3 discriminator 2 view .LVU86
 356 0040 0248     		ldr	r0, .L25+4
 357              	.LVL16:
 648:Drivers/STM32F4/Drivers/STM32F4xx_HAL_Driver/Src/stm32f4xx_hal_flash.c **** 
 358              		.loc 1 648 3 discriminator 2 view .LVU87
 359 0042 FFF7FEFF 		bl	assert_failed
 360              	.LVL17:
 361 0046 EAE7     		b	.L22
 362              	.L26:
 363              		.align	2
 364              	.L25:
 365 0048 003C0240 		.word	1073888256
 366 004c 00000000 		.word	.LC0
 367              		.cfi_endproc
 368              	.LFE147:
 370              		.section	.text.FLASH_Program_DoubleWord,"ax",%progbits
 371              		.align	1
 372              		.syntax unified
 373              		.thumb
 374              		.thumb_func
 376              	FLASH_Program_DoubleWord:
 377              	.LVL18:
 378              	.LFB146:
 612:Drivers/STM32F4/Drivers/STM32F4xx_HAL_Driver/Src/stm32f4xx_hal_flash.c ****   /* Check the parameters */
 379              		.loc 1 612 1 is_stmt 1 view -0
 380              		.cfi_startproc
 381              		@ args = 0, pretend = 0, frame = 0
 382              		@ frame_needed = 0, uses_anonymous_args = 0
 612:Drivers/STM32F4/Drivers/STM32F4xx_HAL_Driver/Src/stm32f4xx_hal_flash.c ****   /* Check the parameters */
 383              		.loc 1 612 1 is_stmt 0 view .LVU89
 384 0000 70B5     		push	{r4, r5, r6, lr}
ARM GAS  /tmp/ccFutYhx.s 			page 22


 385              	.LCFI3:
 386              		.cfi_def_cfa_offset 16
 387              		.cfi_offset 4, -16
 388              		.cfi_offset 5, -12
 389              		.cfi_offset 6, -8
 390              		.cfi_offset 14, -4
 391 0002 0446     		mov	r4, r0
 392 0004 1646     		mov	r6, r2
 393 0006 1D46     		mov	r5, r3
 614:Drivers/STM32F4/Drivers/STM32F4xx_HAL_Driver/Src/stm32f4xx_hal_flash.c **** 
 394              		.loc 1 614 3 is_stmt 1 view .LVU90
 395 0008 00F17843 		add	r3, r0, #-134217728
 396 000c B3F5801F 		cmp	r3, #1048576
 397 0010 06D3     		bcc	.L28
 614:Drivers/STM32F4/Drivers/STM32F4xx_HAL_Driver/Src/stm32f4xx_hal_flash.c **** 
 398              		.loc 1 614 3 is_stmt 0 discriminator 1 view .LVU91
 399 0012 00F16043 		add	r3, r0, #-536870912
 400 0016 03F50843 		add	r3, r3, #34816
 401 001a B3F5047F 		cmp	r3, #528
 402 001e 11D2     		bcs	.L30
 403              	.LVL19:
 404              	.L28:
 617:Drivers/STM32F4/Drivers/STM32F4xx_HAL_Driver/Src/stm32f4xx_hal_flash.c ****   FLASH->CR |= FLASH_PSIZE_DOUBLE_WORD;
 405              		.loc 1 617 3 is_stmt 1 view .LVU92
 406 0020 0B49     		ldr	r1, .L31
 407 0022 0B69     		ldr	r3, [r1, #16]
 408 0024 23F44073 		bic	r3, r3, #768
 409 0028 0B61     		str	r3, [r1, #16]
 618:Drivers/STM32F4/Drivers/STM32F4xx_HAL_Driver/Src/stm32f4xx_hal_flash.c ****   FLASH->CR |= FLASH_CR_PG;
 410              		.loc 1 618 3 view .LVU93
 618:Drivers/STM32F4/Drivers/STM32F4xx_HAL_Driver/Src/stm32f4xx_hal_flash.c ****   FLASH->CR |= FLASH_CR_PG;
 411              		.loc 1 618 8 is_stmt 0 view .LVU94
 412 002a 0B69     		ldr	r3, [r1, #16]
 618:Drivers/STM32F4/Drivers/STM32F4xx_HAL_Driver/Src/stm32f4xx_hal_flash.c ****   FLASH->CR |= FLASH_CR_PG;
 413              		.loc 1 618 13 view .LVU95
 414 002c 43F44073 		orr	r3, r3, #768
 415 0030 0B61     		str	r3, [r1, #16]
 619:Drivers/STM32F4/Drivers/STM32F4xx_HAL_Driver/Src/stm32f4xx_hal_flash.c **** 
 416              		.loc 1 619 3 is_stmt 1 view .LVU96
 619:Drivers/STM32F4/Drivers/STM32F4xx_HAL_Driver/Src/stm32f4xx_hal_flash.c **** 
 417              		.loc 1 619 8 is_stmt 0 view .LVU97
 418 0032 0B69     		ldr	r3, [r1, #16]
 619:Drivers/STM32F4/Drivers/STM32F4xx_HAL_Driver/Src/stm32f4xx_hal_flash.c **** 
 419              		.loc 1 619 13 view .LVU98
 420 0034 43F00103 		orr	r3, r3, #1
 421 0038 0B61     		str	r3, [r1, #16]
 622:Drivers/STM32F4/Drivers/STM32F4xx_HAL_Driver/Src/stm32f4xx_hal_flash.c **** 
 422              		.loc 1 622 3 is_stmt 1 view .LVU99
 622:Drivers/STM32F4/Drivers/STM32F4xx_HAL_Driver/Src/stm32f4xx_hal_flash.c **** 
 423              		.loc 1 622 29 is_stmt 0 view .LVU100
 424 003a 2660     		str	r6, [r4]
 626:Drivers/STM32F4/Drivers/STM32F4xx_HAL_Driver/Src/stm32f4xx_hal_flash.c **** 
 425              		.loc 1 626 3 is_stmt 1 view .LVU101
 426              	.LBB4:
 427              	.LBI4:
 428              		.file 2 "Drivers/STM32F4/Drivers/CMSIS/Include/cmsis_gcc.h"
   1:Drivers/STM32F4/Drivers/CMSIS/Include/cmsis_gcc.h **** /**************************************************************************//**
ARM GAS  /tmp/ccFutYhx.s 			page 23


   2:Drivers/STM32F4/Drivers/CMSIS/Include/cmsis_gcc.h ****  * @file     cmsis_gcc.h
   3:Drivers/STM32F4/Drivers/CMSIS/Include/cmsis_gcc.h ****  * @brief    CMSIS compiler GCC header file
   4:Drivers/STM32F4/Drivers/CMSIS/Include/cmsis_gcc.h ****  * @version  V5.4.1
   5:Drivers/STM32F4/Drivers/CMSIS/Include/cmsis_gcc.h ****  * @date     27. May 2021
   6:Drivers/STM32F4/Drivers/CMSIS/Include/cmsis_gcc.h ****  ******************************************************************************/
   7:Drivers/STM32F4/Drivers/CMSIS/Include/cmsis_gcc.h **** /*
   8:Drivers/STM32F4/Drivers/CMSIS/Include/cmsis_gcc.h ****  * Copyright (c) 2009-2021 Arm Limited. All rights reserved.
   9:Drivers/STM32F4/Drivers/CMSIS/Include/cmsis_gcc.h ****  *
  10:Drivers/STM32F4/Drivers/CMSIS/Include/cmsis_gcc.h ****  * SPDX-License-Identifier: Apache-2.0
  11:Drivers/STM32F4/Drivers/CMSIS/Include/cmsis_gcc.h ****  *
  12:Drivers/STM32F4/Drivers/CMSIS/Include/cmsis_gcc.h ****  * Licensed under the Apache License, Version 2.0 (the License); you may
  13:Drivers/STM32F4/Drivers/CMSIS/Include/cmsis_gcc.h ****  * not use this file except in compliance with the License.
  14:Drivers/STM32F4/Drivers/CMSIS/Include/cmsis_gcc.h ****  * You may obtain a copy of the License at
  15:Drivers/STM32F4/Drivers/CMSIS/Include/cmsis_gcc.h ****  *
  16:Drivers/STM32F4/Drivers/CMSIS/Include/cmsis_gcc.h ****  * www.apache.org/licenses/LICENSE-2.0
  17:Drivers/STM32F4/Drivers/CMSIS/Include/cmsis_gcc.h ****  *
  18:Drivers/STM32F4/Drivers/CMSIS/Include/cmsis_gcc.h ****  * Unless required by applicable law or agreed to in writing, software
  19:Drivers/STM32F4/Drivers/CMSIS/Include/cmsis_gcc.h ****  * distributed under the License is distributed on an AS IS BASIS, WITHOUT
  20:Drivers/STM32F4/Drivers/CMSIS/Include/cmsis_gcc.h ****  * WARRANTIES OR CONDITIONS OF ANY KIND, either express or implied.
  21:Drivers/STM32F4/Drivers/CMSIS/Include/cmsis_gcc.h ****  * See the License for the specific language governing permissions and
  22:Drivers/STM32F4/Drivers/CMSIS/Include/cmsis_gcc.h ****  * limitations under the License.
  23:Drivers/STM32F4/Drivers/CMSIS/Include/cmsis_gcc.h ****  */
  24:Drivers/STM32F4/Drivers/CMSIS/Include/cmsis_gcc.h **** 
  25:Drivers/STM32F4/Drivers/CMSIS/Include/cmsis_gcc.h **** #ifndef __CMSIS_GCC_H
  26:Drivers/STM32F4/Drivers/CMSIS/Include/cmsis_gcc.h **** #define __CMSIS_GCC_H
  27:Drivers/STM32F4/Drivers/CMSIS/Include/cmsis_gcc.h **** 
  28:Drivers/STM32F4/Drivers/CMSIS/Include/cmsis_gcc.h **** /* ignore some GCC warnings */
  29:Drivers/STM32F4/Drivers/CMSIS/Include/cmsis_gcc.h **** #pragma GCC diagnostic push
  30:Drivers/STM32F4/Drivers/CMSIS/Include/cmsis_gcc.h **** #pragma GCC diagnostic ignored "-Wsign-conversion"
  31:Drivers/STM32F4/Drivers/CMSIS/Include/cmsis_gcc.h **** #pragma GCC diagnostic ignored "-Wconversion"
  32:Drivers/STM32F4/Drivers/CMSIS/Include/cmsis_gcc.h **** #pragma GCC diagnostic ignored "-Wunused-parameter"
  33:Drivers/STM32F4/Drivers/CMSIS/Include/cmsis_gcc.h **** 
  34:Drivers/STM32F4/Drivers/CMSIS/Include/cmsis_gcc.h **** /* Fallback for __has_builtin */
  35:Drivers/STM32F4/Drivers/CMSIS/Include/cmsis_gcc.h **** #ifndef __has_builtin
  36:Drivers/STM32F4/Drivers/CMSIS/Include/cmsis_gcc.h ****   #define __has_builtin(x) (0)
  37:Drivers/STM32F4/Drivers/CMSIS/Include/cmsis_gcc.h **** #endif
  38:Drivers/STM32F4/Drivers/CMSIS/Include/cmsis_gcc.h **** 
  39:Drivers/STM32F4/Drivers/CMSIS/Include/cmsis_gcc.h **** /* CMSIS compiler specific defines */
  40:Drivers/STM32F4/Drivers/CMSIS/Include/cmsis_gcc.h **** #ifndef   __ASM
  41:Drivers/STM32F4/Drivers/CMSIS/Include/cmsis_gcc.h ****   #define __ASM                                  __asm
  42:Drivers/STM32F4/Drivers/CMSIS/Include/cmsis_gcc.h **** #endif
  43:Drivers/STM32F4/Drivers/CMSIS/Include/cmsis_gcc.h **** #ifndef   __INLINE
  44:Drivers/STM32F4/Drivers/CMSIS/Include/cmsis_gcc.h ****   #define __INLINE                               inline
  45:Drivers/STM32F4/Drivers/CMSIS/Include/cmsis_gcc.h **** #endif
  46:Drivers/STM32F4/Drivers/CMSIS/Include/cmsis_gcc.h **** #ifndef   __STATIC_INLINE
  47:Drivers/STM32F4/Drivers/CMSIS/Include/cmsis_gcc.h ****   #define __STATIC_INLINE                        static inline
  48:Drivers/STM32F4/Drivers/CMSIS/Include/cmsis_gcc.h **** #endif
  49:Drivers/STM32F4/Drivers/CMSIS/Include/cmsis_gcc.h **** #ifndef   __STATIC_FORCEINLINE
  50:Drivers/STM32F4/Drivers/CMSIS/Include/cmsis_gcc.h ****   #define __STATIC_FORCEINLINE                   __attribute__((always_inline)) static inline
  51:Drivers/STM32F4/Drivers/CMSIS/Include/cmsis_gcc.h **** #endif
  52:Drivers/STM32F4/Drivers/CMSIS/Include/cmsis_gcc.h **** #ifndef   __NO_RETURN
  53:Drivers/STM32F4/Drivers/CMSIS/Include/cmsis_gcc.h ****   #define __NO_RETURN                            __attribute__((__noreturn__))
  54:Drivers/STM32F4/Drivers/CMSIS/Include/cmsis_gcc.h **** #endif
  55:Drivers/STM32F4/Drivers/CMSIS/Include/cmsis_gcc.h **** #ifndef   __USED
  56:Drivers/STM32F4/Drivers/CMSIS/Include/cmsis_gcc.h ****   #define __USED                                 __attribute__((used))
  57:Drivers/STM32F4/Drivers/CMSIS/Include/cmsis_gcc.h **** #endif
  58:Drivers/STM32F4/Drivers/CMSIS/Include/cmsis_gcc.h **** #ifndef   __WEAK
ARM GAS  /tmp/ccFutYhx.s 			page 24


  59:Drivers/STM32F4/Drivers/CMSIS/Include/cmsis_gcc.h ****   #define __WEAK                                 __attribute__((weak))
  60:Drivers/STM32F4/Drivers/CMSIS/Include/cmsis_gcc.h **** #endif
  61:Drivers/STM32F4/Drivers/CMSIS/Include/cmsis_gcc.h **** #ifndef   __PACKED
  62:Drivers/STM32F4/Drivers/CMSIS/Include/cmsis_gcc.h ****   #define __PACKED                               __attribute__((packed, aligned(1)))
  63:Drivers/STM32F4/Drivers/CMSIS/Include/cmsis_gcc.h **** #endif
  64:Drivers/STM32F4/Drivers/CMSIS/Include/cmsis_gcc.h **** #ifndef   __PACKED_STRUCT
  65:Drivers/STM32F4/Drivers/CMSIS/Include/cmsis_gcc.h ****   #define __PACKED_STRUCT                        struct __attribute__((packed, aligned(1)))
  66:Drivers/STM32F4/Drivers/CMSIS/Include/cmsis_gcc.h **** #endif
  67:Drivers/STM32F4/Drivers/CMSIS/Include/cmsis_gcc.h **** #ifndef   __PACKED_UNION
  68:Drivers/STM32F4/Drivers/CMSIS/Include/cmsis_gcc.h ****   #define __PACKED_UNION                         union __attribute__((packed, aligned(1)))
  69:Drivers/STM32F4/Drivers/CMSIS/Include/cmsis_gcc.h **** #endif
  70:Drivers/STM32F4/Drivers/CMSIS/Include/cmsis_gcc.h **** #ifndef   __UNALIGNED_UINT32        /* deprecated */
  71:Drivers/STM32F4/Drivers/CMSIS/Include/cmsis_gcc.h ****   #pragma GCC diagnostic push
  72:Drivers/STM32F4/Drivers/CMSIS/Include/cmsis_gcc.h ****   #pragma GCC diagnostic ignored "-Wpacked"
  73:Drivers/STM32F4/Drivers/CMSIS/Include/cmsis_gcc.h ****   #pragma GCC diagnostic ignored "-Wattributes"
  74:Drivers/STM32F4/Drivers/CMSIS/Include/cmsis_gcc.h ****   struct __attribute__((packed)) T_UINT32 { uint32_t v; };
  75:Drivers/STM32F4/Drivers/CMSIS/Include/cmsis_gcc.h ****   #pragma GCC diagnostic pop
  76:Drivers/STM32F4/Drivers/CMSIS/Include/cmsis_gcc.h ****   #define __UNALIGNED_UINT32(x)                  (((struct T_UINT32 *)(x))->v)
  77:Drivers/STM32F4/Drivers/CMSIS/Include/cmsis_gcc.h **** #endif
  78:Drivers/STM32F4/Drivers/CMSIS/Include/cmsis_gcc.h **** #ifndef   __UNALIGNED_UINT16_WRITE
  79:Drivers/STM32F4/Drivers/CMSIS/Include/cmsis_gcc.h ****   #pragma GCC diagnostic push
  80:Drivers/STM32F4/Drivers/CMSIS/Include/cmsis_gcc.h ****   #pragma GCC diagnostic ignored "-Wpacked"
  81:Drivers/STM32F4/Drivers/CMSIS/Include/cmsis_gcc.h ****   #pragma GCC diagnostic ignored "-Wattributes"
  82:Drivers/STM32F4/Drivers/CMSIS/Include/cmsis_gcc.h ****   __PACKED_STRUCT T_UINT16_WRITE { uint16_t v; };
  83:Drivers/STM32F4/Drivers/CMSIS/Include/cmsis_gcc.h ****   #pragma GCC diagnostic pop
  84:Drivers/STM32F4/Drivers/CMSIS/Include/cmsis_gcc.h ****   #define __UNALIGNED_UINT16_WRITE(addr, val)    (void)((((struct T_UINT16_WRITE *)(void *)(addr))-
  85:Drivers/STM32F4/Drivers/CMSIS/Include/cmsis_gcc.h **** #endif
  86:Drivers/STM32F4/Drivers/CMSIS/Include/cmsis_gcc.h **** #ifndef   __UNALIGNED_UINT16_READ
  87:Drivers/STM32F4/Drivers/CMSIS/Include/cmsis_gcc.h ****   #pragma GCC diagnostic push
  88:Drivers/STM32F4/Drivers/CMSIS/Include/cmsis_gcc.h ****   #pragma GCC diagnostic ignored "-Wpacked"
  89:Drivers/STM32F4/Drivers/CMSIS/Include/cmsis_gcc.h ****   #pragma GCC diagnostic ignored "-Wattributes"
  90:Drivers/STM32F4/Drivers/CMSIS/Include/cmsis_gcc.h ****   __PACKED_STRUCT T_UINT16_READ { uint16_t v; };
  91:Drivers/STM32F4/Drivers/CMSIS/Include/cmsis_gcc.h ****   #pragma GCC diagnostic pop
  92:Drivers/STM32F4/Drivers/CMSIS/Include/cmsis_gcc.h ****   #define __UNALIGNED_UINT16_READ(addr)          (((const struct T_UINT16_READ *)(const void *)(add
  93:Drivers/STM32F4/Drivers/CMSIS/Include/cmsis_gcc.h **** #endif
  94:Drivers/STM32F4/Drivers/CMSIS/Include/cmsis_gcc.h **** #ifndef   __UNALIGNED_UINT32_WRITE
  95:Drivers/STM32F4/Drivers/CMSIS/Include/cmsis_gcc.h ****   #pragma GCC diagnostic push
  96:Drivers/STM32F4/Drivers/CMSIS/Include/cmsis_gcc.h ****   #pragma GCC diagnostic ignored "-Wpacked"
  97:Drivers/STM32F4/Drivers/CMSIS/Include/cmsis_gcc.h ****   #pragma GCC diagnostic ignored "-Wattributes"
  98:Drivers/STM32F4/Drivers/CMSIS/Include/cmsis_gcc.h ****   __PACKED_STRUCT T_UINT32_WRITE { uint32_t v; };
  99:Drivers/STM32F4/Drivers/CMSIS/Include/cmsis_gcc.h ****   #pragma GCC diagnostic pop
 100:Drivers/STM32F4/Drivers/CMSIS/Include/cmsis_gcc.h ****   #define __UNALIGNED_UINT32_WRITE(addr, val)    (void)((((struct T_UINT32_WRITE *)(void *)(addr))-
 101:Drivers/STM32F4/Drivers/CMSIS/Include/cmsis_gcc.h **** #endif
 102:Drivers/STM32F4/Drivers/CMSIS/Include/cmsis_gcc.h **** #ifndef   __UNALIGNED_UINT32_READ
 103:Drivers/STM32F4/Drivers/CMSIS/Include/cmsis_gcc.h ****   #pragma GCC diagnostic push
 104:Drivers/STM32F4/Drivers/CMSIS/Include/cmsis_gcc.h ****   #pragma GCC diagnostic ignored "-Wpacked"
 105:Drivers/STM32F4/Drivers/CMSIS/Include/cmsis_gcc.h ****   #pragma GCC diagnostic ignored "-Wattributes"
 106:Drivers/STM32F4/Drivers/CMSIS/Include/cmsis_gcc.h ****   __PACKED_STRUCT T_UINT32_READ { uint32_t v; };
 107:Drivers/STM32F4/Drivers/CMSIS/Include/cmsis_gcc.h ****   #pragma GCC diagnostic pop
 108:Drivers/STM32F4/Drivers/CMSIS/Include/cmsis_gcc.h ****   #define __UNALIGNED_UINT32_READ(addr)          (((const struct T_UINT32_READ *)(const void *)(add
 109:Drivers/STM32F4/Drivers/CMSIS/Include/cmsis_gcc.h **** #endif
 110:Drivers/STM32F4/Drivers/CMSIS/Include/cmsis_gcc.h **** #ifndef   __ALIGNED
 111:Drivers/STM32F4/Drivers/CMSIS/Include/cmsis_gcc.h ****   #define __ALIGNED(x)                           __attribute__((aligned(x)))
 112:Drivers/STM32F4/Drivers/CMSIS/Include/cmsis_gcc.h **** #endif
 113:Drivers/STM32F4/Drivers/CMSIS/Include/cmsis_gcc.h **** #ifndef   __RESTRICT
 114:Drivers/STM32F4/Drivers/CMSIS/Include/cmsis_gcc.h ****   #define __RESTRICT                             __restrict
 115:Drivers/STM32F4/Drivers/CMSIS/Include/cmsis_gcc.h **** #endif
ARM GAS  /tmp/ccFutYhx.s 			page 25


 116:Drivers/STM32F4/Drivers/CMSIS/Include/cmsis_gcc.h **** #ifndef   __COMPILER_BARRIER
 117:Drivers/STM32F4/Drivers/CMSIS/Include/cmsis_gcc.h ****   #define __COMPILER_BARRIER()                   __ASM volatile("":::"memory")
 118:Drivers/STM32F4/Drivers/CMSIS/Include/cmsis_gcc.h **** #endif
 119:Drivers/STM32F4/Drivers/CMSIS/Include/cmsis_gcc.h **** 
 120:Drivers/STM32F4/Drivers/CMSIS/Include/cmsis_gcc.h **** /* #########################  Startup and Lowlevel Init  ######################## */
 121:Drivers/STM32F4/Drivers/CMSIS/Include/cmsis_gcc.h **** 
 122:Drivers/STM32F4/Drivers/CMSIS/Include/cmsis_gcc.h **** #ifndef __PROGRAM_START
 123:Drivers/STM32F4/Drivers/CMSIS/Include/cmsis_gcc.h **** 
 124:Drivers/STM32F4/Drivers/CMSIS/Include/cmsis_gcc.h **** /**
 125:Drivers/STM32F4/Drivers/CMSIS/Include/cmsis_gcc.h ****   \brief   Initializes data and bss sections
 126:Drivers/STM32F4/Drivers/CMSIS/Include/cmsis_gcc.h ****   \details This default implementations initialized all data and additional bss
 127:Drivers/STM32F4/Drivers/CMSIS/Include/cmsis_gcc.h ****            sections relying on .copy.table and .zero.table specified properly
 128:Drivers/STM32F4/Drivers/CMSIS/Include/cmsis_gcc.h ****            in the used linker script.
 129:Drivers/STM32F4/Drivers/CMSIS/Include/cmsis_gcc.h **** 
 130:Drivers/STM32F4/Drivers/CMSIS/Include/cmsis_gcc.h ****  */
 131:Drivers/STM32F4/Drivers/CMSIS/Include/cmsis_gcc.h **** __STATIC_FORCEINLINE __NO_RETURN void __cmsis_start(void)
 132:Drivers/STM32F4/Drivers/CMSIS/Include/cmsis_gcc.h **** {
 133:Drivers/STM32F4/Drivers/CMSIS/Include/cmsis_gcc.h ****   extern void _start(void) __NO_RETURN;
 134:Drivers/STM32F4/Drivers/CMSIS/Include/cmsis_gcc.h **** 
 135:Drivers/STM32F4/Drivers/CMSIS/Include/cmsis_gcc.h ****   typedef struct {
 136:Drivers/STM32F4/Drivers/CMSIS/Include/cmsis_gcc.h ****     uint32_t const* src;
 137:Drivers/STM32F4/Drivers/CMSIS/Include/cmsis_gcc.h ****     uint32_t* dest;
 138:Drivers/STM32F4/Drivers/CMSIS/Include/cmsis_gcc.h ****     uint32_t  wlen;
 139:Drivers/STM32F4/Drivers/CMSIS/Include/cmsis_gcc.h ****   } __copy_table_t;
 140:Drivers/STM32F4/Drivers/CMSIS/Include/cmsis_gcc.h **** 
 141:Drivers/STM32F4/Drivers/CMSIS/Include/cmsis_gcc.h ****   typedef struct {
 142:Drivers/STM32F4/Drivers/CMSIS/Include/cmsis_gcc.h ****     uint32_t* dest;
 143:Drivers/STM32F4/Drivers/CMSIS/Include/cmsis_gcc.h ****     uint32_t  wlen;
 144:Drivers/STM32F4/Drivers/CMSIS/Include/cmsis_gcc.h ****   } __zero_table_t;
 145:Drivers/STM32F4/Drivers/CMSIS/Include/cmsis_gcc.h **** 
 146:Drivers/STM32F4/Drivers/CMSIS/Include/cmsis_gcc.h ****   extern const __copy_table_t __copy_table_start__;
 147:Drivers/STM32F4/Drivers/CMSIS/Include/cmsis_gcc.h ****   extern const __copy_table_t __copy_table_end__;
 148:Drivers/STM32F4/Drivers/CMSIS/Include/cmsis_gcc.h ****   extern const __zero_table_t __zero_table_start__;
 149:Drivers/STM32F4/Drivers/CMSIS/Include/cmsis_gcc.h ****   extern const __zero_table_t __zero_table_end__;
 150:Drivers/STM32F4/Drivers/CMSIS/Include/cmsis_gcc.h **** 
 151:Drivers/STM32F4/Drivers/CMSIS/Include/cmsis_gcc.h ****   for (__copy_table_t const* pTable = &__copy_table_start__; pTable < &__copy_table_end__; ++pTable
 152:Drivers/STM32F4/Drivers/CMSIS/Include/cmsis_gcc.h ****     for(uint32_t i=0u; i<pTable->wlen; ++i) {
 153:Drivers/STM32F4/Drivers/CMSIS/Include/cmsis_gcc.h ****       pTable->dest[i] = pTable->src[i];
 154:Drivers/STM32F4/Drivers/CMSIS/Include/cmsis_gcc.h ****     }
 155:Drivers/STM32F4/Drivers/CMSIS/Include/cmsis_gcc.h ****   }
 156:Drivers/STM32F4/Drivers/CMSIS/Include/cmsis_gcc.h **** 
 157:Drivers/STM32F4/Drivers/CMSIS/Include/cmsis_gcc.h ****   for (__zero_table_t const* pTable = &__zero_table_start__; pTable < &__zero_table_end__; ++pTable
 158:Drivers/STM32F4/Drivers/CMSIS/Include/cmsis_gcc.h ****     for(uint32_t i=0u; i<pTable->wlen; ++i) {
 159:Drivers/STM32F4/Drivers/CMSIS/Include/cmsis_gcc.h ****       pTable->dest[i] = 0u;
 160:Drivers/STM32F4/Drivers/CMSIS/Include/cmsis_gcc.h ****     }
 161:Drivers/STM32F4/Drivers/CMSIS/Include/cmsis_gcc.h ****   }
 162:Drivers/STM32F4/Drivers/CMSIS/Include/cmsis_gcc.h **** 
 163:Drivers/STM32F4/Drivers/CMSIS/Include/cmsis_gcc.h ****   _start();
 164:Drivers/STM32F4/Drivers/CMSIS/Include/cmsis_gcc.h **** }
 165:Drivers/STM32F4/Drivers/CMSIS/Include/cmsis_gcc.h **** 
 166:Drivers/STM32F4/Drivers/CMSIS/Include/cmsis_gcc.h **** #define __PROGRAM_START           __cmsis_start
 167:Drivers/STM32F4/Drivers/CMSIS/Include/cmsis_gcc.h **** #endif
 168:Drivers/STM32F4/Drivers/CMSIS/Include/cmsis_gcc.h **** 
 169:Drivers/STM32F4/Drivers/CMSIS/Include/cmsis_gcc.h **** #ifndef __INITIAL_SP
 170:Drivers/STM32F4/Drivers/CMSIS/Include/cmsis_gcc.h **** #define __INITIAL_SP              __StackTop
 171:Drivers/STM32F4/Drivers/CMSIS/Include/cmsis_gcc.h **** #endif
 172:Drivers/STM32F4/Drivers/CMSIS/Include/cmsis_gcc.h **** 
ARM GAS  /tmp/ccFutYhx.s 			page 26


 173:Drivers/STM32F4/Drivers/CMSIS/Include/cmsis_gcc.h **** #ifndef __STACK_LIMIT
 174:Drivers/STM32F4/Drivers/CMSIS/Include/cmsis_gcc.h **** #define __STACK_LIMIT             __StackLimit
 175:Drivers/STM32F4/Drivers/CMSIS/Include/cmsis_gcc.h **** #endif
 176:Drivers/STM32F4/Drivers/CMSIS/Include/cmsis_gcc.h **** 
 177:Drivers/STM32F4/Drivers/CMSIS/Include/cmsis_gcc.h **** #ifndef __VECTOR_TABLE
 178:Drivers/STM32F4/Drivers/CMSIS/Include/cmsis_gcc.h **** #define __VECTOR_TABLE            __Vectors
 179:Drivers/STM32F4/Drivers/CMSIS/Include/cmsis_gcc.h **** #endif
 180:Drivers/STM32F4/Drivers/CMSIS/Include/cmsis_gcc.h **** 
 181:Drivers/STM32F4/Drivers/CMSIS/Include/cmsis_gcc.h **** #ifndef __VECTOR_TABLE_ATTRIBUTE
 182:Drivers/STM32F4/Drivers/CMSIS/Include/cmsis_gcc.h **** #define __VECTOR_TABLE_ATTRIBUTE  __attribute__((used, section(".vectors")))
 183:Drivers/STM32F4/Drivers/CMSIS/Include/cmsis_gcc.h **** #endif
 184:Drivers/STM32F4/Drivers/CMSIS/Include/cmsis_gcc.h **** 
 185:Drivers/STM32F4/Drivers/CMSIS/Include/cmsis_gcc.h **** #if defined (__ARM_FEATURE_CMSE) && (__ARM_FEATURE_CMSE == 3U)
 186:Drivers/STM32F4/Drivers/CMSIS/Include/cmsis_gcc.h **** #ifndef __STACK_SEAL
 187:Drivers/STM32F4/Drivers/CMSIS/Include/cmsis_gcc.h **** #define __STACK_SEAL              __StackSeal
 188:Drivers/STM32F4/Drivers/CMSIS/Include/cmsis_gcc.h **** #endif
 189:Drivers/STM32F4/Drivers/CMSIS/Include/cmsis_gcc.h **** 
 190:Drivers/STM32F4/Drivers/CMSIS/Include/cmsis_gcc.h **** #ifndef __TZ_STACK_SEAL_SIZE
 191:Drivers/STM32F4/Drivers/CMSIS/Include/cmsis_gcc.h **** #define __TZ_STACK_SEAL_SIZE      8U
 192:Drivers/STM32F4/Drivers/CMSIS/Include/cmsis_gcc.h **** #endif
 193:Drivers/STM32F4/Drivers/CMSIS/Include/cmsis_gcc.h **** 
 194:Drivers/STM32F4/Drivers/CMSIS/Include/cmsis_gcc.h **** #ifndef __TZ_STACK_SEAL_VALUE
 195:Drivers/STM32F4/Drivers/CMSIS/Include/cmsis_gcc.h **** #define __TZ_STACK_SEAL_VALUE     0xFEF5EDA5FEF5EDA5ULL
 196:Drivers/STM32F4/Drivers/CMSIS/Include/cmsis_gcc.h **** #endif
 197:Drivers/STM32F4/Drivers/CMSIS/Include/cmsis_gcc.h **** 
 198:Drivers/STM32F4/Drivers/CMSIS/Include/cmsis_gcc.h **** 
 199:Drivers/STM32F4/Drivers/CMSIS/Include/cmsis_gcc.h **** __STATIC_FORCEINLINE void __TZ_set_STACKSEAL_S (uint32_t* stackTop) {
 200:Drivers/STM32F4/Drivers/CMSIS/Include/cmsis_gcc.h ****   *((uint64_t *)stackTop) = __TZ_STACK_SEAL_VALUE;
 201:Drivers/STM32F4/Drivers/CMSIS/Include/cmsis_gcc.h **** }
 202:Drivers/STM32F4/Drivers/CMSIS/Include/cmsis_gcc.h **** #endif
 203:Drivers/STM32F4/Drivers/CMSIS/Include/cmsis_gcc.h **** 
 204:Drivers/STM32F4/Drivers/CMSIS/Include/cmsis_gcc.h **** 
 205:Drivers/STM32F4/Drivers/CMSIS/Include/cmsis_gcc.h **** /* ##########################  Core Instruction Access  ######################### */
 206:Drivers/STM32F4/Drivers/CMSIS/Include/cmsis_gcc.h **** /** \defgroup CMSIS_Core_InstructionInterface CMSIS Core Instruction Interface
 207:Drivers/STM32F4/Drivers/CMSIS/Include/cmsis_gcc.h ****   Access to dedicated instructions
 208:Drivers/STM32F4/Drivers/CMSIS/Include/cmsis_gcc.h ****   @{
 209:Drivers/STM32F4/Drivers/CMSIS/Include/cmsis_gcc.h **** */
 210:Drivers/STM32F4/Drivers/CMSIS/Include/cmsis_gcc.h **** 
 211:Drivers/STM32F4/Drivers/CMSIS/Include/cmsis_gcc.h **** /* Define macros for porting to both thumb1 and thumb2.
 212:Drivers/STM32F4/Drivers/CMSIS/Include/cmsis_gcc.h ****  * For thumb1, use low register (r0-r7), specified by constraint "l"
 213:Drivers/STM32F4/Drivers/CMSIS/Include/cmsis_gcc.h ****  * Otherwise, use general registers, specified by constraint "r" */
 214:Drivers/STM32F4/Drivers/CMSIS/Include/cmsis_gcc.h **** #if defined (__thumb__) && !defined (__thumb2__)
 215:Drivers/STM32F4/Drivers/CMSIS/Include/cmsis_gcc.h **** #define __CMSIS_GCC_OUT_REG(r) "=l" (r)
 216:Drivers/STM32F4/Drivers/CMSIS/Include/cmsis_gcc.h **** #define __CMSIS_GCC_RW_REG(r) "+l" (r)
 217:Drivers/STM32F4/Drivers/CMSIS/Include/cmsis_gcc.h **** #define __CMSIS_GCC_USE_REG(r) "l" (r)
 218:Drivers/STM32F4/Drivers/CMSIS/Include/cmsis_gcc.h **** #else
 219:Drivers/STM32F4/Drivers/CMSIS/Include/cmsis_gcc.h **** #define __CMSIS_GCC_OUT_REG(r) "=r" (r)
 220:Drivers/STM32F4/Drivers/CMSIS/Include/cmsis_gcc.h **** #define __CMSIS_GCC_RW_REG(r) "+r" (r)
 221:Drivers/STM32F4/Drivers/CMSIS/Include/cmsis_gcc.h **** #define __CMSIS_GCC_USE_REG(r) "r" (r)
 222:Drivers/STM32F4/Drivers/CMSIS/Include/cmsis_gcc.h **** #endif
 223:Drivers/STM32F4/Drivers/CMSIS/Include/cmsis_gcc.h **** 
 224:Drivers/STM32F4/Drivers/CMSIS/Include/cmsis_gcc.h **** /**
 225:Drivers/STM32F4/Drivers/CMSIS/Include/cmsis_gcc.h ****   \brief   No Operation
 226:Drivers/STM32F4/Drivers/CMSIS/Include/cmsis_gcc.h ****   \details No Operation does nothing. This instruction can be used for code alignment purposes.
 227:Drivers/STM32F4/Drivers/CMSIS/Include/cmsis_gcc.h ****  */
 228:Drivers/STM32F4/Drivers/CMSIS/Include/cmsis_gcc.h **** #define __NOP()                             __ASM volatile ("nop")
 229:Drivers/STM32F4/Drivers/CMSIS/Include/cmsis_gcc.h **** 
ARM GAS  /tmp/ccFutYhx.s 			page 27


 230:Drivers/STM32F4/Drivers/CMSIS/Include/cmsis_gcc.h **** /**
 231:Drivers/STM32F4/Drivers/CMSIS/Include/cmsis_gcc.h ****   \brief   Wait For Interrupt
 232:Drivers/STM32F4/Drivers/CMSIS/Include/cmsis_gcc.h ****   \details Wait For Interrupt is a hint instruction that suspends execution until one of a number o
 233:Drivers/STM32F4/Drivers/CMSIS/Include/cmsis_gcc.h ****  */
 234:Drivers/STM32F4/Drivers/CMSIS/Include/cmsis_gcc.h **** #define __WFI()                             __ASM volatile ("wfi":::"memory")
 235:Drivers/STM32F4/Drivers/CMSIS/Include/cmsis_gcc.h **** 
 236:Drivers/STM32F4/Drivers/CMSIS/Include/cmsis_gcc.h **** 
 237:Drivers/STM32F4/Drivers/CMSIS/Include/cmsis_gcc.h **** /**
 238:Drivers/STM32F4/Drivers/CMSIS/Include/cmsis_gcc.h ****   \brief   Wait For Event
 239:Drivers/STM32F4/Drivers/CMSIS/Include/cmsis_gcc.h ****   \details Wait For Event is a hint instruction that permits the processor to enter
 240:Drivers/STM32F4/Drivers/CMSIS/Include/cmsis_gcc.h ****            a low-power state until one of a number of events occurs.
 241:Drivers/STM32F4/Drivers/CMSIS/Include/cmsis_gcc.h ****  */
 242:Drivers/STM32F4/Drivers/CMSIS/Include/cmsis_gcc.h **** #define __WFE()                             __ASM volatile ("wfe":::"memory")
 243:Drivers/STM32F4/Drivers/CMSIS/Include/cmsis_gcc.h **** 
 244:Drivers/STM32F4/Drivers/CMSIS/Include/cmsis_gcc.h **** 
 245:Drivers/STM32F4/Drivers/CMSIS/Include/cmsis_gcc.h **** /**
 246:Drivers/STM32F4/Drivers/CMSIS/Include/cmsis_gcc.h ****   \brief   Send Event
 247:Drivers/STM32F4/Drivers/CMSIS/Include/cmsis_gcc.h ****   \details Send Event is a hint instruction. It causes an event to be signaled to the CPU.
 248:Drivers/STM32F4/Drivers/CMSIS/Include/cmsis_gcc.h ****  */
 249:Drivers/STM32F4/Drivers/CMSIS/Include/cmsis_gcc.h **** #define __SEV()                             __ASM volatile ("sev")
 250:Drivers/STM32F4/Drivers/CMSIS/Include/cmsis_gcc.h **** 
 251:Drivers/STM32F4/Drivers/CMSIS/Include/cmsis_gcc.h **** 
 252:Drivers/STM32F4/Drivers/CMSIS/Include/cmsis_gcc.h **** /**
 253:Drivers/STM32F4/Drivers/CMSIS/Include/cmsis_gcc.h ****   \brief   Instruction Synchronization Barrier
 254:Drivers/STM32F4/Drivers/CMSIS/Include/cmsis_gcc.h ****   \details Instruction Synchronization Barrier flushes the pipeline in the processor,
 255:Drivers/STM32F4/Drivers/CMSIS/Include/cmsis_gcc.h ****            so that all instructions following the ISB are fetched from cache or memory,
 256:Drivers/STM32F4/Drivers/CMSIS/Include/cmsis_gcc.h ****            after the instruction has been completed.
 257:Drivers/STM32F4/Drivers/CMSIS/Include/cmsis_gcc.h ****  */
 258:Drivers/STM32F4/Drivers/CMSIS/Include/cmsis_gcc.h **** __STATIC_FORCEINLINE void __ISB(void)
 429              		.loc 2 258 27 view .LVU102
 430              	.LBB5:
 259:Drivers/STM32F4/Drivers/CMSIS/Include/cmsis_gcc.h **** {
 260:Drivers/STM32F4/Drivers/CMSIS/Include/cmsis_gcc.h ****   __ASM volatile ("isb 0xF":::"memory");
 431              		.loc 2 260 3 view .LVU103
 432              		.syntax unified
 433              	@ 260 "Drivers/STM32F4/Drivers/CMSIS/Include/cmsis_gcc.h" 1
 434 003c BFF36F8F 		isb 0xF
 435              	@ 0 "" 2
 436              		.thumb
 437              		.syntax unified
 438              	.LBE5:
 439              	.LBE4:
 629:Drivers/STM32F4/Drivers/STM32F4xx_HAL_Driver/Src/stm32f4xx_hal_flash.c **** }
 440              		.loc 1 629 3 view .LVU104
 629:Drivers/STM32F4/Drivers/STM32F4xx_HAL_Driver/Src/stm32f4xx_hal_flash.c **** }
 441              		.loc 1 629 35 is_stmt 0 view .LVU105
 442 0040 6560     		str	r5, [r4, #4]
 630:Drivers/STM32F4/Drivers/STM32F4xx_HAL_Driver/Src/stm32f4xx_hal_flash.c **** 
 443              		.loc 1 630 1 view .LVU106
 444 0042 70BD     		pop	{r4, r5, r6, pc}
 445              	.LVL20:
 446              	.L30:
 614:Drivers/STM32F4/Drivers/STM32F4xx_HAL_Driver/Src/stm32f4xx_hal_flash.c **** 
 447              		.loc 1 614 3 discriminator 2 view .LVU107
 448 0044 40F26621 		movw	r1, #614
 449 0048 0248     		ldr	r0, .L31+4
 450              	.LVL21:
ARM GAS  /tmp/ccFutYhx.s 			page 28


 614:Drivers/STM32F4/Drivers/STM32F4xx_HAL_Driver/Src/stm32f4xx_hal_flash.c **** 
 451              		.loc 1 614 3 discriminator 2 view .LVU108
 452 004a FFF7FEFF 		bl	assert_failed
 453              	.LVL22:
 614:Drivers/STM32F4/Drivers/STM32F4xx_HAL_Driver/Src/stm32f4xx_hal_flash.c **** 
 454              		.loc 1 614 3 discriminator 2 view .LVU109
 455 004e E7E7     		b	.L28
 456              	.L32:
 457              		.align	2
 458              	.L31:
 459 0050 003C0240 		.word	1073888256
 460 0054 00000000 		.word	.LC0
 461              		.cfi_endproc
 462              	.LFE146:
 464              		.section	.text.HAL_FLASH_Program_IT,"ax",%progbits
 465              		.align	1
 466              		.global	HAL_FLASH_Program_IT
 467              		.syntax unified
 468              		.thumb
 469              		.thumb_func
 471              	HAL_FLASH_Program_IT:
 472              	.LVL23:
 473              	.LFB135:
 220:Drivers/STM32F4/Drivers/STM32F4xx_HAL_Driver/Src/stm32f4xx_hal_flash.c ****   HAL_StatusTypeDef status = HAL_OK;
 474              		.loc 1 220 1 is_stmt 1 view -0
 475              		.cfi_startproc
 476              		@ args = 0, pretend = 0, frame = 0
 477              		@ frame_needed = 0, uses_anonymous_args = 0
 220:Drivers/STM32F4/Drivers/STM32F4xx_HAL_Driver/Src/stm32f4xx_hal_flash.c ****   HAL_StatusTypeDef status = HAL_OK;
 478              		.loc 1 220 1 is_stmt 0 view .LVU111
 479 0000 2DE9F041 		push	{r4, r5, r6, r7, r8, lr}
 480              	.LCFI4:
 481              		.cfi_def_cfa_offset 24
 482              		.cfi_offset 4, -24
 483              		.cfi_offset 5, -20
 484              		.cfi_offset 6, -16
 485              		.cfi_offset 7, -12
 486              		.cfi_offset 8, -8
 487              		.cfi_offset 14, -4
 488 0004 0446     		mov	r4, r0
 489 0006 0E46     		mov	r6, r1
 490 0008 1746     		mov	r7, r2
 491 000a 9846     		mov	r8, r3
 221:Drivers/STM32F4/Drivers/STM32F4xx_HAL_Driver/Src/stm32f4xx_hal_flash.c **** 
 492              		.loc 1 221 3 is_stmt 1 view .LVU112
 493              	.LVL24:
 224:Drivers/STM32F4/Drivers/STM32F4xx_HAL_Driver/Src/stm32f4xx_hal_flash.c **** 
 494              		.loc 1 224 3 view .LVU113
 495 000c 0328     		cmp	r0, #3
 496 000e 19D8     		bhi	.L40
 497              	.LVL25:
 498              	.L34:
 227:Drivers/STM32F4/Drivers/STM32F4xx_HAL_Driver/Src/stm32f4xx_hal_flash.c **** 
 499              		.loc 1 227 3 view .LVU114
 500 0010 164D     		ldr	r5, .L44
 501 0012 2869     		ldr	r0, [r5, #16]
 502 0014 40F08070 		orr	r0, r0, #16777216
ARM GAS  /tmp/ccFutYhx.s 			page 29


 503 0018 2861     		str	r0, [r5, #16]
 230:Drivers/STM32F4/Drivers/STM32F4xx_HAL_Driver/Src/stm32f4xx_hal_flash.c **** 
 504              		.loc 1 230 3 view .LVU115
 505 001a 2869     		ldr	r0, [r5, #16]
 506 001c 40F00070 		orr	r0, r0, #33554432
 507 0020 2861     		str	r0, [r5, #16]
 232:Drivers/STM32F4/Drivers/STM32F4xx_HAL_Driver/Src/stm32f4xx_hal_flash.c ****   pFlash.Address = Address;
 508              		.loc 1 232 3 view .LVU116
 232:Drivers/STM32F4/Drivers/STM32F4xx_HAL_Driver/Src/stm32f4xx_hal_flash.c ****   pFlash.Address = Address;
 509              		.loc 1 232 27 is_stmt 0 view .LVU117
 510 0022 134B     		ldr	r3, .L44+4
 511 0024 0322     		movs	r2, #3
 512 0026 1A70     		strb	r2, [r3]
 233:Drivers/STM32F4/Drivers/STM32F4xx_HAL_Driver/Src/stm32f4xx_hal_flash.c **** 
 513              		.loc 1 233 3 is_stmt 1 view .LVU118
 233:Drivers/STM32F4/Drivers/STM32F4xx_HAL_Driver/Src/stm32f4xx_hal_flash.c **** 
 514              		.loc 1 233 18 is_stmt 0 view .LVU119
 515 0028 5E61     		str	r6, [r3, #20]
 235:Drivers/STM32F4/Drivers/STM32F4xx_HAL_Driver/Src/stm32f4xx_hal_flash.c ****   {
 516              		.loc 1 235 3 is_stmt 1 view .LVU120
 235:Drivers/STM32F4/Drivers/STM32F4xx_HAL_Driver/Src/stm32f4xx_hal_flash.c ****   {
 517              		.loc 1 235 6 is_stmt 0 view .LVU121
 518 002a 84B1     		cbz	r4, .L41
 240:Drivers/STM32F4/Drivers/STM32F4xx_HAL_Driver/Src/stm32f4xx_hal_flash.c ****   {
 519              		.loc 1 240 8 is_stmt 1 view .LVU122
 240:Drivers/STM32F4/Drivers/STM32F4xx_HAL_Driver/Src/stm32f4xx_hal_flash.c ****   {
 520              		.loc 1 240 11 is_stmt 0 view .LVU123
 521 002c 012C     		cmp	r4, #1
 522 002e 13D0     		beq	.L42
 245:Drivers/STM32F4/Drivers/STM32F4xx_HAL_Driver/Src/stm32f4xx_hal_flash.c ****   {
 523              		.loc 1 245 8 is_stmt 1 view .LVU124
 245:Drivers/STM32F4/Drivers/STM32F4xx_HAL_Driver/Src/stm32f4xx_hal_flash.c ****   {
 524              		.loc 1 245 11 is_stmt 0 view .LVU125
 525 0030 022C     		cmp	r4, #2
 526 0032 16D0     		beq	.L43
 253:Drivers/STM32F4/Drivers/STM32F4xx_HAL_Driver/Src/stm32f4xx_hal_flash.c ****   }
 527              		.loc 1 253 5 is_stmt 1 view .LVU126
 528 0034 3A46     		mov	r2, r7
 529 0036 4346     		mov	r3, r8
 530 0038 3046     		mov	r0, r6
 531 003a FFF7FEFF 		bl	FLASH_Program_DoubleWord
 532              	.LVL26:
 533              	.L36:
 256:Drivers/STM32F4/Drivers/STM32F4xx_HAL_Driver/Src/stm32f4xx_hal_flash.c **** }
 534              		.loc 1 256 3 view .LVU127
 257:Drivers/STM32F4/Drivers/STM32F4xx_HAL_Driver/Src/stm32f4xx_hal_flash.c **** 
 535              		.loc 1 257 1 is_stmt 0 view .LVU128
 536 003e 0020     		movs	r0, #0
 537 0040 BDE8F081 		pop	{r4, r5, r6, r7, r8, pc}
 538              	.LVL27:
 539              	.L40:
 224:Drivers/STM32F4/Drivers/STM32F4xx_HAL_Driver/Src/stm32f4xx_hal_flash.c **** 
 540              		.loc 1 224 3 discriminator 1 view .LVU129
 541 0044 E021     		movs	r1, #224
 542              	.LVL28:
 224:Drivers/STM32F4/Drivers/STM32F4xx_HAL_Driver/Src/stm32f4xx_hal_flash.c **** 
 543              		.loc 1 224 3 discriminator 1 view .LVU130
ARM GAS  /tmp/ccFutYhx.s 			page 30


 544 0046 0B48     		ldr	r0, .L44+8
 545              	.LVL29:
 224:Drivers/STM32F4/Drivers/STM32F4xx_HAL_Driver/Src/stm32f4xx_hal_flash.c **** 
 546              		.loc 1 224 3 discriminator 1 view .LVU131
 547 0048 FFF7FEFF 		bl	assert_failed
 548              	.LVL30:
 224:Drivers/STM32F4/Drivers/STM32F4xx_HAL_Driver/Src/stm32f4xx_hal_flash.c **** 
 549              		.loc 1 224 3 discriminator 1 view .LVU132
 550 004c E0E7     		b	.L34
 551              	.L41:
 238:Drivers/STM32F4/Drivers/STM32F4xx_HAL_Driver/Src/stm32f4xx_hal_flash.c ****   }
 552              		.loc 1 238 5 is_stmt 1 view .LVU133
 553 004e F9B2     		uxtb	r1, r7
 554 0050 3046     		mov	r0, r6
 555 0052 FFF7FEFF 		bl	FLASH_Program_Byte
 556              	.LVL31:
 557 0056 F2E7     		b	.L36
 558              	.L42:
 243:Drivers/STM32F4/Drivers/STM32F4xx_HAL_Driver/Src/stm32f4xx_hal_flash.c ****   }
 559              		.loc 1 243 5 view .LVU134
 560 0058 B9B2     		uxth	r1, r7
 561 005a 3046     		mov	r0, r6
 562 005c FFF7FEFF 		bl	FLASH_Program_HalfWord
 563              	.LVL32:
 564 0060 EDE7     		b	.L36
 565              	.L43:
 248:Drivers/STM32F4/Drivers/STM32F4xx_HAL_Driver/Src/stm32f4xx_hal_flash.c ****   }
 566              		.loc 1 248 5 view .LVU135
 567 0062 3946     		mov	r1, r7
 568 0064 3046     		mov	r0, r6
 569 0066 FFF7FEFF 		bl	FLASH_Program_Word
 570              	.LVL33:
 571 006a E8E7     		b	.L36
 572              	.L45:
 573              		.align	2
 574              	.L44:
 575 006c 003C0240 		.word	1073888256
 576 0070 00000000 		.word	pFlash
 577 0074 00000000 		.word	.LC0
 578              		.cfi_endproc
 579              	.LFE135:
 581              		.section	.text.HAL_FLASH_EndOfOperationCallback,"ax",%progbits
 582              		.align	1
 583              		.weak	HAL_FLASH_EndOfOperationCallback
 584              		.syntax unified
 585              		.thumb
 586              		.thumb_func
 588              	HAL_FLASH_EndOfOperationCallback:
 589              	.LVL34:
 590              	.LFB137:
 384:Drivers/STM32F4/Drivers/STM32F4xx_HAL_Driver/Src/stm32f4xx_hal_flash.c ****   /* Prevent unused argument(s) compilation warning */
 591              		.loc 1 384 1 view -0
 592              		.cfi_startproc
 593              		@ args = 0, pretend = 0, frame = 0
 594              		@ frame_needed = 0, uses_anonymous_args = 0
 595              		@ link register save eliminated.
 386:Drivers/STM32F4/Drivers/STM32F4xx_HAL_Driver/Src/stm32f4xx_hal_flash.c ****   /* NOTE : This function Should not be modified, when the callback is needed,
ARM GAS  /tmp/ccFutYhx.s 			page 31


 596              		.loc 1 386 3 view .LVU137
 390:Drivers/STM32F4/Drivers/STM32F4xx_HAL_Driver/Src/stm32f4xx_hal_flash.c **** 
 597              		.loc 1 390 1 is_stmt 0 view .LVU138
 598 0000 7047     		bx	lr
 599              		.cfi_endproc
 600              	.LFE137:
 602              		.section	.text.HAL_FLASH_OperationErrorCallback,"ax",%progbits
 603              		.align	1
 604              		.weak	HAL_FLASH_OperationErrorCallback
 605              		.syntax unified
 606              		.thumb
 607              		.thumb_func
 609              	HAL_FLASH_OperationErrorCallback:
 610              	.LVL35:
 611              	.LFB138:
 401:Drivers/STM32F4/Drivers/STM32F4xx_HAL_Driver/Src/stm32f4xx_hal_flash.c ****   /* Prevent unused argument(s) compilation warning */
 612              		.loc 1 401 1 is_stmt 1 view -0
 613              		.cfi_startproc
 614              		@ args = 0, pretend = 0, frame = 0
 615              		@ frame_needed = 0, uses_anonymous_args = 0
 616              		@ link register save eliminated.
 403:Drivers/STM32F4/Drivers/STM32F4xx_HAL_Driver/Src/stm32f4xx_hal_flash.c ****   /* NOTE : This function Should not be modified, when the callback is needed,
 617              		.loc 1 403 3 view .LVU140
 407:Drivers/STM32F4/Drivers/STM32F4xx_HAL_Driver/Src/stm32f4xx_hal_flash.c **** 
 618              		.loc 1 407 1 is_stmt 0 view .LVU141
 619 0000 7047     		bx	lr
 620              		.cfi_endproc
 621              	.LFE138:
 623              		.section	.text.HAL_FLASH_IRQHandler,"ax",%progbits
 624              		.align	1
 625              		.global	HAL_FLASH_IRQHandler
 626              		.syntax unified
 627              		.thumb
 628              		.thumb_func
 630              	HAL_FLASH_IRQHandler:
 631              	.LFB136:
 264:Drivers/STM32F4/Drivers/STM32F4xx_HAL_Driver/Src/stm32f4xx_hal_flash.c ****   uint32_t addresstmp = 0U;
 632              		.loc 1 264 1 is_stmt 1 view -0
 633              		.cfi_startproc
 634              		@ args = 0, pretend = 0, frame = 0
 635              		@ frame_needed = 0, uses_anonymous_args = 0
 636 0000 10B5     		push	{r4, lr}
 637              	.LCFI5:
 638              		.cfi_def_cfa_offset 8
 639              		.cfi_offset 4, -8
 640              		.cfi_offset 14, -4
 265:Drivers/STM32F4/Drivers/STM32F4xx_HAL_Driver/Src/stm32f4xx_hal_flash.c **** 
 641              		.loc 1 265 3 view .LVU143
 642              	.LVL36:
 272:Drivers/STM32F4/Drivers/STM32F4xx_HAL_Driver/Src/stm32f4xx_hal_flash.c ****                             FLASH_FLAG_PGPERR | FLASH_FLAG_PGSERR)) != RESET)
 643              		.loc 1 272 3 view .LVU144
 272:Drivers/STM32F4/Drivers/STM32F4xx_HAL_Driver/Src/stm32f4xx_hal_flash.c ****                             FLASH_FLAG_PGPERR | FLASH_FLAG_PGSERR)) != RESET)
 644              		.loc 1 272 7 is_stmt 0 view .LVU145
 645 0002 384B     		ldr	r3, .L64
 646 0004 DB68     		ldr	r3, [r3, #12]
 272:Drivers/STM32F4/Drivers/STM32F4xx_HAL_Driver/Src/stm32f4xx_hal_flash.c ****                             FLASH_FLAG_PGPERR | FLASH_FLAG_PGSERR)) != RESET)
 647              		.loc 1 272 6 view .LVU146
ARM GAS  /tmp/ccFutYhx.s 			page 32


 648 0006 13F0F20F 		tst	r3, #242
 649 000a 13D0     		beq	.L49
 276:Drivers/STM32F4/Drivers/STM32F4xx_HAL_Driver/Src/stm32f4xx_hal_flash.c ****     {
 650              		.loc 1 276 5 is_stmt 1 view .LVU147
 276:Drivers/STM32F4/Drivers/STM32F4xx_HAL_Driver/Src/stm32f4xx_hal_flash.c ****     {
 651              		.loc 1 276 15 is_stmt 0 view .LVU148
 652 000c 364B     		ldr	r3, .L64+4
 653 000e 1B78     		ldrb	r3, [r3]	@ zero_extendqisi2
 654 0010 DBB2     		uxtb	r3, r3
 276:Drivers/STM32F4/Drivers/STM32F4xx_HAL_Driver/Src/stm32f4xx_hal_flash.c ****     {
 655              		.loc 1 276 8 view .LVU149
 656 0012 012B     		cmp	r3, #1
 657 0014 38D0     		beq	.L60
 282:Drivers/STM32F4/Drivers/STM32F4xx_HAL_Driver/Src/stm32f4xx_hal_flash.c ****     {
 658              		.loc 1 282 10 is_stmt 1 view .LVU150
 282:Drivers/STM32F4/Drivers/STM32F4xx_HAL_Driver/Src/stm32f4xx_hal_flash.c ****     {
 659              		.loc 1 282 20 is_stmt 0 view .LVU151
 660 0016 344B     		ldr	r3, .L64+4
 661 0018 1B78     		ldrb	r3, [r3]	@ zero_extendqisi2
 662 001a DBB2     		uxtb	r3, r3
 282:Drivers/STM32F4/Drivers/STM32F4xx_HAL_Driver/Src/stm32f4xx_hal_flash.c ****     {
 663              		.loc 1 282 13 view .LVU152
 664 001c 022B     		cmp	r3, #2
 665 001e 39D0     		beq	.L61
 290:Drivers/STM32F4/Drivers/STM32F4xx_HAL_Driver/Src/stm32f4xx_hal_flash.c ****     }
 666              		.loc 1 290 7 is_stmt 1 view .LVU153
 290:Drivers/STM32F4/Drivers/STM32F4xx_HAL_Driver/Src/stm32f4xx_hal_flash.c ****     }
 667              		.loc 1 290 18 is_stmt 0 view .LVU154
 668 0020 314B     		ldr	r3, .L64+4
 669 0022 5C69     		ldr	r4, [r3, #20]
 670              	.LVL37:
 671              	.L51:
 294:Drivers/STM32F4/Drivers/STM32F4xx_HAL_Driver/Src/stm32f4xx_hal_flash.c **** 
 672              		.loc 1 294 5 is_stmt 1 view .LVU155
 673 0024 FFF7FEFF 		bl	FLASH_SetErrorCode
 674              	.LVL38:
 297:Drivers/STM32F4/Drivers/STM32F4xx_HAL_Driver/Src/stm32f4xx_hal_flash.c **** 
 675              		.loc 1 297 5 view .LVU156
 676 0028 2046     		mov	r0, r4
 677 002a FFF7FEFF 		bl	HAL_FLASH_OperationErrorCallback
 678              	.LVL39:
 300:Drivers/STM32F4/Drivers/STM32F4xx_HAL_Driver/Src/stm32f4xx_hal_flash.c ****   }
 679              		.loc 1 300 5 view .LVU157
 300:Drivers/STM32F4/Drivers/STM32F4xx_HAL_Driver/Src/stm32f4xx_hal_flash.c ****   }
 680              		.loc 1 300 29 is_stmt 0 view .LVU158
 681 002e 2E4B     		ldr	r3, .L64+4
 682 0030 0022     		movs	r2, #0
 683 0032 1A70     		strb	r2, [r3]
 684              	.LVL40:
 685              	.L49:
 304:Drivers/STM32F4/Drivers/STM32F4xx_HAL_Driver/Src/stm32f4xx_hal_flash.c ****   {
 686              		.loc 1 304 3 is_stmt 1 view .LVU159
 304:Drivers/STM32F4/Drivers/STM32F4xx_HAL_Driver/Src/stm32f4xx_hal_flash.c ****   {
 687              		.loc 1 304 7 is_stmt 0 view .LVU160
 688 0034 2B4B     		ldr	r3, .L64
 689 0036 DB68     		ldr	r3, [r3, #12]
 304:Drivers/STM32F4/Drivers/STM32F4xx_HAL_Driver/Src/stm32f4xx_hal_flash.c ****   {
ARM GAS  /tmp/ccFutYhx.s 			page 33


 690              		.loc 1 304 6 view .LVU161
 691 0038 13F0010F 		tst	r3, #1
 692 003c 13D0     		beq	.L53
 307:Drivers/STM32F4/Drivers/STM32F4xx_HAL_Driver/Src/stm32f4xx_hal_flash.c **** 
 693              		.loc 1 307 5 is_stmt 1 view .LVU162
 694 003e 294B     		ldr	r3, .L64
 695 0040 0122     		movs	r2, #1
 696 0042 DA60     		str	r2, [r3, #12]
 309:Drivers/STM32F4/Drivers/STM32F4xx_HAL_Driver/Src/stm32f4xx_hal_flash.c ****     {
 697              		.loc 1 309 5 view .LVU163
 309:Drivers/STM32F4/Drivers/STM32F4xx_HAL_Driver/Src/stm32f4xx_hal_flash.c ****     {
 698              		.loc 1 309 15 is_stmt 0 view .LVU164
 699 0044 284B     		ldr	r3, .L64+4
 700 0046 1B78     		ldrb	r3, [r3]	@ zero_extendqisi2
 701 0048 DBB2     		uxtb	r3, r3
 309:Drivers/STM32F4/Drivers/STM32F4xx_HAL_Driver/Src/stm32f4xx_hal_flash.c ****     {
 702              		.loc 1 309 8 view .LVU165
 703 004a 9342     		cmp	r3, r2
 704 004c 25D0     		beq	.L62
 342:Drivers/STM32F4/Drivers/STM32F4xx_HAL_Driver/Src/stm32f4xx_hal_flash.c ****       {
 705              		.loc 1 342 7 is_stmt 1 view .LVU166
 342:Drivers/STM32F4/Drivers/STM32F4xx_HAL_Driver/Src/stm32f4xx_hal_flash.c ****       {
 706              		.loc 1 342 17 is_stmt 0 view .LVU167
 707 004e 264B     		ldr	r3, .L64+4
 708 0050 1B78     		ldrb	r3, [r3]	@ zero_extendqisi2
 709 0052 DBB2     		uxtb	r3, r3
 342:Drivers/STM32F4/Drivers/STM32F4xx_HAL_Driver/Src/stm32f4xx_hal_flash.c ****       {
 710              		.loc 1 342 10 view .LVU168
 711 0054 022B     		cmp	r3, #2
 712 0056 3ED0     		beq	.L63
 355:Drivers/STM32F4/Drivers/STM32F4xx_HAL_Driver/Src/stm32f4xx_hal_flash.c ****       }
 713              		.loc 1 355 9 is_stmt 1 view .LVU169
 355:Drivers/STM32F4/Drivers/STM32F4xx_HAL_Driver/Src/stm32f4xx_hal_flash.c ****       }
 714              		.loc 1 355 48 is_stmt 0 view .LVU170
 715 0058 234B     		ldr	r3, .L64+4
 716 005a 5869     		ldr	r0, [r3, #20]
 355:Drivers/STM32F4/Drivers/STM32F4xx_HAL_Driver/Src/stm32f4xx_hal_flash.c ****       }
 717              		.loc 1 355 9 view .LVU171
 718 005c FFF7FEFF 		bl	HAL_FLASH_EndOfOperationCallback
 719              	.LVL41:
 720              	.L57:
 357:Drivers/STM32F4/Drivers/STM32F4xx_HAL_Driver/Src/stm32f4xx_hal_flash.c ****     }
 721              		.loc 1 357 7 is_stmt 1 view .LVU172
 357:Drivers/STM32F4/Drivers/STM32F4xx_HAL_Driver/Src/stm32f4xx_hal_flash.c ****     }
 722              		.loc 1 357 31 is_stmt 0 view .LVU173
 723 0060 214B     		ldr	r3, .L64+4
 724 0062 0022     		movs	r2, #0
 725 0064 1A70     		strb	r2, [r3]
 726              	.L53:
 361:Drivers/STM32F4/Drivers/STM32F4xx_HAL_Driver/Src/stm32f4xx_hal_flash.c ****   {
 727              		.loc 1 361 3 is_stmt 1 view .LVU174
 361:Drivers/STM32F4/Drivers/STM32F4xx_HAL_Driver/Src/stm32f4xx_hal_flash.c ****   {
 728              		.loc 1 361 13 is_stmt 0 view .LVU175
 729 0066 204B     		ldr	r3, .L64+4
 730 0068 1B78     		ldrb	r3, [r3]	@ zero_extendqisi2
 361:Drivers/STM32F4/Drivers/STM32F4xx_HAL_Driver/Src/stm32f4xx_hal_flash.c ****   {
 731              		.loc 1 361 6 view .LVU176
ARM GAS  /tmp/ccFutYhx.s 			page 34


 732 006a 63B9     		cbnz	r3, .L48
 364:Drivers/STM32F4/Drivers/STM32F4xx_HAL_Driver/Src/stm32f4xx_hal_flash.c **** 
 733              		.loc 1 364 5 is_stmt 1 view .LVU177
 734 006c 1D4B     		ldr	r3, .L64
 735 006e 1A69     		ldr	r2, [r3, #16]
 736 0070 22F07F02 		bic	r2, r2, #127
 737 0074 1A61     		str	r2, [r3, #16]
 367:Drivers/STM32F4/Drivers/STM32F4xx_HAL_Driver/Src/stm32f4xx_hal_flash.c **** 
 738              		.loc 1 367 5 view .LVU178
 739 0076 1A69     		ldr	r2, [r3, #16]
 740 0078 22F08072 		bic	r2, r2, #16777216
 741 007c 1A61     		str	r2, [r3, #16]
 370:Drivers/STM32F4/Drivers/STM32F4xx_HAL_Driver/Src/stm32f4xx_hal_flash.c ****   }
 742              		.loc 1 370 5 view .LVU179
 743 007e 1A69     		ldr	r2, [r3, #16]
 744 0080 22F00072 		bic	r2, r2, #33554432
 745 0084 1A61     		str	r2, [r3, #16]
 746              	.L48:
 372:Drivers/STM32F4/Drivers/STM32F4xx_HAL_Driver/Src/stm32f4xx_hal_flash.c **** 
 747              		.loc 1 372 1 is_stmt 0 view .LVU180
 748 0086 10BD     		pop	{r4, pc}
 749              	.LVL42:
 750              	.L60:
 279:Drivers/STM32F4/Drivers/STM32F4xx_HAL_Driver/Src/stm32f4xx_hal_flash.c ****       pFlash.Sector = 0xFFFFFFFFU;
 751              		.loc 1 279 7 is_stmt 1 view .LVU181
 279:Drivers/STM32F4/Drivers/STM32F4xx_HAL_Driver/Src/stm32f4xx_hal_flash.c ****       pFlash.Sector = 0xFFFFFFFFU;
 752              		.loc 1 279 18 is_stmt 0 view .LVU182
 753 0088 174B     		ldr	r3, .L64+4
 754 008a DC68     		ldr	r4, [r3, #12]
 755              	.LVL43:
 280:Drivers/STM32F4/Drivers/STM32F4xx_HAL_Driver/Src/stm32f4xx_hal_flash.c ****     }
 756              		.loc 1 280 7 is_stmt 1 view .LVU183
 280:Drivers/STM32F4/Drivers/STM32F4xx_HAL_Driver/Src/stm32f4xx_hal_flash.c ****     }
 757              		.loc 1 280 21 is_stmt 0 view .LVU184
 758 008c 4FF0FF32 		mov	r2, #-1
 759 0090 DA60     		str	r2, [r3, #12]
 760 0092 C7E7     		b	.L51
 761              	.LVL44:
 762              	.L61:
 285:Drivers/STM32F4/Drivers/STM32F4xx_HAL_Driver/Src/stm32f4xx_hal_flash.c ****     }
 763              		.loc 1 285 7 is_stmt 1 view .LVU185
 285:Drivers/STM32F4/Drivers/STM32F4xx_HAL_Driver/Src/stm32f4xx_hal_flash.c ****     }
 764              		.loc 1 285 18 is_stmt 0 view .LVU186
 765 0094 144B     		ldr	r3, .L64+4
 766 0096 1C69     		ldr	r4, [r3, #16]
 767              	.LVL45:
 285:Drivers/STM32F4/Drivers/STM32F4xx_HAL_Driver/Src/stm32f4xx_hal_flash.c ****     }
 768              		.loc 1 285 18 view .LVU187
 769 0098 C4E7     		b	.L51
 770              	.LVL46:
 771              	.L62:
 312:Drivers/STM32F4/Drivers/STM32F4xx_HAL_Driver/Src/stm32f4xx_hal_flash.c **** 
 772              		.loc 1 312 7 is_stmt 1 view .LVU188
 312:Drivers/STM32F4/Drivers/STM32F4xx_HAL_Driver/Src/stm32f4xx_hal_flash.c **** 
 773              		.loc 1 312 13 is_stmt 0 view .LVU189
 774 009a 134B     		ldr	r3, .L64+4
 775 009c 5A68     		ldr	r2, [r3, #4]
ARM GAS  /tmp/ccFutYhx.s 			page 35


 312:Drivers/STM32F4/Drivers/STM32F4xx_HAL_Driver/Src/stm32f4xx_hal_flash.c **** 
 776              		.loc 1 312 30 view .LVU190
 777 009e 013A     		subs	r2, r2, #1
 778 00a0 5A60     		str	r2, [r3, #4]
 315:Drivers/STM32F4/Drivers/STM32F4xx_HAL_Driver/Src/stm32f4xx_hal_flash.c ****       {
 779              		.loc 1 315 7 is_stmt 1 view .LVU191
 315:Drivers/STM32F4/Drivers/STM32F4xx_HAL_Driver/Src/stm32f4xx_hal_flash.c ****       {
 780              		.loc 1 315 17 is_stmt 0 view .LVU192
 781 00a2 5B68     		ldr	r3, [r3, #4]
 315:Drivers/STM32F4/Drivers/STM32F4xx_HAL_Driver/Src/stm32f4xx_hal_flash.c ****       {
 782              		.loc 1 315 10 view .LVU193
 783 00a4 5BB1     		cbz	r3, .L55
 317:Drivers/STM32F4/Drivers/STM32F4xx_HAL_Driver/Src/stm32f4xx_hal_flash.c ****         /*Indicate user which sector has been erased*/
 784              		.loc 1 317 9 is_stmt 1 view .LVU194
 317:Drivers/STM32F4/Drivers/STM32F4xx_HAL_Driver/Src/stm32f4xx_hal_flash.c ****         /*Indicate user which sector has been erased*/
 785              		.loc 1 317 20 is_stmt 0 view .LVU195
 786 00a6 104C     		ldr	r4, .L64+4
 787 00a8 E068     		ldr	r0, [r4, #12]
 788              	.LVL47:
 319:Drivers/STM32F4/Drivers/STM32F4xx_HAL_Driver/Src/stm32f4xx_hal_flash.c **** 
 789              		.loc 1 319 9 is_stmt 1 view .LVU196
 790 00aa FFF7FEFF 		bl	HAL_FLASH_EndOfOperationCallback
 791              	.LVL48:
 322:Drivers/STM32F4/Drivers/STM32F4xx_HAL_Driver/Src/stm32f4xx_hal_flash.c ****         addresstmp = pFlash.Sector;
 792              		.loc 1 322 9 view .LVU197
 322:Drivers/STM32F4/Drivers/STM32F4xx_HAL_Driver/Src/stm32f4xx_hal_flash.c ****         addresstmp = pFlash.Sector;
 793              		.loc 1 322 15 is_stmt 0 view .LVU198
 794 00ae E368     		ldr	r3, [r4, #12]
 322:Drivers/STM32F4/Drivers/STM32F4xx_HAL_Driver/Src/stm32f4xx_hal_flash.c ****         addresstmp = pFlash.Sector;
 795              		.loc 1 322 22 view .LVU199
 796 00b0 0133     		adds	r3, r3, #1
 797 00b2 E360     		str	r3, [r4, #12]
 323:Drivers/STM32F4/Drivers/STM32F4xx_HAL_Driver/Src/stm32f4xx_hal_flash.c ****         FLASH_Erase_Sector(addresstmp, pFlash.VoltageForErase);
 798              		.loc 1 323 9 is_stmt 1 view .LVU200
 323:Drivers/STM32F4/Drivers/STM32F4xx_HAL_Driver/Src/stm32f4xx_hal_flash.c ****         FLASH_Erase_Sector(addresstmp, pFlash.VoltageForErase);
 799              		.loc 1 323 20 is_stmt 0 view .LVU201
 800 00b4 E068     		ldr	r0, [r4, #12]
 801              	.LVL49:
 324:Drivers/STM32F4/Drivers/STM32F4xx_HAL_Driver/Src/stm32f4xx_hal_flash.c ****       }
 802              		.loc 1 324 9 is_stmt 1 view .LVU202
 324:Drivers/STM32F4/Drivers/STM32F4xx_HAL_Driver/Src/stm32f4xx_hal_flash.c ****       }
 803              		.loc 1 324 46 is_stmt 0 view .LVU203
 804 00b6 217A     		ldrb	r1, [r4, #8]	@ zero_extendqisi2
 324:Drivers/STM32F4/Drivers/STM32F4xx_HAL_Driver/Src/stm32f4xx_hal_flash.c ****       }
 805              		.loc 1 324 9 view .LVU204
 806 00b8 FFF7FEFF 		bl	FLASH_Erase_Sector
 807              	.LVL50:
 324:Drivers/STM32F4/Drivers/STM32F4xx_HAL_Driver/Src/stm32f4xx_hal_flash.c ****       }
 808              		.loc 1 324 9 view .LVU205
 809 00bc D3E7     		b	.L53
 810              	.LVL51:
 811              	.L55:
 330:Drivers/STM32F4/Drivers/STM32F4xx_HAL_Driver/Src/stm32f4xx_hal_flash.c ****         pFlash.ProcedureOnGoing = FLASH_PROC_NONE;
 812              		.loc 1 330 9 is_stmt 1 view .LVU206
 330:Drivers/STM32F4/Drivers/STM32F4xx_HAL_Driver/Src/stm32f4xx_hal_flash.c ****         pFlash.ProcedureOnGoing = FLASH_PROC_NONE;
 813              		.loc 1 330 23 is_stmt 0 view .LVU207
 814 00be 0A4B     		ldr	r3, .L64+4
ARM GAS  /tmp/ccFutYhx.s 			page 36


 815 00c0 4FF0FF34 		mov	r4, #-1
 816 00c4 DC60     		str	r4, [r3, #12]
 331:Drivers/STM32F4/Drivers/STM32F4xx_HAL_Driver/Src/stm32f4xx_hal_flash.c **** 
 817              		.loc 1 331 9 is_stmt 1 view .LVU208
 331:Drivers/STM32F4/Drivers/STM32F4xx_HAL_Driver/Src/stm32f4xx_hal_flash.c **** 
 818              		.loc 1 331 33 is_stmt 0 view .LVU209
 819 00c6 0022     		movs	r2, #0
 820 00c8 1A70     		strb	r2, [r3]
 334:Drivers/STM32F4/Drivers/STM32F4xx_HAL_Driver/Src/stm32f4xx_hal_flash.c **** 
 821              		.loc 1 334 9 is_stmt 1 view .LVU210
 822 00ca FFF7FEFF 		bl	FLASH_FlushCaches
 823              	.LVL52:
 337:Drivers/STM32F4/Drivers/STM32F4xx_HAL_Driver/Src/stm32f4xx_hal_flash.c ****       }
 824              		.loc 1 337 9 view .LVU211
 825 00ce 2046     		mov	r0, r4
 826 00d0 FFF7FEFF 		bl	HAL_FLASH_EndOfOperationCallback
 827              	.LVL53:
 828 00d4 C7E7     		b	.L53
 829              	.LVL54:
 830              	.L63:
 346:Drivers/STM32F4/Drivers/STM32F4xx_HAL_Driver/Src/stm32f4xx_hal_flash.c **** 
 831              		.loc 1 346 9 view .LVU212
 832 00d6 FFF7FEFF 		bl	FLASH_FlushCaches
 833              	.LVL55:
 349:Drivers/STM32F4/Drivers/STM32F4xx_HAL_Driver/Src/stm32f4xx_hal_flash.c ****       }
 834              		.loc 1 349 9 view .LVU213
 349:Drivers/STM32F4/Drivers/STM32F4xx_HAL_Driver/Src/stm32f4xx_hal_flash.c ****       }
 835              		.loc 1 349 48 is_stmt 0 view .LVU214
 836 00da 034B     		ldr	r3, .L64+4
 837 00dc 1869     		ldr	r0, [r3, #16]
 349:Drivers/STM32F4/Drivers/STM32F4xx_HAL_Driver/Src/stm32f4xx_hal_flash.c ****       }
 838              		.loc 1 349 9 view .LVU215
 839 00de FFF7FEFF 		bl	HAL_FLASH_EndOfOperationCallback
 840              	.LVL56:
 841 00e2 BDE7     		b	.L57
 842              	.L65:
 843              		.align	2
 844              	.L64:
 845 00e4 003C0240 		.word	1073888256
 846 00e8 00000000 		.word	pFlash
 847              		.cfi_endproc
 848              	.LFE136:
 850              		.section	.text.HAL_FLASH_Unlock,"ax",%progbits
 851              		.align	1
 852              		.global	HAL_FLASH_Unlock
 853              		.syntax unified
 854              		.thumb
 855              		.thumb_func
 857              	HAL_FLASH_Unlock:
 858              	.LFB139:
 433:Drivers/STM32F4/Drivers/STM32F4xx_HAL_Driver/Src/stm32f4xx_hal_flash.c ****   HAL_StatusTypeDef status = HAL_OK;
 859              		.loc 1 433 1 is_stmt 1 view -0
 860              		.cfi_startproc
 861              		@ args = 0, pretend = 0, frame = 0
 862              		@ frame_needed = 0, uses_anonymous_args = 0
 863              		@ link register save eliminated.
 434:Drivers/STM32F4/Drivers/STM32F4xx_HAL_Driver/Src/stm32f4xx_hal_flash.c **** 
ARM GAS  /tmp/ccFutYhx.s 			page 37


 864              		.loc 1 434 3 view .LVU217
 865              	.LVL57:
 436:Drivers/STM32F4/Drivers/STM32F4xx_HAL_Driver/Src/stm32f4xx_hal_flash.c ****   {
 866              		.loc 1 436 3 view .LVU218
 436:Drivers/STM32F4/Drivers/STM32F4xx_HAL_Driver/Src/stm32f4xx_hal_flash.c ****   {
 867              		.loc 1 436 7 is_stmt 0 view .LVU219
 868 0000 094B     		ldr	r3, .L71
 869 0002 1B69     		ldr	r3, [r3, #16]
 436:Drivers/STM32F4/Drivers/STM32F4xx_HAL_Driver/Src/stm32f4xx_hal_flash.c ****   {
 870              		.loc 1 436 6 view .LVU220
 871 0004 002B     		cmp	r3, #0
 872 0006 01DB     		blt	.L70
 434:Drivers/STM32F4/Drivers/STM32F4xx_HAL_Driver/Src/stm32f4xx_hal_flash.c **** 
 873              		.loc 1 434 21 view .LVU221
 874 0008 0020     		movs	r0, #0
 875 000a 7047     		bx	lr
 876              	.L70:
 439:Drivers/STM32F4/Drivers/STM32F4xx_HAL_Driver/Src/stm32f4xx_hal_flash.c ****     WRITE_REG(FLASH->KEYR, FLASH_KEY2);
 877              		.loc 1 439 5 is_stmt 1 view .LVU222
 878 000c 064B     		ldr	r3, .L71
 879 000e 074A     		ldr	r2, .L71+4
 880 0010 5A60     		str	r2, [r3, #4]
 440:Drivers/STM32F4/Drivers/STM32F4xx_HAL_Driver/Src/stm32f4xx_hal_flash.c **** 
 881              		.loc 1 440 5 view .LVU223
 882 0012 02F18832 		add	r2, r2, #-2004318072
 883 0016 5A60     		str	r2, [r3, #4]
 443:Drivers/STM32F4/Drivers/STM32F4xx_HAL_Driver/Src/stm32f4xx_hal_flash.c ****     {
 884              		.loc 1 443 5 view .LVU224
 443:Drivers/STM32F4/Drivers/STM32F4xx_HAL_Driver/Src/stm32f4xx_hal_flash.c ****     {
 885              		.loc 1 443 9 is_stmt 0 view .LVU225
 886 0018 1B69     		ldr	r3, [r3, #16]
 443:Drivers/STM32F4/Drivers/STM32F4xx_HAL_Driver/Src/stm32f4xx_hal_flash.c ****     {
 887              		.loc 1 443 8 view .LVU226
 888 001a 002B     		cmp	r3, #0
 889 001c 01DB     		blt	.L69
 434:Drivers/STM32F4/Drivers/STM32F4xx_HAL_Driver/Src/stm32f4xx_hal_flash.c **** 
 890              		.loc 1 434 21 view .LVU227
 891 001e 0020     		movs	r0, #0
 892 0020 7047     		bx	lr
 893              	.L69:
 445:Drivers/STM32F4/Drivers/STM32F4xx_HAL_Driver/Src/stm32f4xx_hal_flash.c ****     }
 894              		.loc 1 445 14 view .LVU228
 895 0022 0120     		movs	r0, #1
 896              	.LVL58:
 449:Drivers/STM32F4/Drivers/STM32F4xx_HAL_Driver/Src/stm32f4xx_hal_flash.c **** }
 897              		.loc 1 449 3 is_stmt 1 view .LVU229
 450:Drivers/STM32F4/Drivers/STM32F4xx_HAL_Driver/Src/stm32f4xx_hal_flash.c **** 
 898              		.loc 1 450 1 is_stmt 0 view .LVU230
 899 0024 7047     		bx	lr
 900              	.L72:
 901 0026 00BF     		.align	2
 902              	.L71:
 903 0028 003C0240 		.word	1073888256
 904 002c 23016745 		.word	1164378403
 905              		.cfi_endproc
 906              	.LFE139:
 908              		.section	.text.HAL_FLASH_Lock,"ax",%progbits
ARM GAS  /tmp/ccFutYhx.s 			page 38


 909              		.align	1
 910              		.global	HAL_FLASH_Lock
 911              		.syntax unified
 912              		.thumb
 913              		.thumb_func
 915              	HAL_FLASH_Lock:
 916              	.LFB140:
 457:Drivers/STM32F4/Drivers/STM32F4xx_HAL_Driver/Src/stm32f4xx_hal_flash.c ****   /* Set the LOCK Bit to lock the FLASH Registers access */
 917              		.loc 1 457 1 is_stmt 1 view -0
 918              		.cfi_startproc
 919              		@ args = 0, pretend = 0, frame = 0
 920              		@ frame_needed = 0, uses_anonymous_args = 0
 921              		@ link register save eliminated.
 459:Drivers/STM32F4/Drivers/STM32F4xx_HAL_Driver/Src/stm32f4xx_hal_flash.c **** 
 922              		.loc 1 459 3 view .LVU232
 459:Drivers/STM32F4/Drivers/STM32F4xx_HAL_Driver/Src/stm32f4xx_hal_flash.c **** 
 923              		.loc 1 459 8 is_stmt 0 view .LVU233
 924 0000 034A     		ldr	r2, .L74
 925 0002 1369     		ldr	r3, [r2, #16]
 459:Drivers/STM32F4/Drivers/STM32F4xx_HAL_Driver/Src/stm32f4xx_hal_flash.c **** 
 926              		.loc 1 459 13 view .LVU234
 927 0004 43F00043 		orr	r3, r3, #-2147483648
 928 0008 1361     		str	r3, [r2, #16]
 461:Drivers/STM32F4/Drivers/STM32F4xx_HAL_Driver/Src/stm32f4xx_hal_flash.c **** }
 929              		.loc 1 461 3 is_stmt 1 view .LVU235
 462:Drivers/STM32F4/Drivers/STM32F4xx_HAL_Driver/Src/stm32f4xx_hal_flash.c **** 
 930              		.loc 1 462 1 is_stmt 0 view .LVU236
 931 000a 0020     		movs	r0, #0
 932 000c 7047     		bx	lr
 933              	.L75:
 934 000e 00BF     		.align	2
 935              	.L74:
 936 0010 003C0240 		.word	1073888256
 937              		.cfi_endproc
 938              	.LFE140:
 940              		.section	.text.HAL_FLASH_OB_Unlock,"ax",%progbits
 941              		.align	1
 942              		.global	HAL_FLASH_OB_Unlock
 943              		.syntax unified
 944              		.thumb
 945              		.thumb_func
 947              	HAL_FLASH_OB_Unlock:
 948              	.LFB141:
 469:Drivers/STM32F4/Drivers/STM32F4xx_HAL_Driver/Src/stm32f4xx_hal_flash.c ****   if ((FLASH->OPTCR & FLASH_OPTCR_OPTLOCK) != RESET)
 949              		.loc 1 469 1 is_stmt 1 view -0
 950              		.cfi_startproc
 951              		@ args = 0, pretend = 0, frame = 0
 952              		@ frame_needed = 0, uses_anonymous_args = 0
 953              		@ link register save eliminated.
 470:Drivers/STM32F4/Drivers/STM32F4xx_HAL_Driver/Src/stm32f4xx_hal_flash.c ****   {
 954              		.loc 1 470 3 view .LVU238
 470:Drivers/STM32F4/Drivers/STM32F4xx_HAL_Driver/Src/stm32f4xx_hal_flash.c ****   {
 955              		.loc 1 470 13 is_stmt 0 view .LVU239
 956 0000 074B     		ldr	r3, .L79
 957 0002 5B69     		ldr	r3, [r3, #20]
 470:Drivers/STM32F4/Drivers/STM32F4xx_HAL_Driver/Src/stm32f4xx_hal_flash.c ****   {
 958              		.loc 1 470 6 view .LVU240
ARM GAS  /tmp/ccFutYhx.s 			page 39


 959 0004 13F0010F 		tst	r3, #1
 960 0008 07D0     		beq	.L78
 473:Drivers/STM32F4/Drivers/STM32F4xx_HAL_Driver/Src/stm32f4xx_hal_flash.c ****     FLASH->OPTKEYR = FLASH_OPT_KEY2;
 961              		.loc 1 473 5 is_stmt 1 view .LVU241
 473:Drivers/STM32F4/Drivers/STM32F4xx_HAL_Driver/Src/stm32f4xx_hal_flash.c ****     FLASH->OPTKEYR = FLASH_OPT_KEY2;
 962              		.loc 1 473 20 is_stmt 0 view .LVU242
 963 000a 054B     		ldr	r3, .L79
 964 000c 054A     		ldr	r2, .L79+4
 965 000e 9A60     		str	r2, [r3, #8]
 474:Drivers/STM32F4/Drivers/STM32F4xx_HAL_Driver/Src/stm32f4xx_hal_flash.c ****   }
 966              		.loc 1 474 5 is_stmt 1 view .LVU243
 474:Drivers/STM32F4/Drivers/STM32F4xx_HAL_Driver/Src/stm32f4xx_hal_flash.c ****   }
 967              		.loc 1 474 20 is_stmt 0 view .LVU244
 968 0010 02F14432 		add	r2, r2, #1145324612
 969 0014 9A60     		str	r2, [r3, #8]
 481:Drivers/STM32F4/Drivers/STM32F4xx_HAL_Driver/Src/stm32f4xx_hal_flash.c **** }
 970              		.loc 1 481 3 is_stmt 1 view .LVU245
 481:Drivers/STM32F4/Drivers/STM32F4xx_HAL_Driver/Src/stm32f4xx_hal_flash.c **** }
 971              		.loc 1 481 10 is_stmt 0 view .LVU246
 972 0016 0020     		movs	r0, #0
 973 0018 7047     		bx	lr
 974              	.L78:
 478:Drivers/STM32F4/Drivers/STM32F4xx_HAL_Driver/Src/stm32f4xx_hal_flash.c ****   }
 975              		.loc 1 478 12 view .LVU247
 976 001a 0120     		movs	r0, #1
 482:Drivers/STM32F4/Drivers/STM32F4xx_HAL_Driver/Src/stm32f4xx_hal_flash.c **** 
 977              		.loc 1 482 1 view .LVU248
 978 001c 7047     		bx	lr
 979              	.L80:
 980 001e 00BF     		.align	2
 981              	.L79:
 982 0020 003C0240 		.word	1073888256
 983 0024 3B2A1908 		.word	135866939
 984              		.cfi_endproc
 985              	.LFE141:
 987              		.section	.text.HAL_FLASH_OB_Lock,"ax",%progbits
 988              		.align	1
 989              		.global	HAL_FLASH_OB_Lock
 990              		.syntax unified
 991              		.thumb
 992              		.thumb_func
 994              	HAL_FLASH_OB_Lock:
 995              	.LFB142:
 489:Drivers/STM32F4/Drivers/STM32F4xx_HAL_Driver/Src/stm32f4xx_hal_flash.c ****   /* Set the OPTLOCK Bit to lock the FLASH Option Byte Registers access */
 996              		.loc 1 489 1 is_stmt 1 view -0
 997              		.cfi_startproc
 998              		@ args = 0, pretend = 0, frame = 0
 999              		@ frame_needed = 0, uses_anonymous_args = 0
 1000              		@ link register save eliminated.
 491:Drivers/STM32F4/Drivers/STM32F4xx_HAL_Driver/Src/stm32f4xx_hal_flash.c **** 
 1001              		.loc 1 491 3 view .LVU250
 491:Drivers/STM32F4/Drivers/STM32F4xx_HAL_Driver/Src/stm32f4xx_hal_flash.c **** 
 1002              		.loc 1 491 8 is_stmt 0 view .LVU251
 1003 0000 034A     		ldr	r2, .L82
 1004 0002 5369     		ldr	r3, [r2, #20]
 491:Drivers/STM32F4/Drivers/STM32F4xx_HAL_Driver/Src/stm32f4xx_hal_flash.c **** 
 1005              		.loc 1 491 16 view .LVU252
ARM GAS  /tmp/ccFutYhx.s 			page 40


 1006 0004 43F00103 		orr	r3, r3, #1
 1007 0008 5361     		str	r3, [r2, #20]
 493:Drivers/STM32F4/Drivers/STM32F4xx_HAL_Driver/Src/stm32f4xx_hal_flash.c **** }
 1008              		.loc 1 493 3 is_stmt 1 view .LVU253
 494:Drivers/STM32F4/Drivers/STM32F4xx_HAL_Driver/Src/stm32f4xx_hal_flash.c **** 
 1009              		.loc 1 494 1 is_stmt 0 view .LVU254
 1010 000a 0020     		movs	r0, #0
 1011 000c 7047     		bx	lr
 1012              	.L83:
 1013 000e 00BF     		.align	2
 1014              	.L82:
 1015 0010 003C0240 		.word	1073888256
 1016              		.cfi_endproc
 1017              	.LFE142:
 1019              		.section	.text.HAL_FLASH_GetError,"ax",%progbits
 1020              		.align	1
 1021              		.global	HAL_FLASH_GetError
 1022              		.syntax unified
 1023              		.thumb
 1024              		.thumb_func
 1026              	HAL_FLASH_GetError:
 1027              	.LFB144:
 538:Drivers/STM32F4/Drivers/STM32F4xx_HAL_Driver/Src/stm32f4xx_hal_flash.c ****   return pFlash.ErrorCode;
 1028              		.loc 1 538 1 is_stmt 1 view -0
 1029              		.cfi_startproc
 1030              		@ args = 0, pretend = 0, frame = 0
 1031              		@ frame_needed = 0, uses_anonymous_args = 0
 1032              		@ link register save eliminated.
 539:Drivers/STM32F4/Drivers/STM32F4xx_HAL_Driver/Src/stm32f4xx_hal_flash.c **** }
 1033              		.loc 1 539 3 view .LVU256
 539:Drivers/STM32F4/Drivers/STM32F4xx_HAL_Driver/Src/stm32f4xx_hal_flash.c **** }
 1034              		.loc 1 539 16 is_stmt 0 view .LVU257
 1035 0000 014B     		ldr	r3, .L85
 1036 0002 D869     		ldr	r0, [r3, #28]
 540:Drivers/STM32F4/Drivers/STM32F4xx_HAL_Driver/Src/stm32f4xx_hal_flash.c **** 
 1037              		.loc 1 540 1 view .LVU258
 1038 0004 7047     		bx	lr
 1039              	.L86:
 1040 0006 00BF     		.align	2
 1041              	.L85:
 1042 0008 00000000 		.word	pFlash
 1043              		.cfi_endproc
 1044              	.LFE144:
 1046              		.section	.text.FLASH_WaitForLastOperation,"ax",%progbits
 1047              		.align	1
 1048              		.global	FLASH_WaitForLastOperation
 1049              		.syntax unified
 1050              		.thumb
 1051              		.thumb_func
 1053              	FLASH_WaitForLastOperation:
 1054              	.LVL59:
 1055              	.LFB145:
 552:Drivers/STM32F4/Drivers/STM32F4xx_HAL_Driver/Src/stm32f4xx_hal_flash.c ****   uint32_t tickstart = 0U;
 1056              		.loc 1 552 1 is_stmt 1 view -0
 1057              		.cfi_startproc
 1058              		@ args = 0, pretend = 0, frame = 0
 1059              		@ frame_needed = 0, uses_anonymous_args = 0
ARM GAS  /tmp/ccFutYhx.s 			page 41


 552:Drivers/STM32F4/Drivers/STM32F4xx_HAL_Driver/Src/stm32f4xx_hal_flash.c ****   uint32_t tickstart = 0U;
 1060              		.loc 1 552 1 is_stmt 0 view .LVU260
 1061 0000 38B5     		push	{r3, r4, r5, lr}
 1062              	.LCFI6:
 1063              		.cfi_def_cfa_offset 16
 1064              		.cfi_offset 3, -16
 1065              		.cfi_offset 4, -12
 1066              		.cfi_offset 5, -8
 1067              		.cfi_offset 14, -4
 1068 0002 0446     		mov	r4, r0
 553:Drivers/STM32F4/Drivers/STM32F4xx_HAL_Driver/Src/stm32f4xx_hal_flash.c **** 
 1069              		.loc 1 553 3 is_stmt 1 view .LVU261
 1070              	.LVL60:
 556:Drivers/STM32F4/Drivers/STM32F4xx_HAL_Driver/Src/stm32f4xx_hal_flash.c **** 
 1071              		.loc 1 556 3 view .LVU262
 556:Drivers/STM32F4/Drivers/STM32F4xx_HAL_Driver/Src/stm32f4xx_hal_flash.c **** 
 1072              		.loc 1 556 20 is_stmt 0 view .LVU263
 1073 0004 144B     		ldr	r3, .L98
 1074 0006 0022     		movs	r2, #0
 1075 0008 DA61     		str	r2, [r3, #28]
 562:Drivers/STM32F4/Drivers/STM32F4xx_HAL_Driver/Src/stm32f4xx_hal_flash.c **** 
 1076              		.loc 1 562 3 is_stmt 1 view .LVU264
 562:Drivers/STM32F4/Drivers/STM32F4xx_HAL_Driver/Src/stm32f4xx_hal_flash.c **** 
 1077              		.loc 1 562 15 is_stmt 0 view .LVU265
 1078 000a FFF7FEFF 		bl	HAL_GetTick
 1079              	.LVL61:
 562:Drivers/STM32F4/Drivers/STM32F4xx_HAL_Driver/Src/stm32f4xx_hal_flash.c **** 
 1080              		.loc 1 562 15 view .LVU266
 1081 000e 0546     		mov	r5, r0
 1082              	.LVL62:
 564:Drivers/STM32F4/Drivers/STM32F4xx_HAL_Driver/Src/stm32f4xx_hal_flash.c ****   {
 1083              		.loc 1 564 3 is_stmt 1 view .LVU267
 1084              	.L89:
 564:Drivers/STM32F4/Drivers/STM32F4xx_HAL_Driver/Src/stm32f4xx_hal_flash.c ****   {
 1085              		.loc 1 564 47 view .LVU268
 564:Drivers/STM32F4/Drivers/STM32F4xx_HAL_Driver/Src/stm32f4xx_hal_flash.c ****   {
 1086              		.loc 1 564 10 is_stmt 0 view .LVU269
 1087 0010 124B     		ldr	r3, .L98+4
 1088 0012 DB68     		ldr	r3, [r3, #12]
 564:Drivers/STM32F4/Drivers/STM32F4xx_HAL_Driver/Src/stm32f4xx_hal_flash.c ****   {
 1089              		.loc 1 564 47 view .LVU270
 1090 0014 13F4803F 		tst	r3, #65536
 1091 0018 0AD0     		beq	.L96
 566:Drivers/STM32F4/Drivers/STM32F4xx_HAL_Driver/Src/stm32f4xx_hal_flash.c ****     {
 1092              		.loc 1 566 5 is_stmt 1 view .LVU271
 566:Drivers/STM32F4/Drivers/STM32F4xx_HAL_Driver/Src/stm32f4xx_hal_flash.c ****     {
 1093              		.loc 1 566 8 is_stmt 0 view .LVU272
 1094 001a B4F1FF3F 		cmp	r4, #-1
 1095 001e F7D0     		beq	.L89
 568:Drivers/STM32F4/Drivers/STM32F4xx_HAL_Driver/Src/stm32f4xx_hal_flash.c ****       {
 1096              		.loc 1 568 7 is_stmt 1 view .LVU273
 568:Drivers/STM32F4/Drivers/STM32F4xx_HAL_Driver/Src/stm32f4xx_hal_flash.c ****       {
 1097              		.loc 1 568 10 is_stmt 0 view .LVU274
 1098 0020 24B1     		cbz	r4, .L90
 568:Drivers/STM32F4/Drivers/STM32F4xx_HAL_Driver/Src/stm32f4xx_hal_flash.c ****       {
 1099              		.loc 1 568 32 discriminator 1 view .LVU275
 1100 0022 FFF7FEFF 		bl	HAL_GetTick
ARM GAS  /tmp/ccFutYhx.s 			page 42


 1101              	.LVL63:
 568:Drivers/STM32F4/Drivers/STM32F4xx_HAL_Driver/Src/stm32f4xx_hal_flash.c ****       {
 1102              		.loc 1 568 46 discriminator 1 view .LVU276
 1103 0026 401B     		subs	r0, r0, r5
 568:Drivers/STM32F4/Drivers/STM32F4xx_HAL_Driver/Src/stm32f4xx_hal_flash.c ****       {
 1104              		.loc 1 568 27 discriminator 1 view .LVU277
 1105 0028 A042     		cmp	r0, r4
 1106 002a F1D9     		bls	.L89
 1107              	.L90:
 570:Drivers/STM32F4/Drivers/STM32F4xx_HAL_Driver/Src/stm32f4xx_hal_flash.c ****       }
 1108              		.loc 1 570 9 is_stmt 1 view .LVU278
 570:Drivers/STM32F4/Drivers/STM32F4xx_HAL_Driver/Src/stm32f4xx_hal_flash.c ****       }
 1109              		.loc 1 570 16 is_stmt 0 view .LVU279
 1110 002c 0320     		movs	r0, #3
 1111 002e 0DE0     		b	.L91
 1112              	.L96:
 576:Drivers/STM32F4/Drivers/STM32F4xx_HAL_Driver/Src/stm32f4xx_hal_flash.c ****   {
 1113              		.loc 1 576 3 is_stmt 1 view .LVU280
 576:Drivers/STM32F4/Drivers/STM32F4xx_HAL_Driver/Src/stm32f4xx_hal_flash.c ****   {
 1114              		.loc 1 576 7 is_stmt 0 view .LVU281
 1115 0030 0A4B     		ldr	r3, .L98+4
 1116 0032 DB68     		ldr	r3, [r3, #12]
 576:Drivers/STM32F4/Drivers/STM32F4xx_HAL_Driver/Src/stm32f4xx_hal_flash.c ****   {
 1117              		.loc 1 576 6 view .LVU282
 1118 0034 13F0010F 		tst	r3, #1
 1119 0038 02D0     		beq	.L93
 579:Drivers/STM32F4/Drivers/STM32F4xx_HAL_Driver/Src/stm32f4xx_hal_flash.c ****   }
 1120              		.loc 1 579 5 is_stmt 1 view .LVU283
 1121 003a 084B     		ldr	r3, .L98+4
 1122 003c 0122     		movs	r2, #1
 1123 003e DA60     		str	r2, [r3, #12]
 1124              	.L93:
 585:Drivers/STM32F4/Drivers/STM32F4xx_HAL_Driver/Src/stm32f4xx_hal_flash.c ****                             FLASH_FLAG_PGPERR | FLASH_FLAG_PGSERR)) != RESET)
 1125              		.loc 1 585 3 view .LVU284
 585:Drivers/STM32F4/Drivers/STM32F4xx_HAL_Driver/Src/stm32f4xx_hal_flash.c ****                             FLASH_FLAG_PGPERR | FLASH_FLAG_PGSERR)) != RESET)
 1126              		.loc 1 585 7 is_stmt 0 view .LVU285
 1127 0040 064B     		ldr	r3, .L98+4
 1128 0042 DB68     		ldr	r3, [r3, #12]
 585:Drivers/STM32F4/Drivers/STM32F4xx_HAL_Driver/Src/stm32f4xx_hal_flash.c ****                             FLASH_FLAG_PGPERR | FLASH_FLAG_PGSERR)) != RESET)
 1129              		.loc 1 585 6 view .LVU286
 1130 0044 13F0F20F 		tst	r3, #242
 1131 0048 01D1     		bne	.L97
 595:Drivers/STM32F4/Drivers/STM32F4xx_HAL_Driver/Src/stm32f4xx_hal_flash.c **** 
 1132              		.loc 1 595 10 view .LVU287
 1133 004a 0020     		movs	r0, #0
 1134              	.L91:
 597:Drivers/STM32F4/Drivers/STM32F4xx_HAL_Driver/Src/stm32f4xx_hal_flash.c **** 
 1135              		.loc 1 597 1 view .LVU288
 1136 004c 38BD     		pop	{r3, r4, r5, pc}
 1137              	.LVL64:
 1138              	.L97:
 590:Drivers/STM32F4/Drivers/STM32F4xx_HAL_Driver/Src/stm32f4xx_hal_flash.c ****     return HAL_ERROR;
 1139              		.loc 1 590 5 is_stmt 1 view .LVU289
 1140 004e FFF7FEFF 		bl	FLASH_SetErrorCode
 1141              	.LVL65:
 591:Drivers/STM32F4/Drivers/STM32F4xx_HAL_Driver/Src/stm32f4xx_hal_flash.c ****   }
 1142              		.loc 1 591 5 view .LVU290
ARM GAS  /tmp/ccFutYhx.s 			page 43


 591:Drivers/STM32F4/Drivers/STM32F4xx_HAL_Driver/Src/stm32f4xx_hal_flash.c ****   }
 1143              		.loc 1 591 12 is_stmt 0 view .LVU291
 1144 0052 0120     		movs	r0, #1
 1145 0054 FAE7     		b	.L91
 1146              	.L99:
 1147 0056 00BF     		.align	2
 1148              	.L98:
 1149 0058 00000000 		.word	pFlash
 1150 005c 003C0240 		.word	1073888256
 1151              		.cfi_endproc
 1152              	.LFE145:
 1154              		.section	.text.HAL_FLASH_Program,"ax",%progbits
 1155              		.align	1
 1156              		.global	HAL_FLASH_Program
 1157              		.syntax unified
 1158              		.thumb
 1159              		.thumb_func
 1161              	HAL_FLASH_Program:
 1162              	.LVL66:
 1163              	.LFB134:
 162:Drivers/STM32F4/Drivers/STM32F4xx_HAL_Driver/Src/stm32f4xx_hal_flash.c ****   HAL_StatusTypeDef status;
 1164              		.loc 1 162 1 is_stmt 1 view -0
 1165              		.cfi_startproc
 1166              		@ args = 0, pretend = 0, frame = 0
 1167              		@ frame_needed = 0, uses_anonymous_args = 0
 162:Drivers/STM32F4/Drivers/STM32F4xx_HAL_Driver/Src/stm32f4xx_hal_flash.c ****   HAL_StatusTypeDef status;
 1168              		.loc 1 162 1 is_stmt 0 view .LVU293
 1169 0000 F8B5     		push	{r3, r4, r5, r6, r7, lr}
 1170              	.LCFI7:
 1171              		.cfi_def_cfa_offset 24
 1172              		.cfi_offset 3, -24
 1173              		.cfi_offset 4, -20
 1174              		.cfi_offset 5, -16
 1175              		.cfi_offset 6, -12
 1176              		.cfi_offset 7, -8
 1177              		.cfi_offset 14, -4
 1178 0002 1646     		mov	r6, r2
 163:Drivers/STM32F4/Drivers/STM32F4xx_HAL_Driver/Src/stm32f4xx_hal_flash.c **** 
 1179              		.loc 1 163 3 is_stmt 1 view .LVU294
 166:Drivers/STM32F4/Drivers/STM32F4xx_HAL_Driver/Src/stm32f4xx_hal_flash.c **** 
 1180              		.loc 1 166 3 view .LVU295
 166:Drivers/STM32F4/Drivers/STM32F4xx_HAL_Driver/Src/stm32f4xx_hal_flash.c **** 
 1181              		.loc 1 166 3 view .LVU296
 1182 0004 1E4A     		ldr	r2, .L114
 1183              	.LVL67:
 166:Drivers/STM32F4/Drivers/STM32F4xx_HAL_Driver/Src/stm32f4xx_hal_flash.c **** 
 1184              		.loc 1 166 3 is_stmt 0 view .LVU297
 1185 0006 127E     		ldrb	r2, [r2, #24]	@ zero_extendqisi2
 1186 0008 012A     		cmp	r2, #1
 1187 000a 37D0     		beq	.L108
 1188 000c 0446     		mov	r4, r0
 1189 000e 0D46     		mov	r5, r1
 1190 0010 1F46     		mov	r7, r3
 166:Drivers/STM32F4/Drivers/STM32F4xx_HAL_Driver/Src/stm32f4xx_hal_flash.c **** 
 1191              		.loc 1 166 3 is_stmt 1 discriminator 2 view .LVU298
 1192 0012 1B4B     		ldr	r3, .L114
 1193 0014 0122     		movs	r2, #1
ARM GAS  /tmp/ccFutYhx.s 			page 44


 1194 0016 1A76     		strb	r2, [r3, #24]
 166:Drivers/STM32F4/Drivers/STM32F4xx_HAL_Driver/Src/stm32f4xx_hal_flash.c **** 
 1195              		.loc 1 166 3 discriminator 2 view .LVU299
 169:Drivers/STM32F4/Drivers/STM32F4xx_HAL_Driver/Src/stm32f4xx_hal_flash.c **** 
 1196              		.loc 1 169 3 view .LVU300
 1197 0018 0328     		cmp	r0, #3
 1198 001a 1BD8     		bhi	.L110
 1199              	.LVL68:
 1200              	.L102:
 172:Drivers/STM32F4/Drivers/STM32F4xx_HAL_Driver/Src/stm32f4xx_hal_flash.c **** 
 1201              		.loc 1 172 3 view .LVU301
 172:Drivers/STM32F4/Drivers/STM32F4xx_HAL_Driver/Src/stm32f4xx_hal_flash.c **** 
 1202              		.loc 1 172 12 is_stmt 0 view .LVU302
 1203 001c 4CF25030 		movw	r0, #50000
 1204 0020 FFF7FEFF 		bl	FLASH_WaitForLastOperation
 1205              	.LVL69:
 174:Drivers/STM32F4/Drivers/STM32F4xx_HAL_Driver/Src/stm32f4xx_hal_flash.c ****   {
 1206              		.loc 1 174 3 is_stmt 1 view .LVU303
 174:Drivers/STM32F4/Drivers/STM32F4xx_HAL_Driver/Src/stm32f4xx_hal_flash.c ****   {
 1207              		.loc 1 174 6 is_stmt 0 view .LVU304
 1208 0024 90B9     		cbnz	r0, .L103
 176:Drivers/STM32F4/Drivers/STM32F4xx_HAL_Driver/Src/stm32f4xx_hal_flash.c ****     {
 1209              		.loc 1 176 5 is_stmt 1 view .LVU305
 176:Drivers/STM32F4/Drivers/STM32F4xx_HAL_Driver/Src/stm32f4xx_hal_flash.c ****     {
 1210              		.loc 1 176 8 is_stmt 0 view .LVU306
 1211 0026 D4B1     		cbz	r4, .L111
 181:Drivers/STM32F4/Drivers/STM32F4xx_HAL_Driver/Src/stm32f4xx_hal_flash.c ****     {
 1212              		.loc 1 181 10 is_stmt 1 view .LVU307
 181:Drivers/STM32F4/Drivers/STM32F4xx_HAL_Driver/Src/stm32f4xx_hal_flash.c ****     {
 1213              		.loc 1 181 13 is_stmt 0 view .LVU308
 1214 0028 012C     		cmp	r4, #1
 1215 002a 1DD0     		beq	.L112
 186:Drivers/STM32F4/Drivers/STM32F4xx_HAL_Driver/Src/stm32f4xx_hal_flash.c ****     {
 1216              		.loc 1 186 10 is_stmt 1 view .LVU309
 186:Drivers/STM32F4/Drivers/STM32F4xx_HAL_Driver/Src/stm32f4xx_hal_flash.c ****     {
 1217              		.loc 1 186 13 is_stmt 0 view .LVU310
 1218 002c 022C     		cmp	r4, #2
 1219 002e 20D0     		beq	.L113
 194:Drivers/STM32F4/Drivers/STM32F4xx_HAL_Driver/Src/stm32f4xx_hal_flash.c ****     }
 1220              		.loc 1 194 7 is_stmt 1 view .LVU311
 1221 0030 3246     		mov	r2, r6
 1222 0032 3B46     		mov	r3, r7
 1223 0034 2846     		mov	r0, r5
 1224              	.LVL70:
 194:Drivers/STM32F4/Drivers/STM32F4xx_HAL_Driver/Src/stm32f4xx_hal_flash.c ****     }
 1225              		.loc 1 194 7 is_stmt 0 view .LVU312
 1226 0036 FFF7FEFF 		bl	FLASH_Program_DoubleWord
 1227              	.LVL71:
 1228              	.L105:
 198:Drivers/STM32F4/Drivers/STM32F4xx_HAL_Driver/Src/stm32f4xx_hal_flash.c **** 
 1229              		.loc 1 198 5 is_stmt 1 view .LVU313
 198:Drivers/STM32F4/Drivers/STM32F4xx_HAL_Driver/Src/stm32f4xx_hal_flash.c **** 
 1230              		.loc 1 198 14 is_stmt 0 view .LVU314
 1231 003a 4CF25030 		movw	r0, #50000
 1232 003e FFF7FEFF 		bl	FLASH_WaitForLastOperation
 1233              	.LVL72:
 201:Drivers/STM32F4/Drivers/STM32F4xx_HAL_Driver/Src/stm32f4xx_hal_flash.c ****   }
ARM GAS  /tmp/ccFutYhx.s 			page 45


 1234              		.loc 1 201 5 is_stmt 1 view .LVU315
 201:Drivers/STM32F4/Drivers/STM32F4xx_HAL_Driver/Src/stm32f4xx_hal_flash.c ****   }
 1235              		.loc 1 201 10 is_stmt 0 view .LVU316
 1236 0042 104A     		ldr	r2, .L114+4
 1237 0044 1369     		ldr	r3, [r2, #16]
 201:Drivers/STM32F4/Drivers/STM32F4xx_HAL_Driver/Src/stm32f4xx_hal_flash.c ****   }
 1238              		.loc 1 201 15 view .LVU317
 1239 0046 23F00103 		bic	r3, r3, #1
 1240 004a 1361     		str	r3, [r2, #16]
 1241              	.L103:
 205:Drivers/STM32F4/Drivers/STM32F4xx_HAL_Driver/Src/stm32f4xx_hal_flash.c **** 
 1242              		.loc 1 205 3 is_stmt 1 view .LVU318
 205:Drivers/STM32F4/Drivers/STM32F4xx_HAL_Driver/Src/stm32f4xx_hal_flash.c **** 
 1243              		.loc 1 205 3 view .LVU319
 1244 004c 0C4B     		ldr	r3, .L114
 1245 004e 0022     		movs	r2, #0
 1246 0050 1A76     		strb	r2, [r3, #24]
 205:Drivers/STM32F4/Drivers/STM32F4xx_HAL_Driver/Src/stm32f4xx_hal_flash.c **** 
 1247              		.loc 1 205 3 view .LVU320
 207:Drivers/STM32F4/Drivers/STM32F4xx_HAL_Driver/Src/stm32f4xx_hal_flash.c **** }
 1248              		.loc 1 207 3 view .LVU321
 1249              	.LVL73:
 1250              	.L101:
 208:Drivers/STM32F4/Drivers/STM32F4xx_HAL_Driver/Src/stm32f4xx_hal_flash.c **** 
 1251              		.loc 1 208 1 is_stmt 0 view .LVU322
 1252 0052 F8BD     		pop	{r3, r4, r5, r6, r7, pc}
 1253              	.LVL74:
 1254              	.L110:
 169:Drivers/STM32F4/Drivers/STM32F4xx_HAL_Driver/Src/stm32f4xx_hal_flash.c **** 
 1255              		.loc 1 169 3 discriminator 1 view .LVU323
 1256 0054 A921     		movs	r1, #169
 1257              	.LVL75:
 169:Drivers/STM32F4/Drivers/STM32F4xx_HAL_Driver/Src/stm32f4xx_hal_flash.c **** 
 1258              		.loc 1 169 3 discriminator 1 view .LVU324
 1259 0056 0C48     		ldr	r0, .L114+8
 1260              	.LVL76:
 169:Drivers/STM32F4/Drivers/STM32F4xx_HAL_Driver/Src/stm32f4xx_hal_flash.c **** 
 1261              		.loc 1 169 3 discriminator 1 view .LVU325
 1262 0058 FFF7FEFF 		bl	assert_failed
 1263              	.LVL77:
 1264 005c DEE7     		b	.L102
 1265              	.LVL78:
 1266              	.L111:
 179:Drivers/STM32F4/Drivers/STM32F4xx_HAL_Driver/Src/stm32f4xx_hal_flash.c ****     }
 1267              		.loc 1 179 7 is_stmt 1 view .LVU326
 1268 005e F1B2     		uxtb	r1, r6
 1269 0060 2846     		mov	r0, r5
 1270              	.LVL79:
 179:Drivers/STM32F4/Drivers/STM32F4xx_HAL_Driver/Src/stm32f4xx_hal_flash.c ****     }
 1271              		.loc 1 179 7 is_stmt 0 view .LVU327
 1272 0062 FFF7FEFF 		bl	FLASH_Program_Byte
 1273              	.LVL80:
 1274 0066 E8E7     		b	.L105
 1275              	.LVL81:
 1276              	.L112:
 184:Drivers/STM32F4/Drivers/STM32F4xx_HAL_Driver/Src/stm32f4xx_hal_flash.c ****     }
 1277              		.loc 1 184 7 is_stmt 1 view .LVU328
ARM GAS  /tmp/ccFutYhx.s 			page 46


 1278 0068 B1B2     		uxth	r1, r6
 1279 006a 2846     		mov	r0, r5
 1280              	.LVL82:
 184:Drivers/STM32F4/Drivers/STM32F4xx_HAL_Driver/Src/stm32f4xx_hal_flash.c ****     }
 1281              		.loc 1 184 7 is_stmt 0 view .LVU329
 1282 006c FFF7FEFF 		bl	FLASH_Program_HalfWord
 1283              	.LVL83:
 1284 0070 E3E7     		b	.L105
 1285              	.LVL84:
 1286              	.L113:
 189:Drivers/STM32F4/Drivers/STM32F4xx_HAL_Driver/Src/stm32f4xx_hal_flash.c ****     }
 1287              		.loc 1 189 7 is_stmt 1 view .LVU330
 1288 0072 3146     		mov	r1, r6
 1289 0074 2846     		mov	r0, r5
 1290              	.LVL85:
 189:Drivers/STM32F4/Drivers/STM32F4xx_HAL_Driver/Src/stm32f4xx_hal_flash.c ****     }
 1291              		.loc 1 189 7 is_stmt 0 view .LVU331
 1292 0076 FFF7FEFF 		bl	FLASH_Program_Word
 1293              	.LVL86:
 1294 007a DEE7     		b	.L105
 1295              	.LVL87:
 1296              	.L108:
 166:Drivers/STM32F4/Drivers/STM32F4xx_HAL_Driver/Src/stm32f4xx_hal_flash.c **** 
 1297              		.loc 1 166 3 discriminator 1 view .LVU332
 1298 007c 0220     		movs	r0, #2
 1299              	.LVL88:
 166:Drivers/STM32F4/Drivers/STM32F4xx_HAL_Driver/Src/stm32f4xx_hal_flash.c **** 
 1300              		.loc 1 166 3 discriminator 1 view .LVU333
 1301 007e E8E7     		b	.L101
 1302              	.L115:
 1303              		.align	2
 1304              	.L114:
 1305 0080 00000000 		.word	pFlash
 1306 0084 003C0240 		.word	1073888256
 1307 0088 00000000 		.word	.LC0
 1308              		.cfi_endproc
 1309              	.LFE134:
 1311              		.section	.text.HAL_FLASH_OB_Launch,"ax",%progbits
 1312              		.align	1
 1313              		.global	HAL_FLASH_OB_Launch
 1314              		.syntax unified
 1315              		.thumb
 1316              		.thumb_func
 1318              	HAL_FLASH_OB_Launch:
 1319              	.LFB143:
 501:Drivers/STM32F4/Drivers/STM32F4xx_HAL_Driver/Src/stm32f4xx_hal_flash.c ****   /* Set the OPTSTRT bit in OPTCR register */
 1320              		.loc 1 501 1 is_stmt 1 view -0
 1321              		.cfi_startproc
 1322              		@ args = 0, pretend = 0, frame = 0
 1323              		@ frame_needed = 0, uses_anonymous_args = 0
 1324 0000 08B5     		push	{r3, lr}
 1325              	.LCFI8:
 1326              		.cfi_def_cfa_offset 8
 1327              		.cfi_offset 3, -8
 1328              		.cfi_offset 14, -4
 503:Drivers/STM32F4/Drivers/STM32F4xx_HAL_Driver/Src/stm32f4xx_hal_flash.c **** 
 1329              		.loc 1 503 3 view .LVU335
ARM GAS  /tmp/ccFutYhx.s 			page 47


 1330 0002 054A     		ldr	r2, .L118
 1331 0004 137D     		ldrb	r3, [r2, #20]	@ zero_extendqisi2
 503:Drivers/STM32F4/Drivers/STM32F4xx_HAL_Driver/Src/stm32f4xx_hal_flash.c **** 
 1332              		.loc 1 503 40 is_stmt 0 view .LVU336
 1333 0006 43F00203 		orr	r3, r3, #2
 1334 000a 1375     		strb	r3, [r2, #20]
 506:Drivers/STM32F4/Drivers/STM32F4xx_HAL_Driver/Src/stm32f4xx_hal_flash.c **** }
 1335              		.loc 1 506 3 is_stmt 1 view .LVU337
 506:Drivers/STM32F4/Drivers/STM32F4xx_HAL_Driver/Src/stm32f4xx_hal_flash.c **** }
 1336              		.loc 1 506 11 is_stmt 0 view .LVU338
 1337 000c 4CF25030 		movw	r0, #50000
 1338 0010 FFF7FEFF 		bl	FLASH_WaitForLastOperation
 1339              	.LVL89:
 507:Drivers/STM32F4/Drivers/STM32F4xx_HAL_Driver/Src/stm32f4xx_hal_flash.c **** 
 1340              		.loc 1 507 1 view .LVU339
 1341 0014 08BD     		pop	{r3, pc}
 1342              	.L119:
 1343 0016 00BF     		.align	2
 1344              	.L118:
 1345 0018 003C0240 		.word	1073888256
 1346              		.cfi_endproc
 1347              	.LFE143:
 1349              		.global	pFlash
 1350              		.section	.data.pFlash,"aw"
 1351              		.align	2
 1354              	pFlash:
 1355 0000 00       		.byte	0
 1356 0001 000000   		.space	3
 1357 0004 00000000 		.word	0
 1358 0008 00       		.byte	0
 1359 0009 000000   		.space	3
 1360 000c 00000000 		.word	0
 1361 0010 01000000 		.word	1
 1362 0014 00000000 		.word	0
 1363 0018 00       		.byte	0
 1364 0019 000000   		.space	3
 1365 001c 00000000 		.word	0
 1366              		.text
 1367              	.Letext0:
 1368              		.file 3 "/usr/lib/gcc/arm-none-eabi/13.2.1/include/stdint.h"
 1369              		.file 4 "Drivers/STM32F4/Drivers/CMSIS/Device/ST/STM32F4xx/Include/stm32f405xx.h"
 1370              		.file 5 "Drivers/STM32F4/Drivers/CMSIS/Device/ST/STM32F4xx/Include/stm32f4xx.h"
 1371              		.file 6 "Drivers/STM32F4/Drivers/STM32F4xx_HAL_Driver/Inc/stm32f4xx_hal_def.h"
 1372              		.file 7 "Drivers/STM32F4/Drivers/STM32F4xx_HAL_Driver/Inc/stm32f4xx_hal_flash.h"
 1373              		.file 8 "Drivers/STM32F4/Drivers/STM32F4xx_HAL_Driver/Inc/stm32f4xx_hal_flash_ex.h"
 1374              		.file 9 "Core/Inc/stm32f4xx_hal_conf.h"
 1375              		.file 10 "Drivers/STM32F4/Drivers/STM32F4xx_HAL_Driver/Inc/stm32f4xx_hal.h"
ARM GAS  /tmp/ccFutYhx.s 			page 48


DEFINED SYMBOLS
                            *ABS*:00000000 stm32f4xx_hal_flash.c
     /tmp/ccFutYhx.s:21     .text.FLASH_SetErrorCode:00000000 $t
     /tmp/ccFutYhx.s:26     .text.FLASH_SetErrorCode:00000000 FLASH_SetErrorCode
     /tmp/ccFutYhx.s:133    .text.FLASH_SetErrorCode:00000084 $d
     /tmp/ccFutYhx.s:1354   .data.pFlash:00000000 pFlash
     /tmp/ccFutYhx.s:139    .rodata.FLASH_Program_Byte.str1.4:00000000 $d
     /tmp/ccFutYhx.s:144    .text.FLASH_Program_Byte:00000000 $t
     /tmp/ccFutYhx.s:149    .text.FLASH_Program_Byte:00000000 FLASH_Program_Byte
     /tmp/ccFutYhx.s:213    .text.FLASH_Program_Byte:00000044 $d
     /tmp/ccFutYhx.s:219    .text.FLASH_Program_HalfWord:00000000 $t
     /tmp/ccFutYhx.s:224    .text.FLASH_Program_HalfWord:00000000 FLASH_Program_HalfWord
     /tmp/ccFutYhx.s:289    .text.FLASH_Program_HalfWord:00000048 $d
     /tmp/ccFutYhx.s:295    .text.FLASH_Program_Word:00000000 $t
     /tmp/ccFutYhx.s:300    .text.FLASH_Program_Word:00000000 FLASH_Program_Word
     /tmp/ccFutYhx.s:365    .text.FLASH_Program_Word:00000048 $d
     /tmp/ccFutYhx.s:371    .text.FLASH_Program_DoubleWord:00000000 $t
     /tmp/ccFutYhx.s:376    .text.FLASH_Program_DoubleWord:00000000 FLASH_Program_DoubleWord
     /tmp/ccFutYhx.s:459    .text.FLASH_Program_DoubleWord:00000050 $d
     /tmp/ccFutYhx.s:465    .text.HAL_FLASH_Program_IT:00000000 $t
     /tmp/ccFutYhx.s:471    .text.HAL_FLASH_Program_IT:00000000 HAL_FLASH_Program_IT
     /tmp/ccFutYhx.s:575    .text.HAL_FLASH_Program_IT:0000006c $d
     /tmp/ccFutYhx.s:582    .text.HAL_FLASH_EndOfOperationCallback:00000000 $t
     /tmp/ccFutYhx.s:588    .text.HAL_FLASH_EndOfOperationCallback:00000000 HAL_FLASH_EndOfOperationCallback
     /tmp/ccFutYhx.s:603    .text.HAL_FLASH_OperationErrorCallback:00000000 $t
     /tmp/ccFutYhx.s:609    .text.HAL_FLASH_OperationErrorCallback:00000000 HAL_FLASH_OperationErrorCallback
     /tmp/ccFutYhx.s:624    .text.HAL_FLASH_IRQHandler:00000000 $t
     /tmp/ccFutYhx.s:630    .text.HAL_FLASH_IRQHandler:00000000 HAL_FLASH_IRQHandler
     /tmp/ccFutYhx.s:845    .text.HAL_FLASH_IRQHandler:000000e4 $d
     /tmp/ccFutYhx.s:851    .text.HAL_FLASH_Unlock:00000000 $t
     /tmp/ccFutYhx.s:857    .text.HAL_FLASH_Unlock:00000000 HAL_FLASH_Unlock
     /tmp/ccFutYhx.s:903    .text.HAL_FLASH_Unlock:00000028 $d
     /tmp/ccFutYhx.s:909    .text.HAL_FLASH_Lock:00000000 $t
     /tmp/ccFutYhx.s:915    .text.HAL_FLASH_Lock:00000000 HAL_FLASH_Lock
     /tmp/ccFutYhx.s:936    .text.HAL_FLASH_Lock:00000010 $d
     /tmp/ccFutYhx.s:941    .text.HAL_FLASH_OB_Unlock:00000000 $t
     /tmp/ccFutYhx.s:947    .text.HAL_FLASH_OB_Unlock:00000000 HAL_FLASH_OB_Unlock
     /tmp/ccFutYhx.s:982    .text.HAL_FLASH_OB_Unlock:00000020 $d
     /tmp/ccFutYhx.s:988    .text.HAL_FLASH_OB_Lock:00000000 $t
     /tmp/ccFutYhx.s:994    .text.HAL_FLASH_OB_Lock:00000000 HAL_FLASH_OB_Lock
     /tmp/ccFutYhx.s:1015   .text.HAL_FLASH_OB_Lock:00000010 $d
     /tmp/ccFutYhx.s:1020   .text.HAL_FLASH_GetError:00000000 $t
     /tmp/ccFutYhx.s:1026   .text.HAL_FLASH_GetError:00000000 HAL_FLASH_GetError
     /tmp/ccFutYhx.s:1042   .text.HAL_FLASH_GetError:00000008 $d
     /tmp/ccFutYhx.s:1047   .text.FLASH_WaitForLastOperation:00000000 $t
     /tmp/ccFutYhx.s:1053   .text.FLASH_WaitForLastOperation:00000000 FLASH_WaitForLastOperation
     /tmp/ccFutYhx.s:1149   .text.FLASH_WaitForLastOperation:00000058 $d
     /tmp/ccFutYhx.s:1155   .text.HAL_FLASH_Program:00000000 $t
     /tmp/ccFutYhx.s:1161   .text.HAL_FLASH_Program:00000000 HAL_FLASH_Program
     /tmp/ccFutYhx.s:1305   .text.HAL_FLASH_Program:00000080 $d
     /tmp/ccFutYhx.s:1312   .text.HAL_FLASH_OB_Launch:00000000 $t
     /tmp/ccFutYhx.s:1318   .text.HAL_FLASH_OB_Launch:00000000 HAL_FLASH_OB_Launch
     /tmp/ccFutYhx.s:1345   .text.HAL_FLASH_OB_Launch:00000018 $d
     /tmp/ccFutYhx.s:1351   .data.pFlash:00000000 $d

UNDEFINED SYMBOLS
assert_failed
ARM GAS  /tmp/ccFutYhx.s 			page 49


FLASH_Erase_Sector
FLASH_FlushCaches
HAL_GetTick
