ARM GAS  /tmp/ccFnRKf2.s 			page 1


   1              		.cpu cortex-m4
   2              		.arch armv7e-m
   3              		.fpu fpv4-sp-d16
   4              		.eabi_attribute 27, 1
   5              		.eabi_attribute 28, 1
   6              		.eabi_attribute 20, 1
   7              		.eabi_attribute 21, 1
   8              		.eabi_attribute 23, 3
   9              		.eabi_attribute 24, 1
  10              		.eabi_attribute 25, 1
  11              		.eabi_attribute 26, 1
  12              		.eabi_attribute 30, 1
  13              		.eabi_attribute 34, 1
  14              		.eabi_attribute 18, 4
  15              		.file	"stm32f4xx_hal_pwr.c"
  16              		.text
  17              	.Ltext0:
  18              		.cfi_sections	.debug_frame
  19              		.file 1 "Drivers/STM32F4/Drivers/STM32F4xx_HAL_Driver/Src/stm32f4xx_hal_pwr.c"
  20              		.section	.text.HAL_PWR_DeInit,"ax",%progbits
  21              		.align	1
  22              		.global	HAL_PWR_DeInit
  23              		.syntax unified
  24              		.thumb
  25              		.thumb_func
  27              	HAL_PWR_DeInit:
  28              	.LFB134:
   1:Drivers/STM32F4/Drivers/STM32F4xx_HAL_Driver/Src/stm32f4xx_hal_pwr.c **** /**
   2:Drivers/STM32F4/Drivers/STM32F4xx_HAL_Driver/Src/stm32f4xx_hal_pwr.c ****   ******************************************************************************
   3:Drivers/STM32F4/Drivers/STM32F4xx_HAL_Driver/Src/stm32f4xx_hal_pwr.c ****   * @file    stm32f4xx_hal_pwr.c
   4:Drivers/STM32F4/Drivers/STM32F4xx_HAL_Driver/Src/stm32f4xx_hal_pwr.c ****   * @author  MCD Application Team
   5:Drivers/STM32F4/Drivers/STM32F4xx_HAL_Driver/Src/stm32f4xx_hal_pwr.c ****   * @brief   PWR HAL module driver.
   6:Drivers/STM32F4/Drivers/STM32F4xx_HAL_Driver/Src/stm32f4xx_hal_pwr.c ****   *          This file provides firmware functions to manage the following 
   7:Drivers/STM32F4/Drivers/STM32F4xx_HAL_Driver/Src/stm32f4xx_hal_pwr.c ****   *          functionalities of the Power Controller (PWR) peripheral:
   8:Drivers/STM32F4/Drivers/STM32F4xx_HAL_Driver/Src/stm32f4xx_hal_pwr.c ****   *           + Initialization and de-initialization functions
   9:Drivers/STM32F4/Drivers/STM32F4xx_HAL_Driver/Src/stm32f4xx_hal_pwr.c ****   *           + Peripheral Control functions 
  10:Drivers/STM32F4/Drivers/STM32F4xx_HAL_Driver/Src/stm32f4xx_hal_pwr.c ****   *         
  11:Drivers/STM32F4/Drivers/STM32F4xx_HAL_Driver/Src/stm32f4xx_hal_pwr.c ****   ******************************************************************************
  12:Drivers/STM32F4/Drivers/STM32F4xx_HAL_Driver/Src/stm32f4xx_hal_pwr.c ****   * @attention
  13:Drivers/STM32F4/Drivers/STM32F4xx_HAL_Driver/Src/stm32f4xx_hal_pwr.c ****   *
  14:Drivers/STM32F4/Drivers/STM32F4xx_HAL_Driver/Src/stm32f4xx_hal_pwr.c ****   * Copyright (c) 2017 STMicroelectronics.
  15:Drivers/STM32F4/Drivers/STM32F4xx_HAL_Driver/Src/stm32f4xx_hal_pwr.c ****   * All rights reserved.
  16:Drivers/STM32F4/Drivers/STM32F4xx_HAL_Driver/Src/stm32f4xx_hal_pwr.c ****   *
  17:Drivers/STM32F4/Drivers/STM32F4xx_HAL_Driver/Src/stm32f4xx_hal_pwr.c ****   * This software is licensed under terms that can be found in the LICENSE file in
  18:Drivers/STM32F4/Drivers/STM32F4xx_HAL_Driver/Src/stm32f4xx_hal_pwr.c ****   * the root directory of this software component.
  19:Drivers/STM32F4/Drivers/STM32F4xx_HAL_Driver/Src/stm32f4xx_hal_pwr.c ****   * If no LICENSE file comes with this software, it is provided AS-IS.
  20:Drivers/STM32F4/Drivers/STM32F4xx_HAL_Driver/Src/stm32f4xx_hal_pwr.c ****   ******************************************************************************
  21:Drivers/STM32F4/Drivers/STM32F4xx_HAL_Driver/Src/stm32f4xx_hal_pwr.c ****   */ 
  22:Drivers/STM32F4/Drivers/STM32F4xx_HAL_Driver/Src/stm32f4xx_hal_pwr.c **** 
  23:Drivers/STM32F4/Drivers/STM32F4xx_HAL_Driver/Src/stm32f4xx_hal_pwr.c **** /* Includes ------------------------------------------------------------------*/
  24:Drivers/STM32F4/Drivers/STM32F4xx_HAL_Driver/Src/stm32f4xx_hal_pwr.c **** #include "stm32f4xx_hal.h"
  25:Drivers/STM32F4/Drivers/STM32F4xx_HAL_Driver/Src/stm32f4xx_hal_pwr.c **** 
  26:Drivers/STM32F4/Drivers/STM32F4xx_HAL_Driver/Src/stm32f4xx_hal_pwr.c **** /** @addtogroup STM32F4xx_HAL_Driver
  27:Drivers/STM32F4/Drivers/STM32F4xx_HAL_Driver/Src/stm32f4xx_hal_pwr.c ****   * @{
  28:Drivers/STM32F4/Drivers/STM32F4xx_HAL_Driver/Src/stm32f4xx_hal_pwr.c ****   */
  29:Drivers/STM32F4/Drivers/STM32F4xx_HAL_Driver/Src/stm32f4xx_hal_pwr.c **** 
  30:Drivers/STM32F4/Drivers/STM32F4xx_HAL_Driver/Src/stm32f4xx_hal_pwr.c **** /** @defgroup PWR PWR
ARM GAS  /tmp/ccFnRKf2.s 			page 2


  31:Drivers/STM32F4/Drivers/STM32F4xx_HAL_Driver/Src/stm32f4xx_hal_pwr.c ****   * @brief PWR HAL module driver
  32:Drivers/STM32F4/Drivers/STM32F4xx_HAL_Driver/Src/stm32f4xx_hal_pwr.c ****   * @{
  33:Drivers/STM32F4/Drivers/STM32F4xx_HAL_Driver/Src/stm32f4xx_hal_pwr.c ****   */
  34:Drivers/STM32F4/Drivers/STM32F4xx_HAL_Driver/Src/stm32f4xx_hal_pwr.c **** 
  35:Drivers/STM32F4/Drivers/STM32F4xx_HAL_Driver/Src/stm32f4xx_hal_pwr.c **** #ifdef HAL_PWR_MODULE_ENABLED
  36:Drivers/STM32F4/Drivers/STM32F4xx_HAL_Driver/Src/stm32f4xx_hal_pwr.c **** 
  37:Drivers/STM32F4/Drivers/STM32F4xx_HAL_Driver/Src/stm32f4xx_hal_pwr.c **** /* Private typedef -----------------------------------------------------------*/
  38:Drivers/STM32F4/Drivers/STM32F4xx_HAL_Driver/Src/stm32f4xx_hal_pwr.c **** /* Private define ------------------------------------------------------------*/
  39:Drivers/STM32F4/Drivers/STM32F4xx_HAL_Driver/Src/stm32f4xx_hal_pwr.c **** /** @addtogroup PWR_Private_Constants
  40:Drivers/STM32F4/Drivers/STM32F4xx_HAL_Driver/Src/stm32f4xx_hal_pwr.c ****   * @{
  41:Drivers/STM32F4/Drivers/STM32F4xx_HAL_Driver/Src/stm32f4xx_hal_pwr.c ****   */
  42:Drivers/STM32F4/Drivers/STM32F4xx_HAL_Driver/Src/stm32f4xx_hal_pwr.c ****   
  43:Drivers/STM32F4/Drivers/STM32F4xx_HAL_Driver/Src/stm32f4xx_hal_pwr.c **** /** @defgroup PWR_PVD_Mode_Mask PWR PVD Mode Mask
  44:Drivers/STM32F4/Drivers/STM32F4xx_HAL_Driver/Src/stm32f4xx_hal_pwr.c ****   * @{
  45:Drivers/STM32F4/Drivers/STM32F4xx_HAL_Driver/Src/stm32f4xx_hal_pwr.c ****   */     
  46:Drivers/STM32F4/Drivers/STM32F4xx_HAL_Driver/Src/stm32f4xx_hal_pwr.c **** #define PVD_MODE_IT               0x00010000U
  47:Drivers/STM32F4/Drivers/STM32F4xx_HAL_Driver/Src/stm32f4xx_hal_pwr.c **** #define PVD_MODE_EVT              0x00020000U
  48:Drivers/STM32F4/Drivers/STM32F4xx_HAL_Driver/Src/stm32f4xx_hal_pwr.c **** #define PVD_RISING_EDGE           0x00000001U
  49:Drivers/STM32F4/Drivers/STM32F4xx_HAL_Driver/Src/stm32f4xx_hal_pwr.c **** #define PVD_FALLING_EDGE          0x00000002U
  50:Drivers/STM32F4/Drivers/STM32F4xx_HAL_Driver/Src/stm32f4xx_hal_pwr.c **** /**
  51:Drivers/STM32F4/Drivers/STM32F4xx_HAL_Driver/Src/stm32f4xx_hal_pwr.c ****   * @}
  52:Drivers/STM32F4/Drivers/STM32F4xx_HAL_Driver/Src/stm32f4xx_hal_pwr.c ****   */
  53:Drivers/STM32F4/Drivers/STM32F4xx_HAL_Driver/Src/stm32f4xx_hal_pwr.c **** 
  54:Drivers/STM32F4/Drivers/STM32F4xx_HAL_Driver/Src/stm32f4xx_hal_pwr.c **** /**
  55:Drivers/STM32F4/Drivers/STM32F4xx_HAL_Driver/Src/stm32f4xx_hal_pwr.c ****   * @}
  56:Drivers/STM32F4/Drivers/STM32F4xx_HAL_Driver/Src/stm32f4xx_hal_pwr.c ****   */    
  57:Drivers/STM32F4/Drivers/STM32F4xx_HAL_Driver/Src/stm32f4xx_hal_pwr.c **** /* Private macro -------------------------------------------------------------*/
  58:Drivers/STM32F4/Drivers/STM32F4xx_HAL_Driver/Src/stm32f4xx_hal_pwr.c **** /* Private variables ---------------------------------------------------------*/
  59:Drivers/STM32F4/Drivers/STM32F4xx_HAL_Driver/Src/stm32f4xx_hal_pwr.c **** /* Private function prototypes -----------------------------------------------*/
  60:Drivers/STM32F4/Drivers/STM32F4xx_HAL_Driver/Src/stm32f4xx_hal_pwr.c **** /* Private functions ---------------------------------------------------------*/
  61:Drivers/STM32F4/Drivers/STM32F4xx_HAL_Driver/Src/stm32f4xx_hal_pwr.c **** 
  62:Drivers/STM32F4/Drivers/STM32F4xx_HAL_Driver/Src/stm32f4xx_hal_pwr.c **** /** @defgroup PWR_Exported_Functions PWR Exported Functions
  63:Drivers/STM32F4/Drivers/STM32F4xx_HAL_Driver/Src/stm32f4xx_hal_pwr.c ****   * @{
  64:Drivers/STM32F4/Drivers/STM32F4xx_HAL_Driver/Src/stm32f4xx_hal_pwr.c ****   */
  65:Drivers/STM32F4/Drivers/STM32F4xx_HAL_Driver/Src/stm32f4xx_hal_pwr.c **** 
  66:Drivers/STM32F4/Drivers/STM32F4xx_HAL_Driver/Src/stm32f4xx_hal_pwr.c **** /** @defgroup PWR_Exported_Functions_Group1 Initialization and de-initialization functions 
  67:Drivers/STM32F4/Drivers/STM32F4xx_HAL_Driver/Src/stm32f4xx_hal_pwr.c ****   *  @brief    Initialization and de-initialization functions
  68:Drivers/STM32F4/Drivers/STM32F4xx_HAL_Driver/Src/stm32f4xx_hal_pwr.c ****   *
  69:Drivers/STM32F4/Drivers/STM32F4xx_HAL_Driver/Src/stm32f4xx_hal_pwr.c **** @verbatim
  70:Drivers/STM32F4/Drivers/STM32F4xx_HAL_Driver/Src/stm32f4xx_hal_pwr.c ****  ===============================================================================
  71:Drivers/STM32F4/Drivers/STM32F4xx_HAL_Driver/Src/stm32f4xx_hal_pwr.c ****               ##### Initialization and de-initialization functions #####
  72:Drivers/STM32F4/Drivers/STM32F4xx_HAL_Driver/Src/stm32f4xx_hal_pwr.c ****  ===============================================================================
  73:Drivers/STM32F4/Drivers/STM32F4xx_HAL_Driver/Src/stm32f4xx_hal_pwr.c ****     [..]
  74:Drivers/STM32F4/Drivers/STM32F4xx_HAL_Driver/Src/stm32f4xx_hal_pwr.c ****       After reset, the backup domain (RTC registers, RTC backup data 
  75:Drivers/STM32F4/Drivers/STM32F4xx_HAL_Driver/Src/stm32f4xx_hal_pwr.c ****       registers and backup SRAM) is protected against possible unwanted 
  76:Drivers/STM32F4/Drivers/STM32F4xx_HAL_Driver/Src/stm32f4xx_hal_pwr.c ****       write accesses. 
  77:Drivers/STM32F4/Drivers/STM32F4xx_HAL_Driver/Src/stm32f4xx_hal_pwr.c ****       To enable access to the RTC Domain and RTC registers, proceed as follows:
  78:Drivers/STM32F4/Drivers/STM32F4xx_HAL_Driver/Src/stm32f4xx_hal_pwr.c ****         (+) Enable the Power Controller (PWR) APB1 interface clock using the
  79:Drivers/STM32F4/Drivers/STM32F4xx_HAL_Driver/Src/stm32f4xx_hal_pwr.c ****             __HAL_RCC_PWR_CLK_ENABLE() macro.
  80:Drivers/STM32F4/Drivers/STM32F4xx_HAL_Driver/Src/stm32f4xx_hal_pwr.c ****         (+) Enable access to RTC domain using the HAL_PWR_EnableBkUpAccess() function.
  81:Drivers/STM32F4/Drivers/STM32F4xx_HAL_Driver/Src/stm32f4xx_hal_pwr.c ****  
  82:Drivers/STM32F4/Drivers/STM32F4xx_HAL_Driver/Src/stm32f4xx_hal_pwr.c **** @endverbatim
  83:Drivers/STM32F4/Drivers/STM32F4xx_HAL_Driver/Src/stm32f4xx_hal_pwr.c ****   * @{
  84:Drivers/STM32F4/Drivers/STM32F4xx_HAL_Driver/Src/stm32f4xx_hal_pwr.c ****   */
  85:Drivers/STM32F4/Drivers/STM32F4xx_HAL_Driver/Src/stm32f4xx_hal_pwr.c **** 
  86:Drivers/STM32F4/Drivers/STM32F4xx_HAL_Driver/Src/stm32f4xx_hal_pwr.c **** /**
  87:Drivers/STM32F4/Drivers/STM32F4xx_HAL_Driver/Src/stm32f4xx_hal_pwr.c ****   * @brief Deinitializes the HAL PWR peripheral registers to their default reset values.
ARM GAS  /tmp/ccFnRKf2.s 			page 3


  88:Drivers/STM32F4/Drivers/STM32F4xx_HAL_Driver/Src/stm32f4xx_hal_pwr.c ****   * @retval None
  89:Drivers/STM32F4/Drivers/STM32F4xx_HAL_Driver/Src/stm32f4xx_hal_pwr.c ****   */
  90:Drivers/STM32F4/Drivers/STM32F4xx_HAL_Driver/Src/stm32f4xx_hal_pwr.c **** void HAL_PWR_DeInit(void)
  91:Drivers/STM32F4/Drivers/STM32F4xx_HAL_Driver/Src/stm32f4xx_hal_pwr.c **** {
  29              		.loc 1 91 1 view -0
  30              		.cfi_startproc
  31              		@ args = 0, pretend = 0, frame = 0
  32              		@ frame_needed = 0, uses_anonymous_args = 0
  33              		@ link register save eliminated.
  92:Drivers/STM32F4/Drivers/STM32F4xx_HAL_Driver/Src/stm32f4xx_hal_pwr.c ****   __HAL_RCC_PWR_FORCE_RESET();
  34              		.loc 1 92 3 view .LVU1
  35 0000 044B     		ldr	r3, .L2
  36 0002 1A6A     		ldr	r2, [r3, #32]
  37 0004 42F08052 		orr	r2, r2, #268435456
  38 0008 1A62     		str	r2, [r3, #32]
  93:Drivers/STM32F4/Drivers/STM32F4xx_HAL_Driver/Src/stm32f4xx_hal_pwr.c ****   __HAL_RCC_PWR_RELEASE_RESET();
  39              		.loc 1 93 3 view .LVU2
  40 000a 1A6A     		ldr	r2, [r3, #32]
  41 000c 22F08052 		bic	r2, r2, #268435456
  42 0010 1A62     		str	r2, [r3, #32]
  94:Drivers/STM32F4/Drivers/STM32F4xx_HAL_Driver/Src/stm32f4xx_hal_pwr.c **** }
  43              		.loc 1 94 1 is_stmt 0 view .LVU3
  44 0012 7047     		bx	lr
  45              	.L3:
  46              		.align	2
  47              	.L2:
  48 0014 00380240 		.word	1073887232
  49              		.cfi_endproc
  50              	.LFE134:
  52              		.section	.text.HAL_PWR_EnableBkUpAccess,"ax",%progbits
  53              		.align	1
  54              		.global	HAL_PWR_EnableBkUpAccess
  55              		.syntax unified
  56              		.thumb
  57              		.thumb_func
  59              	HAL_PWR_EnableBkUpAccess:
  60              	.LFB135:
  95:Drivers/STM32F4/Drivers/STM32F4xx_HAL_Driver/Src/stm32f4xx_hal_pwr.c **** 
  96:Drivers/STM32F4/Drivers/STM32F4xx_HAL_Driver/Src/stm32f4xx_hal_pwr.c **** /**
  97:Drivers/STM32F4/Drivers/STM32F4xx_HAL_Driver/Src/stm32f4xx_hal_pwr.c ****   * @brief Enables access to the backup domain (RTC registers, RTC 
  98:Drivers/STM32F4/Drivers/STM32F4xx_HAL_Driver/Src/stm32f4xx_hal_pwr.c ****   *         backup data registers and backup SRAM).
  99:Drivers/STM32F4/Drivers/STM32F4xx_HAL_Driver/Src/stm32f4xx_hal_pwr.c ****   * @note If the HSE divided by 2, 3, ..31 is used as the RTC clock, the 
 100:Drivers/STM32F4/Drivers/STM32F4xx_HAL_Driver/Src/stm32f4xx_hal_pwr.c ****   *         Backup Domain Access should be kept enabled.
 101:Drivers/STM32F4/Drivers/STM32F4xx_HAL_Driver/Src/stm32f4xx_hal_pwr.c ****   * @note The following sequence is required to bypass the delay between
 102:Drivers/STM32F4/Drivers/STM32F4xx_HAL_Driver/Src/stm32f4xx_hal_pwr.c ****   *         DBP bit programming and the effective enabling  of the backup domain.
 103:Drivers/STM32F4/Drivers/STM32F4xx_HAL_Driver/Src/stm32f4xx_hal_pwr.c ****   *         Please check the Errata Sheet for more details under "Possible delay
 104:Drivers/STM32F4/Drivers/STM32F4xx_HAL_Driver/Src/stm32f4xx_hal_pwr.c ****   *         in backup domain protection disabling/enabling after programming the
 105:Drivers/STM32F4/Drivers/STM32F4xx_HAL_Driver/Src/stm32f4xx_hal_pwr.c ****   *         DBP bit" section.
 106:Drivers/STM32F4/Drivers/STM32F4xx_HAL_Driver/Src/stm32f4xx_hal_pwr.c ****   * @retval None
 107:Drivers/STM32F4/Drivers/STM32F4xx_HAL_Driver/Src/stm32f4xx_hal_pwr.c ****   */
 108:Drivers/STM32F4/Drivers/STM32F4xx_HAL_Driver/Src/stm32f4xx_hal_pwr.c **** void HAL_PWR_EnableBkUpAccess(void)
 109:Drivers/STM32F4/Drivers/STM32F4xx_HAL_Driver/Src/stm32f4xx_hal_pwr.c **** {
  61              		.loc 1 109 1 is_stmt 1 view -0
  62              		.cfi_startproc
  63              		@ args = 0, pretend = 0, frame = 8
  64              		@ frame_needed = 0, uses_anonymous_args = 0
  65              		@ link register save eliminated.
ARM GAS  /tmp/ccFnRKf2.s 			page 4


  66 0000 82B0     		sub	sp, sp, #8
  67              	.LCFI0:
  68              		.cfi_def_cfa_offset 8
 110:Drivers/STM32F4/Drivers/STM32F4xx_HAL_Driver/Src/stm32f4xx_hal_pwr.c ****   __IO uint32_t dummyread;
  69              		.loc 1 110 3 view .LVU5
 111:Drivers/STM32F4/Drivers/STM32F4xx_HAL_Driver/Src/stm32f4xx_hal_pwr.c ****   *(__IO uint32_t *) CR_DBP_BB = (uint32_t)ENABLE;
  70              		.loc 1 111 3 view .LVU6
  71              		.loc 1 111 32 is_stmt 0 view .LVU7
  72 0002 044B     		ldr	r3, .L6
  73 0004 0122     		movs	r2, #1
  74 0006 1A62     		str	r2, [r3, #32]
 112:Drivers/STM32F4/Drivers/STM32F4xx_HAL_Driver/Src/stm32f4xx_hal_pwr.c ****   dummyread = PWR->CR;
  75              		.loc 1 112 3 is_stmt 1 view .LVU8
  76              		.loc 1 112 18 is_stmt 0 view .LVU9
  77 0008 034B     		ldr	r3, .L6+4
  78 000a 1B68     		ldr	r3, [r3]
  79              		.loc 1 112 13 view .LVU10
  80 000c 0193     		str	r3, [sp, #4]
 113:Drivers/STM32F4/Drivers/STM32F4xx_HAL_Driver/Src/stm32f4xx_hal_pwr.c ****   UNUSED(dummyread);
  81              		.loc 1 113 3 is_stmt 1 view .LVU11
  82 000e 019B     		ldr	r3, [sp, #4]
 114:Drivers/STM32F4/Drivers/STM32F4xx_HAL_Driver/Src/stm32f4xx_hal_pwr.c **** }
  83              		.loc 1 114 1 is_stmt 0 view .LVU12
  84 0010 02B0     		add	sp, sp, #8
  85              	.LCFI1:
  86              		.cfi_def_cfa_offset 0
  87              		@ sp needed
  88 0012 7047     		bx	lr
  89              	.L7:
  90              		.align	2
  91              	.L6:
  92 0014 00000E42 		.word	1108213760
  93 0018 00700040 		.word	1073770496
  94              		.cfi_endproc
  95              	.LFE135:
  97              		.section	.text.HAL_PWR_DisableBkUpAccess,"ax",%progbits
  98              		.align	1
  99              		.global	HAL_PWR_DisableBkUpAccess
 100              		.syntax unified
 101              		.thumb
 102              		.thumb_func
 104              	HAL_PWR_DisableBkUpAccess:
 105              	.LFB136:
 115:Drivers/STM32F4/Drivers/STM32F4xx_HAL_Driver/Src/stm32f4xx_hal_pwr.c **** 
 116:Drivers/STM32F4/Drivers/STM32F4xx_HAL_Driver/Src/stm32f4xx_hal_pwr.c **** /**
 117:Drivers/STM32F4/Drivers/STM32F4xx_HAL_Driver/Src/stm32f4xx_hal_pwr.c ****   * @brief Disables access to the backup domain (RTC registers, RTC 
 118:Drivers/STM32F4/Drivers/STM32F4xx_HAL_Driver/Src/stm32f4xx_hal_pwr.c ****   *         backup data registers and backup SRAM).
 119:Drivers/STM32F4/Drivers/STM32F4xx_HAL_Driver/Src/stm32f4xx_hal_pwr.c ****   * @note If the HSE divided by 2, 3, ..31 is used as the RTC clock, the 
 120:Drivers/STM32F4/Drivers/STM32F4xx_HAL_Driver/Src/stm32f4xx_hal_pwr.c ****   *         Backup Domain Access should be kept enabled.
 121:Drivers/STM32F4/Drivers/STM32F4xx_HAL_Driver/Src/stm32f4xx_hal_pwr.c ****   * @note The following sequence is required to bypass the delay between
 122:Drivers/STM32F4/Drivers/STM32F4xx_HAL_Driver/Src/stm32f4xx_hal_pwr.c ****   *         DBP bit programming and the effective disabling  of the backup domain.
 123:Drivers/STM32F4/Drivers/STM32F4xx_HAL_Driver/Src/stm32f4xx_hal_pwr.c ****   *         Please check the Errata Sheet for more details under "Possible delay
 124:Drivers/STM32F4/Drivers/STM32F4xx_HAL_Driver/Src/stm32f4xx_hal_pwr.c ****   *         in backup domain protection disabling/enabling after programming the
 125:Drivers/STM32F4/Drivers/STM32F4xx_HAL_Driver/Src/stm32f4xx_hal_pwr.c ****   *         DBP bit" section.
 126:Drivers/STM32F4/Drivers/STM32F4xx_HAL_Driver/Src/stm32f4xx_hal_pwr.c ****   * @retval None
 127:Drivers/STM32F4/Drivers/STM32F4xx_HAL_Driver/Src/stm32f4xx_hal_pwr.c ****   */
 128:Drivers/STM32F4/Drivers/STM32F4xx_HAL_Driver/Src/stm32f4xx_hal_pwr.c **** void HAL_PWR_DisableBkUpAccess(void)
ARM GAS  /tmp/ccFnRKf2.s 			page 5


 129:Drivers/STM32F4/Drivers/STM32F4xx_HAL_Driver/Src/stm32f4xx_hal_pwr.c **** {
 106              		.loc 1 129 1 is_stmt 1 view -0
 107              		.cfi_startproc
 108              		@ args = 0, pretend = 0, frame = 8
 109              		@ frame_needed = 0, uses_anonymous_args = 0
 110              		@ link register save eliminated.
 111 0000 82B0     		sub	sp, sp, #8
 112              	.LCFI2:
 113              		.cfi_def_cfa_offset 8
 130:Drivers/STM32F4/Drivers/STM32F4xx_HAL_Driver/Src/stm32f4xx_hal_pwr.c ****   __IO uint32_t dummyread;
 114              		.loc 1 130 3 view .LVU14
 131:Drivers/STM32F4/Drivers/STM32F4xx_HAL_Driver/Src/stm32f4xx_hal_pwr.c ****   *(__IO uint32_t *) CR_DBP_BB = (uint32_t)DISABLE;
 115              		.loc 1 131 3 view .LVU15
 116              		.loc 1 131 32 is_stmt 0 view .LVU16
 117 0002 044B     		ldr	r3, .L10
 118 0004 0022     		movs	r2, #0
 119 0006 1A62     		str	r2, [r3, #32]
 132:Drivers/STM32F4/Drivers/STM32F4xx_HAL_Driver/Src/stm32f4xx_hal_pwr.c ****   dummyread = PWR->CR;
 120              		.loc 1 132 3 is_stmt 1 view .LVU17
 121              		.loc 1 132 18 is_stmt 0 view .LVU18
 122 0008 034B     		ldr	r3, .L10+4
 123 000a 1B68     		ldr	r3, [r3]
 124              		.loc 1 132 13 view .LVU19
 125 000c 0193     		str	r3, [sp, #4]
 133:Drivers/STM32F4/Drivers/STM32F4xx_HAL_Driver/Src/stm32f4xx_hal_pwr.c ****   UNUSED(dummyread);
 126              		.loc 1 133 3 is_stmt 1 view .LVU20
 127 000e 019B     		ldr	r3, [sp, #4]
 134:Drivers/STM32F4/Drivers/STM32F4xx_HAL_Driver/Src/stm32f4xx_hal_pwr.c **** }
 128              		.loc 1 134 1 is_stmt 0 view .LVU21
 129 0010 02B0     		add	sp, sp, #8
 130              	.LCFI3:
 131              		.cfi_def_cfa_offset 0
 132              		@ sp needed
 133 0012 7047     		bx	lr
 134              	.L11:
 135              		.align	2
 136              	.L10:
 137 0014 00000E42 		.word	1108213760
 138 0018 00700040 		.word	1073770496
 139              		.cfi_endproc
 140              	.LFE136:
 142              		.section	.rodata.HAL_PWR_ConfigPVD.str1.4,"aMS",%progbits,1
 143              		.align	2
 144              	.LC0:
 145 0000 44726976 		.ascii	"Drivers/STM32F4/Drivers/STM32F4xx_HAL_Driver/Src/st"
 145      6572732F 
 145      53544D33 
 145      3246342F 
 145      44726976 
 146 0033 6D333266 		.ascii	"m32f4xx_hal_pwr.c\000"
 146      3478785F 
 146      68616C5F 
 146      7077722E 
 146      6300
 147              		.section	.text.HAL_PWR_ConfigPVD,"ax",%progbits
 148              		.align	1
 149              		.global	HAL_PWR_ConfigPVD
ARM GAS  /tmp/ccFnRKf2.s 			page 6


 150              		.syntax unified
 151              		.thumb
 152              		.thumb_func
 154              	HAL_PWR_ConfigPVD:
 155              	.LVL0:
 156              	.LFB137:
 135:Drivers/STM32F4/Drivers/STM32F4xx_HAL_Driver/Src/stm32f4xx_hal_pwr.c **** 
 136:Drivers/STM32F4/Drivers/STM32F4xx_HAL_Driver/Src/stm32f4xx_hal_pwr.c **** /**
 137:Drivers/STM32F4/Drivers/STM32F4xx_HAL_Driver/Src/stm32f4xx_hal_pwr.c ****   * @}
 138:Drivers/STM32F4/Drivers/STM32F4xx_HAL_Driver/Src/stm32f4xx_hal_pwr.c ****   */
 139:Drivers/STM32F4/Drivers/STM32F4xx_HAL_Driver/Src/stm32f4xx_hal_pwr.c **** 
 140:Drivers/STM32F4/Drivers/STM32F4xx_HAL_Driver/Src/stm32f4xx_hal_pwr.c **** /** @defgroup PWR_Exported_Functions_Group2 Peripheral Control functions 
 141:Drivers/STM32F4/Drivers/STM32F4xx_HAL_Driver/Src/stm32f4xx_hal_pwr.c ****   *  @brief Low Power modes configuration functions 
 142:Drivers/STM32F4/Drivers/STM32F4xx_HAL_Driver/Src/stm32f4xx_hal_pwr.c ****   *
 143:Drivers/STM32F4/Drivers/STM32F4xx_HAL_Driver/Src/stm32f4xx_hal_pwr.c **** @verbatim
 144:Drivers/STM32F4/Drivers/STM32F4xx_HAL_Driver/Src/stm32f4xx_hal_pwr.c **** 
 145:Drivers/STM32F4/Drivers/STM32F4xx_HAL_Driver/Src/stm32f4xx_hal_pwr.c ****  ===============================================================================
 146:Drivers/STM32F4/Drivers/STM32F4xx_HAL_Driver/Src/stm32f4xx_hal_pwr.c ****                  ##### Peripheral Control functions #####
 147:Drivers/STM32F4/Drivers/STM32F4xx_HAL_Driver/Src/stm32f4xx_hal_pwr.c ****  ===============================================================================
 148:Drivers/STM32F4/Drivers/STM32F4xx_HAL_Driver/Src/stm32f4xx_hal_pwr.c ****      
 149:Drivers/STM32F4/Drivers/STM32F4xx_HAL_Driver/Src/stm32f4xx_hal_pwr.c ****     *** PVD configuration ***
 150:Drivers/STM32F4/Drivers/STM32F4xx_HAL_Driver/Src/stm32f4xx_hal_pwr.c ****     =========================
 151:Drivers/STM32F4/Drivers/STM32F4xx_HAL_Driver/Src/stm32f4xx_hal_pwr.c ****     [..]
 152:Drivers/STM32F4/Drivers/STM32F4xx_HAL_Driver/Src/stm32f4xx_hal_pwr.c ****       (+) The PVD is used to monitor the VDD power supply by comparing it to a 
 153:Drivers/STM32F4/Drivers/STM32F4xx_HAL_Driver/Src/stm32f4xx_hal_pwr.c ****           threshold selected by the PVD Level (PLS[2:0] bits in the PWR_CR).
 154:Drivers/STM32F4/Drivers/STM32F4xx_HAL_Driver/Src/stm32f4xx_hal_pwr.c ****       (+) A PVDO flag is available to indicate if VDD/VDDA is higher or lower 
 155:Drivers/STM32F4/Drivers/STM32F4xx_HAL_Driver/Src/stm32f4xx_hal_pwr.c ****           than the PVD threshold. This event is internally connected to the EXTI 
 156:Drivers/STM32F4/Drivers/STM32F4xx_HAL_Driver/Src/stm32f4xx_hal_pwr.c ****           line16 and can generate an interrupt if enabled. This is done through
 157:Drivers/STM32F4/Drivers/STM32F4xx_HAL_Driver/Src/stm32f4xx_hal_pwr.c ****           __HAL_PWR_PVD_EXTI_ENABLE_IT() macro.
 158:Drivers/STM32F4/Drivers/STM32F4xx_HAL_Driver/Src/stm32f4xx_hal_pwr.c ****       (+) The PVD is stopped in Standby mode.
 159:Drivers/STM32F4/Drivers/STM32F4xx_HAL_Driver/Src/stm32f4xx_hal_pwr.c **** 
 160:Drivers/STM32F4/Drivers/STM32F4xx_HAL_Driver/Src/stm32f4xx_hal_pwr.c ****     *** Wake-up pin configuration ***
 161:Drivers/STM32F4/Drivers/STM32F4xx_HAL_Driver/Src/stm32f4xx_hal_pwr.c ****     ================================
 162:Drivers/STM32F4/Drivers/STM32F4xx_HAL_Driver/Src/stm32f4xx_hal_pwr.c ****     [..]
 163:Drivers/STM32F4/Drivers/STM32F4xx_HAL_Driver/Src/stm32f4xx_hal_pwr.c ****       (+) Wake-up pin is used to wake up the system from Standby mode. This pin is 
 164:Drivers/STM32F4/Drivers/STM32F4xx_HAL_Driver/Src/stm32f4xx_hal_pwr.c ****           forced in input pull-down configuration and is active on rising edges.
 165:Drivers/STM32F4/Drivers/STM32F4xx_HAL_Driver/Src/stm32f4xx_hal_pwr.c ****       (+) There is one Wake-up pin: Wake-up Pin 1 on PA.00.
 166:Drivers/STM32F4/Drivers/STM32F4xx_HAL_Driver/Src/stm32f4xx_hal_pwr.c **** 	   (++) For STM32F446xx there are two Wake-Up pins: Pin1 on PA.00 and Pin2 on PC.13
 167:Drivers/STM32F4/Drivers/STM32F4xx_HAL_Driver/Src/stm32f4xx_hal_pwr.c ****            (++) For STM32F410xx/STM32F412xx/STM32F413xx/STM32F423xx  there are three Wake-Up pins: 
 168:Drivers/STM32F4/Drivers/STM32F4xx_HAL_Driver/Src/stm32f4xx_hal_pwr.c **** 
 169:Drivers/STM32F4/Drivers/STM32F4xx_HAL_Driver/Src/stm32f4xx_hal_pwr.c ****     *** Low Power modes configuration ***
 170:Drivers/STM32F4/Drivers/STM32F4xx_HAL_Driver/Src/stm32f4xx_hal_pwr.c ****     =====================================
 171:Drivers/STM32F4/Drivers/STM32F4xx_HAL_Driver/Src/stm32f4xx_hal_pwr.c ****     [..]
 172:Drivers/STM32F4/Drivers/STM32F4xx_HAL_Driver/Src/stm32f4xx_hal_pwr.c ****       The devices feature 3 low-power modes:
 173:Drivers/STM32F4/Drivers/STM32F4xx_HAL_Driver/Src/stm32f4xx_hal_pwr.c ****       (+) Sleep mode: Cortex-M4 core stopped, peripherals kept running.
 174:Drivers/STM32F4/Drivers/STM32F4xx_HAL_Driver/Src/stm32f4xx_hal_pwr.c ****       (+) Stop mode: all clocks are stopped, regulator running, regulator 
 175:Drivers/STM32F4/Drivers/STM32F4xx_HAL_Driver/Src/stm32f4xx_hal_pwr.c ****           in low power mode
 176:Drivers/STM32F4/Drivers/STM32F4xx_HAL_Driver/Src/stm32f4xx_hal_pwr.c ****       (+) Standby mode: 1.2V domain powered off.
 177:Drivers/STM32F4/Drivers/STM32F4xx_HAL_Driver/Src/stm32f4xx_hal_pwr.c ****    
 178:Drivers/STM32F4/Drivers/STM32F4xx_HAL_Driver/Src/stm32f4xx_hal_pwr.c ****    *** Sleep mode ***
 179:Drivers/STM32F4/Drivers/STM32F4xx_HAL_Driver/Src/stm32f4xx_hal_pwr.c ****    ==================
 180:Drivers/STM32F4/Drivers/STM32F4xx_HAL_Driver/Src/stm32f4xx_hal_pwr.c ****     [..]
 181:Drivers/STM32F4/Drivers/STM32F4xx_HAL_Driver/Src/stm32f4xx_hal_pwr.c ****       (+) Entry:
 182:Drivers/STM32F4/Drivers/STM32F4xx_HAL_Driver/Src/stm32f4xx_hal_pwr.c ****         The Sleep mode is entered by using the HAL_PWR_EnterSLEEPMode(Regulator, SLEEPEntry)
 183:Drivers/STM32F4/Drivers/STM32F4xx_HAL_Driver/Src/stm32f4xx_hal_pwr.c ****               functions with
 184:Drivers/STM32F4/Drivers/STM32F4xx_HAL_Driver/Src/stm32f4xx_hal_pwr.c ****           (++) PWR_SLEEPENTRY_WFI: enter SLEEP mode with WFI instruction
 185:Drivers/STM32F4/Drivers/STM32F4xx_HAL_Driver/Src/stm32f4xx_hal_pwr.c ****           (++) PWR_SLEEPENTRY_WFE: enter SLEEP mode with WFE instruction
ARM GAS  /tmp/ccFnRKf2.s 			page 7


 186:Drivers/STM32F4/Drivers/STM32F4xx_HAL_Driver/Src/stm32f4xx_hal_pwr.c ****           (++) PWR_SLEEPENTRY_WFE_NO_EVT_CLEAR: Enter SLEEP mode with WFE instruction and
 187:Drivers/STM32F4/Drivers/STM32F4xx_HAL_Driver/Src/stm32f4xx_hal_pwr.c ****                                                 no clear of pending event before.
 188:Drivers/STM32F4/Drivers/STM32F4xx_HAL_Driver/Src/stm32f4xx_hal_pwr.c ****       
 189:Drivers/STM32F4/Drivers/STM32F4xx_HAL_Driver/Src/stm32f4xx_hal_pwr.c ****       -@@- The Regulator parameter is not used for the STM32F4 family 
 190:Drivers/STM32F4/Drivers/STM32F4xx_HAL_Driver/Src/stm32f4xx_hal_pwr.c ****               and is kept as parameter just to maintain compatibility with the 
 191:Drivers/STM32F4/Drivers/STM32F4xx_HAL_Driver/Src/stm32f4xx_hal_pwr.c ****               lower power families (STM32L).
 192:Drivers/STM32F4/Drivers/STM32F4xx_HAL_Driver/Src/stm32f4xx_hal_pwr.c ****       (+) Exit:
 193:Drivers/STM32F4/Drivers/STM32F4xx_HAL_Driver/Src/stm32f4xx_hal_pwr.c ****         Any peripheral interrupt acknowledged by the nested vectored interrupt 
 194:Drivers/STM32F4/Drivers/STM32F4xx_HAL_Driver/Src/stm32f4xx_hal_pwr.c ****               controller (NVIC) can wake up the device from Sleep mode.
 195:Drivers/STM32F4/Drivers/STM32F4xx_HAL_Driver/Src/stm32f4xx_hal_pwr.c **** 
 196:Drivers/STM32F4/Drivers/STM32F4xx_HAL_Driver/Src/stm32f4xx_hal_pwr.c ****    *** Stop mode ***
 197:Drivers/STM32F4/Drivers/STM32F4xx_HAL_Driver/Src/stm32f4xx_hal_pwr.c ****    =================
 198:Drivers/STM32F4/Drivers/STM32F4xx_HAL_Driver/Src/stm32f4xx_hal_pwr.c ****     [..]
 199:Drivers/STM32F4/Drivers/STM32F4xx_HAL_Driver/Src/stm32f4xx_hal_pwr.c ****       In Stop mode, all clocks in the 1.2V domain are stopped, the PLL, the HSI,
 200:Drivers/STM32F4/Drivers/STM32F4xx_HAL_Driver/Src/stm32f4xx_hal_pwr.c ****       and the HSE RC oscillators are disabled. Internal SRAM and register contents 
 201:Drivers/STM32F4/Drivers/STM32F4xx_HAL_Driver/Src/stm32f4xx_hal_pwr.c ****       are preserved.
 202:Drivers/STM32F4/Drivers/STM32F4xx_HAL_Driver/Src/stm32f4xx_hal_pwr.c ****       The voltage regulator can be configured either in normal or low-power mode.
 203:Drivers/STM32F4/Drivers/STM32F4xx_HAL_Driver/Src/stm32f4xx_hal_pwr.c ****       To minimize the consumption In Stop mode, FLASH can be powered off before 
 204:Drivers/STM32F4/Drivers/STM32F4xx_HAL_Driver/Src/stm32f4xx_hal_pwr.c ****       entering the Stop mode using the HAL_PWREx_EnableFlashPowerDown() function.
 205:Drivers/STM32F4/Drivers/STM32F4xx_HAL_Driver/Src/stm32f4xx_hal_pwr.c ****       It can be switched on again by software after exiting the Stop mode using
 206:Drivers/STM32F4/Drivers/STM32F4xx_HAL_Driver/Src/stm32f4xx_hal_pwr.c ****       the HAL_PWREx_DisableFlashPowerDown() function. 
 207:Drivers/STM32F4/Drivers/STM32F4xx_HAL_Driver/Src/stm32f4xx_hal_pwr.c **** 
 208:Drivers/STM32F4/Drivers/STM32F4xx_HAL_Driver/Src/stm32f4xx_hal_pwr.c ****       (+) Entry:
 209:Drivers/STM32F4/Drivers/STM32F4xx_HAL_Driver/Src/stm32f4xx_hal_pwr.c ****          The Stop mode is entered using the HAL_PWR_EnterSTOPMode(Regulator, STOPEntry) 
 210:Drivers/STM32F4/Drivers/STM32F4xx_HAL_Driver/Src/stm32f4xx_hal_pwr.c ****              function with:
 211:Drivers/STM32F4/Drivers/STM32F4xx_HAL_Driver/Src/stm32f4xx_hal_pwr.c ****        (++) Regulator:
 212:Drivers/STM32F4/Drivers/STM32F4xx_HAL_Driver/Src/stm32f4xx_hal_pwr.c ****         (+++) Main regulator ON.
 213:Drivers/STM32F4/Drivers/STM32F4xx_HAL_Driver/Src/stm32f4xx_hal_pwr.c ****         (+++) Low Power regulator ON.
 214:Drivers/STM32F4/Drivers/STM32F4xx_HAL_Driver/Src/stm32f4xx_hal_pwr.c ****        (++) STOPEntry:
 215:Drivers/STM32F4/Drivers/STM32F4xx_HAL_Driver/Src/stm32f4xx_hal_pwr.c ****         (+++) PWR_STOPENTRY_WFI              : Enter STOP mode with WFI instruction.
 216:Drivers/STM32F4/Drivers/STM32F4xx_HAL_Driver/Src/stm32f4xx_hal_pwr.c ****         (+++) PWR_STOPENTRY_WFE              : Enter STOP mode with WFE instruction and
 217:Drivers/STM32F4/Drivers/STM32F4xx_HAL_Driver/Src/stm32f4xx_hal_pwr.c ****                                                clear of pending events before.
 218:Drivers/STM32F4/Drivers/STM32F4xx_HAL_Driver/Src/stm32f4xx_hal_pwr.c ****         (+++) PWR_STOPENTRY_WFE_NO_EVT_CLEAR : Enter STOP mode with WFE instruction and
 219:Drivers/STM32F4/Drivers/STM32F4xx_HAL_Driver/Src/stm32f4xx_hal_pwr.c ****                                                no clear of pending event before.
 220:Drivers/STM32F4/Drivers/STM32F4xx_HAL_Driver/Src/stm32f4xx_hal_pwr.c ****       (+) Exit:
 221:Drivers/STM32F4/Drivers/STM32F4xx_HAL_Driver/Src/stm32f4xx_hal_pwr.c ****         Any EXTI Line (Internal or External) configured in Interrupt/Event mode.
 222:Drivers/STM32F4/Drivers/STM32F4xx_HAL_Driver/Src/stm32f4xx_hal_pwr.c **** 
 223:Drivers/STM32F4/Drivers/STM32F4xx_HAL_Driver/Src/stm32f4xx_hal_pwr.c ****    *** Standby mode ***
 224:Drivers/STM32F4/Drivers/STM32F4xx_HAL_Driver/Src/stm32f4xx_hal_pwr.c ****    ====================
 225:Drivers/STM32F4/Drivers/STM32F4xx_HAL_Driver/Src/stm32f4xx_hal_pwr.c ****     [..]
 226:Drivers/STM32F4/Drivers/STM32F4xx_HAL_Driver/Src/stm32f4xx_hal_pwr.c ****     (+)
 227:Drivers/STM32F4/Drivers/STM32F4xx_HAL_Driver/Src/stm32f4xx_hal_pwr.c ****       The Standby mode allows to achieve the lowest power consumption. It is based 
 228:Drivers/STM32F4/Drivers/STM32F4xx_HAL_Driver/Src/stm32f4xx_hal_pwr.c ****       on the Cortex-M4 deep sleep mode, with the voltage regulator disabled. 
 229:Drivers/STM32F4/Drivers/STM32F4xx_HAL_Driver/Src/stm32f4xx_hal_pwr.c ****       The 1.2V domain is consequently powered off. The PLL, the HSI oscillator and 
 230:Drivers/STM32F4/Drivers/STM32F4xx_HAL_Driver/Src/stm32f4xx_hal_pwr.c ****       the HSE oscillator are also switched off. SRAM and register contents are lost 
 231:Drivers/STM32F4/Drivers/STM32F4xx_HAL_Driver/Src/stm32f4xx_hal_pwr.c ****       except for the RTC registers, RTC backup registers, backup SRAM and Standby 
 232:Drivers/STM32F4/Drivers/STM32F4xx_HAL_Driver/Src/stm32f4xx_hal_pwr.c ****       circuitry.
 233:Drivers/STM32F4/Drivers/STM32F4xx_HAL_Driver/Src/stm32f4xx_hal_pwr.c ****    
 234:Drivers/STM32F4/Drivers/STM32F4xx_HAL_Driver/Src/stm32f4xx_hal_pwr.c ****       The voltage regulator is OFF.
 235:Drivers/STM32F4/Drivers/STM32F4xx_HAL_Driver/Src/stm32f4xx_hal_pwr.c ****       
 236:Drivers/STM32F4/Drivers/STM32F4xx_HAL_Driver/Src/stm32f4xx_hal_pwr.c ****       (++) Entry:
 237:Drivers/STM32F4/Drivers/STM32F4xx_HAL_Driver/Src/stm32f4xx_hal_pwr.c ****         (+++) The Standby mode is entered using the HAL_PWR_EnterSTANDBYMode() function.
 238:Drivers/STM32F4/Drivers/STM32F4xx_HAL_Driver/Src/stm32f4xx_hal_pwr.c ****       (++) Exit:
 239:Drivers/STM32F4/Drivers/STM32F4xx_HAL_Driver/Src/stm32f4xx_hal_pwr.c ****         (+++) WKUP pin rising edge, RTC alarm (Alarm A and Alarm B), RTC wake-up,
 240:Drivers/STM32F4/Drivers/STM32F4xx_HAL_Driver/Src/stm32f4xx_hal_pwr.c ****              tamper event, time-stamp event, external reset in NRST pin, IWDG reset.
 241:Drivers/STM32F4/Drivers/STM32F4xx_HAL_Driver/Src/stm32f4xx_hal_pwr.c **** 
 242:Drivers/STM32F4/Drivers/STM32F4xx_HAL_Driver/Src/stm32f4xx_hal_pwr.c ****    *** Auto-wake-up (AWU) from low-power mode ***
ARM GAS  /tmp/ccFnRKf2.s 			page 8


 243:Drivers/STM32F4/Drivers/STM32F4xx_HAL_Driver/Src/stm32f4xx_hal_pwr.c ****    =============================================
 244:Drivers/STM32F4/Drivers/STM32F4xx_HAL_Driver/Src/stm32f4xx_hal_pwr.c ****     [..]
 245:Drivers/STM32F4/Drivers/STM32F4xx_HAL_Driver/Src/stm32f4xx_hal_pwr.c ****     
 246:Drivers/STM32F4/Drivers/STM32F4xx_HAL_Driver/Src/stm32f4xx_hal_pwr.c ****      (+) The MCU can be woken up from low-power mode by an RTC Alarm event, an RTC 
 247:Drivers/STM32F4/Drivers/STM32F4xx_HAL_Driver/Src/stm32f4xx_hal_pwr.c ****       Wake-up event, a tamper event or a time-stamp event, without depending on 
 248:Drivers/STM32F4/Drivers/STM32F4xx_HAL_Driver/Src/stm32f4xx_hal_pwr.c ****       an external interrupt (Auto-wake-up mode).
 249:Drivers/STM32F4/Drivers/STM32F4xx_HAL_Driver/Src/stm32f4xx_hal_pwr.c **** 
 250:Drivers/STM32F4/Drivers/STM32F4xx_HAL_Driver/Src/stm32f4xx_hal_pwr.c ****       (+) RTC auto-wake-up (AWU) from the Stop and Standby modes
 251:Drivers/STM32F4/Drivers/STM32F4xx_HAL_Driver/Src/stm32f4xx_hal_pwr.c ****        
 252:Drivers/STM32F4/Drivers/STM32F4xx_HAL_Driver/Src/stm32f4xx_hal_pwr.c ****         (++) To wake up from the Stop mode with an RTC alarm event, it is necessary to 
 253:Drivers/STM32F4/Drivers/STM32F4xx_HAL_Driver/Src/stm32f4xx_hal_pwr.c ****               configure the RTC to generate the RTC alarm using the HAL_RTC_SetAlarm_IT() function.
 254:Drivers/STM32F4/Drivers/STM32F4xx_HAL_Driver/Src/stm32f4xx_hal_pwr.c **** 
 255:Drivers/STM32F4/Drivers/STM32F4xx_HAL_Driver/Src/stm32f4xx_hal_pwr.c ****         (++) To wake up from the Stop mode with an RTC Tamper or time stamp event, it 
 256:Drivers/STM32F4/Drivers/STM32F4xx_HAL_Driver/Src/stm32f4xx_hal_pwr.c ****              is necessary to configure the RTC to detect the tamper or time stamp event using the
 257:Drivers/STM32F4/Drivers/STM32F4xx_HAL_Driver/Src/stm32f4xx_hal_pwr.c ****                 HAL_RTCEx_SetTimeStamp_IT() or HAL_RTCEx_SetTamper_IT() functions.
 258:Drivers/STM32F4/Drivers/STM32F4xx_HAL_Driver/Src/stm32f4xx_hal_pwr.c ****                   
 259:Drivers/STM32F4/Drivers/STM32F4xx_HAL_Driver/Src/stm32f4xx_hal_pwr.c ****         (++) To wake up from the Stop mode with an RTC Wake-up event, it is necessary to
 260:Drivers/STM32F4/Drivers/STM32F4xx_HAL_Driver/Src/stm32f4xx_hal_pwr.c ****               configure the RTC to generate the RTC Wake-up event using the HAL_RTCEx_SetWakeUpTime
 261:Drivers/STM32F4/Drivers/STM32F4xx_HAL_Driver/Src/stm32f4xx_hal_pwr.c **** 
 262:Drivers/STM32F4/Drivers/STM32F4xx_HAL_Driver/Src/stm32f4xx_hal_pwr.c **** @endverbatim
 263:Drivers/STM32F4/Drivers/STM32F4xx_HAL_Driver/Src/stm32f4xx_hal_pwr.c ****   * @{
 264:Drivers/STM32F4/Drivers/STM32F4xx_HAL_Driver/Src/stm32f4xx_hal_pwr.c ****   */
 265:Drivers/STM32F4/Drivers/STM32F4xx_HAL_Driver/Src/stm32f4xx_hal_pwr.c **** 
 266:Drivers/STM32F4/Drivers/STM32F4xx_HAL_Driver/Src/stm32f4xx_hal_pwr.c **** /**
 267:Drivers/STM32F4/Drivers/STM32F4xx_HAL_Driver/Src/stm32f4xx_hal_pwr.c ****   * @brief Configures the voltage threshold detected by the Power Voltage Detector(PVD).
 268:Drivers/STM32F4/Drivers/STM32F4xx_HAL_Driver/Src/stm32f4xx_hal_pwr.c ****   * @param sConfigPVD pointer to an PWR_PVDTypeDef structure that contains the configuration
 269:Drivers/STM32F4/Drivers/STM32F4xx_HAL_Driver/Src/stm32f4xx_hal_pwr.c ****   *        information for the PVD.
 270:Drivers/STM32F4/Drivers/STM32F4xx_HAL_Driver/Src/stm32f4xx_hal_pwr.c ****   * @note Refer to the electrical characteristics of your device datasheet for
 271:Drivers/STM32F4/Drivers/STM32F4xx_HAL_Driver/Src/stm32f4xx_hal_pwr.c ****   *         more details about the voltage threshold corresponding to each 
 272:Drivers/STM32F4/Drivers/STM32F4xx_HAL_Driver/Src/stm32f4xx_hal_pwr.c ****   *         detection level.
 273:Drivers/STM32F4/Drivers/STM32F4xx_HAL_Driver/Src/stm32f4xx_hal_pwr.c ****   * @retval None
 274:Drivers/STM32F4/Drivers/STM32F4xx_HAL_Driver/Src/stm32f4xx_hal_pwr.c ****   */
 275:Drivers/STM32F4/Drivers/STM32F4xx_HAL_Driver/Src/stm32f4xx_hal_pwr.c **** void HAL_PWR_ConfigPVD(PWR_PVDTypeDef *sConfigPVD)
 276:Drivers/STM32F4/Drivers/STM32F4xx_HAL_Driver/Src/stm32f4xx_hal_pwr.c **** {
 157              		.loc 1 276 1 is_stmt 1 view -0
 158              		.cfi_startproc
 159              		@ args = 0, pretend = 0, frame = 0
 160              		@ frame_needed = 0, uses_anonymous_args = 0
 161              		.loc 1 276 1 is_stmt 0 view .LVU23
 162 0000 10B5     		push	{r4, lr}
 163              	.LCFI4:
 164              		.cfi_def_cfa_offset 8
 165              		.cfi_offset 4, -8
 166              		.cfi_offset 14, -4
 167 0002 0446     		mov	r4, r0
 277:Drivers/STM32F4/Drivers/STM32F4xx_HAL_Driver/Src/stm32f4xx_hal_pwr.c ****   /* Check the parameters */
 278:Drivers/STM32F4/Drivers/STM32F4xx_HAL_Driver/Src/stm32f4xx_hal_pwr.c ****   assert_param(IS_PWR_PVD_LEVEL(sConfigPVD->PVDLevel));
 168              		.loc 1 278 3 is_stmt 1 view .LVU24
 169 0004 0368     		ldr	r3, [r0]
 170 0006 6BB1     		cbz	r3, .L13
 171              		.loc 1 278 3 is_stmt 0 discriminator 1 view .LVU25
 172 0008 202B     		cmp	r3, #32
 173 000a 0BD0     		beq	.L13
 174              		.loc 1 278 3 discriminator 2 view .LVU26
 175 000c 402B     		cmp	r3, #64
 176 000e 09D0     		beq	.L13
 177              		.loc 1 278 3 discriminator 3 view .LVU27
ARM GAS  /tmp/ccFnRKf2.s 			page 9


 178 0010 602B     		cmp	r3, #96
 179 0012 07D0     		beq	.L13
 180              		.loc 1 278 3 discriminator 4 view .LVU28
 181 0014 802B     		cmp	r3, #128
 182 0016 05D0     		beq	.L13
 183              		.loc 1 278 3 discriminator 5 view .LVU29
 184 0018 A02B     		cmp	r3, #160
 185 001a 03D0     		beq	.L13
 186              		.loc 1 278 3 discriminator 6 view .LVU30
 187 001c C02B     		cmp	r3, #192
 188 001e 01D0     		beq	.L13
 189              		.loc 1 278 3 discriminator 7 view .LVU31
 190 0020 E02B     		cmp	r3, #224
 191 0022 45D1     		bne	.L22
 192              	.LVL1:
 193              	.L13:
 279:Drivers/STM32F4/Drivers/STM32F4xx_HAL_Driver/Src/stm32f4xx_hal_pwr.c ****   assert_param(IS_PWR_PVD_MODE(sConfigPVD->Mode));
 194              		.loc 1 279 3 is_stmt 1 view .LVU32
 195 0024 6368     		ldr	r3, [r4, #4]
 196 0026 2B4A     		ldr	r2, .L24
 197 0028 9342     		cmp	r3, r2
 198 002a 47D8     		bhi	.L14
 199 002c B3F1011F 		cmp	r3, #65537
 200 0030 01D2     		bcs	.L15
 201              	.L16:
 202              		.loc 1 279 3 is_stmt 0 discriminator 4 view .LVU33
 203 0032 002B     		cmp	r3, #0
 204 0034 48D1     		bne	.L23
 205              	.L15:
 280:Drivers/STM32F4/Drivers/STM32F4xx_HAL_Driver/Src/stm32f4xx_hal_pwr.c ****   
 281:Drivers/STM32F4/Drivers/STM32F4xx_HAL_Driver/Src/stm32f4xx_hal_pwr.c ****   /* Set PLS[7:5] bits according to PVDLevel value */
 282:Drivers/STM32F4/Drivers/STM32F4xx_HAL_Driver/Src/stm32f4xx_hal_pwr.c ****   MODIFY_REG(PWR->CR, PWR_CR_PLS, sConfigPVD->PVDLevel);
 206              		.loc 1 282 3 is_stmt 1 view .LVU34
 207 0036 284A     		ldr	r2, .L24+4
 208 0038 1368     		ldr	r3, [r2]
 209 003a 23F0E003 		bic	r3, r3, #224
 210 003e 2168     		ldr	r1, [r4]
 211 0040 0B43     		orrs	r3, r3, r1
 212 0042 1360     		str	r3, [r2]
 283:Drivers/STM32F4/Drivers/STM32F4xx_HAL_Driver/Src/stm32f4xx_hal_pwr.c ****   
 284:Drivers/STM32F4/Drivers/STM32F4xx_HAL_Driver/Src/stm32f4xx_hal_pwr.c ****   /* Clear any previous config. Keep it clear if no event or IT mode is selected */
 285:Drivers/STM32F4/Drivers/STM32F4xx_HAL_Driver/Src/stm32f4xx_hal_pwr.c ****   __HAL_PWR_PVD_EXTI_DISABLE_EVENT();
 213              		.loc 1 285 3 view .LVU35
 214 0044 254B     		ldr	r3, .L24+8
 215 0046 5A68     		ldr	r2, [r3, #4]
 216 0048 22F48032 		bic	r2, r2, #65536
 217 004c 5A60     		str	r2, [r3, #4]
 286:Drivers/STM32F4/Drivers/STM32F4xx_HAL_Driver/Src/stm32f4xx_hal_pwr.c ****   __HAL_PWR_PVD_EXTI_DISABLE_IT();
 218              		.loc 1 286 3 view .LVU36
 219 004e 1A68     		ldr	r2, [r3]
 220 0050 22F48032 		bic	r2, r2, #65536
 221 0054 1A60     		str	r2, [r3]
 287:Drivers/STM32F4/Drivers/STM32F4xx_HAL_Driver/Src/stm32f4xx_hal_pwr.c ****   __HAL_PWR_PVD_EXTI_DISABLE_RISING_EDGE();
 222              		.loc 1 287 3 view .LVU37
 223 0056 9A68     		ldr	r2, [r3, #8]
 224 0058 22F48032 		bic	r2, r2, #65536
 225 005c 9A60     		str	r2, [r3, #8]
ARM GAS  /tmp/ccFnRKf2.s 			page 10


 288:Drivers/STM32F4/Drivers/STM32F4xx_HAL_Driver/Src/stm32f4xx_hal_pwr.c ****   __HAL_PWR_PVD_EXTI_DISABLE_FALLING_EDGE(); 
 226              		.loc 1 288 3 view .LVU38
 227 005e DA68     		ldr	r2, [r3, #12]
 228 0060 22F48032 		bic	r2, r2, #65536
 229 0064 DA60     		str	r2, [r3, #12]
 289:Drivers/STM32F4/Drivers/STM32F4xx_HAL_Driver/Src/stm32f4xx_hal_pwr.c **** 
 290:Drivers/STM32F4/Drivers/STM32F4xx_HAL_Driver/Src/stm32f4xx_hal_pwr.c ****   /* Configure interrupt mode */
 291:Drivers/STM32F4/Drivers/STM32F4xx_HAL_Driver/Src/stm32f4xx_hal_pwr.c ****   if((sConfigPVD->Mode & PVD_MODE_IT) == PVD_MODE_IT)
 230              		.loc 1 291 3 view .LVU39
 231              		.loc 1 291 17 is_stmt 0 view .LVU40
 232 0066 6368     		ldr	r3, [r4, #4]
 233              		.loc 1 291 5 view .LVU41
 234 0068 13F4803F 		tst	r3, #65536
 235 006c 04D0     		beq	.L17
 292:Drivers/STM32F4/Drivers/STM32F4xx_HAL_Driver/Src/stm32f4xx_hal_pwr.c ****   {
 293:Drivers/STM32F4/Drivers/STM32F4xx_HAL_Driver/Src/stm32f4xx_hal_pwr.c ****     __HAL_PWR_PVD_EXTI_ENABLE_IT();
 236              		.loc 1 293 5 is_stmt 1 view .LVU42
 237 006e 1B4A     		ldr	r2, .L24+8
 238 0070 1368     		ldr	r3, [r2]
 239 0072 43F48033 		orr	r3, r3, #65536
 240 0076 1360     		str	r3, [r2]
 241              	.L17:
 294:Drivers/STM32F4/Drivers/STM32F4xx_HAL_Driver/Src/stm32f4xx_hal_pwr.c ****   }
 295:Drivers/STM32F4/Drivers/STM32F4xx_HAL_Driver/Src/stm32f4xx_hal_pwr.c ****   
 296:Drivers/STM32F4/Drivers/STM32F4xx_HAL_Driver/Src/stm32f4xx_hal_pwr.c ****   /* Configure event mode */
 297:Drivers/STM32F4/Drivers/STM32F4xx_HAL_Driver/Src/stm32f4xx_hal_pwr.c ****   if((sConfigPVD->Mode & PVD_MODE_EVT) == PVD_MODE_EVT)
 242              		.loc 1 297 3 view .LVU43
 243              		.loc 1 297 17 is_stmt 0 view .LVU44
 244 0078 6368     		ldr	r3, [r4, #4]
 245              		.loc 1 297 5 view .LVU45
 246 007a 13F4003F 		tst	r3, #131072
 247 007e 04D0     		beq	.L18
 298:Drivers/STM32F4/Drivers/STM32F4xx_HAL_Driver/Src/stm32f4xx_hal_pwr.c ****   {
 299:Drivers/STM32F4/Drivers/STM32F4xx_HAL_Driver/Src/stm32f4xx_hal_pwr.c ****     __HAL_PWR_PVD_EXTI_ENABLE_EVENT();
 248              		.loc 1 299 5 is_stmt 1 view .LVU46
 249 0080 164A     		ldr	r2, .L24+8
 250 0082 5368     		ldr	r3, [r2, #4]
 251 0084 43F48033 		orr	r3, r3, #65536
 252 0088 5360     		str	r3, [r2, #4]
 253              	.L18:
 300:Drivers/STM32F4/Drivers/STM32F4xx_HAL_Driver/Src/stm32f4xx_hal_pwr.c ****   }
 301:Drivers/STM32F4/Drivers/STM32F4xx_HAL_Driver/Src/stm32f4xx_hal_pwr.c ****   
 302:Drivers/STM32F4/Drivers/STM32F4xx_HAL_Driver/Src/stm32f4xx_hal_pwr.c ****   /* Configure the edge */
 303:Drivers/STM32F4/Drivers/STM32F4xx_HAL_Driver/Src/stm32f4xx_hal_pwr.c ****   if((sConfigPVD->Mode & PVD_RISING_EDGE) == PVD_RISING_EDGE)
 254              		.loc 1 303 3 view .LVU47
 255              		.loc 1 303 17 is_stmt 0 view .LVU48
 256 008a 6368     		ldr	r3, [r4, #4]
 257              		.loc 1 303 5 view .LVU49
 258 008c 13F0010F 		tst	r3, #1
 259 0090 04D0     		beq	.L19
 304:Drivers/STM32F4/Drivers/STM32F4xx_HAL_Driver/Src/stm32f4xx_hal_pwr.c ****   {
 305:Drivers/STM32F4/Drivers/STM32F4xx_HAL_Driver/Src/stm32f4xx_hal_pwr.c ****     __HAL_PWR_PVD_EXTI_ENABLE_RISING_EDGE();
 260              		.loc 1 305 5 is_stmt 1 view .LVU50
 261 0092 124A     		ldr	r2, .L24+8
 262 0094 9368     		ldr	r3, [r2, #8]
 263 0096 43F48033 		orr	r3, r3, #65536
 264 009a 9360     		str	r3, [r2, #8]
ARM GAS  /tmp/ccFnRKf2.s 			page 11


 265              	.L19:
 306:Drivers/STM32F4/Drivers/STM32F4xx_HAL_Driver/Src/stm32f4xx_hal_pwr.c ****   }
 307:Drivers/STM32F4/Drivers/STM32F4xx_HAL_Driver/Src/stm32f4xx_hal_pwr.c ****   
 308:Drivers/STM32F4/Drivers/STM32F4xx_HAL_Driver/Src/stm32f4xx_hal_pwr.c ****   if((sConfigPVD->Mode & PVD_FALLING_EDGE) == PVD_FALLING_EDGE)
 266              		.loc 1 308 3 view .LVU51
 267              		.loc 1 308 17 is_stmt 0 view .LVU52
 268 009c 6368     		ldr	r3, [r4, #4]
 269              		.loc 1 308 5 view .LVU53
 270 009e 13F0020F 		tst	r3, #2
 271 00a2 04D0     		beq	.L12
 309:Drivers/STM32F4/Drivers/STM32F4xx_HAL_Driver/Src/stm32f4xx_hal_pwr.c ****   {
 310:Drivers/STM32F4/Drivers/STM32F4xx_HAL_Driver/Src/stm32f4xx_hal_pwr.c ****     __HAL_PWR_PVD_EXTI_ENABLE_FALLING_EDGE();
 272              		.loc 1 310 5 is_stmt 1 view .LVU54
 273 00a4 0D4A     		ldr	r2, .L24+8
 274 00a6 D368     		ldr	r3, [r2, #12]
 275 00a8 43F48033 		orr	r3, r3, #65536
 276 00ac D360     		str	r3, [r2, #12]
 277              	.L12:
 311:Drivers/STM32F4/Drivers/STM32F4xx_HAL_Driver/Src/stm32f4xx_hal_pwr.c ****   }
 312:Drivers/STM32F4/Drivers/STM32F4xx_HAL_Driver/Src/stm32f4xx_hal_pwr.c **** }
 278              		.loc 1 312 1 is_stmt 0 view .LVU55
 279 00ae 10BD     		pop	{r4, pc}
 280              	.LVL2:
 281              	.L22:
 278:Drivers/STM32F4/Drivers/STM32F4xx_HAL_Driver/Src/stm32f4xx_hal_pwr.c ****   assert_param(IS_PWR_PVD_MODE(sConfigPVD->Mode));
 282              		.loc 1 278 3 discriminator 8 view .LVU56
 283 00b0 4FF48B71 		mov	r1, #278
 284 00b4 0A48     		ldr	r0, .L24+12
 285              	.LVL3:
 278:Drivers/STM32F4/Drivers/STM32F4xx_HAL_Driver/Src/stm32f4xx_hal_pwr.c ****   assert_param(IS_PWR_PVD_MODE(sConfigPVD->Mode));
 286              		.loc 1 278 3 discriminator 8 view .LVU57
 287 00b6 FFF7FEFF 		bl	assert_failed
 288              	.LVL4:
 289 00ba B3E7     		b	.L13
 290              	.L14:
 278:Drivers/STM32F4/Drivers/STM32F4xx_HAL_Driver/Src/stm32f4xx_hal_pwr.c ****   assert_param(IS_PWR_PVD_MODE(sConfigPVD->Mode));
 291              		.loc 1 278 3 discriminator 8 view .LVU58
 292 00bc A3F50032 		sub	r2, r3, #131072
 293 00c0 013A     		subs	r2, r2, #1
 294 00c2 022A     		cmp	r2, #2
 295 00c4 B7D9     		bls	.L15
 296 00c6 B4E7     		b	.L16
 297              	.L23:
 279:Drivers/STM32F4/Drivers/STM32F4xx_HAL_Driver/Src/stm32f4xx_hal_pwr.c ****   
 298              		.loc 1 279 3 discriminator 5 view .LVU59
 299 00c8 40F21711 		movw	r1, #279
 300 00cc 0448     		ldr	r0, .L24+12
 301 00ce FFF7FEFF 		bl	assert_failed
 302              	.LVL5:
 303 00d2 B0E7     		b	.L15
 304              	.L25:
 305              		.align	2
 306              	.L24:
 307 00d4 03000100 		.word	65539
 308 00d8 00700040 		.word	1073770496
 309 00dc 003C0140 		.word	1073822720
 310 00e0 00000000 		.word	.LC0
ARM GAS  /tmp/ccFnRKf2.s 			page 12


 311              		.cfi_endproc
 312              	.LFE137:
 314              		.section	.text.HAL_PWR_EnablePVD,"ax",%progbits
 315              		.align	1
 316              		.global	HAL_PWR_EnablePVD
 317              		.syntax unified
 318              		.thumb
 319              		.thumb_func
 321              	HAL_PWR_EnablePVD:
 322              	.LFB138:
 313:Drivers/STM32F4/Drivers/STM32F4xx_HAL_Driver/Src/stm32f4xx_hal_pwr.c **** 
 314:Drivers/STM32F4/Drivers/STM32F4xx_HAL_Driver/Src/stm32f4xx_hal_pwr.c **** /**
 315:Drivers/STM32F4/Drivers/STM32F4xx_HAL_Driver/Src/stm32f4xx_hal_pwr.c ****   * @brief Enables the Power Voltage Detector(PVD).
 316:Drivers/STM32F4/Drivers/STM32F4xx_HAL_Driver/Src/stm32f4xx_hal_pwr.c ****   * @retval None
 317:Drivers/STM32F4/Drivers/STM32F4xx_HAL_Driver/Src/stm32f4xx_hal_pwr.c ****   */
 318:Drivers/STM32F4/Drivers/STM32F4xx_HAL_Driver/Src/stm32f4xx_hal_pwr.c **** void HAL_PWR_EnablePVD(void)
 319:Drivers/STM32F4/Drivers/STM32F4xx_HAL_Driver/Src/stm32f4xx_hal_pwr.c **** {
 323              		.loc 1 319 1 is_stmt 1 view -0
 324              		.cfi_startproc
 325              		@ args = 0, pretend = 0, frame = 0
 326              		@ frame_needed = 0, uses_anonymous_args = 0
 327              		@ link register save eliminated.
 320:Drivers/STM32F4/Drivers/STM32F4xx_HAL_Driver/Src/stm32f4xx_hal_pwr.c ****   *(__IO uint32_t *) CR_PVDE_BB = (uint32_t)ENABLE;
 328              		.loc 1 320 3 view .LVU61
 329              		.loc 1 320 33 is_stmt 0 view .LVU62
 330 0000 014B     		ldr	r3, .L27
 331 0002 0122     		movs	r2, #1
 332 0004 1A61     		str	r2, [r3, #16]
 321:Drivers/STM32F4/Drivers/STM32F4xx_HAL_Driver/Src/stm32f4xx_hal_pwr.c **** }
 333              		.loc 1 321 1 view .LVU63
 334 0006 7047     		bx	lr
 335              	.L28:
 336              		.align	2
 337              	.L27:
 338 0008 00000E42 		.word	1108213760
 339              		.cfi_endproc
 340              	.LFE138:
 342              		.section	.text.HAL_PWR_DisablePVD,"ax",%progbits
 343              		.align	1
 344              		.global	HAL_PWR_DisablePVD
 345              		.syntax unified
 346              		.thumb
 347              		.thumb_func
 349              	HAL_PWR_DisablePVD:
 350              	.LFB139:
 322:Drivers/STM32F4/Drivers/STM32F4xx_HAL_Driver/Src/stm32f4xx_hal_pwr.c **** 
 323:Drivers/STM32F4/Drivers/STM32F4xx_HAL_Driver/Src/stm32f4xx_hal_pwr.c **** /**
 324:Drivers/STM32F4/Drivers/STM32F4xx_HAL_Driver/Src/stm32f4xx_hal_pwr.c ****   * @brief Disables the Power Voltage Detector(PVD).
 325:Drivers/STM32F4/Drivers/STM32F4xx_HAL_Driver/Src/stm32f4xx_hal_pwr.c ****   * @retval None
 326:Drivers/STM32F4/Drivers/STM32F4xx_HAL_Driver/Src/stm32f4xx_hal_pwr.c ****   */
 327:Drivers/STM32F4/Drivers/STM32F4xx_HAL_Driver/Src/stm32f4xx_hal_pwr.c **** void HAL_PWR_DisablePVD(void)
 328:Drivers/STM32F4/Drivers/STM32F4xx_HAL_Driver/Src/stm32f4xx_hal_pwr.c **** {
 351              		.loc 1 328 1 is_stmt 1 view -0
 352              		.cfi_startproc
 353              		@ args = 0, pretend = 0, frame = 0
 354              		@ frame_needed = 0, uses_anonymous_args = 0
 355              		@ link register save eliminated.
ARM GAS  /tmp/ccFnRKf2.s 			page 13


 329:Drivers/STM32F4/Drivers/STM32F4xx_HAL_Driver/Src/stm32f4xx_hal_pwr.c ****   *(__IO uint32_t *) CR_PVDE_BB = (uint32_t)DISABLE;
 356              		.loc 1 329 3 view .LVU65
 357              		.loc 1 329 33 is_stmt 0 view .LVU66
 358 0000 014B     		ldr	r3, .L30
 359 0002 0022     		movs	r2, #0
 360 0004 1A61     		str	r2, [r3, #16]
 330:Drivers/STM32F4/Drivers/STM32F4xx_HAL_Driver/Src/stm32f4xx_hal_pwr.c **** }
 361              		.loc 1 330 1 view .LVU67
 362 0006 7047     		bx	lr
 363              	.L31:
 364              		.align	2
 365              	.L30:
 366 0008 00000E42 		.word	1108213760
 367              		.cfi_endproc
 368              	.LFE139:
 370              		.section	.text.HAL_PWR_EnableWakeUpPin,"ax",%progbits
 371              		.align	1
 372              		.global	HAL_PWR_EnableWakeUpPin
 373              		.syntax unified
 374              		.thumb
 375              		.thumb_func
 377              	HAL_PWR_EnableWakeUpPin:
 378              	.LVL6:
 379              	.LFB140:
 331:Drivers/STM32F4/Drivers/STM32F4xx_HAL_Driver/Src/stm32f4xx_hal_pwr.c **** 
 332:Drivers/STM32F4/Drivers/STM32F4xx_HAL_Driver/Src/stm32f4xx_hal_pwr.c **** /**
 333:Drivers/STM32F4/Drivers/STM32F4xx_HAL_Driver/Src/stm32f4xx_hal_pwr.c ****   * @brief Enables the Wake-up PINx functionality.
 334:Drivers/STM32F4/Drivers/STM32F4xx_HAL_Driver/Src/stm32f4xx_hal_pwr.c ****   * @param WakeUpPinx Specifies the Power Wake-Up pin to enable.
 335:Drivers/STM32F4/Drivers/STM32F4xx_HAL_Driver/Src/stm32f4xx_hal_pwr.c ****   *         This parameter can be one of the following values:
 336:Drivers/STM32F4/Drivers/STM32F4xx_HAL_Driver/Src/stm32f4xx_hal_pwr.c ****   *           @arg PWR_WAKEUP_PIN1
 337:Drivers/STM32F4/Drivers/STM32F4xx_HAL_Driver/Src/stm32f4xx_hal_pwr.c ****   *           @arg PWR_WAKEUP_PIN2 available only on STM32F410xx/STM32F446xx/STM32F412xx/STM32F413x
 338:Drivers/STM32F4/Drivers/STM32F4xx_HAL_Driver/Src/stm32f4xx_hal_pwr.c ****   *           @arg PWR_WAKEUP_PIN3 available only on STM32F410xx/STM32F412xx/STM32F413xx/STM32F423x
 339:Drivers/STM32F4/Drivers/STM32F4xx_HAL_Driver/Src/stm32f4xx_hal_pwr.c ****   * @retval None
 340:Drivers/STM32F4/Drivers/STM32F4xx_HAL_Driver/Src/stm32f4xx_hal_pwr.c ****   */
 341:Drivers/STM32F4/Drivers/STM32F4xx_HAL_Driver/Src/stm32f4xx_hal_pwr.c **** void HAL_PWR_EnableWakeUpPin(uint32_t WakeUpPinx)
 342:Drivers/STM32F4/Drivers/STM32F4xx_HAL_Driver/Src/stm32f4xx_hal_pwr.c **** {
 380              		.loc 1 342 1 is_stmt 1 view -0
 381              		.cfi_startproc
 382              		@ args = 0, pretend = 0, frame = 0
 383              		@ frame_needed = 0, uses_anonymous_args = 0
 384              		.loc 1 342 1 is_stmt 0 view .LVU69
 385 0000 10B5     		push	{r4, lr}
 386              	.LCFI5:
 387              		.cfi_def_cfa_offset 8
 388              		.cfi_offset 4, -8
 389              		.cfi_offset 14, -4
 390 0002 0446     		mov	r4, r0
 343:Drivers/STM32F4/Drivers/STM32F4xx_HAL_Driver/Src/stm32f4xx_hal_pwr.c ****   /* Check the parameter */
 344:Drivers/STM32F4/Drivers/STM32F4xx_HAL_Driver/Src/stm32f4xx_hal_pwr.c ****   assert_param(IS_PWR_WAKEUP_PIN(WakeUpPinx));
 391              		.loc 1 344 3 is_stmt 1 view .LVU70
 392 0004 B0F5807F 		cmp	r0, #256
 393 0008 04D1     		bne	.L35
 394              	.LVL7:
 395              	.L33:
 345:Drivers/STM32F4/Drivers/STM32F4xx_HAL_Driver/Src/stm32f4xx_hal_pwr.c **** 
 346:Drivers/STM32F4/Drivers/STM32F4xx_HAL_Driver/Src/stm32f4xx_hal_pwr.c ****   /* Enable the wake up pin */
 347:Drivers/STM32F4/Drivers/STM32F4xx_HAL_Driver/Src/stm32f4xx_hal_pwr.c ****   SET_BIT(PWR->CSR, WakeUpPinx);
ARM GAS  /tmp/ccFnRKf2.s 			page 14


 396              		.loc 1 347 3 view .LVU71
 397 000a 054A     		ldr	r2, .L36
 398 000c 5368     		ldr	r3, [r2, #4]
 399 000e 2343     		orrs	r3, r3, r4
 400 0010 5360     		str	r3, [r2, #4]
 348:Drivers/STM32F4/Drivers/STM32F4xx_HAL_Driver/Src/stm32f4xx_hal_pwr.c **** }
 401              		.loc 1 348 1 is_stmt 0 view .LVU72
 402 0012 10BD     		pop	{r4, pc}
 403              	.LVL8:
 404              	.L35:
 344:Drivers/STM32F4/Drivers/STM32F4xx_HAL_Driver/Src/stm32f4xx_hal_pwr.c **** 
 405              		.loc 1 344 3 discriminator 1 view .LVU73
 406 0014 4FF4AC71 		mov	r1, #344
 407 0018 0248     		ldr	r0, .L36+4
 408              	.LVL9:
 344:Drivers/STM32F4/Drivers/STM32F4xx_HAL_Driver/Src/stm32f4xx_hal_pwr.c **** 
 409              		.loc 1 344 3 discriminator 1 view .LVU74
 410 001a FFF7FEFF 		bl	assert_failed
 411              	.LVL10:
 412 001e F4E7     		b	.L33
 413              	.L37:
 414              		.align	2
 415              	.L36:
 416 0020 00700040 		.word	1073770496
 417 0024 00000000 		.word	.LC0
 418              		.cfi_endproc
 419              	.LFE140:
 421              		.section	.text.HAL_PWR_DisableWakeUpPin,"ax",%progbits
 422              		.align	1
 423              		.global	HAL_PWR_DisableWakeUpPin
 424              		.syntax unified
 425              		.thumb
 426              		.thumb_func
 428              	HAL_PWR_DisableWakeUpPin:
 429              	.LVL11:
 430              	.LFB141:
 349:Drivers/STM32F4/Drivers/STM32F4xx_HAL_Driver/Src/stm32f4xx_hal_pwr.c **** 
 350:Drivers/STM32F4/Drivers/STM32F4xx_HAL_Driver/Src/stm32f4xx_hal_pwr.c **** /**
 351:Drivers/STM32F4/Drivers/STM32F4xx_HAL_Driver/Src/stm32f4xx_hal_pwr.c ****   * @brief Disables the Wake-up PINx functionality.
 352:Drivers/STM32F4/Drivers/STM32F4xx_HAL_Driver/Src/stm32f4xx_hal_pwr.c ****   * @param WakeUpPinx Specifies the Power Wake-Up pin to disable.
 353:Drivers/STM32F4/Drivers/STM32F4xx_HAL_Driver/Src/stm32f4xx_hal_pwr.c ****   *         This parameter can be one of the following values:
 354:Drivers/STM32F4/Drivers/STM32F4xx_HAL_Driver/Src/stm32f4xx_hal_pwr.c ****   *           @arg PWR_WAKEUP_PIN1
 355:Drivers/STM32F4/Drivers/STM32F4xx_HAL_Driver/Src/stm32f4xx_hal_pwr.c ****   *           @arg PWR_WAKEUP_PIN2 available only on STM32F410xx/STM32F446xx/STM32F412xx/STM32F413x
 356:Drivers/STM32F4/Drivers/STM32F4xx_HAL_Driver/Src/stm32f4xx_hal_pwr.c ****   *           @arg PWR_WAKEUP_PIN3 available only on STM32F410xx/STM32F412xx/STM32F413xx/STM32F423x
 357:Drivers/STM32F4/Drivers/STM32F4xx_HAL_Driver/Src/stm32f4xx_hal_pwr.c ****   * @retval None
 358:Drivers/STM32F4/Drivers/STM32F4xx_HAL_Driver/Src/stm32f4xx_hal_pwr.c ****   */
 359:Drivers/STM32F4/Drivers/STM32F4xx_HAL_Driver/Src/stm32f4xx_hal_pwr.c **** void HAL_PWR_DisableWakeUpPin(uint32_t WakeUpPinx)
 360:Drivers/STM32F4/Drivers/STM32F4xx_HAL_Driver/Src/stm32f4xx_hal_pwr.c **** {
 431              		.loc 1 360 1 is_stmt 1 view -0
 432              		.cfi_startproc
 433              		@ args = 0, pretend = 0, frame = 0
 434              		@ frame_needed = 0, uses_anonymous_args = 0
 435              		.loc 1 360 1 is_stmt 0 view .LVU76
 436 0000 10B5     		push	{r4, lr}
 437              	.LCFI6:
 438              		.cfi_def_cfa_offset 8
 439              		.cfi_offset 4, -8
ARM GAS  /tmp/ccFnRKf2.s 			page 15


 440              		.cfi_offset 14, -4
 441 0002 0446     		mov	r4, r0
 361:Drivers/STM32F4/Drivers/STM32F4xx_HAL_Driver/Src/stm32f4xx_hal_pwr.c ****   /* Check the parameter */
 362:Drivers/STM32F4/Drivers/STM32F4xx_HAL_Driver/Src/stm32f4xx_hal_pwr.c ****   assert_param(IS_PWR_WAKEUP_PIN(WakeUpPinx));  
 442              		.loc 1 362 3 is_stmt 1 view .LVU77
 443 0004 B0F5807F 		cmp	r0, #256
 444 0008 05D1     		bne	.L41
 445              	.LVL12:
 446              	.L39:
 363:Drivers/STM32F4/Drivers/STM32F4xx_HAL_Driver/Src/stm32f4xx_hal_pwr.c **** 
 364:Drivers/STM32F4/Drivers/STM32F4xx_HAL_Driver/Src/stm32f4xx_hal_pwr.c ****   /* Disable the wake up pin */
 365:Drivers/STM32F4/Drivers/STM32F4xx_HAL_Driver/Src/stm32f4xx_hal_pwr.c ****   CLEAR_BIT(PWR->CSR, WakeUpPinx);
 447              		.loc 1 365 3 view .LVU78
 448 000a 064A     		ldr	r2, .L42
 449 000c 5368     		ldr	r3, [r2, #4]
 450 000e 23EA0403 		bic	r3, r3, r4
 451 0012 5360     		str	r3, [r2, #4]
 366:Drivers/STM32F4/Drivers/STM32F4xx_HAL_Driver/Src/stm32f4xx_hal_pwr.c **** }
 452              		.loc 1 366 1 is_stmt 0 view .LVU79
 453 0014 10BD     		pop	{r4, pc}
 454              	.LVL13:
 455              	.L41:
 362:Drivers/STM32F4/Drivers/STM32F4xx_HAL_Driver/Src/stm32f4xx_hal_pwr.c **** 
 456              		.loc 1 362 3 discriminator 1 view .LVU80
 457 0016 4FF4B571 		mov	r1, #362
 458 001a 0348     		ldr	r0, .L42+4
 459              	.LVL14:
 362:Drivers/STM32F4/Drivers/STM32F4xx_HAL_Driver/Src/stm32f4xx_hal_pwr.c **** 
 460              		.loc 1 362 3 discriminator 1 view .LVU81
 461 001c FFF7FEFF 		bl	assert_failed
 462              	.LVL15:
 463 0020 F3E7     		b	.L39
 464              	.L43:
 465 0022 00BF     		.align	2
 466              	.L42:
 467 0024 00700040 		.word	1073770496
 468 0028 00000000 		.word	.LC0
 469              		.cfi_endproc
 470              	.LFE141:
 472              		.section	.text.HAL_PWR_EnterSLEEPMode,"ax",%progbits
 473              		.align	1
 474              		.global	HAL_PWR_EnterSLEEPMode
 475              		.syntax unified
 476              		.thumb
 477              		.thumb_func
 479              	HAL_PWR_EnterSLEEPMode:
 480              	.LVL16:
 481              	.LFB142:
 367:Drivers/STM32F4/Drivers/STM32F4xx_HAL_Driver/Src/stm32f4xx_hal_pwr.c ****   
 368:Drivers/STM32F4/Drivers/STM32F4xx_HAL_Driver/Src/stm32f4xx_hal_pwr.c **** /**
 369:Drivers/STM32F4/Drivers/STM32F4xx_HAL_Driver/Src/stm32f4xx_hal_pwr.c ****   * @brief Enters Sleep mode.
 370:Drivers/STM32F4/Drivers/STM32F4xx_HAL_Driver/Src/stm32f4xx_hal_pwr.c ****   *   
 371:Drivers/STM32F4/Drivers/STM32F4xx_HAL_Driver/Src/stm32f4xx_hal_pwr.c ****   * @note In Sleep mode, all I/O pins keep the same state as in Run mode.
 372:Drivers/STM32F4/Drivers/STM32F4xx_HAL_Driver/Src/stm32f4xx_hal_pwr.c ****   * 
 373:Drivers/STM32F4/Drivers/STM32F4xx_HAL_Driver/Src/stm32f4xx_hal_pwr.c ****   * @note In Sleep mode, the systick is stopped to avoid exit from this mode with
 374:Drivers/STM32F4/Drivers/STM32F4xx_HAL_Driver/Src/stm32f4xx_hal_pwr.c ****   *       systick interrupt when used as time base for Timeout 
 375:Drivers/STM32F4/Drivers/STM32F4xx_HAL_Driver/Src/stm32f4xx_hal_pwr.c ****   *                
ARM GAS  /tmp/ccFnRKf2.s 			page 16


 376:Drivers/STM32F4/Drivers/STM32F4xx_HAL_Driver/Src/stm32f4xx_hal_pwr.c ****   * @param Regulator Specifies the regulator state in SLEEP mode.
 377:Drivers/STM32F4/Drivers/STM32F4xx_HAL_Driver/Src/stm32f4xx_hal_pwr.c ****   *            This parameter can be one of the following values:
 378:Drivers/STM32F4/Drivers/STM32F4xx_HAL_Driver/Src/stm32f4xx_hal_pwr.c ****   *            @arg PWR_MAINREGULATOR_ON: SLEEP mode with regulator ON
 379:Drivers/STM32F4/Drivers/STM32F4xx_HAL_Driver/Src/stm32f4xx_hal_pwr.c ****   *            @arg PWR_LOWPOWERREGULATOR_ON: SLEEP mode with low power regulator ON
 380:Drivers/STM32F4/Drivers/STM32F4xx_HAL_Driver/Src/stm32f4xx_hal_pwr.c ****   * @note This parameter is not used for the STM32F4 family and is kept as parameter
 381:Drivers/STM32F4/Drivers/STM32F4xx_HAL_Driver/Src/stm32f4xx_hal_pwr.c ****   *       just to maintain compatibility with the lower power families.
 382:Drivers/STM32F4/Drivers/STM32F4xx_HAL_Driver/Src/stm32f4xx_hal_pwr.c ****   * @param SLEEPEntry Specifies if SLEEP mode in entered with WFI or WFE instruction.
 383:Drivers/STM32F4/Drivers/STM32F4xx_HAL_Driver/Src/stm32f4xx_hal_pwr.c ****   *          This parameter can be one of the following values:
 384:Drivers/STM32F4/Drivers/STM32F4xx_HAL_Driver/Src/stm32f4xx_hal_pwr.c ****   *            @arg PWR_SLEEPENTRY_WFI              : Enter SLEEP mode with WFI instruction
 385:Drivers/STM32F4/Drivers/STM32F4xx_HAL_Driver/Src/stm32f4xx_hal_pwr.c ****   *            @arg PWR_SLEEPENTRY_WFE              : Enter SLEEP mode with WFE instruction and
 386:Drivers/STM32F4/Drivers/STM32F4xx_HAL_Driver/Src/stm32f4xx_hal_pwr.c ****   *                                                   clear of pending events before.
 387:Drivers/STM32F4/Drivers/STM32F4xx_HAL_Driver/Src/stm32f4xx_hal_pwr.c ****   *            @arg PWR_SLEEPENTRY_WFE_NO_EVT_CLEAR : Enter SLEEP mode with WFE instruction and
 388:Drivers/STM32F4/Drivers/STM32F4xx_HAL_Driver/Src/stm32f4xx_hal_pwr.c ****   *                                                   no clear of pending event before.
 389:Drivers/STM32F4/Drivers/STM32F4xx_HAL_Driver/Src/stm32f4xx_hal_pwr.c ****   * @retval None
 390:Drivers/STM32F4/Drivers/STM32F4xx_HAL_Driver/Src/stm32f4xx_hal_pwr.c ****   */
 391:Drivers/STM32F4/Drivers/STM32F4xx_HAL_Driver/Src/stm32f4xx_hal_pwr.c **** void HAL_PWR_EnterSLEEPMode(uint32_t Regulator, uint8_t SLEEPEntry)
 392:Drivers/STM32F4/Drivers/STM32F4xx_HAL_Driver/Src/stm32f4xx_hal_pwr.c **** {
 482              		.loc 1 392 1 is_stmt 1 view -0
 483              		.cfi_startproc
 484              		@ args = 0, pretend = 0, frame = 0
 485              		@ frame_needed = 0, uses_anonymous_args = 0
 486              		.loc 1 392 1 is_stmt 0 view .LVU83
 487 0000 10B5     		push	{r4, lr}
 488              	.LCFI7:
 489              		.cfi_def_cfa_offset 8
 490              		.cfi_offset 4, -8
 491              		.cfi_offset 14, -4
 492 0002 0C46     		mov	r4, r1
 393:Drivers/STM32F4/Drivers/STM32F4xx_HAL_Driver/Src/stm32f4xx_hal_pwr.c ****   /* Prevent unused argument(s) compilation warning */
 394:Drivers/STM32F4/Drivers/STM32F4xx_HAL_Driver/Src/stm32f4xx_hal_pwr.c ****   UNUSED(Regulator);
 493              		.loc 1 394 3 is_stmt 1 view .LVU84
 395:Drivers/STM32F4/Drivers/STM32F4xx_HAL_Driver/Src/stm32f4xx_hal_pwr.c **** 
 396:Drivers/STM32F4/Drivers/STM32F4xx_HAL_Driver/Src/stm32f4xx_hal_pwr.c ****   /* Check the parameters */
 397:Drivers/STM32F4/Drivers/STM32F4xx_HAL_Driver/Src/stm32f4xx_hal_pwr.c ****   assert_param(IS_PWR_REGULATOR(Regulator));
 494              		.loc 1 397 3 view .LVU85
 495 0004 0128     		cmp	r0, #1
 496 0006 10D8     		bhi	.L51
 497              	.LVL17:
 498              	.L45:
 398:Drivers/STM32F4/Drivers/STM32F4xx_HAL_Driver/Src/stm32f4xx_hal_pwr.c ****   assert_param(IS_PWR_SLEEP_ENTRY(SLEEPEntry));
 499              		.loc 1 398 3 view .LVU86
 500 0008 631E     		subs	r3, r4, #1
 501 000a DBB2     		uxtb	r3, r3
 502 000c 022B     		cmp	r3, #2
 503 000e 12D8     		bhi	.L52
 504              	.L46:
 399:Drivers/STM32F4/Drivers/STM32F4xx_HAL_Driver/Src/stm32f4xx_hal_pwr.c **** 
 400:Drivers/STM32F4/Drivers/STM32F4xx_HAL_Driver/Src/stm32f4xx_hal_pwr.c ****   /* Clear SLEEPDEEP bit of Cortex System Control Register */
 401:Drivers/STM32F4/Drivers/STM32F4xx_HAL_Driver/Src/stm32f4xx_hal_pwr.c ****   CLEAR_BIT(SCB->SCR, ((uint32_t)SCB_SCR_SLEEPDEEP_Msk));
 505              		.loc 1 401 3 view .LVU87
 506 0010 0D4A     		ldr	r2, .L54
 507 0012 1369     		ldr	r3, [r2, #16]
 508 0014 23F00403 		bic	r3, r3, #4
 509 0018 1361     		str	r3, [r2, #16]
 402:Drivers/STM32F4/Drivers/STM32F4xx_HAL_Driver/Src/stm32f4xx_hal_pwr.c **** 
 403:Drivers/STM32F4/Drivers/STM32F4xx_HAL_Driver/Src/stm32f4xx_hal_pwr.c ****   /* Select SLEEP mode entry -------------------------------------------------*/
 404:Drivers/STM32F4/Drivers/STM32F4xx_HAL_Driver/Src/stm32f4xx_hal_pwr.c ****   if(SLEEPEntry == PWR_SLEEPENTRY_WFI)
ARM GAS  /tmp/ccFnRKf2.s 			page 17


 510              		.loc 1 404 3 view .LVU88
 511              		.loc 1 404 5 is_stmt 0 view .LVU89
 512 001a 012C     		cmp	r4, #1
 513 001c 11D0     		beq	.L53
 405:Drivers/STM32F4/Drivers/STM32F4xx_HAL_Driver/Src/stm32f4xx_hal_pwr.c ****   {   
 406:Drivers/STM32F4/Drivers/STM32F4xx_HAL_Driver/Src/stm32f4xx_hal_pwr.c ****     /* Request Wait For Interrupt */
 407:Drivers/STM32F4/Drivers/STM32F4xx_HAL_Driver/Src/stm32f4xx_hal_pwr.c ****     __WFI();
 408:Drivers/STM32F4/Drivers/STM32F4xx_HAL_Driver/Src/stm32f4xx_hal_pwr.c ****   }
 409:Drivers/STM32F4/Drivers/STM32F4xx_HAL_Driver/Src/stm32f4xx_hal_pwr.c ****   else
 410:Drivers/STM32F4/Drivers/STM32F4xx_HAL_Driver/Src/stm32f4xx_hal_pwr.c ****   {
 411:Drivers/STM32F4/Drivers/STM32F4xx_HAL_Driver/Src/stm32f4xx_hal_pwr.c ****     if(SLEEPEntry != PWR_SLEEPENTRY_WFE_NO_EVT_CLEAR)
 514              		.loc 1 411 5 is_stmt 1 view .LVU90
 515              		.loc 1 411 7 is_stmt 0 view .LVU91
 516 001e 032C     		cmp	r4, #3
 517 0020 01D0     		beq	.L49
 412:Drivers/STM32F4/Drivers/STM32F4xx_HAL_Driver/Src/stm32f4xx_hal_pwr.c ****     {
 413:Drivers/STM32F4/Drivers/STM32F4xx_HAL_Driver/Src/stm32f4xx_hal_pwr.c ****       /* Clear all pending event */
 414:Drivers/STM32F4/Drivers/STM32F4xx_HAL_Driver/Src/stm32f4xx_hal_pwr.c ****       __SEV();
 518              		.loc 1 414 7 is_stmt 1 view .LVU92
 519              		.syntax unified
 520              	@ 414 "Drivers/STM32F4/Drivers/STM32F4xx_HAL_Driver/Src/stm32f4xx_hal_pwr.c" 1
 521 0022 40BF     		sev
 522              	@ 0 "" 2
 415:Drivers/STM32F4/Drivers/STM32F4xx_HAL_Driver/Src/stm32f4xx_hal_pwr.c ****       __WFE();
 523              		.loc 1 415 7 view .LVU93
 524              	@ 415 "Drivers/STM32F4/Drivers/STM32F4xx_HAL_Driver/Src/stm32f4xx_hal_pwr.c" 1
 525 0024 20BF     		wfe
 526              	@ 0 "" 2
 527              		.thumb
 528              		.syntax unified
 529              	.L49:
 416:Drivers/STM32F4/Drivers/STM32F4xx_HAL_Driver/Src/stm32f4xx_hal_pwr.c ****     }
 417:Drivers/STM32F4/Drivers/STM32F4xx_HAL_Driver/Src/stm32f4xx_hal_pwr.c **** 
 418:Drivers/STM32F4/Drivers/STM32F4xx_HAL_Driver/Src/stm32f4xx_hal_pwr.c ****     /* Request Wait For Event */
 419:Drivers/STM32F4/Drivers/STM32F4xx_HAL_Driver/Src/stm32f4xx_hal_pwr.c ****     __WFE();
 530              		.loc 1 419 5 view .LVU94
 531              		.syntax unified
 532              	@ 419 "Drivers/STM32F4/Drivers/STM32F4xx_HAL_Driver/Src/stm32f4xx_hal_pwr.c" 1
 533 0026 20BF     		wfe
 534              	@ 0 "" 2
 535              		.thumb
 536              		.syntax unified
 537              	.L44:
 420:Drivers/STM32F4/Drivers/STM32F4xx_HAL_Driver/Src/stm32f4xx_hal_pwr.c ****   }
 421:Drivers/STM32F4/Drivers/STM32F4xx_HAL_Driver/Src/stm32f4xx_hal_pwr.c **** }
 538              		.loc 1 421 1 is_stmt 0 view .LVU95
 539 0028 10BD     		pop	{r4, pc}
 540              	.LVL18:
 541              	.L51:
 397:Drivers/STM32F4/Drivers/STM32F4xx_HAL_Driver/Src/stm32f4xx_hal_pwr.c ****   assert_param(IS_PWR_SLEEP_ENTRY(SLEEPEntry));
 542              		.loc 1 397 3 discriminator 1 view .LVU96
 543 002a 40F28D11 		movw	r1, #397
 544              	.LVL19:
 397:Drivers/STM32F4/Drivers/STM32F4xx_HAL_Driver/Src/stm32f4xx_hal_pwr.c ****   assert_param(IS_PWR_SLEEP_ENTRY(SLEEPEntry));
 545              		.loc 1 397 3 discriminator 1 view .LVU97
 546 002e 0748     		ldr	r0, .L54+4
 547              	.LVL20:
ARM GAS  /tmp/ccFnRKf2.s 			page 18


 397:Drivers/STM32F4/Drivers/STM32F4xx_HAL_Driver/Src/stm32f4xx_hal_pwr.c ****   assert_param(IS_PWR_SLEEP_ENTRY(SLEEPEntry));
 548              		.loc 1 397 3 discriminator 1 view .LVU98
 549 0030 FFF7FEFF 		bl	assert_failed
 550              	.LVL21:
 551 0034 E8E7     		b	.L45
 552              	.L52:
 398:Drivers/STM32F4/Drivers/STM32F4xx_HAL_Driver/Src/stm32f4xx_hal_pwr.c **** 
 553              		.loc 1 398 3 discriminator 1 view .LVU99
 554 0036 4FF4C771 		mov	r1, #398
 555 003a 0448     		ldr	r0, .L54+4
 556 003c FFF7FEFF 		bl	assert_failed
 557              	.LVL22:
 558 0040 E6E7     		b	.L46
 559              	.L53:
 407:Drivers/STM32F4/Drivers/STM32F4xx_HAL_Driver/Src/stm32f4xx_hal_pwr.c ****   }
 560              		.loc 1 407 5 is_stmt 1 view .LVU100
 561              		.syntax unified
 562              	@ 407 "Drivers/STM32F4/Drivers/STM32F4xx_HAL_Driver/Src/stm32f4xx_hal_pwr.c" 1
 563 0042 30BF     		wfi
 564              	@ 0 "" 2
 565              		.thumb
 566              		.syntax unified
 567 0044 F0E7     		b	.L44
 568              	.L55:
 569 0046 00BF     		.align	2
 570              	.L54:
 571 0048 00ED00E0 		.word	-536810240
 572 004c 00000000 		.word	.LC0
 573              		.cfi_endproc
 574              	.LFE142:
 576              		.section	.text.HAL_PWR_EnterSTOPMode,"ax",%progbits
 577              		.align	1
 578              		.global	HAL_PWR_EnterSTOPMode
 579              		.syntax unified
 580              		.thumb
 581              		.thumb_func
 583              	HAL_PWR_EnterSTOPMode:
 584              	.LVL23:
 585              	.LFB143:
 422:Drivers/STM32F4/Drivers/STM32F4xx_HAL_Driver/Src/stm32f4xx_hal_pwr.c **** 
 423:Drivers/STM32F4/Drivers/STM32F4xx_HAL_Driver/Src/stm32f4xx_hal_pwr.c **** /**
 424:Drivers/STM32F4/Drivers/STM32F4xx_HAL_Driver/Src/stm32f4xx_hal_pwr.c ****   * @brief Enters Stop mode. 
 425:Drivers/STM32F4/Drivers/STM32F4xx_HAL_Driver/Src/stm32f4xx_hal_pwr.c ****   * @note In Stop mode, all I/O pins keep the same state as in Run mode.
 426:Drivers/STM32F4/Drivers/STM32F4xx_HAL_Driver/Src/stm32f4xx_hal_pwr.c ****   * @note When exiting Stop mode by issuing an interrupt or a wake-up event, 
 427:Drivers/STM32F4/Drivers/STM32F4xx_HAL_Driver/Src/stm32f4xx_hal_pwr.c ****   *         the HSI RC oscillator is selected as system clock.
 428:Drivers/STM32F4/Drivers/STM32F4xx_HAL_Driver/Src/stm32f4xx_hal_pwr.c ****   * @note When the voltage regulator operates in low power mode, an additional 
 429:Drivers/STM32F4/Drivers/STM32F4xx_HAL_Driver/Src/stm32f4xx_hal_pwr.c ****   *         startup delay is incurred when waking up from Stop mode. 
 430:Drivers/STM32F4/Drivers/STM32F4xx_HAL_Driver/Src/stm32f4xx_hal_pwr.c ****   *         By keeping the internal regulator ON during Stop mode, the consumption 
 431:Drivers/STM32F4/Drivers/STM32F4xx_HAL_Driver/Src/stm32f4xx_hal_pwr.c ****   *         is higher although the startup time is reduced.    
 432:Drivers/STM32F4/Drivers/STM32F4xx_HAL_Driver/Src/stm32f4xx_hal_pwr.c ****   * @param Regulator Specifies the regulator state in Stop mode.
 433:Drivers/STM32F4/Drivers/STM32F4xx_HAL_Driver/Src/stm32f4xx_hal_pwr.c ****   *          This parameter can be one of the following values:
 434:Drivers/STM32F4/Drivers/STM32F4xx_HAL_Driver/Src/stm32f4xx_hal_pwr.c ****   *            @arg PWR_MAINREGULATOR_ON: Stop mode with regulator ON
 435:Drivers/STM32F4/Drivers/STM32F4xx_HAL_Driver/Src/stm32f4xx_hal_pwr.c ****   *            @arg PWR_LOWPOWERREGULATOR_ON: Stop mode with low power regulator ON
 436:Drivers/STM32F4/Drivers/STM32F4xx_HAL_Driver/Src/stm32f4xx_hal_pwr.c ****   * @param STOPEntry Specifies if Stop mode in entered with WFI or WFE instruction.
 437:Drivers/STM32F4/Drivers/STM32F4xx_HAL_Driver/Src/stm32f4xx_hal_pwr.c ****   *          This parameter can be one of the following values:
 438:Drivers/STM32F4/Drivers/STM32F4xx_HAL_Driver/Src/stm32f4xx_hal_pwr.c ****   *            @arg PWR_STOPENTRY_WFI              : Enter Stop mode with WFI instruction 
 439:Drivers/STM32F4/Drivers/STM32F4xx_HAL_Driver/Src/stm32f4xx_hal_pwr.c ****   *            @arg PWR_STOPENTRY_WFE              : Enter Stop mode with WFE instruction and
ARM GAS  /tmp/ccFnRKf2.s 			page 19


 440:Drivers/STM32F4/Drivers/STM32F4xx_HAL_Driver/Src/stm32f4xx_hal_pwr.c ****   *                                                  clear of pending events before.
 441:Drivers/STM32F4/Drivers/STM32F4xx_HAL_Driver/Src/stm32f4xx_hal_pwr.c ****   *            @arg PWR_STOPENTRY_WFE_NO_EVT_CLEAR : Enter STOP mode with WFE instruction and
 442:Drivers/STM32F4/Drivers/STM32F4xx_HAL_Driver/Src/stm32f4xx_hal_pwr.c ****   *                                                  no clear of pending event before.
 443:Drivers/STM32F4/Drivers/STM32F4xx_HAL_Driver/Src/stm32f4xx_hal_pwr.c ****   * @retval None
 444:Drivers/STM32F4/Drivers/STM32F4xx_HAL_Driver/Src/stm32f4xx_hal_pwr.c ****   */
 445:Drivers/STM32F4/Drivers/STM32F4xx_HAL_Driver/Src/stm32f4xx_hal_pwr.c **** void HAL_PWR_EnterSTOPMode(uint32_t Regulator, uint8_t STOPEntry)
 446:Drivers/STM32F4/Drivers/STM32F4xx_HAL_Driver/Src/stm32f4xx_hal_pwr.c **** {
 586              		.loc 1 446 1 view -0
 587              		.cfi_startproc
 588              		@ args = 0, pretend = 0, frame = 0
 589              		@ frame_needed = 0, uses_anonymous_args = 0
 590              		.loc 1 446 1 is_stmt 0 view .LVU102
 591 0000 38B5     		push	{r3, r4, r5, lr}
 592              	.LCFI8:
 593              		.cfi_def_cfa_offset 16
 594              		.cfi_offset 3, -16
 595              		.cfi_offset 4, -12
 596              		.cfi_offset 5, -8
 597              		.cfi_offset 14, -4
 598 0002 0546     		mov	r5, r0
 599 0004 0C46     		mov	r4, r1
 447:Drivers/STM32F4/Drivers/STM32F4xx_HAL_Driver/Src/stm32f4xx_hal_pwr.c ****   /* Check the parameters */
 448:Drivers/STM32F4/Drivers/STM32F4xx_HAL_Driver/Src/stm32f4xx_hal_pwr.c ****   assert_param(IS_PWR_REGULATOR(Regulator));
 600              		.loc 1 448 3 is_stmt 1 view .LVU103
 601 0006 0128     		cmp	r0, #1
 602 0008 1BD8     		bhi	.L63
 603              	.LVL24:
 604              	.L57:
 449:Drivers/STM32F4/Drivers/STM32F4xx_HAL_Driver/Src/stm32f4xx_hal_pwr.c ****   assert_param(IS_PWR_STOP_ENTRY(STOPEntry));
 605              		.loc 1 449 3 view .LVU104
 606 000a 631E     		subs	r3, r4, #1
 607 000c DBB2     		uxtb	r3, r3
 608 000e 022B     		cmp	r3, #2
 609 0010 1DD8     		bhi	.L64
 610              	.L58:
 450:Drivers/STM32F4/Drivers/STM32F4xx_HAL_Driver/Src/stm32f4xx_hal_pwr.c ****   
 451:Drivers/STM32F4/Drivers/STM32F4xx_HAL_Driver/Src/stm32f4xx_hal_pwr.c ****   /* Select the regulator state in Stop mode: Set PDDS and LPDS bits according to PWR_Regulator val
 452:Drivers/STM32F4/Drivers/STM32F4xx_HAL_Driver/Src/stm32f4xx_hal_pwr.c ****   MODIFY_REG(PWR->CR, (PWR_CR_PDDS | PWR_CR_LPDS), Regulator);
 611              		.loc 1 452 3 view .LVU105
 612 0012 134A     		ldr	r2, .L66
 613 0014 1368     		ldr	r3, [r2]
 614 0016 23F00303 		bic	r3, r3, #3
 615 001a 2B43     		orrs	r3, r3, r5
 616 001c 1360     		str	r3, [r2]
 453:Drivers/STM32F4/Drivers/STM32F4xx_HAL_Driver/Src/stm32f4xx_hal_pwr.c ****   
 454:Drivers/STM32F4/Drivers/STM32F4xx_HAL_Driver/Src/stm32f4xx_hal_pwr.c ****   /* Set SLEEPDEEP bit of Cortex System Control Register */
 455:Drivers/STM32F4/Drivers/STM32F4xx_HAL_Driver/Src/stm32f4xx_hal_pwr.c ****   SET_BIT(SCB->SCR, ((uint32_t)SCB_SCR_SLEEPDEEP_Msk));
 617              		.loc 1 455 3 view .LVU106
 618 001e 114A     		ldr	r2, .L66+4
 619 0020 1369     		ldr	r3, [r2, #16]
 620 0022 43F00403 		orr	r3, r3, #4
 621 0026 1361     		str	r3, [r2, #16]
 456:Drivers/STM32F4/Drivers/STM32F4xx_HAL_Driver/Src/stm32f4xx_hal_pwr.c ****   
 457:Drivers/STM32F4/Drivers/STM32F4xx_HAL_Driver/Src/stm32f4xx_hal_pwr.c ****   /* Select Stop mode entry --------------------------------------------------*/
 458:Drivers/STM32F4/Drivers/STM32F4xx_HAL_Driver/Src/stm32f4xx_hal_pwr.c ****   if(STOPEntry == PWR_STOPENTRY_WFI)
 622              		.loc 1 458 3 view .LVU107
 623              		.loc 1 458 5 is_stmt 0 view .LVU108
ARM GAS  /tmp/ccFnRKf2.s 			page 20


 624 0028 012C     		cmp	r4, #1
 625 002a 16D0     		beq	.L65
 459:Drivers/STM32F4/Drivers/STM32F4xx_HAL_Driver/Src/stm32f4xx_hal_pwr.c ****   {   
 460:Drivers/STM32F4/Drivers/STM32F4xx_HAL_Driver/Src/stm32f4xx_hal_pwr.c ****     /* Request Wait For Interrupt */
 461:Drivers/STM32F4/Drivers/STM32F4xx_HAL_Driver/Src/stm32f4xx_hal_pwr.c ****     __WFI();
 462:Drivers/STM32F4/Drivers/STM32F4xx_HAL_Driver/Src/stm32f4xx_hal_pwr.c ****   }
 463:Drivers/STM32F4/Drivers/STM32F4xx_HAL_Driver/Src/stm32f4xx_hal_pwr.c ****   else
 464:Drivers/STM32F4/Drivers/STM32F4xx_HAL_Driver/Src/stm32f4xx_hal_pwr.c ****   {
 465:Drivers/STM32F4/Drivers/STM32F4xx_HAL_Driver/Src/stm32f4xx_hal_pwr.c ****     if(STOPEntry != PWR_STOPENTRY_WFE_NO_EVT_CLEAR)
 626              		.loc 1 465 5 is_stmt 1 view .LVU109
 627              		.loc 1 465 7 is_stmt 0 view .LVU110
 628 002c 032C     		cmp	r4, #3
 629 002e 01D0     		beq	.L61
 466:Drivers/STM32F4/Drivers/STM32F4xx_HAL_Driver/Src/stm32f4xx_hal_pwr.c ****     {
 467:Drivers/STM32F4/Drivers/STM32F4xx_HAL_Driver/Src/stm32f4xx_hal_pwr.c ****       /* Clear all pending event */
 468:Drivers/STM32F4/Drivers/STM32F4xx_HAL_Driver/Src/stm32f4xx_hal_pwr.c ****       __SEV();
 630              		.loc 1 468 7 is_stmt 1 view .LVU111
 631              		.syntax unified
 632              	@ 468 "Drivers/STM32F4/Drivers/STM32F4xx_HAL_Driver/Src/stm32f4xx_hal_pwr.c" 1
 633 0030 40BF     		sev
 634              	@ 0 "" 2
 469:Drivers/STM32F4/Drivers/STM32F4xx_HAL_Driver/Src/stm32f4xx_hal_pwr.c ****       __WFE();
 635              		.loc 1 469 7 view .LVU112
 636              	@ 469 "Drivers/STM32F4/Drivers/STM32F4xx_HAL_Driver/Src/stm32f4xx_hal_pwr.c" 1
 637 0032 20BF     		wfe
 638              	@ 0 "" 2
 639              		.thumb
 640              		.syntax unified
 641              	.L61:
 470:Drivers/STM32F4/Drivers/STM32F4xx_HAL_Driver/Src/stm32f4xx_hal_pwr.c ****     }
 471:Drivers/STM32F4/Drivers/STM32F4xx_HAL_Driver/Src/stm32f4xx_hal_pwr.c ****     /* Request Wait For Event */
 472:Drivers/STM32F4/Drivers/STM32F4xx_HAL_Driver/Src/stm32f4xx_hal_pwr.c ****     __WFE();
 642              		.loc 1 472 5 view .LVU113
 643              		.syntax unified
 644              	@ 472 "Drivers/STM32F4/Drivers/STM32F4xx_HAL_Driver/Src/stm32f4xx_hal_pwr.c" 1
 645 0034 20BF     		wfe
 646              	@ 0 "" 2
 647              		.thumb
 648              		.syntax unified
 649              	.L60:
 473:Drivers/STM32F4/Drivers/STM32F4xx_HAL_Driver/Src/stm32f4xx_hal_pwr.c ****   }
 474:Drivers/STM32F4/Drivers/STM32F4xx_HAL_Driver/Src/stm32f4xx_hal_pwr.c ****   /* Reset SLEEPDEEP bit of Cortex System Control Register */
 475:Drivers/STM32F4/Drivers/STM32F4xx_HAL_Driver/Src/stm32f4xx_hal_pwr.c ****   CLEAR_BIT(SCB->SCR, ((uint32_t)SCB_SCR_SLEEPDEEP_Msk));  
 650              		.loc 1 475 3 view .LVU114
 651 0036 0B4A     		ldr	r2, .L66+4
 652 0038 1369     		ldr	r3, [r2, #16]
 653 003a 23F00403 		bic	r3, r3, #4
 654 003e 1361     		str	r3, [r2, #16]
 476:Drivers/STM32F4/Drivers/STM32F4xx_HAL_Driver/Src/stm32f4xx_hal_pwr.c **** }
 655              		.loc 1 476 1 is_stmt 0 view .LVU115
 656 0040 38BD     		pop	{r3, r4, r5, pc}
 657              	.LVL25:
 658              	.L63:
 448:Drivers/STM32F4/Drivers/STM32F4xx_HAL_Driver/Src/stm32f4xx_hal_pwr.c ****   assert_param(IS_PWR_STOP_ENTRY(STOPEntry));
 659              		.loc 1 448 3 discriminator 1 view .LVU116
 660 0042 4FF4E071 		mov	r1, #448
 661              	.LVL26:
ARM GAS  /tmp/ccFnRKf2.s 			page 21


 448:Drivers/STM32F4/Drivers/STM32F4xx_HAL_Driver/Src/stm32f4xx_hal_pwr.c ****   assert_param(IS_PWR_STOP_ENTRY(STOPEntry));
 662              		.loc 1 448 3 discriminator 1 view .LVU117
 663 0046 0848     		ldr	r0, .L66+8
 664              	.LVL27:
 448:Drivers/STM32F4/Drivers/STM32F4xx_HAL_Driver/Src/stm32f4xx_hal_pwr.c ****   assert_param(IS_PWR_STOP_ENTRY(STOPEntry));
 665              		.loc 1 448 3 discriminator 1 view .LVU118
 666 0048 FFF7FEFF 		bl	assert_failed
 667              	.LVL28:
 668 004c DDE7     		b	.L57
 669              	.L64:
 449:Drivers/STM32F4/Drivers/STM32F4xx_HAL_Driver/Src/stm32f4xx_hal_pwr.c ****   
 670              		.loc 1 449 3 discriminator 1 view .LVU119
 671 004e 40F2C111 		movw	r1, #449
 672 0052 0548     		ldr	r0, .L66+8
 673 0054 FFF7FEFF 		bl	assert_failed
 674              	.LVL29:
 675 0058 DBE7     		b	.L58
 676              	.L65:
 461:Drivers/STM32F4/Drivers/STM32F4xx_HAL_Driver/Src/stm32f4xx_hal_pwr.c ****   }
 677              		.loc 1 461 5 is_stmt 1 view .LVU120
 678              		.syntax unified
 679              	@ 461 "Drivers/STM32F4/Drivers/STM32F4xx_HAL_Driver/Src/stm32f4xx_hal_pwr.c" 1
 680 005a 30BF     		wfi
 681              	@ 0 "" 2
 682              		.thumb
 683              		.syntax unified
 684 005c EBE7     		b	.L60
 685              	.L67:
 686 005e 00BF     		.align	2
 687              	.L66:
 688 0060 00700040 		.word	1073770496
 689 0064 00ED00E0 		.word	-536810240
 690 0068 00000000 		.word	.LC0
 691              		.cfi_endproc
 692              	.LFE143:
 694              		.section	.text.HAL_PWR_EnterSTANDBYMode,"ax",%progbits
 695              		.align	1
 696              		.global	HAL_PWR_EnterSTANDBYMode
 697              		.syntax unified
 698              		.thumb
 699              		.thumb_func
 701              	HAL_PWR_EnterSTANDBYMode:
 702              	.LFB144:
 477:Drivers/STM32F4/Drivers/STM32F4xx_HAL_Driver/Src/stm32f4xx_hal_pwr.c **** 
 478:Drivers/STM32F4/Drivers/STM32F4xx_HAL_Driver/Src/stm32f4xx_hal_pwr.c **** /**
 479:Drivers/STM32F4/Drivers/STM32F4xx_HAL_Driver/Src/stm32f4xx_hal_pwr.c ****   * @brief Enters Standby mode.
 480:Drivers/STM32F4/Drivers/STM32F4xx_HAL_Driver/Src/stm32f4xx_hal_pwr.c ****   * @note In Standby mode, all I/O pins are high impedance except for:
 481:Drivers/STM32F4/Drivers/STM32F4xx_HAL_Driver/Src/stm32f4xx_hal_pwr.c ****   *          - Reset pad (still available) 
 482:Drivers/STM32F4/Drivers/STM32F4xx_HAL_Driver/Src/stm32f4xx_hal_pwr.c ****   *          - RTC_AF1 pin (PC13) if configured for tamper, time-stamp, RTC 
 483:Drivers/STM32F4/Drivers/STM32F4xx_HAL_Driver/Src/stm32f4xx_hal_pwr.c ****   *            Alarm out, or RTC clock calibration out.
 484:Drivers/STM32F4/Drivers/STM32F4xx_HAL_Driver/Src/stm32f4xx_hal_pwr.c ****   *          - RTC_AF2 pin (PI8) if configured for tamper or time-stamp.  
 485:Drivers/STM32F4/Drivers/STM32F4xx_HAL_Driver/Src/stm32f4xx_hal_pwr.c ****   *          - WKUP pin 1 (PA0) if enabled.       
 486:Drivers/STM32F4/Drivers/STM32F4xx_HAL_Driver/Src/stm32f4xx_hal_pwr.c ****   * @retval None
 487:Drivers/STM32F4/Drivers/STM32F4xx_HAL_Driver/Src/stm32f4xx_hal_pwr.c ****   */
 488:Drivers/STM32F4/Drivers/STM32F4xx_HAL_Driver/Src/stm32f4xx_hal_pwr.c **** void HAL_PWR_EnterSTANDBYMode(void)
 489:Drivers/STM32F4/Drivers/STM32F4xx_HAL_Driver/Src/stm32f4xx_hal_pwr.c **** {
 703              		.loc 1 489 1 view -0
ARM GAS  /tmp/ccFnRKf2.s 			page 22


 704              		.cfi_startproc
 705              		@ args = 0, pretend = 0, frame = 0
 706              		@ frame_needed = 0, uses_anonymous_args = 0
 707              		@ link register save eliminated.
 490:Drivers/STM32F4/Drivers/STM32F4xx_HAL_Driver/Src/stm32f4xx_hal_pwr.c ****   /* Select Standby mode */
 491:Drivers/STM32F4/Drivers/STM32F4xx_HAL_Driver/Src/stm32f4xx_hal_pwr.c ****   SET_BIT(PWR->CR, PWR_CR_PDDS);
 708              		.loc 1 491 3 view .LVU122
 709 0000 054A     		ldr	r2, .L69
 710 0002 1368     		ldr	r3, [r2]
 711 0004 43F00203 		orr	r3, r3, #2
 712 0008 1360     		str	r3, [r2]
 492:Drivers/STM32F4/Drivers/STM32F4xx_HAL_Driver/Src/stm32f4xx_hal_pwr.c **** 
 493:Drivers/STM32F4/Drivers/STM32F4xx_HAL_Driver/Src/stm32f4xx_hal_pwr.c ****   /* Set SLEEPDEEP bit of Cortex System Control Register */
 494:Drivers/STM32F4/Drivers/STM32F4xx_HAL_Driver/Src/stm32f4xx_hal_pwr.c ****   SET_BIT(SCB->SCR, ((uint32_t)SCB_SCR_SLEEPDEEP_Msk));
 713              		.loc 1 494 3 view .LVU123
 714 000a 044A     		ldr	r2, .L69+4
 715 000c 1369     		ldr	r3, [r2, #16]
 716 000e 43F00403 		orr	r3, r3, #4
 717 0012 1361     		str	r3, [r2, #16]
 495:Drivers/STM32F4/Drivers/STM32F4xx_HAL_Driver/Src/stm32f4xx_hal_pwr.c ****   
 496:Drivers/STM32F4/Drivers/STM32F4xx_HAL_Driver/Src/stm32f4xx_hal_pwr.c ****   /* This option is used to ensure that store operations are completed */
 497:Drivers/STM32F4/Drivers/STM32F4xx_HAL_Driver/Src/stm32f4xx_hal_pwr.c **** #if defined ( __CC_ARM)
 498:Drivers/STM32F4/Drivers/STM32F4xx_HAL_Driver/Src/stm32f4xx_hal_pwr.c ****   __force_stores();
 499:Drivers/STM32F4/Drivers/STM32F4xx_HAL_Driver/Src/stm32f4xx_hal_pwr.c **** #endif
 500:Drivers/STM32F4/Drivers/STM32F4xx_HAL_Driver/Src/stm32f4xx_hal_pwr.c ****   /* Request Wait For Interrupt */
 501:Drivers/STM32F4/Drivers/STM32F4xx_HAL_Driver/Src/stm32f4xx_hal_pwr.c ****   __WFI();
 718              		.loc 1 501 3 view .LVU124
 719              		.syntax unified
 720              	@ 501 "Drivers/STM32F4/Drivers/STM32F4xx_HAL_Driver/Src/stm32f4xx_hal_pwr.c" 1
 721 0014 30BF     		wfi
 722              	@ 0 "" 2
 502:Drivers/STM32F4/Drivers/STM32F4xx_HAL_Driver/Src/stm32f4xx_hal_pwr.c **** }
 723              		.loc 1 502 1 is_stmt 0 view .LVU125
 724              		.thumb
 725              		.syntax unified
 726 0016 7047     		bx	lr
 727              	.L70:
 728              		.align	2
 729              	.L69:
 730 0018 00700040 		.word	1073770496
 731 001c 00ED00E0 		.word	-536810240
 732              		.cfi_endproc
 733              	.LFE144:
 735              		.section	.text.HAL_PWR_PVDCallback,"ax",%progbits
 736              		.align	1
 737              		.weak	HAL_PWR_PVDCallback
 738              		.syntax unified
 739              		.thumb
 740              		.thumb_func
 742              	HAL_PWR_PVDCallback:
 743              	.LFB146:
 503:Drivers/STM32F4/Drivers/STM32F4xx_HAL_Driver/Src/stm32f4xx_hal_pwr.c **** 
 504:Drivers/STM32F4/Drivers/STM32F4xx_HAL_Driver/Src/stm32f4xx_hal_pwr.c **** /**
 505:Drivers/STM32F4/Drivers/STM32F4xx_HAL_Driver/Src/stm32f4xx_hal_pwr.c ****   * @brief This function handles the PWR PVD interrupt request.
 506:Drivers/STM32F4/Drivers/STM32F4xx_HAL_Driver/Src/stm32f4xx_hal_pwr.c ****   * @note This API should be called under the PVD_IRQHandler().
 507:Drivers/STM32F4/Drivers/STM32F4xx_HAL_Driver/Src/stm32f4xx_hal_pwr.c ****   * @retval None
 508:Drivers/STM32F4/Drivers/STM32F4xx_HAL_Driver/Src/stm32f4xx_hal_pwr.c ****   */
ARM GAS  /tmp/ccFnRKf2.s 			page 23


 509:Drivers/STM32F4/Drivers/STM32F4xx_HAL_Driver/Src/stm32f4xx_hal_pwr.c **** void HAL_PWR_PVD_IRQHandler(void)
 510:Drivers/STM32F4/Drivers/STM32F4xx_HAL_Driver/Src/stm32f4xx_hal_pwr.c **** {
 511:Drivers/STM32F4/Drivers/STM32F4xx_HAL_Driver/Src/stm32f4xx_hal_pwr.c ****   /* Check PWR Exti flag */
 512:Drivers/STM32F4/Drivers/STM32F4xx_HAL_Driver/Src/stm32f4xx_hal_pwr.c ****   if(__HAL_PWR_PVD_EXTI_GET_FLAG() != RESET)
 513:Drivers/STM32F4/Drivers/STM32F4xx_HAL_Driver/Src/stm32f4xx_hal_pwr.c ****   {
 514:Drivers/STM32F4/Drivers/STM32F4xx_HAL_Driver/Src/stm32f4xx_hal_pwr.c ****     /* PWR PVD interrupt user callback */
 515:Drivers/STM32F4/Drivers/STM32F4xx_HAL_Driver/Src/stm32f4xx_hal_pwr.c ****     HAL_PWR_PVDCallback();
 516:Drivers/STM32F4/Drivers/STM32F4xx_HAL_Driver/Src/stm32f4xx_hal_pwr.c ****     
 517:Drivers/STM32F4/Drivers/STM32F4xx_HAL_Driver/Src/stm32f4xx_hal_pwr.c ****     /* Clear PWR Exti pending bit */
 518:Drivers/STM32F4/Drivers/STM32F4xx_HAL_Driver/Src/stm32f4xx_hal_pwr.c ****     __HAL_PWR_PVD_EXTI_CLEAR_FLAG();
 519:Drivers/STM32F4/Drivers/STM32F4xx_HAL_Driver/Src/stm32f4xx_hal_pwr.c ****   }
 520:Drivers/STM32F4/Drivers/STM32F4xx_HAL_Driver/Src/stm32f4xx_hal_pwr.c **** }
 521:Drivers/STM32F4/Drivers/STM32F4xx_HAL_Driver/Src/stm32f4xx_hal_pwr.c **** 
 522:Drivers/STM32F4/Drivers/STM32F4xx_HAL_Driver/Src/stm32f4xx_hal_pwr.c **** /**
 523:Drivers/STM32F4/Drivers/STM32F4xx_HAL_Driver/Src/stm32f4xx_hal_pwr.c ****   * @brief  PWR PVD interrupt callback
 524:Drivers/STM32F4/Drivers/STM32F4xx_HAL_Driver/Src/stm32f4xx_hal_pwr.c ****   * @retval None
 525:Drivers/STM32F4/Drivers/STM32F4xx_HAL_Driver/Src/stm32f4xx_hal_pwr.c ****   */
 526:Drivers/STM32F4/Drivers/STM32F4xx_HAL_Driver/Src/stm32f4xx_hal_pwr.c **** __weak void HAL_PWR_PVDCallback(void)
 527:Drivers/STM32F4/Drivers/STM32F4xx_HAL_Driver/Src/stm32f4xx_hal_pwr.c **** {
 744              		.loc 1 527 1 is_stmt 1 view -0
 745              		.cfi_startproc
 746              		@ args = 0, pretend = 0, frame = 0
 747              		@ frame_needed = 0, uses_anonymous_args = 0
 748              		@ link register save eliminated.
 528:Drivers/STM32F4/Drivers/STM32F4xx_HAL_Driver/Src/stm32f4xx_hal_pwr.c ****   /* NOTE : This function Should not be modified, when the callback is needed,
 529:Drivers/STM32F4/Drivers/STM32F4xx_HAL_Driver/Src/stm32f4xx_hal_pwr.c ****             the HAL_PWR_PVDCallback could be implemented in the user file
 530:Drivers/STM32F4/Drivers/STM32F4xx_HAL_Driver/Src/stm32f4xx_hal_pwr.c ****    */ 
 531:Drivers/STM32F4/Drivers/STM32F4xx_HAL_Driver/Src/stm32f4xx_hal_pwr.c **** }
 749              		.loc 1 531 1 view .LVU127
 750 0000 7047     		bx	lr
 751              		.cfi_endproc
 752              	.LFE146:
 754              		.section	.text.HAL_PWR_PVD_IRQHandler,"ax",%progbits
 755              		.align	1
 756              		.global	HAL_PWR_PVD_IRQHandler
 757              		.syntax unified
 758              		.thumb
 759              		.thumb_func
 761              	HAL_PWR_PVD_IRQHandler:
 762              	.LFB145:
 510:Drivers/STM32F4/Drivers/STM32F4xx_HAL_Driver/Src/stm32f4xx_hal_pwr.c ****   /* Check PWR Exti flag */
 763              		.loc 1 510 1 view -0
 764              		.cfi_startproc
 765              		@ args = 0, pretend = 0, frame = 0
 766              		@ frame_needed = 0, uses_anonymous_args = 0
 767 0000 08B5     		push	{r3, lr}
 768              	.LCFI9:
 769              		.cfi_def_cfa_offset 8
 770              		.cfi_offset 3, -8
 771              		.cfi_offset 14, -4
 512:Drivers/STM32F4/Drivers/STM32F4xx_HAL_Driver/Src/stm32f4xx_hal_pwr.c ****   {
 772              		.loc 1 512 3 view .LVU129
 512:Drivers/STM32F4/Drivers/STM32F4xx_HAL_Driver/Src/stm32f4xx_hal_pwr.c ****   {
 773              		.loc 1 512 6 is_stmt 0 view .LVU130
 774 0002 064B     		ldr	r3, .L76
 775 0004 5B69     		ldr	r3, [r3, #20]
 512:Drivers/STM32F4/Drivers/STM32F4xx_HAL_Driver/Src/stm32f4xx_hal_pwr.c ****   {
ARM GAS  /tmp/ccFnRKf2.s 			page 24


 776              		.loc 1 512 5 view .LVU131
 777 0006 13F4803F 		tst	r3, #65536
 778 000a 00D1     		bne	.L75
 779              	.L72:
 520:Drivers/STM32F4/Drivers/STM32F4xx_HAL_Driver/Src/stm32f4xx_hal_pwr.c **** 
 780              		.loc 1 520 1 view .LVU132
 781 000c 08BD     		pop	{r3, pc}
 782              	.L75:
 515:Drivers/STM32F4/Drivers/STM32F4xx_HAL_Driver/Src/stm32f4xx_hal_pwr.c ****     
 783              		.loc 1 515 5 is_stmt 1 view .LVU133
 784 000e FFF7FEFF 		bl	HAL_PWR_PVDCallback
 785              	.LVL30:
 518:Drivers/STM32F4/Drivers/STM32F4xx_HAL_Driver/Src/stm32f4xx_hal_pwr.c ****   }
 786              		.loc 1 518 5 view .LVU134
 787 0012 024B     		ldr	r3, .L76
 788 0014 4FF48032 		mov	r2, #65536
 789 0018 5A61     		str	r2, [r3, #20]
 520:Drivers/STM32F4/Drivers/STM32F4xx_HAL_Driver/Src/stm32f4xx_hal_pwr.c **** 
 790              		.loc 1 520 1 is_stmt 0 view .LVU135
 791 001a F7E7     		b	.L72
 792              	.L77:
 793              		.align	2
 794              	.L76:
 795 001c 003C0140 		.word	1073822720
 796              		.cfi_endproc
 797              	.LFE145:
 799              		.section	.text.HAL_PWR_EnableSleepOnExit,"ax",%progbits
 800              		.align	1
 801              		.global	HAL_PWR_EnableSleepOnExit
 802              		.syntax unified
 803              		.thumb
 804              		.thumb_func
 806              	HAL_PWR_EnableSleepOnExit:
 807              	.LFB147:
 532:Drivers/STM32F4/Drivers/STM32F4xx_HAL_Driver/Src/stm32f4xx_hal_pwr.c **** 
 533:Drivers/STM32F4/Drivers/STM32F4xx_HAL_Driver/Src/stm32f4xx_hal_pwr.c **** /**
 534:Drivers/STM32F4/Drivers/STM32F4xx_HAL_Driver/Src/stm32f4xx_hal_pwr.c ****   * @brief Indicates Sleep-On-Exit when returning from Handler mode to Thread mode. 
 535:Drivers/STM32F4/Drivers/STM32F4xx_HAL_Driver/Src/stm32f4xx_hal_pwr.c ****   * @note Set SLEEPONEXIT bit of SCR register. When this bit is set, the processor 
 536:Drivers/STM32F4/Drivers/STM32F4xx_HAL_Driver/Src/stm32f4xx_hal_pwr.c ****   *       re-enters SLEEP mode when an interruption handling is over.
 537:Drivers/STM32F4/Drivers/STM32F4xx_HAL_Driver/Src/stm32f4xx_hal_pwr.c ****   *       Setting this bit is useful when the processor is expected to run only on
 538:Drivers/STM32F4/Drivers/STM32F4xx_HAL_Driver/Src/stm32f4xx_hal_pwr.c ****   *       interruptions handling.         
 539:Drivers/STM32F4/Drivers/STM32F4xx_HAL_Driver/Src/stm32f4xx_hal_pwr.c ****   * @retval None
 540:Drivers/STM32F4/Drivers/STM32F4xx_HAL_Driver/Src/stm32f4xx_hal_pwr.c ****   */
 541:Drivers/STM32F4/Drivers/STM32F4xx_HAL_Driver/Src/stm32f4xx_hal_pwr.c **** void HAL_PWR_EnableSleepOnExit(void)
 542:Drivers/STM32F4/Drivers/STM32F4xx_HAL_Driver/Src/stm32f4xx_hal_pwr.c **** {
 808              		.loc 1 542 1 is_stmt 1 view -0
 809              		.cfi_startproc
 810              		@ args = 0, pretend = 0, frame = 0
 811              		@ frame_needed = 0, uses_anonymous_args = 0
 812              		@ link register save eliminated.
 543:Drivers/STM32F4/Drivers/STM32F4xx_HAL_Driver/Src/stm32f4xx_hal_pwr.c ****   /* Set SLEEPONEXIT bit of Cortex System Control Register */
 544:Drivers/STM32F4/Drivers/STM32F4xx_HAL_Driver/Src/stm32f4xx_hal_pwr.c ****   SET_BIT(SCB->SCR, ((uint32_t)SCB_SCR_SLEEPONEXIT_Msk));
 813              		.loc 1 544 3 view .LVU137
 814 0000 024A     		ldr	r2, .L79
 815 0002 1369     		ldr	r3, [r2, #16]
 816 0004 43F00203 		orr	r3, r3, #2
 817 0008 1361     		str	r3, [r2, #16]
ARM GAS  /tmp/ccFnRKf2.s 			page 25


 545:Drivers/STM32F4/Drivers/STM32F4xx_HAL_Driver/Src/stm32f4xx_hal_pwr.c **** }
 818              		.loc 1 545 1 is_stmt 0 view .LVU138
 819 000a 7047     		bx	lr
 820              	.L80:
 821              		.align	2
 822              	.L79:
 823 000c 00ED00E0 		.word	-536810240
 824              		.cfi_endproc
 825              	.LFE147:
 827              		.section	.text.HAL_PWR_DisableSleepOnExit,"ax",%progbits
 828              		.align	1
 829              		.global	HAL_PWR_DisableSleepOnExit
 830              		.syntax unified
 831              		.thumb
 832              		.thumb_func
 834              	HAL_PWR_DisableSleepOnExit:
 835              	.LFB148:
 546:Drivers/STM32F4/Drivers/STM32F4xx_HAL_Driver/Src/stm32f4xx_hal_pwr.c **** 
 547:Drivers/STM32F4/Drivers/STM32F4xx_HAL_Driver/Src/stm32f4xx_hal_pwr.c **** /**
 548:Drivers/STM32F4/Drivers/STM32F4xx_HAL_Driver/Src/stm32f4xx_hal_pwr.c ****   * @brief Disables Sleep-On-Exit feature when returning from Handler mode to Thread mode. 
 549:Drivers/STM32F4/Drivers/STM32F4xx_HAL_Driver/Src/stm32f4xx_hal_pwr.c ****   * @note Clears SLEEPONEXIT bit of SCR register. When this bit is set, the processor 
 550:Drivers/STM32F4/Drivers/STM32F4xx_HAL_Driver/Src/stm32f4xx_hal_pwr.c ****   *       re-enters SLEEP mode when an interruption handling is over.          
 551:Drivers/STM32F4/Drivers/STM32F4xx_HAL_Driver/Src/stm32f4xx_hal_pwr.c ****   * @retval None
 552:Drivers/STM32F4/Drivers/STM32F4xx_HAL_Driver/Src/stm32f4xx_hal_pwr.c ****   */
 553:Drivers/STM32F4/Drivers/STM32F4xx_HAL_Driver/Src/stm32f4xx_hal_pwr.c **** void HAL_PWR_DisableSleepOnExit(void)
 554:Drivers/STM32F4/Drivers/STM32F4xx_HAL_Driver/Src/stm32f4xx_hal_pwr.c **** {
 836              		.loc 1 554 1 is_stmt 1 view -0
 837              		.cfi_startproc
 838              		@ args = 0, pretend = 0, frame = 0
 839              		@ frame_needed = 0, uses_anonymous_args = 0
 840              		@ link register save eliminated.
 555:Drivers/STM32F4/Drivers/STM32F4xx_HAL_Driver/Src/stm32f4xx_hal_pwr.c ****   /* Clear SLEEPONEXIT bit of Cortex System Control Register */
 556:Drivers/STM32F4/Drivers/STM32F4xx_HAL_Driver/Src/stm32f4xx_hal_pwr.c ****   CLEAR_BIT(SCB->SCR, ((uint32_t)SCB_SCR_SLEEPONEXIT_Msk));
 841              		.loc 1 556 3 view .LVU140
 842 0000 024A     		ldr	r2, .L82
 843 0002 1369     		ldr	r3, [r2, #16]
 844 0004 23F00203 		bic	r3, r3, #2
 845 0008 1361     		str	r3, [r2, #16]
 557:Drivers/STM32F4/Drivers/STM32F4xx_HAL_Driver/Src/stm32f4xx_hal_pwr.c **** }
 846              		.loc 1 557 1 is_stmt 0 view .LVU141
 847 000a 7047     		bx	lr
 848              	.L83:
 849              		.align	2
 850              	.L82:
 851 000c 00ED00E0 		.word	-536810240
 852              		.cfi_endproc
 853              	.LFE148:
 855              		.section	.text.HAL_PWR_EnableSEVOnPend,"ax",%progbits
 856              		.align	1
 857              		.global	HAL_PWR_EnableSEVOnPend
 858              		.syntax unified
 859              		.thumb
 860              		.thumb_func
 862              	HAL_PWR_EnableSEVOnPend:
 863              	.LFB149:
 558:Drivers/STM32F4/Drivers/STM32F4xx_HAL_Driver/Src/stm32f4xx_hal_pwr.c **** 
 559:Drivers/STM32F4/Drivers/STM32F4xx_HAL_Driver/Src/stm32f4xx_hal_pwr.c **** /**
ARM GAS  /tmp/ccFnRKf2.s 			page 26


 560:Drivers/STM32F4/Drivers/STM32F4xx_HAL_Driver/Src/stm32f4xx_hal_pwr.c ****   * @brief Enables CORTEX M4 SEVONPEND bit. 
 561:Drivers/STM32F4/Drivers/STM32F4xx_HAL_Driver/Src/stm32f4xx_hal_pwr.c ****   * @note Sets SEVONPEND bit of SCR register. When this bit is set, this causes 
 562:Drivers/STM32F4/Drivers/STM32F4xx_HAL_Driver/Src/stm32f4xx_hal_pwr.c ****   *       WFE to wake up when an interrupt moves from inactive to pended.
 563:Drivers/STM32F4/Drivers/STM32F4xx_HAL_Driver/Src/stm32f4xx_hal_pwr.c ****   * @retval None
 564:Drivers/STM32F4/Drivers/STM32F4xx_HAL_Driver/Src/stm32f4xx_hal_pwr.c ****   */
 565:Drivers/STM32F4/Drivers/STM32F4xx_HAL_Driver/Src/stm32f4xx_hal_pwr.c **** void HAL_PWR_EnableSEVOnPend(void)
 566:Drivers/STM32F4/Drivers/STM32F4xx_HAL_Driver/Src/stm32f4xx_hal_pwr.c **** {
 864              		.loc 1 566 1 is_stmt 1 view -0
 865              		.cfi_startproc
 866              		@ args = 0, pretend = 0, frame = 0
 867              		@ frame_needed = 0, uses_anonymous_args = 0
 868              		@ link register save eliminated.
 567:Drivers/STM32F4/Drivers/STM32F4xx_HAL_Driver/Src/stm32f4xx_hal_pwr.c ****   /* Set SEVONPEND bit of Cortex System Control Register */
 568:Drivers/STM32F4/Drivers/STM32F4xx_HAL_Driver/Src/stm32f4xx_hal_pwr.c ****   SET_BIT(SCB->SCR, ((uint32_t)SCB_SCR_SEVONPEND_Msk));
 869              		.loc 1 568 3 view .LVU143
 870 0000 024A     		ldr	r2, .L85
 871 0002 1369     		ldr	r3, [r2, #16]
 872 0004 43F01003 		orr	r3, r3, #16
 873 0008 1361     		str	r3, [r2, #16]
 569:Drivers/STM32F4/Drivers/STM32F4xx_HAL_Driver/Src/stm32f4xx_hal_pwr.c **** }
 874              		.loc 1 569 1 is_stmt 0 view .LVU144
 875 000a 7047     		bx	lr
 876              	.L86:
 877              		.align	2
 878              	.L85:
 879 000c 00ED00E0 		.word	-536810240
 880              		.cfi_endproc
 881              	.LFE149:
 883              		.section	.text.HAL_PWR_DisableSEVOnPend,"ax",%progbits
 884              		.align	1
 885              		.global	HAL_PWR_DisableSEVOnPend
 886              		.syntax unified
 887              		.thumb
 888              		.thumb_func
 890              	HAL_PWR_DisableSEVOnPend:
 891              	.LFB150:
 570:Drivers/STM32F4/Drivers/STM32F4xx_HAL_Driver/Src/stm32f4xx_hal_pwr.c **** 
 571:Drivers/STM32F4/Drivers/STM32F4xx_HAL_Driver/Src/stm32f4xx_hal_pwr.c **** /**
 572:Drivers/STM32F4/Drivers/STM32F4xx_HAL_Driver/Src/stm32f4xx_hal_pwr.c ****   * @brief Disables CORTEX M4 SEVONPEND bit. 
 573:Drivers/STM32F4/Drivers/STM32F4xx_HAL_Driver/Src/stm32f4xx_hal_pwr.c ****   * @note Clears SEVONPEND bit of SCR register. When this bit is set, this causes 
 574:Drivers/STM32F4/Drivers/STM32F4xx_HAL_Driver/Src/stm32f4xx_hal_pwr.c ****   *       WFE to wake up when an interrupt moves from inactive to pended.         
 575:Drivers/STM32F4/Drivers/STM32F4xx_HAL_Driver/Src/stm32f4xx_hal_pwr.c ****   * @retval None
 576:Drivers/STM32F4/Drivers/STM32F4xx_HAL_Driver/Src/stm32f4xx_hal_pwr.c ****   */
 577:Drivers/STM32F4/Drivers/STM32F4xx_HAL_Driver/Src/stm32f4xx_hal_pwr.c **** void HAL_PWR_DisableSEVOnPend(void)
 578:Drivers/STM32F4/Drivers/STM32F4xx_HAL_Driver/Src/stm32f4xx_hal_pwr.c **** {
 892              		.loc 1 578 1 is_stmt 1 view -0
 893              		.cfi_startproc
 894              		@ args = 0, pretend = 0, frame = 0
 895              		@ frame_needed = 0, uses_anonymous_args = 0
 896              		@ link register save eliminated.
 579:Drivers/STM32F4/Drivers/STM32F4xx_HAL_Driver/Src/stm32f4xx_hal_pwr.c ****   /* Clear SEVONPEND bit of Cortex System Control Register */
 580:Drivers/STM32F4/Drivers/STM32F4xx_HAL_Driver/Src/stm32f4xx_hal_pwr.c ****   CLEAR_BIT(SCB->SCR, ((uint32_t)SCB_SCR_SEVONPEND_Msk));
 897              		.loc 1 580 3 view .LVU146
 898 0000 024A     		ldr	r2, .L88
 899 0002 1369     		ldr	r3, [r2, #16]
 900 0004 23F01003 		bic	r3, r3, #16
 901 0008 1361     		str	r3, [r2, #16]
ARM GAS  /tmp/ccFnRKf2.s 			page 27


 581:Drivers/STM32F4/Drivers/STM32F4xx_HAL_Driver/Src/stm32f4xx_hal_pwr.c **** }
 902              		.loc 1 581 1 is_stmt 0 view .LVU147
 903 000a 7047     		bx	lr
 904              	.L89:
 905              		.align	2
 906              	.L88:
 907 000c 00ED00E0 		.word	-536810240
 908              		.cfi_endproc
 909              	.LFE150:
 911              		.text
 912              	.Letext0:
 913              		.file 2 "/usr/lib/gcc/arm-none-eabi/13.2.1/include/stdint.h"
 914              		.file 3 "Drivers/STM32F4/Drivers/CMSIS/Include/core_cm4.h"
 915              		.file 4 "Drivers/STM32F4/Drivers/CMSIS/Device/ST/STM32F4xx/Include/stm32f405xx.h"
 916              		.file 5 "Drivers/STM32F4/Drivers/CMSIS/Device/ST/STM32F4xx/Include/stm32f4xx.h"
 917              		.file 6 "Drivers/STM32F4/Drivers/STM32F4xx_HAL_Driver/Inc/stm32f4xx_hal_pwr.h"
 918              		.file 7 "Core/Inc/stm32f4xx_hal_conf.h"
ARM GAS  /tmp/ccFnRKf2.s 			page 28


DEFINED SYMBOLS
                            *ABS*:00000000 stm32f4xx_hal_pwr.c
     /tmp/ccFnRKf2.s:21     .text.HAL_PWR_DeInit:00000000 $t
     /tmp/ccFnRKf2.s:27     .text.HAL_PWR_DeInit:00000000 HAL_PWR_DeInit
     /tmp/ccFnRKf2.s:48     .text.HAL_PWR_DeInit:00000014 $d
     /tmp/ccFnRKf2.s:53     .text.HAL_PWR_EnableBkUpAccess:00000000 $t
     /tmp/ccFnRKf2.s:59     .text.HAL_PWR_EnableBkUpAccess:00000000 HAL_PWR_EnableBkUpAccess
     /tmp/ccFnRKf2.s:92     .text.HAL_PWR_EnableBkUpAccess:00000014 $d
     /tmp/ccFnRKf2.s:98     .text.HAL_PWR_DisableBkUpAccess:00000000 $t
     /tmp/ccFnRKf2.s:104    .text.HAL_PWR_DisableBkUpAccess:00000000 HAL_PWR_DisableBkUpAccess
     /tmp/ccFnRKf2.s:137    .text.HAL_PWR_DisableBkUpAccess:00000014 $d
     /tmp/ccFnRKf2.s:143    .rodata.HAL_PWR_ConfigPVD.str1.4:00000000 $d
     /tmp/ccFnRKf2.s:148    .text.HAL_PWR_ConfigPVD:00000000 $t
     /tmp/ccFnRKf2.s:154    .text.HAL_PWR_ConfigPVD:00000000 HAL_PWR_ConfigPVD
     /tmp/ccFnRKf2.s:307    .text.HAL_PWR_ConfigPVD:000000d4 $d
     /tmp/ccFnRKf2.s:315    .text.HAL_PWR_EnablePVD:00000000 $t
     /tmp/ccFnRKf2.s:321    .text.HAL_PWR_EnablePVD:00000000 HAL_PWR_EnablePVD
     /tmp/ccFnRKf2.s:338    .text.HAL_PWR_EnablePVD:00000008 $d
     /tmp/ccFnRKf2.s:343    .text.HAL_PWR_DisablePVD:00000000 $t
     /tmp/ccFnRKf2.s:349    .text.HAL_PWR_DisablePVD:00000000 HAL_PWR_DisablePVD
     /tmp/ccFnRKf2.s:366    .text.HAL_PWR_DisablePVD:00000008 $d
     /tmp/ccFnRKf2.s:371    .text.HAL_PWR_EnableWakeUpPin:00000000 $t
     /tmp/ccFnRKf2.s:377    .text.HAL_PWR_EnableWakeUpPin:00000000 HAL_PWR_EnableWakeUpPin
     /tmp/ccFnRKf2.s:416    .text.HAL_PWR_EnableWakeUpPin:00000020 $d
     /tmp/ccFnRKf2.s:422    .text.HAL_PWR_DisableWakeUpPin:00000000 $t
     /tmp/ccFnRKf2.s:428    .text.HAL_PWR_DisableWakeUpPin:00000000 HAL_PWR_DisableWakeUpPin
     /tmp/ccFnRKf2.s:467    .text.HAL_PWR_DisableWakeUpPin:00000024 $d
     /tmp/ccFnRKf2.s:473    .text.HAL_PWR_EnterSLEEPMode:00000000 $t
     /tmp/ccFnRKf2.s:479    .text.HAL_PWR_EnterSLEEPMode:00000000 HAL_PWR_EnterSLEEPMode
     /tmp/ccFnRKf2.s:571    .text.HAL_PWR_EnterSLEEPMode:00000048 $d
     /tmp/ccFnRKf2.s:577    .text.HAL_PWR_EnterSTOPMode:00000000 $t
     /tmp/ccFnRKf2.s:583    .text.HAL_PWR_EnterSTOPMode:00000000 HAL_PWR_EnterSTOPMode
     /tmp/ccFnRKf2.s:688    .text.HAL_PWR_EnterSTOPMode:00000060 $d
     /tmp/ccFnRKf2.s:695    .text.HAL_PWR_EnterSTANDBYMode:00000000 $t
     /tmp/ccFnRKf2.s:701    .text.HAL_PWR_EnterSTANDBYMode:00000000 HAL_PWR_EnterSTANDBYMode
     /tmp/ccFnRKf2.s:730    .text.HAL_PWR_EnterSTANDBYMode:00000018 $d
     /tmp/ccFnRKf2.s:736    .text.HAL_PWR_PVDCallback:00000000 $t
     /tmp/ccFnRKf2.s:742    .text.HAL_PWR_PVDCallback:00000000 HAL_PWR_PVDCallback
     /tmp/ccFnRKf2.s:755    .text.HAL_PWR_PVD_IRQHandler:00000000 $t
     /tmp/ccFnRKf2.s:761    .text.HAL_PWR_PVD_IRQHandler:00000000 HAL_PWR_PVD_IRQHandler
     /tmp/ccFnRKf2.s:795    .text.HAL_PWR_PVD_IRQHandler:0000001c $d
     /tmp/ccFnRKf2.s:800    .text.HAL_PWR_EnableSleepOnExit:00000000 $t
     /tmp/ccFnRKf2.s:806    .text.HAL_PWR_EnableSleepOnExit:00000000 HAL_PWR_EnableSleepOnExit
     /tmp/ccFnRKf2.s:823    .text.HAL_PWR_EnableSleepOnExit:0000000c $d
     /tmp/ccFnRKf2.s:828    .text.HAL_PWR_DisableSleepOnExit:00000000 $t
     /tmp/ccFnRKf2.s:834    .text.HAL_PWR_DisableSleepOnExit:00000000 HAL_PWR_DisableSleepOnExit
     /tmp/ccFnRKf2.s:851    .text.HAL_PWR_DisableSleepOnExit:0000000c $d
     /tmp/ccFnRKf2.s:856    .text.HAL_PWR_EnableSEVOnPend:00000000 $t
     /tmp/ccFnRKf2.s:862    .text.HAL_PWR_EnableSEVOnPend:00000000 HAL_PWR_EnableSEVOnPend
     /tmp/ccFnRKf2.s:879    .text.HAL_PWR_EnableSEVOnPend:0000000c $d
     /tmp/ccFnRKf2.s:884    .text.HAL_PWR_DisableSEVOnPend:00000000 $t
     /tmp/ccFnRKf2.s:890    .text.HAL_PWR_DisableSEVOnPend:00000000 HAL_PWR_DisableSEVOnPend
     /tmp/ccFnRKf2.s:907    .text.HAL_PWR_DisableSEVOnPend:0000000c $d

UNDEFINED SYMBOLS
assert_failed
